{"type":"FeatureCollection","features":[{"type":"Feature","geometry":{"type":"Point","coordinates":[12.047659,57.722408]},"properties":{"name":"Östra Sjukhuset","band":0,"modes":"tram,bus","arr":["1","1E","5","17","514"],"off":[0,-0.8]}},{"type":"Feature","geometry":{"type":"Point","coordinates":[12.047659,57.722408]},"properties":{"line":"1","mode":"tram","color":"#d6212b","colorDark":"#7c1116","band":0,"off":[-6.8,1.1]}},{"type":"Feature","geometry":{"type":"Point","coordinates":[12.047659,57.722408]},"properties":{"line":"1E","mode":"bus","color":"#0059a9","colorDark":"#00294f","band":0,"off":[-3.4,1.1]}},{"type":"Feature","geometry":{"type":"Point","coordinates":[12.047659,57.722408]},"properties":{"line":"5","mode":"tram","color":"#d6212b","colorDark":"#7c1116","band":0,"off":[0,1.1]}},{"type":"Feature","geometry":{"type":"Point","coordinates":[12.047659,57.722408]},"properties":{"line":"17","mode":"bus","color":"#0059a9","colorDark":"#00294f","band":0,"off":[3.4,1.1]}},{"type":"Feature","geometry":{"type":"Point","coordinates":[12.047659,57.722408]},"properties":{"line":"514","mode":"bus","color":"#0059a9","colorDark":"#00294f","band":0,"off":[6.8,1.1]}},{"type":"Feature","geometry":{"type":"Point","coordinates":[12.004403,57.716307]},"properties":{"name":"Redbergsplatsen","band":0,"modes":"bus","arr":["1E","60","62"],"off":[0,-0.8]}},{"type":"Feature","geometry":{"type":"Point","coordinates":[12.004403,57.716307]},"properties":{"line":"1E","mode":"bus","color":"#0059a9","colorDark":"#00294f","band":0,"off":[-3.4,1.1]}},{"type":"Feature","geometry":{"type":"Point","coordinates":[12.004403,57.716307]},"properties":{"line":"60","mode":"bus","color":"#0059a9","colorDark":"#00294f","band":0,"off":[0,1.1]}},{"type":"Feature","geometry":{"type":"Point","coordinates":[12.004403,57.716307]},"properties":{"line":"62","mode":"bus","color":"#0059a9","colorDark":"#00294f","band":0,"off":[3.4,1.1]}},{"type":"Feature","geometry":{"type":"Point","coordinates":[11.934669,57.694812]},"properties":{"name":"Fjällgatan","band":0,"modes":"bus","arr":["3E"],"off":[0,-0.8]}},{"type":"Feature","geometry":{"type":"Point","coordinates":[11.934669,57.694812]},"properties":{"line":"3E","mode":"bus","color":"#0059a9","colorDark":"#00294f","band":0,"off":[0,1.1]}},{"type":"Feature","geometry":{"type":"Point","coordinates":[11.951441,57.70098]},"properties":{"name":"Järnvågen","band":0,"modes":"bus","arr":["3E","90","91","190","193","194","196","197"],"off":[0,-0.8]}},{"type":"Feature","geometry":{"type":"Point","coordinates":[11.951441,57.70098]},"properties":{"name":"Järntorget","band":0,"modes":"bus","arr":["3E","90","91","190","193","194","196","197"],"off":[0,-1.9]}},{"type":"Feature","geometry":{"type":"Point","coordinates":[11.951441,57.70098]},"properties":{"line":"3E","mode":"bus","color":"#0059a9","colorDark":"#00294f","band":0,"off":[-6.8,1.1]}},{"type":"Feature","geometry":{"type":"Point","coordinates":[11.951441,57.70098]},"properties":{"line":"90","mode":"bus","color":"#0059a9","colorDark":"#00294f","band":0,"off":[-3.4,1.1]}},{"type":"Feature","geometry":{"type":"Point","coordinates":[11.951441,57.70098]},"properties":{"line":"91","mode":"bus","color":"#0059a9","colorDark":"#00294f","band":0,"off":[0,1.1]}},{"type":"Feature","geometry":{"type":"Point","coordinates":[11.951441,57.70098]},"properties":{"line":"190","mode":"bus","color":"#0059a9","colorDark":"#00294f","band":0,"off":[3.4,1.1]}},{"type":"Feature","geometry":{"type":"Point","coordinates":[11.951441,57.70098]},"properties":{"line":"193","mode":"bus","color":"#0059a9","colorDark":"#00294f","band":0,"off":[6.8,1.1]}},{"type":"Feature","geometry":{"type":"Point","coordinates":[11.951441,57.70098]},"properties":{"line":"194","mode":"bus","color":"#0059a9","colorDark":"#00294f","band":0,"off":[-3.4,3.1]}},{"type":"Feature","geometry":{"type":"Point","coordinates":[11.951441,57.70098]},"properties":{"line":"196","mode":"bus","color":"#0059a9","colorDark":"#00294f","band":0,"off":[0,3.1]}},{"type":"Feature","geometry":{"type":"Point","coordinates":[11.951441,57.70098]},"properties":{"line":"197","mode":"bus","color":"#0059a9","colorDark":"#00294f","band":0,"off":[3.4,3.1]}},{"type":"Feature","geometry":{"type":"Point","coordinates":[12.079256,57.490465]},"properties":{"name":"Kungsbacka station","band":0,"modes":"bus","arr":["4","20","717","720","735"],"off":[0,-0.8]}},{"type":"Feature","geometry":{"type":"Point","coordinates":[12.079256,57.490465]},"properties":{"line":"4","mode":"bus","color":"#0059a9","colorDark":"#00294f","band":0,"off":[-6.8,1.1]}},{"type":"Feature","geometry":{"type":"Point","coordinates":[12.079256,57.490465]},"properties":{"line":"20","mode":"bus","color":"#0059a9","colorDark":"#00294f","band":0,"off":[-3.4,1.1]}},{"type":"Feature","geometry":{"type":"Point","coordinates":[12.079256,57.490465]},"properties":{"line":"717","mode":"bus","color":"#0059a9","colorDark":"#00294f","band":0,"off":[0,1.1]}},{"type":"Feature","geometry":{"type":"Point","coordinates":[12.079256,57.490465]},"properties":{"line":"720","mode":"bus","color":"#0059a9","colorDark":"#00294f","band":0,"off":[3.4,1.1]}},{"type":"Feature","geometry":{"type":"Point","coordinates":[12.079256,57.490465]},"properties":{"line":"735","mode":"bus","color":"#0059a9","colorDark":"#00294f","band":0,"off":[6.8,1.1]}},{"type":"Feature","geometry":{"type":"Point","coordinates":[12.082598,57.513454]},"properties":{"name":"Hede station","band":0,"modes":"bus","arr":["4","5","KB1"],"off":[0,-0.8]}},{"type":"Feature","geometry":{"type":"Point","coordinates":[12.082598,57.513454]},"properties":{"line":"4","mode":"bus","color":"#0059a9","colorDark":"#00294f","band":0,"off":[-3.4,1.1]}},{"type":"Feature","geometry":{"type":"Point","coordinates":[12.082598,57.513454]},"properties":{"line":"5","mode":"bus","color":"#0059a9","colorDark":"#00294f","band":0,"off":[0,1.1]}},{"type":"Feature","geometry":{"type":"Point","coordinates":[12.082598,57.513454]},"properties":{"line":"KB1","mode":"bus","color":"#0059a9","colorDark":"#00294f","band":0,"off":[3.4,1.1],"lbl":"1"}},{"type":"Feature","geometry":{"type":"Point","coordinates":[12.048919,57.795497]},"properties":{"name":"Angered Centrum","band":0,"modes":"tram,bus","arr":["4","4E","8","9","40","71","73","74","75","76","77","148","179","401","X#2"],"off":[0,-0.8],"sc":0.94}},{"type":"Feature","geometry":{"type":"Point","coordinates":[12.048919,57.795497]},"properties":{"line":"4","mode":"tram","color":"#d6212b","colorDark":"#7c1116","band":0,"sc":0.94,"off":[-6.8,1.1]}},{"type":"Feature","geometry":{"type":"Point","coordinates":[12.048919,57.795497]},"properties":{"line":"4E","mode":"bus","color":"#0059a9","colorDark":"#00294f","band":0,"sc":0.94,"off":[-3.4,1.1]}},{"type":"Feature","geometry":{"type":"Point","coordinates":[12.048919,57.795497]},"properties":{"line":"8","mode":"tram","color":"#d6212b","colorDark":"#7c1116","band":0,"sc":0.94,"off":[0,1.1]}},{"type":"Feature","geometry":{"type":"Point","coordinates":[12.048919,57.795497]},"properties":{"line":"9","mode":"tram","color":"#d6212b","colorDark":"#7c1116","band":0,"sc":0.94,"off":[3.4,1.1]}},{"type":"Feature","geometry":{"type":"Point","coordinates":[12.048919,57.795497]},"properties":{"line":"40","mode":"bus","color":"#0059a9","colorDark":"#00294f","band":0,"sc":0.94,"off":[6.8,1.1]}},{"type":"Feature","geometry":{"type":"Point","coordinates":[12.048919,57.795497]},"properties":{"line":"71","mode":"bus","color":"#0059a9","colorDark":"#00294f","band":0,"sc":0.94,"off":[-6.8,3.1]}},{"type":"Feature","geometry":{"type":"Point","coordinates":[12.048919,57.795497]},"properties":{"line":"73","mode":"bus","color":"#0059a9","colorDark":"#00294f","band":0,"sc":0.94,"off":[-3.4,3.1]}},{"type":"Feature","geometry":{"type":"Point","coordinates":[12.048919,57.795497]},"properties":{"line":"74","mode":"bus","color":"#0059a9","colorDark":"#00294f","band":0,"sc":0.94,"off":[0,3.1]}},{"type":"Feature","geometry":{"type":"Point","coordinates":[12.048919,57.795497]},"properties":{"line":"75","mode":"bus","color":"#0059a9","colorDark":"#00294f","band":0,"sc":0.94,"off":[3.4,3.1]}},{"type":"Feature","geometry":{"type":"Point","coordinates":[12.048919,57.795497]},"properties":{"line":"76","mode":"bus","color":"#0059a9","colorDark":"#00294f","band":0,"sc":0.94,"off":[6.8,3.1]}},{"type":"Feature","geometry":{"type":"Point","coordinates":[12.048919,57.795497]},"properties":{"line":"77","mode":"bus","color":"#0059a9","colorDark":"#00294f","band":0,"sc":0.94,"off":[-6.8,5.1]}},{"type":"Feature","geometry":{"type":"Point","coordinates":[12.048919,57.795497]},"properties":{"line":"148","mode":"bus","color":"#0059a9","colorDark":"#00294f","band":0,"sc":0.94,"off":[-3.4,5.1]}},{"type":"Feature","geometry":{"type":"Point","coordinates":[12.048919,57.795497]},"properties":{"line":"179","mode":"bus","color":"#0059a9","colorDark":"#00294f","band":0,"sc":0.94,"off":[0,5.1]}},{"type":"Feature","geometry":{"type":"Point","coordinates":[12.048919,57.795497]},"properties":{"line":"401","mode":"bus","color":"#0059a9","colorDark":"#00294f","band":0,"sc":0.94,"off":[3.4,5.1]}},{"type":"Feature","geometry":{"type":"Point","coordinates":[12.048919,57.795497]},"properties":{"line":"X#2","mode":"tram","color":"#d6212b","colorDark":"#7c1116","band":0,"sc":0.94,"off":[6.8,5.1],"lbl":"X"}},{"type":"Feature","geometry":{"type":"Point","coordinates":[12.003389,57.72789]},"properties":{"name":"Gamlestads Torg","band":0,"modes":"bus","arr":["4E","6E","56","59","78","127","131","159","167","168","515"],"off":[0,-0.8]}},{"type":"Feature","geometry":{"type":"Point","coordinates":[12.003389,57.72789]},"properties":{"line":"4E","mode":"bus","color":"#0059a9","colorDark":"#00294f","band":0,"off":[-6.8,1.1]}},{"type":"Feature","geometry":{"type":"Point","coordinates":[12.003389,57.72789]},"properties":{"line":"6E","mode":"bus","color":"#0059a9","colorDark":"#00294f","band":0,"off":[-3.4,1.1]}},{"type":"Feature","geometry":{"type":"Point","coordinates":[12.003389,57.72789]},"properties":{"line":"56","mode":"bus","color":"#0059a9","colorDark":"#00294f","band":0,"off":[0,1.1]}},{"type":"Feature","geometry":{"type":"Point","coordinates":[12.003389,57.72789]},"properties":{"line":"59","mode":"bus","color":"#0059a9","colorDark":"#00294f","band":0,"off":[3.4,1.1]}},{"type":"Feature","geometry":{"type":"Point","coordinates":[12.003389,57.72789]},"properties":{"line":"78","mode":"bus","color":"#0059a9","colorDark":"#00294f","band":0,"off":[6.8,1.1]}},{"type":"Feature","geometry":{"type":"Point","coordinates":[12.003389,57.72789]},"properties":{"line":"127","mode":"bus","color":"#0059a9","colorDark":"#00294f","band":0,"off":[-6.8,3.1]}},{"type":"Feature","geometry":{"type":"Point","coordinates":[12.003389,57.72789]},"properties":{"line":"131","mode":"bus","color":"#0059a9","colorDark":"#00294f","band":0,"off":[-3.4,3.1]}},{"type":"Feature","geometry":{"type":"Point","coordinates":[12.003389,57.72789]},"properties":{"line":"159","mode":"bus","color":"#0059a9","colorDark":"#00294f","band":0,"off":[0,3.1]}},{"type":"Feature","geometry":{"type":"Point","coordinates":[12.003389,57.72789]},"properties":{"line":"167","mode":"bus","color":"#0059a9","colorDark":"#00294f","band":0,"off":[3.4,3.1]}},{"type":"Feature","geometry":{"type":"Point","coordinates":[12.003389,57.72789]},"properties":{"line":"168","mode":"bus","color":"#0059a9","colorDark":"#00294f","band":0,"off":[6.8,3.1]}},{"type":"Feature","geometry":{"type":"Point","coordinates":[12.003389,57.72789]},"properties":{"line":"515","mode":"bus","color":"#0059a9","colorDark":"#00294f","band":0,"off":[0,5.1]}},{"type":"Feature","geometry":{"type":"Point","coordinates":[11.990864,57.712917]},"properties":{"name":"Svingeln","band":0,"modes":"bus,tram","arr":["6E","40","43","501","502","X"],"off":[0,-0.8]}},{"type":"Feature","geometry":{"type":"Point","coordinates":[11.990864,57.712917]},"properties":{"line":"6E","mode":"bus","color":"#0059a9","colorDark":"#00294f","band":0,"off":[-6.8,1.1]}},{"type":"Feature","geometry":{"type":"Point","coordinates":[11.990864,57.712917]},"properties":{"line":"40","mode":"bus","color":"#0059a9","colorDark":"#00294f","band":0,"off":[-3.4,1.1]}},{"type":"Feature","geometry":{"type":"Point","coordinates":[11.990864,57.712917]},"properties":{"line":"43","mode":"bus","color":"#0059a9","colorDark":"#00294f","band":0,"off":[0,1.1]}},{"type":"Feature","geometry":{"type":"Point","coordinates":[11.990864,57.712917]},"properties":{"line":"501","mode":"bus","color":"#0059a9","colorDark":"#00294f","band":0,"off":[3.4,1.1]}},{"type":"Feature","geometry":{"type":"Point","coordinates":[11.990864,57.712917]},"properties":{"line":"502","mode":"bus","color":"#0059a9","colorDark":"#00294f","band":0,"off":[6.8,1.1]}},{"type":"Feature","geometry":{"type":"Point","coordinates":[11.990864,57.712917]},"properties":{"line":"X","mode":"tram","color":"#d6212b","colorDark":"#7c1116","band":0,"off":[0,3.1]}},{"type":"Feature","geometry":{"type":"Point","coordinates":[12.071931,57.750783]},"properties":{"name":"Komettorget","band":0,"modes":"tram,bus","arr":["7","11","11E","56","X","X#2"],"off":[0,-0.8]}},{"type":"Feature","geometry":{"type":"Point","coordinates":[12.071931,57.750783]},"properties":{"line":"7","mode":"tram","color":"#d6212b","colorDark":"#7c1116","band":0,"off":[-6.8,1.1]}},{"type":"Feature","geometry":{"type":"Point","coordinates":[12.071931,57.750783]},"properties":{"line":"11","mode":"tram","color":"#d6212b","colorDark":"#7c1116","band":0,"off":[-3.4,1.1]}},{"type":"Feature","geometry":{"type":"Point","coordinates":[12.071931,57.750783]},"properties":{"line":"11E","mode":"bus","color":"#0059a9","colorDark":"#00294f","band":0,"off":[0,1.1]}},{"type":"Feature","geometry":{"type":"Point","coordinates":[12.071931,57.750783]},"properties":{"line":"56","mode":"bus","color":"#0059a9","colorDark":"#00294f","band":0,"off":[3.4,1.1]}},{"type":"Feature","geometry":{"type":"Point","coordinates":[12.071931,57.750783]},"properties":{"line":"X","mode":"tram","color":"#d6212b","colorDark":"#7c1116","band":0,"off":[6.8,1.1]}},{"type":"Feature","geometry":{"type":"Point","coordinates":[12.071931,57.750783]},"properties":{"line":"X#2","mode":"tram","color":"#d6212b","colorDark":"#7c1116","band":0,"off":[0,3.1],"lbl":"X"}},{"type":"Feature","geometry":{"type":"Point","coordinates":[12.072435,57.757101]},"properties":{"name":"Rymdtorget Buss","band":0,"modes":"bus","arr":["159"],"off":[0,-0.8]}},{"type":"Feature","geometry":{"type":"Point","coordinates":[12.072435,57.757101]},"properties":{"line":"159","mode":"bus","color":"#0059a9","colorDark":"#00294f","band":0,"off":[0,1.1]}},{"type":"Feature","geometry":{"type":"Point","coordinates":[12.051076,57.760881]},"properties":{"name":"Gärdsås Torg","band":0,"modes":"bus","arr":["57"],"off":[0,-0.8]}},{"type":"Feature","geometry":{"type":"Point","coordinates":[12.051076,57.760881]},"properties":{"line":"57","mode":"bus","color":"#0059a9","colorDark":"#00294f","band":0,"off":[0,1.1]}},{"type":"Feature","geometry":{"type":"Point","coordinates":[12.02735,57.742552]},"properties":{"name":"Nymånegatan","band":0,"modes":"bus","arr":["11E"],"off":[0,-0.8]}},{"type":"Feature","geometry":{"type":"Point","coordinates":[12.02735,57.742552]},"properties":{"line":"11E","mode":"bus","color":"#0059a9","colorDark":"#00294f","band":0,"off":[0,1.1]}},{"type":"Feature","geometry":{"type":"Point","coordinates":[11.953363,57.72069]},"properties":{"name":"Hjalmar Brantingsplatsen","band":0,"modes":"bus","arr":["47","99","135","137","141"],"off":[0,-0.8]}},{"type":"Feature","geometry":{"type":"Point","coordinates":[11.953363,57.72069]},"properties":{"line":"47","mode":"bus","color":"#0059a9","colorDark":"#00294f","band":0,"off":[-6.8,1.1]}},{"type":"Feature","geometry":{"type":"Point","coordinates":[11.953363,57.72069]},"properties":{"line":"99","mode":"bus","color":"#0059a9","colorDark":"#00294f","band":0,"off":[-3.4,1.1]}},{"type":"Feature","geometry":{"type":"Point","coordinates":[11.953363,57.72069]},"properties":{"line":"135","mode":"bus","color":"#0059a9","colorDark":"#00294f","band":0,"off":[0,1.1]}},{"type":"Feature","geometry":{"type":"Point","coordinates":[11.953363,57.72069]},"properties":{"line":"137","mode":"bus","color":"#0059a9","colorDark":"#00294f","band":0,"off":[3.4,1.1]}},{"type":"Feature","geometry":{"type":"Point","coordinates":[11.953363,57.72069]},"properties":{"line":"141","mode":"bus","color":"#0059a9","colorDark":"#00294f","band":0,"off":[6.8,1.1]}},{"type":"Feature","geometry":{"type":"Point","coordinates":[11.94036,57.742053]},"properties":{"name":"Grimbo","band":0,"modes":"bus","arr":["145"],"off":[0,-0.8]}},{"type":"Feature","geometry":{"type":"Point","coordinates":[11.94036,57.742053]},"properties":{"line":"145","mode":"bus","color":"#0059a9","colorDark":"#00294f","band":0,"off":[0,1.1]}},{"type":"Feature","geometry":{"type":"Point","coordinates":[11.917405,57.752168]},"properties":{"name":"Hinnebäcksgatan","band":0,"modes":"bus","arr":["17","44","145"],"off":[0,-0.8]}},{"type":"Feature","geometry":{"type":"Point","coordinates":[11.917405,57.752168]},"properties":{"line":"17","mode":"bus","color":"#0059a9","colorDark":"#00294f","band":0,"off":[-3.4,1.1]}},{"type":"Feature","geometry":{"type":"Point","coordinates":[11.917405,57.752168]},"properties":{"line":"44","mode":"bus","color":"#0059a9","colorDark":"#00294f","band":0,"off":[0,1.1]}},{"type":"Feature","geometry":{"type":"Point","coordinates":[11.917405,57.752168]},"properties":{"line":"145","mode":"bus","color":"#0059a9","colorDark":"#00294f","band":0,"off":[3.4,1.1]}},{"type":"Feature","geometry":{"type":"Point","coordinates":[11.973787,57.710709]},"properties":{"name":"Nils Ericsonsplatsen","band":0,"modes":"tram,bus","arr":["13","20","22","29","101","128","129","141","LERS"],"off":[0,-0.8]}},{"type":"Feature","geometry":{"type":"Point","coordinates":[11.973787,57.710709]},"properties":{"name":"Drottningtorget","band":0,"modes":"tram,bus","arr":["13","20","22","29","101","128","129","141","LERS"],"off":[0,-3]}},{"type":"Feature","geometry":{"type":"Point","coordinates":[11.973787,57.710709]},"properties":{"name":"Åkareplatsen","band":0,"modes":"tram,bus","arr":["13","20","22","29","101","128","129","141","LERS"],"off":[0,-4.1]}},{"type":"Feature","geometry":{"type":"Point","coordinates":[11.973787,57.710709]},"properties":{"line":"13","mode":"tram","color":"#d6212b","colorDark":"#7c1116","band":0,"off":[-6.8,1.1]}},{"type":"Feature","geometry":{"type":"Point","coordinates":[11.973787,57.710709]},"properties":{"line":"20","mode":"bus","color":"#0059a9","colorDark":"#00294f","band":0,"off":[-3.4,1.1]}},{"type":"Feature","geometry":{"type":"Point","coordinates":[11.973787,57.710709]},"properties":{"line":"22","mode":"bus","color":"#0059a9","colorDark":"#00294f","band":0,"off":[0,1.1]}},{"type":"Feature","geometry":{"type":"Point","coordinates":[11.973787,57.710709]},"properties":{"line":"29","mode":"bus","color":"#0059a9","colorDark":"#00294f","band":0,"off":[3.4,1.1]}},{"type":"Feature","geometry":{"type":"Point","coordinates":[11.973787,57.710709]},"properties":{"line":"101","mode":"bus","color":"#0059a9","colorDark":"#00294f","band":0,"off":[6.8,1.1]}},{"type":"Feature","geometry":{"type":"Point","coordinates":[11.973787,57.710709]},"properties":{"line":"128","mode":"bus","color":"#0059a9","colorDark":"#00294f","band":0,"off":[-5.1,3.1]}},{"type":"Feature","geometry":{"type":"Point","coordinates":[11.973787,57.710709]},"properties":{"line":"129","mode":"bus","color":"#0059a9","colorDark":"#00294f","band":0,"off":[-1.7,3.1]}},{"type":"Feature","geometry":{"type":"Point","coordinates":[11.973787,57.710709]},"properties":{"line":"141","mode":"bus","color":"#0059a9","colorDark":"#00294f","band":0,"off":[1.7,3.1]}},{"type":"Feature","geometry":{"type":"Point","coordinates":[11.973787,57.710709]},"properties":{"line":"LERS","mode":"bus","color":"#0059a9","colorDark":"#00294f","band":0,"off":[5.1,3.1]}},{"type":"Feature","geometry":{"type":"Point","coordinates":[12.017491,57.680747]},"properties":{"name":"Kallebäcks Källa","band":0,"modes":"bus","arr":["18","86"],"off":[0,-0.8]}},{"type":"Feature","geometry":{"type":"Point","coordinates":[12.017491,57.680747]},"properties":{"line":"18","mode":"bus","color":"#0059a9","colorDark":"#00294f","band":0,"off":[-1.7,1.1]}},{"type":"Feature","geometry":{"type":"Point","coordinates":[12.017491,57.680747]},"properties":{"line":"86","mode":"bus","color":"#0059a9","colorDark":"#00294f","band":0,"off":[1.7,1.1]}},{"type":"Feature","geometry":{"type":"Point","coordinates":[11.986776,57.757735]},"properties":{"name":"Körkarlens gata","band":0,"modes":"bus","arr":["18","46","47","142"],"off":[0,-0.8]}},{"type":"Feature","geometry":{"type":"Point","coordinates":[11.986776,57.757735]},"properties":{"line":"18","mode":"bus","color":"#0059a9","colorDark":"#00294f","band":0,"off":[-5.1,1.1]}},{"type":"Feature","geometry":{"type":"Point","coordinates":[11.986776,57.757735]},"properties":{"line":"46","mode":"bus","color":"#0059a9","colorDark":"#00294f","band":0,"off":[-1.7,1.1]}},{"type":"Feature","geometry":{"type":"Point","coordinates":[11.986776,57.757735]},"properties":{"line":"47","mode":"bus","color":"#0059a9","colorDark":"#00294f","band":0,"off":[1.7,1.1]}},{"type":"Feature","geometry":{"type":"Point","coordinates":[11.986776,57.757735]},"properties":{"line":"142","mode":"bus","color":"#0059a9","colorDark":"#00294f","band":0,"off":[5.1,1.1]}},{"type":"Feature","geometry":{"type":"Point","coordinates":[12.004852,57.690469]},"properties":{"name":"Skårs Kyrka","band":0,"modes":"bus","arr":["62"],"off":[0,-0.8]}},{"type":"Feature","geometry":{"type":"Point","coordinates":[12.004852,57.690469]},"properties":{"line":"62","mode":"bus","color":"#0059a9","colorDark":"#00294f","band":0,"off":[0,1.1]}},{"type":"Feature","geometry":{"type":"Point","coordinates":[11.936013,57.673866]},"properties":{"name":"Marklandsgatan","band":0,"modes":"bus","arr":["19","65","82","84","95","758"],"off":[0,-0.8]}},{"type":"Feature","geometry":{"type":"Point","coordinates":[11.936013,57.673866]},"properties":{"line":"19","mode":"bus","color":"#0059a9","colorDark":"#00294f","band":0,"off":[-6.8,1.1]}},{"type":"Feature","geometry":{"type":"Point","coordinates":[11.936013,57.673866]},"properties":{"line":"65","mode":"bus","color":"#0059a9","colorDark":"#00294f","band":0,"off":[-3.4,1.1]}},{"type":"Feature","geometry":{"type":"Point","coordinates":[11.936013,57.673866]},"properties":{"line":"82","mode":"bus","color":"#0059a9","colorDark":"#00294f","band":0,"off":[0,1.1]}},{"type":"Feature","geometry":{"type":"Point","coordinates":[11.936013,57.673866]},"properties":{"line":"84","mode":"bus","color":"#0059a9","colorDark":"#00294f","band":0,"off":[3.4,1.1]}},{"type":"Feature","geometry":{"type":"Point","coordinates":[11.936013,57.673866]},"properties":{"line":"95","mode":"bus","color":"#0059a9","colorDark":"#00294f","band":0,"off":[6.8,1.1]}},{"type":"Feature","geometry":{"type":"Point","coordinates":[11.936013,57.673866]},"properties":{"line":"758","mode":"bus","color":"#0059a9","colorDark":"#00294f","band":0,"off":[0,3.1]}},{"type":"Feature","geometry":{"type":"Point","coordinates":[11.945386,57.712018]},"properties":{"name":"Pumpgatan","band":0,"modes":"bus","arr":["35","37","199"],"off":[0,-0.8]}},{"type":"Feature","geometry":{"type":"Point","coordinates":[11.945386,57.712018]},"properties":{"line":"35","mode":"bus","color":"#0059a9","colorDark":"#00294f","band":0,"off":[-3.4,1.1]}},{"type":"Feature","geometry":{"type":"Point","coordinates":[11.945386,57.712018]},"properties":{"line":"37","mode":"bus","color":"#0059a9","colorDark":"#00294f","band":0,"off":[0,1.1]}},{"type":"Feature","geometry":{"type":"Point","coordinates":[11.945386,57.712018]},"properties":{"line":"199","mode":"bus","color":"#0059a9","colorDark":"#00294f","band":0,"off":[3.4,1.1]}},{"type":"Feature","geometry":{"type":"Point","coordinates":[11.9986,57.774585]},"properties":{"name":"Bäckebol Norra","band":0,"modes":"bus","arr":["19"],"off":[0,-0.8]}},{"type":"Feature","geometry":{"type":"Point","coordinates":[11.9986,57.774585]},"properties":{"line":"19","mode":"bus","color":"#0059a9","colorDark":"#00294f","band":0,"off":[0,1.1]}},{"type":"Feature","geometry":{"type":"Point","coordinates":[12.070365,57.761988]},"properties":{"name":"Merkuriusgatan","band":0,"modes":"bus","arr":["21"],"off":[0,-0.8]}},{"type":"Feature","geometry":{"type":"Point","coordinates":[12.070365,57.761988]},"properties":{"line":"21","mode":"bus","color":"#0059a9","colorDark":"#00294f","band":0,"off":[0,1.1]}},{"type":"Feature","geometry":{"type":"Point","coordinates":[11.909944,57.716201]},"properties":{"name":"Eketrägatan","band":0,"modes":"bus","arr":["21","27","30","32","34","44","X76"],"off":[0,-0.8]}},{"type":"Feature","geometry":{"type":"Point","coordinates":[11.909944,57.716201]},"properties":{"line":"21","mode":"bus","color":"#0059a9","colorDark":"#00294f","band":0,"off":[-6.8,1.1]}},{"type":"Feature","geometry":{"type":"Point","coordinates":[11.909944,57.716201]},"properties":{"line":"27","mode":"bus","color":"#0059a9","colorDark":"#00294f","band":0,"off":[-3.4,1.1]}},{"type":"Feature","geometry":{"type":"Point","coordinates":[11.909944,57.716201]},"properties":{"line":"30","mode":"bus","color":"#0059a9","colorDark":"#00294f","band":0,"off":[0,1.1]}},{"type":"Feature","geometry":{"type":"Point","coordinates":[11.909944,57.716201]},"properties":{"line":"32","mode":"bus","color":"#0059a9","colorDark":"#00294f","band":0,"off":[3.4,1.1]}},{"type":"Feature","geometry":{"type":"Point","coordinates":[11.909944,57.716201]},"properties":{"line":"34","mode":"bus","color":"#0059a9","colorDark":"#00294f","band":0,"off":[6.8,1.1]}},{"type":"Feature","geometry":{"type":"Point","coordinates":[11.909944,57.716201]},"properties":{"line":"44","mode":"bus","color":"#0059a9","colorDark":"#00294f","band":0,"off":[-1.7,3.1]}},{"type":"Feature","geometry":{"type":"Point","coordinates":[11.909944,57.716201]},"properties":{"line":"X76","mode":"bus","color":"#0059a9","colorDark":"#00294f","band":0,"off":[1.7,3.1]}},{"type":"Feature","geometry":{"type":"Point","coordinates":[12.173604,57.745374]},"properties":{"name":"Jons väg","band":0,"modes":"bus","arr":["518","519"],"off":[0,-0.8]}},{"type":"Feature","geometry":{"type":"Point","coordinates":[12.173604,57.745374]},"properties":{"line":"518","mode":"bus","color":"#0059a9","colorDark":"#00294f","band":0,"off":[-1.7,1.1]}},{"type":"Feature","geometry":{"type":"Point","coordinates":[12.173604,57.745374]},"properties":{"line":"519","mode":"bus","color":"#0059a9","colorDark":"#00294f","band":0,"off":[1.7,1.1]}},{"type":"Feature","geometry":{"type":"Point","coordinates":[12.529199,57.927184]},"properties":{"name":"Alingsåsterminalen","band":0,"modes":"bus","arr":["22"],"off":[0,-0.8]}},{"type":"Feature","geometry":{"type":"Point","coordinates":[12.529199,57.927184]},"properties":{"line":"22","mode":"bus","color":"#0059a9","colorDark":"#00294f","band":0,"off":[0,1.1]}},{"type":"Feature","geometry":{"type":"Point","coordinates":[12.02334,57.630801]},"properties":{"name":"Peppareds torg","band":0,"modes":"bus","arr":["25"],"off":[0,-0.8]}},{"type":"Feature","geometry":{"type":"Point","coordinates":[12.02334,57.630801]},"properties":{"line":"25","mode":"bus","color":"#0059a9","colorDark":"#00294f","band":0,"off":[0,1.1]}},{"type":"Feature","geometry":{"type":"Point","coordinates":[11.952846,57.689624]},"properties":{"name":"Linnéplatsen","band":0,"modes":"bus","arr":["63","757"],"off":[0,-0.8]}},{"type":"Feature","geometry":{"type":"Point","coordinates":[11.952846,57.689624]},"properties":{"line":"63","mode":"bus","color":"#0059a9","colorDark":"#00294f","band":0,"off":[-1.7,1.1]}},{"type":"Feature","geometry":{"type":"Point","coordinates":[11.952846,57.689624]},"properties":{"line":"757","mode":"bus","color":"#0059a9","colorDark":"#00294f","band":0,"off":[1.7,1.1]}},{"type":"Feature","geometry":{"type":"Point","coordinates":[11.886564,57.733091]},"properties":{"name":"Svarte Mosse","band":0,"modes":"bus","arr":["25"],"off":[0,-0.8]}},{"type":"Feature","geometry":{"type":"Point","coordinates":[11.886564,57.733091]},"properties":{"line":"25","mode":"bus","color":"#0059a9","colorDark":"#00294f","band":0,"off":[0,1.1]}},{"type":"Feature","geometry":{"type":"Point","coordinates":[12.01796,57.655577]},"properties":{"name":"Mölndals Innerstad","band":0,"modes":"tram,bus","arr":["4","12","753","754","755","757","759","760","761","764"],"off":[0,-0.8]}},{"type":"Feature","geometry":{"type":"Point","coordinates":[12.01796,57.655577]},"properties":{"name":"Mölndals bro","band":0,"modes":"tram,bus","arr":["4","12","753","754","755","757","759","760","761","764"],"off":[0,-1.9]}},{"type":"Feature","geometry":{"type":"Point","coordinates":[12.01796,57.655577]},"properties":{"line":"4","mode":"tram","color":"#d6212b","colorDark":"#7c1116","band":0,"off":[-6.8,1.1]}},{"type":"Feature","geometry":{"type":"Point","coordinates":[12.01796,57.655577]},"properties":{"line":"12","mode":"tram","color":"#d6212b","colorDark":"#7c1116","band":0,"off":[-3.4,1.1]}},{"type":"Feature","geometry":{"type":"Point","coordinates":[12.01796,57.655577]},"properties":{"line":"753","mode":"bus","color":"#0059a9","colorDark":"#00294f","band":0,"off":[0,1.1]}},{"type":"Feature","geometry":{"type":"Point","coordinates":[12.01796,57.655577]},"properties":{"line":"754","mode":"bus","color":"#0059a9","colorDark":"#00294f","band":0,"off":[3.4,1.1]}},{"type":"Feature","geometry":{"type":"Point","coordinates":[12.01796,57.655577]},"properties":{"line":"755","mode":"bus","color":"#0059a9","colorDark":"#00294f","band":0,"off":[6.8,1.1]}},{"type":"Feature","geometry":{"type":"Point","coordinates":[12.01796,57.655577]},"properties":{"line":"757","mode":"bus","color":"#0059a9","colorDark":"#00294f","band":0,"off":[-6.8,3.1]}},{"type":"Feature","geometry":{"type":"Point","coordinates":[12.01796,57.655577]},"properties":{"line":"759","mode":"bus","color":"#0059a9","colorDark":"#00294f","band":0,"off":[-3.4,3.1]}},{"type":"Feature","geometry":{"type":"Point","coordinates":[12.01796,57.655577]},"properties":{"line":"760","mode":"bus","color":"#0059a9","colorDark":"#00294f","band":0,"off":[0,3.1]}},{"type":"Feature","geometry":{"type":"Point","coordinates":[12.01796,57.655577]},"properties":{"line":"761","mode":"bus","color":"#0059a9","colorDark":"#00294f","band":0,"off":[3.4,3.1]}},{"type":"Feature","geometry":{"type":"Point","coordinates":[12.01796,57.655577]},"properties":{"line":"764","mode":"bus","color":"#0059a9","colorDark":"#00294f","band":0,"off":[6.8,3.1]}},{"type":"Feature","geometry":{"type":"Point","coordinates":[11.84118,57.711982]},"properties":{"name":"Sörredsmotet","band":0,"modes":"bus","arr":["27","32","139","142"],"off":[0,-0.8]}},{"type":"Feature","geometry":{"type":"Point","coordinates":[11.84118,57.711982]},"properties":{"line":"27","mode":"bus","color":"#0059a9","colorDark":"#00294f","band":0,"off":[-5.1,1.1]}},{"type":"Feature","geometry":{"type":"Point","coordinates":[11.84118,57.711982]},"properties":{"line":"32","mode":"bus","color":"#0059a9","colorDark":"#00294f","band":0,"off":[-1.7,1.1]}},{"type":"Feature","geometry":{"type":"Point","coordinates":[11.84118,57.711982]},"properties":{"line":"139","mode":"bus","color":"#0059a9","colorDark":"#00294f","band":0,"off":[1.7,1.1]}},{"type":"Feature","geometry":{"type":"Point","coordinates":[11.84118,57.711982]},"properties":{"line":"142","mode":"bus","color":"#0059a9","colorDark":"#00294f","band":0,"off":[5.1,1.1]}},{"type":"Feature","geometry":{"type":"Point","coordinates":[11.840989,57.716746]},"properties":{"name":"Volvo Torslanda TK","band":0,"modes":"bus","arr":["145","179"],"off":[0,-0.8]}},{"type":"Feature","geometry":{"type":"Point","coordinates":[11.840989,57.716746]},"properties":{"line":"145","mode":"bus","color":"#0059a9","colorDark":"#00294f","band":0,"off":[-1.7,1.1]}},{"type":"Feature","geometry":{"type":"Point","coordinates":[11.840989,57.716746]},"properties":{"line":"179","mode":"bus","color":"#0059a9","colorDark":"#00294f","band":0,"off":[1.7,1.1]}},{"type":"Feature","geometry":{"type":"Point","coordinates":[11.849809,57.723404]},"properties":{"name":"Volvohallen","band":0,"modes":"bus","arr":["159","190"],"off":[0,-0.8]}},{"type":"Feature","geometry":{"type":"Point","coordinates":[11.849809,57.723404]},"properties":{"line":"159","mode":"bus","color":"#0059a9","colorDark":"#00294f","band":0,"off":[-1.7,1.1]}},{"type":"Feature","geometry":{"type":"Point","coordinates":[11.849809,57.723404]},"properties":{"line":"190","mode":"bus","color":"#0059a9","colorDark":"#00294f","band":0,"off":[1.7,1.1]}},{"type":"Feature","geometry":{"type":"Point","coordinates":[11.866169,57.727955]},"properties":{"name":"Volvo Torslanda PVH","band":0,"modes":"bus","arr":["X77"],"off":[0,-0.8]}},{"type":"Feature","geometry":{"type":"Point","coordinates":[11.866169,57.727955]},"properties":{"line":"X77","mode":"bus","color":"#0059a9","colorDark":"#00294f","band":0,"off":[0,1.1]}},{"type":"Feature","geometry":{"type":"Point","coordinates":[11.862463,57.721867]},"properties":{"name":"Volvo Torslanda RA","band":0,"modes":"bus","arr":["127","180"],"off":[0,-0.8]}},{"type":"Feature","geometry":{"type":"Point","coordinates":[11.862463,57.721867]},"properties":{"line":"127","mode":"bus","color":"#0059a9","colorDark":"#00294f","band":0,"off":[-1.7,1.1]}},{"type":"Feature","geometry":{"type":"Point","coordinates":[11.862463,57.721867]},"properties":{"line":"180","mode":"bus","color":"#0059a9","colorDark":"#00294f","band":0,"off":[1.7,1.1]}},{"type":"Feature","geometry":{"type":"Point","coordinates":[11.779368,57.709981]},"properties":{"name":"Amhult Resecentrum","band":0,"modes":"bus","arr":["29","X90"],"off":[0,-0.8]}},{"type":"Feature","geometry":{"type":"Point","coordinates":[11.779368,57.709981]},"properties":{"line":"29","mode":"bus","color":"#0059a9","colorDark":"#00294f","band":0,"off":[-1.7,1.1]}},{"type":"Feature","geometry":{"type":"Point","coordinates":[11.779368,57.709981]},"properties":{"line":"X90","mode":"bus","color":"#0059a9","colorDark":"#00294f","band":0,"off":[1.7,1.1]}},{"type":"Feature","geometry":{"type":"Point","coordinates":[11.782713,57.714753]},"properties":{"name":"Torslandakrysset","band":0,"modes":"bus","arr":["129"],"off":[0,-0.8]}},{"type":"Feature","geometry":{"type":"Point","coordinates":[11.782713,57.714753]},"properties":{"line":"129","mode":"bus","color":"#0059a9","colorDark":"#00294f","band":0,"off":[0,1.1]}},{"type":"Feature","geometry":{"type":"Point","coordinates":[11.972139,57.706553]},"properties":{"name":"Polhemsplatsen","band":0,"modes":"bus","arr":["29","59","69","114","128","129","290","291","FLYG","KV21","X40"],"off":[0,-0.8]}},{"type":"Feature","geometry":{"type":"Point","coordinates":[11.972139,57.706553]},"properties":{"name":"Nils Ericson Terminalen","band":0,"modes":"bus","arr":["29","59","69","114","128","129","290","291","FLYG","KV21","X40"],"off":[0,-1.9]}},{"type":"Feature","geometry":{"type":"Point","coordinates":[11.972139,57.706553]},"properties":{"name":"Brunnsparken","band":0,"modes":"bus","arr":["29","59","69","114","128","129","290","291","FLYG","KV21","X40"],"off":[0,-4.1]}},{"type":"Feature","geometry":{"type":"Point","coordinates":[11.972139,57.706553]},"properties":{"line":"29","mode":"bus","color":"#0059a9","colorDark":"#00294f","band":0,"off":[-6.8,1.1]}},{"type":"Feature","geometry":{"type":"Point","coordinates":[11.972139,57.706553]},"properties":{"line":"59","mode":"bus","color":"#0059a9","colorDark":"#00294f","band":0,"off":[-3.4,1.1]}},{"type":"Feature","geometry":{"type":"Point","coordinates":[11.972139,57.706553]},"properties":{"line":"69","mode":"bus","color":"#0059a9","colorDark":"#00294f","band":0,"off":[0,1.1]}},{"type":"Feature","geometry":{"type":"Point","coordinates":[11.972139,57.706553]},"properties":{"line":"114","mode":"bus","color":"#0059a9","colorDark":"#00294f","band":0,"off":[3.4,1.1]}},{"type":"Feature","geometry":{"type":"Point","coordinates":[11.972139,57.706553]},"properties":{"line":"128","mode":"bus","color":"#0059a9","colorDark":"#00294f","band":0,"off":[6.8,1.1]}},{"type":"Feature","geometry":{"type":"Point","coordinates":[11.972139,57.706553]},"properties":{"line":"129","mode":"bus","color":"#0059a9","colorDark":"#00294f","band":0,"off":[-6.8,3.1]}},{"type":"Feature","geometry":{"type":"Point","coordinates":[11.972139,57.706553]},"properties":{"line":"290","mode":"bus","color":"#0059a9","colorDark":"#00294f","band":0,"off":[-3.4,3.1]}},{"type":"Feature","geometry":{"type":"Point","coordinates":[11.972139,57.706553]},"properties":{"line":"291","mode":"bus","color":"#0059a9","colorDark":"#00294f","band":0,"off":[0,3.1]}},{"type":"Feature","geometry":{"type":"Point","coordinates":[11.972139,57.706553]},"properties":{"line":"FLYG","mode":"bus","color":"#0059a9","colorDark":"#00294f","band":0,"off":[3.4,3.1]}},{"type":"Feature","geometry":{"type":"Point","coordinates":[11.972139,57.706553]},"properties":{"line":"KV21","mode":"bus","color":"#0059a9","colorDark":"#00294f","band":0,"off":[6.8,3.1],"lbl":"21"}},{"type":"Feature","geometry":{"type":"Point","coordinates":[11.972139,57.706553]},"properties":{"line":"X40","mode":"bus","color":"#0059a9","colorDark":"#00294f","band":0,"off":[0,5.1]}},{"type":"Feature","geometry":{"type":"Point","coordinates":[11.910214,57.652183]},"properties":{"name":"Frölunda Torg Vändslinga","band":0,"modes":"tram,bus","arr":["8","30","83","86","89","90","91","92","93","94","95","97","99","185","751","X5"],"off":[0,-0.8],"sc":0.92}},{"type":"Feature","geometry":{"type":"Point","coordinates":[11.910214,57.652183]},"properties":{"name":"Frölunda Torg","band":0,"modes":"tram,bus","arr":["8","30","83","86","89","90","91","92","93","94","95","97","99","185","751","X5"],"off":[0,-3],"sc":0.92}},{"type":"Feature","geometry":{"type":"Point","coordinates":[11.910214,57.652183]},"properties":{"line":"8","mode":"tram","color":"#d6212b","colorDark":"#7c1116","band":0,"sc":0.92,"off":[-6.8,1.1]}},{"type":"Feature","geometry":{"type":"Point","coordinates":[11.910214,57.652183]},"properties":{"line":"30","mode":"bus","color":"#0059a9","colorDark":"#00294f","band":0,"sc":0.92,"off":[-3.4,1.1]}},{"type":"Feature","geometry":{"type":"Point","coordinates":[11.910214,57.652183]},"properties":{"line":"83","mode":"bus","color":"#0059a9","colorDark":"#00294f","band":0,"sc":0.92,"off":[0,1.1]}},{"type":"Feature","geometry":{"type":"Point","coordinates":[11.910214,57.652183]},"properties":{"line":"86","mode":"bus","color":"#0059a9","colorDark":"#00294f","band":0,"sc":0.92,"off":[3.4,1.1]}},{"type":"Feature","geometry":{"type":"Point","coordinates":[11.910214,57.652183]},"properties":{"line":"89","mode":"bus","color":"#0059a9","colorDark":"#00294f","band":0,"sc":0.92,"off":[6.8,1.1]}},{"type":"Feature","geometry":{"type":"Point","coordinates":[11.910214,57.652183]},"properties":{"line":"90","mode":"bus","color":"#0059a9","colorDark":"#00294f","band":0,"sc":0.92,"off":[-6.8,3.1]}},{"type":"Feature","geometry":{"type":"Point","coordinates":[11.910214,57.652183]},"properties":{"line":"91","mode":"bus","color":"#0059a9","colorDark":"#00294f","band":0,"sc":0.92,"off":[-3.4,3.1]}},{"type":"Feature","geometry":{"type":"Point","coordinates":[11.910214,57.652183]},"properties":{"line":"92","mode":"bus","color":"#0059a9","colorDark":"#00294f","band":0,"sc":0.92,"off":[0,3.1]}},{"type":"Feature","geometry":{"type":"Point","coordinates":[11.910214,57.652183]},"properties":{"line":"93","mode":"bus","color":"#0059a9","colorDark":"#00294f","band":0,"sc":0.92,"off":[3.4,3.1]}},{"type":"Feature","geometry":{"type":"Point","coordinates":[11.910214,57.652183]},"properties":{"line":"94","mode":"bus","color":"#0059a9","colorDark":"#00294f","band":0,"sc":0.92,"off":[6.8,3.1]}},{"type":"Feature","geometry":{"type":"Point","coordinates":[11.910214,57.652183]},"properties":{"line":"95","mode":"bus","color":"#0059a9","colorDark":"#00294f","band":0,"sc":0.92,"off":[-6.8,5.1]}},{"type":"Feature","geometry":{"type":"Point","coordinates":[11.910214,57.652183]},"properties":{"line":"97","mode":"bus","color":"#0059a9","colorDark":"#00294f","band":0,"sc":0.92,"off":[-3.4,5.1]}},{"type":"Feature","geometry":{"type":"Point","coordinates":[11.910214,57.652183]},"properties":{"line":"99","mode":"bus","color":"#0059a9","colorDark":"#00294f","band":0,"sc":0.92,"off":[0,5.1]}},{"type":"Feature","geometry":{"type":"Point","coordinates":[11.910214,57.652183]},"properties":{"line":"185","mode":"bus","color":"#0059a9","colorDark":"#00294f","band":0,"sc":0.92,"off":[3.4,5.1]}},{"type":"Feature","geometry":{"type":"Point","coordinates":[11.910214,57.652183]},"properties":{"line":"751","mode":"bus","color":"#0059a9","colorDark":"#00294f","band":0,"sc":0.92,"off":[6.8,5.1]}},{"type":"Feature","geometry":{"type":"Point","coordinates":[11.910214,57.652183]},"properties":{"line":"X5","mode":"bus","color":"#0059a9","colorDark":"#00294f","band":0,"sc":0.92,"off":[0,7.1]}},{"type":"Feature","geometry":{"type":"Point","coordinates":[11.823463,57.698712]},"properties":{"name":"Godsgatan","band":0,"modes":"bus","arr":["128","148","178","184"],"off":[0,-0.8]}},{"type":"Feature","geometry":{"type":"Point","coordinates":[11.823463,57.698712]},"properties":{"name":"Arendal Portal","band":0,"modes":"bus","arr":["128","148","178","184"],"off":[0,-1.9]}},{"type":"Feature","geometry":{"type":"Point","coordinates":[11.823463,57.698712]},"properties":{"line":"128","mode":"bus","color":"#0059a9","colorDark":"#00294f","band":0,"off":[-5.1,1.1]}},{"type":"Feature","geometry":{"type":"Point","coordinates":[11.823463,57.698712]},"properties":{"line":"148","mode":"bus","color":"#0059a9","colorDark":"#00294f","band":0,"off":[-1.7,1.1]}},{"type":"Feature","geometry":{"type":"Point","coordinates":[11.823463,57.698712]},"properties":{"line":"178","mode":"bus","color":"#0059a9","colorDark":"#00294f","band":0,"off":[1.7,1.1]}},{"type":"Feature","geometry":{"type":"Point","coordinates":[11.823463,57.698712]},"properties":{"line":"184","mode":"bus","color":"#0059a9","colorDark":"#00294f","band":0,"off":[5.1,1.1]}},{"type":"Feature","geometry":{"type":"Point","coordinates":[11.735637,57.741949]},"properties":{"name":"Sillvik","band":0,"modes":"bus","arr":["33"],"off":[0,-0.8]}},{"type":"Feature","geometry":{"type":"Point","coordinates":[11.735637,57.741949]},"properties":{"line":"33","mode":"bus","color":"#0059a9","colorDark":"#00294f","band":0,"off":[0,1.1]}},{"type":"Feature","geometry":{"type":"Point","coordinates":[11.799798,57.737692]},"properties":{"name":"Lillebyvägen","band":0,"modes":"bus","arr":["33"],"off":[0,-0.8]}},{"type":"Feature","geometry":{"type":"Point","coordinates":[11.799798,57.737692]},"properties":{"line":"33","mode":"bus","color":"#0059a9","colorDark":"#00294f","band":0,"off":[0,1.1]}},{"type":"Feature","geometry":{"type":"Point","coordinates":[11.711723,57.704984]},"properties":{"name":"Hjuvik","band":0,"modes":"bus","arr":["34"],"off":[0,-0.8]}},{"type":"Feature","geometry":{"type":"Point","coordinates":[11.711723,57.704984]},"properties":{"line":"34","mode":"bus","color":"#0059a9","colorDark":"#00294f","band":0,"off":[0,1.1]}},{"type":"Feature","geometry":{"type":"Point","coordinates":[11.887204,57.776459]},"properties":{"name":"Säve Depå","band":0,"modes":"bus","arr":["35"],"off":[0,-0.8]}},{"type":"Feature","geometry":{"type":"Point","coordinates":[11.887204,57.776459]},"properties":{"line":"35","mode":"bus","color":"#0059a9","colorDark":"#00294f","band":0,"off":[0,1.1]}},{"type":"Feature","geometry":{"type":"Point","coordinates":[11.831365,57.757601]},"properties":{"name":"Skra Bro","band":0,"modes":"bus","arr":["36","38"],"off":[0,-0.8]}},{"type":"Feature","geometry":{"type":"Point","coordinates":[11.831365,57.757601]},"properties":{"line":"36","mode":"bus","color":"#0059a9","colorDark":"#00294f","band":0,"off":[-1.7,1.1]}},{"type":"Feature","geometry":{"type":"Point","coordinates":[11.831365,57.757601]},"properties":{"line":"38","mode":"bus","color":"#0059a9","colorDark":"#00294f","band":0,"off":[1.7,1.1]}},{"type":"Feature","geometry":{"type":"Point","coordinates":[11.9113,57.803548]},"properties":{"name":"Säve Station","band":0,"modes":"bus","arr":["36"],"off":[0,-0.8]}},{"type":"Feature","geometry":{"type":"Point","coordinates":[11.9113,57.803548]},"properties":{"line":"36","mode":"bus","color":"#0059a9","colorDark":"#00294f","band":0,"off":[0,1.1]}},{"type":"Feature","geometry":{"type":"Point","coordinates":[11.992271,57.799865]},"properties":{"name":"Klareberg","band":0,"modes":"bus","arr":["37","46","X2"],"off":[0,-0.8]}},{"type":"Feature","geometry":{"type":"Point","coordinates":[11.992271,57.799865]},"properties":{"line":"37","mode":"bus","color":"#0059a9","colorDark":"#00294f","band":0,"off":[-3.4,1.1]}},{"type":"Feature","geometry":{"type":"Point","coordinates":[11.992271,57.799865]},"properties":{"line":"46","mode":"bus","color":"#0059a9","colorDark":"#00294f","band":0,"off":[0,1.1]}},{"type":"Feature","geometry":{"type":"Point","coordinates":[11.992271,57.799865]},"properties":{"line":"X2","mode":"bus","color":"#0059a9","colorDark":"#00294f","band":0,"off":[3.4,1.1]}},{"type":"Feature","geometry":{"type":"Point","coordinates":[11.833404,57.788605]},"properties":{"name":"Kippholmen","band":0,"modes":"bus","arr":["38"],"off":[0,-0.8]}},{"type":"Feature","geometry":{"type":"Point","coordinates":[11.833404,57.788605]},"properties":{"line":"38","mode":"bus","color":"#0059a9","colorDark":"#00294f","band":0,"off":[0,1.1]}},{"type":"Feature","geometry":{"type":"Point","coordinates":[11.907789,57.697386]},"properties":{"name":"Bockkranen","band":0,"modes":"bus","arr":["42"],"off":[0,-0.8]}},{"type":"Feature","geometry":{"type":"Point","coordinates":[11.907789,57.697386]},"properties":{"line":"42","mode":"bus","color":"#0059a9","colorDark":"#00294f","band":0,"off":[0,1.1]}},{"type":"Feature","geometry":{"type":"Point","coordinates":[11.94979,57.766506]},"properties":{"name":"Skogome","band":0,"modes":"bus","arr":["42","43"],"off":[0,-0.8]}},{"type":"Feature","geometry":{"type":"Point","coordinates":[11.94979,57.766506]},"properties":{"line":"42","mode":"bus","color":"#0059a9","colorDark":"#00294f","band":0,"off":[-1.7,1.1]}},{"type":"Feature","geometry":{"type":"Point","coordinates":[11.94979,57.766506]},"properties":{"line":"43","mode":"bus","color":"#0059a9","colorDark":"#00294f","band":0,"off":[1.7,1.1]}},{"type":"Feature","geometry":{"type":"Point","coordinates":[12.058977,57.737296]},"properties":{"name":"Österlyckan","band":0,"modes":"bus","arr":["167"],"off":[0,-0.8]}},{"type":"Feature","geometry":{"type":"Point","coordinates":[12.058977,57.737296]},"properties":{"line":"167","mode":"bus","color":"#0059a9","colorDark":"#00294f","band":0,"off":[0,1.1]}},{"type":"Feature","geometry":{"type":"Point","coordinates":[11.994314,57.677589]},"properties":{"name":"Sörgårdsskolan","band":0,"modes":"bus","arr":["60"],"off":[0,-0.8]}},{"type":"Feature","geometry":{"type":"Point","coordinates":[11.994314,57.677589]},"properties":{"line":"60","mode":"bus","color":"#0059a9","colorDark":"#00294f","band":0,"off":[0,1.1]}},{"type":"Feature","geometry":{"type":"Point","coordinates":[11.969264,57.699543]},"properties":{"name":"Vasaplatsen","band":0,"modes":"bus","arr":["258"],"off":[0,-0.8]}},{"type":"Feature","geometry":{"type":"Point","coordinates":[11.969264,57.699543]},"properties":{"line":"258","mode":"bus","color":"#0059a9","colorDark":"#00294f","band":0,"off":[0,1.1]}},{"type":"Feature","geometry":{"type":"Point","coordinates":[11.942506,57.693584]},"properties":{"name":"Masthugget","band":0,"modes":"bus","arr":["61"],"off":[0,-0.8]}},{"type":"Feature","geometry":{"type":"Point","coordinates":[11.942506,57.693584]},"properties":{"line":"61","mode":"bus","color":"#0059a9","colorDark":"#00294f","band":0,"off":[0,1.1]}},{"type":"Feature","geometry":{"type":"Point","coordinates":[11.976594,57.702958]},"properties":{"name":"Heden","band":0,"modes":"bus","arr":["61","63","64","173","258","503","510","513","753","754","758"],"off":[0,-0.8]}},{"type":"Feature","geometry":{"type":"Point","coordinates":[11.976594,57.702958]},"properties":{"line":"61","mode":"bus","color":"#0059a9","colorDark":"#00294f","band":0,"off":[-6.8,1.1]}},{"type":"Feature","geometry":{"type":"Point","coordinates":[11.976594,57.702958]},"properties":{"line":"63","mode":"bus","color":"#0059a9","colorDark":"#00294f","band":0,"off":[-3.4,1.1]}},{"type":"Feature","geometry":{"type":"Point","coordinates":[11.976594,57.702958]},"properties":{"line":"64","mode":"bus","color":"#0059a9","colorDark":"#00294f","band":0,"off":[0,1.1]}},{"type":"Feature","geometry":{"type":"Point","coordinates":[11.976594,57.702958]},"properties":{"line":"173","mode":"bus","color":"#0059a9","colorDark":"#00294f","band":0,"off":[3.4,1.1]}},{"type":"Feature","geometry":{"type":"Point","coordinates":[11.976594,57.702958]},"properties":{"line":"258","mode":"bus","color":"#0059a9","colorDark":"#00294f","band":0,"off":[6.8,1.1]}},{"type":"Feature","geometry":{"type":"Point","coordinates":[11.976594,57.702958]},"properties":{"line":"503","mode":"bus","color":"#0059a9","colorDark":"#00294f","band":0,"off":[-6.8,3.1]}},{"type":"Feature","geometry":{"type":"Point","coordinates":[11.976594,57.702958]},"properties":{"line":"510","mode":"bus","color":"#0059a9","colorDark":"#00294f","band":0,"off":[-3.4,3.1]}},{"type":"Feature","geometry":{"type":"Point","coordinates":[11.976594,57.702958]},"properties":{"line":"513","mode":"bus","color":"#0059a9","colorDark":"#00294f","band":0,"off":[0,3.1]}},{"type":"Feature","geometry":{"type":"Point","coordinates":[11.976594,57.702958]},"properties":{"line":"753","mode":"bus","color":"#0059a9","colorDark":"#00294f","band":0,"off":[3.4,3.1]}},{"type":"Feature","geometry":{"type":"Point","coordinates":[11.976594,57.702958]},"properties":{"line":"754","mode":"bus","color":"#0059a9","colorDark":"#00294f","band":0,"off":[6.8,3.1]}},{"type":"Feature","geometry":{"type":"Point","coordinates":[11.976594,57.702958]},"properties":{"line":"758","mode":"bus","color":"#0059a9","colorDark":"#00294f","band":0,"off":[0,5.1]}},{"type":"Feature","geometry":{"type":"Point","coordinates":[11.912466,57.673272]},"properties":{"name":"Fyrktorget","band":0,"modes":"bus","arr":["64"],"off":[0,-0.8]}},{"type":"Feature","geometry":{"type":"Point","coordinates":[11.912466,57.673272]},"properties":{"line":"64","mode":"bus","color":"#0059a9","colorDark":"#00294f","band":0,"off":[0,1.1]}},{"type":"Feature","geometry":{"type":"Point","coordinates":[11.915923,57.670918]},"properties":{"name":"Gerdas gård","band":0,"modes":"bus","arr":["65"],"off":[0,-0.8]}},{"type":"Feature","geometry":{"type":"Point","coordinates":[11.915923,57.670918]},"properties":{"line":"65","mode":"bus","color":"#0059a9","colorDark":"#00294f","band":0,"off":[0,1.1]}},{"type":"Feature","geometry":{"type":"Point","coordinates":[11.994563,57.698791]},"properties":{"name":"Liseberg Station","band":0,"modes":"bus","arr":["69","512"],"off":[0,-0.8]}},{"type":"Feature","geometry":{"type":"Point","coordinates":[11.994563,57.698791]},"properties":{"line":"69","mode":"bus","color":"#0059a9","colorDark":"#00294f","band":0,"off":[-1.7,1.1]}},{"type":"Feature","geometry":{"type":"Point","coordinates":[11.994563,57.698791]},"properties":{"line":"512","mode":"bus","color":"#0059a9","colorDark":"#00294f","band":0,"off":[1.7,1.1]}},{"type":"Feature","geometry":{"type":"Point","coordinates":[12.047615,57.772341]},"properties":{"name":"Eriksbo Östergärde","band":0,"modes":"bus","arr":["71","78","179"],"off":[0,-0.8]}},{"type":"Feature","geometry":{"type":"Point","coordinates":[12.047615,57.772341]},"properties":{"name":"Angereds Storåsväg","band":0,"modes":"bus","arr":["71","78","179"],"off":[0,-1.9]}},{"type":"Feature","geometry":{"type":"Point","coordinates":[12.047615,57.772341]},"properties":{"line":"71","mode":"bus","color":"#0059a9","colorDark":"#00294f","band":0,"off":[-3.4,1.1]}},{"type":"Feature","geometry":{"type":"Point","coordinates":[12.047615,57.772341]},"properties":{"line":"78","mode":"bus","color":"#0059a9","colorDark":"#00294f","band":0,"off":[0,1.1]}},{"type":"Feature","geometry":{"type":"Point","coordinates":[12.047615,57.772341]},"properties":{"line":"179","mode":"bus","color":"#0059a9","colorDark":"#00294f","band":0,"off":[3.4,1.1]}},{"type":"Feature","geometry":{"type":"Point","coordinates":[12.024386,57.800873]},"properties":{"name":"Peppargatan","band":0,"modes":"bus","arr":["73"],"off":[0,-0.8]}},{"type":"Feature","geometry":{"type":"Point","coordinates":[12.024386,57.800873]},"properties":{"line":"73","mode":"bus","color":"#0059a9","colorDark":"#00294f","band":0,"off":[0,1.1]}},{"type":"Feature","geometry":{"type":"Point","coordinates":[12.104961,57.738312]},"properties":{"name":"Partille centrum","band":0,"modes":"bus","arr":["74","510","511","512","513","514","515","516","517","518","519","X1"],"off":[0,-0.8]}},{"type":"Feature","geometry":{"type":"Point","coordinates":[12.104961,57.738312]},"properties":{"line":"74","mode":"bus","color":"#0059a9","colorDark":"#00294f","band":0,"off":[-6.8,1.1]}},{"type":"Feature","geometry":{"type":"Point","coordinates":[12.104961,57.738312]},"properties":{"line":"510","mode":"bus","color":"#0059a9","colorDark":"#00294f","band":0,"off":[-3.4,1.1]}},{"type":"Feature","geometry":{"type":"Point","coordinates":[12.104961,57.738312]},"properties":{"line":"511","mode":"bus","color":"#0059a9","colorDark":"#00294f","band":0,"off":[0,1.1]}},{"type":"Feature","geometry":{"type":"Point","coordinates":[12.104961,57.738312]},"properties":{"line":"512","mode":"bus","color":"#0059a9","colorDark":"#00294f","band":0,"off":[3.4,1.1]}},{"type":"Feature","geometry":{"type":"Point","coordinates":[12.104961,57.738312]},"properties":{"line":"513","mode":"bus","color":"#0059a9","colorDark":"#00294f","band":0,"off":[6.8,1.1]}},{"type":"Feature","geometry":{"type":"Point","coordinates":[12.104961,57.738312]},"properties":{"line":"514","mode":"bus","color":"#0059a9","colorDark":"#00294f","band":0,"off":[-6.8,3.1]}},{"type":"Feature","geometry":{"type":"Point","coordinates":[12.104961,57.738312]},"properties":{"line":"515","mode":"bus","color":"#0059a9","colorDark":"#00294f","band":0,"off":[-3.4,3.1]}},{"type":"Feature","geometry":{"type":"Point","coordinates":[12.104961,57.738312]},"properties":{"line":"516","mode":"bus","color":"#0059a9","colorDark":"#00294f","band":0,"off":[0,3.1]}},{"type":"Feature","geometry":{"type":"Point","coordinates":[12.104961,57.738312]},"properties":{"line":"517","mode":"bus","color":"#0059a9","colorDark":"#00294f","band":0,"off":[3.4,3.1]}},{"type":"Feature","geometry":{"type":"Point","coordinates":[12.104961,57.738312]},"properties":{"line":"518","mode":"bus","color":"#0059a9","colorDark":"#00294f","band":0,"off":[6.8,3.1]}},{"type":"Feature","geometry":{"type":"Point","coordinates":[12.104961,57.738312]},"properties":{"line":"519","mode":"bus","color":"#0059a9","colorDark":"#00294f","band":0,"off":[-1.7,5.1]}},{"type":"Feature","geometry":{"type":"Point","coordinates":[12.104961,57.738312]},"properties":{"line":"X1","mode":"bus","color":"#0059a9","colorDark":"#00294f","band":0,"off":[1.7,5.1]}},{"type":"Feature","geometry":{"type":"Point","coordinates":[12.03369,57.820947]},"properties":{"name":"Persiljegatan","band":0,"modes":"bus","arr":["75","77","X77"],"off":[0,-0.8]}},{"type":"Feature","geometry":{"type":"Point","coordinates":[12.03369,57.820947]},"properties":{"line":"75","mode":"bus","color":"#0059a9","colorDark":"#00294f","band":0,"off":[-3.4,1.1]}},{"type":"Feature","geometry":{"type":"Point","coordinates":[12.03369,57.820947]},"properties":{"line":"77","mode":"bus","color":"#0059a9","colorDark":"#00294f","band":0,"off":[0,1.1]}},{"type":"Feature","geometry":{"type":"Point","coordinates":[12.03369,57.820947]},"properties":{"line":"X77","mode":"bus","color":"#0059a9","colorDark":"#00294f","band":0,"off":[3.4,1.1]}},{"type":"Feature","geometry":{"type":"Point","coordinates":[12.068574,57.804925]},"properties":{"name":"Rannebergen Centrum","band":0,"modes":"bus","arr":["178","X76"],"off":[0,-0.8]}},{"type":"Feature","geometry":{"type":"Point","coordinates":[12.068574,57.804925]},"properties":{"line":"178","mode":"bus","color":"#0059a9","colorDark":"#00294f","band":0,"off":[-1.7,1.1]}},{"type":"Feature","geometry":{"type":"Point","coordinates":[12.068574,57.804925]},"properties":{"line":"X76","mode":"bus","color":"#0059a9","colorDark":"#00294f","band":0,"off":[1.7,1.1]}},{"type":"Feature","geometry":{"type":"Point","coordinates":[12.067313,57.800889]},"properties":{"name":"Fjällsyran","band":0,"modes":"bus","arr":["178","X76"],"off":[0,-0.8]}},{"type":"Feature","geometry":{"type":"Point","coordinates":[12.067313,57.800889]},"properties":{"line":"178","mode":"bus","color":"#0059a9","colorDark":"#00294f","band":0,"off":[-1.7,1.1]}},{"type":"Feature","geometry":{"type":"Point","coordinates":[12.067313,57.800889]},"properties":{"line":"X76","mode":"bus","color":"#0059a9","colorDark":"#00294f","band":0,"off":[1.7,1.1]}},{"type":"Feature","geometry":{"type":"Point","coordinates":[11.920867,57.59688]},"properties":{"name":"Lillövägen","band":0,"modes":"bus","arr":["82","258"],"off":[0,-0.8]}},{"type":"Feature","geometry":{"type":"Point","coordinates":[11.920867,57.59688]},"properties":{"line":"82","mode":"bus","color":"#0059a9","colorDark":"#00294f","band":0,"off":[-1.7,1.1]}},{"type":"Feature","geometry":{"type":"Point","coordinates":[11.920867,57.59688]},"properties":{"line":"258","mode":"bus","color":"#0059a9","colorDark":"#00294f","band":0,"off":[1.7,1.1]}},{"type":"Feature","geometry":{"type":"Point","coordinates":[11.964641,57.629942]},"properties":{"name":"Askims Svartmosse","band":0,"modes":"bus","arr":["83","84"],"off":[0,-0.8]}},{"type":"Feature","geometry":{"type":"Point","coordinates":[11.964641,57.629942]},"properties":{"line":"83","mode":"bus","color":"#0059a9","colorDark":"#00294f","band":0,"off":[-1.7,1.1]}},{"type":"Feature","geometry":{"type":"Point","coordinates":[11.964641,57.629942]},"properties":{"line":"84","mode":"bus","color":"#0059a9","colorDark":"#00294f","band":0,"off":[1.7,1.1]}},{"type":"Feature","geometry":{"type":"Point","coordinates":[11.940553,57.588464]},"properties":{"name":"Skintebo","band":0,"modes":"bus","arr":["89"],"off":[0,-0.8]}},{"type":"Feature","geometry":{"type":"Point","coordinates":[11.940553,57.588464]},"properties":{"line":"89","mode":"bus","color":"#0059a9","colorDark":"#00294f","band":0,"off":[0,1.1]}},{"type":"Feature","geometry":{"type":"Point","coordinates":[11.93942,57.617336]},"properties":{"name":"Hovås Nedre","band":0,"modes":"bus","arr":["180","184"],"off":[0,-0.8]}},{"type":"Feature","geometry":{"type":"Point","coordinates":[11.93942,57.617336]},"properties":{"line":"180","mode":"bus","color":"#0059a9","colorDark":"#00294f","band":0,"off":[-1.7,1.1]}},{"type":"Feature","geometry":{"type":"Point","coordinates":[11.93942,57.617336]},"properties":{"line":"184","mode":"bus","color":"#0059a9","colorDark":"#00294f","band":0,"off":[1.7,1.1]}},{"type":"Feature","geometry":{"type":"Point","coordinates":[11.871425,57.647864]},"properties":{"name":"Aprikosgatan","band":0,"modes":"bus","arr":["194"],"off":[0,-0.8]}},{"type":"Feature","geometry":{"type":"Point","coordinates":[11.871425,57.647864]},"properties":{"line":"194","mode":"bus","color":"#0059a9","colorDark":"#00294f","band":0,"off":[0,1.1]}},{"type":"Feature","geometry":{"type":"Point","coordinates":[11.90011,57.619686]},"properties":{"name":"Näsbovägen","band":0,"modes":"bus","arr":["92","93","94","193"],"off":[0,-0.8]}},{"type":"Feature","geometry":{"type":"Point","coordinates":[11.90011,57.619686]},"properties":{"line":"92","mode":"bus","color":"#0059a9","colorDark":"#00294f","band":0,"off":[-5.1,1.1]}},{"type":"Feature","geometry":{"type":"Point","coordinates":[11.90011,57.619686]},"properties":{"line":"93","mode":"bus","color":"#0059a9","colorDark":"#00294f","band":0,"off":[-1.7,1.1]}},{"type":"Feature","geometry":{"type":"Point","coordinates":[11.90011,57.619686]},"properties":{"line":"94","mode":"bus","color":"#0059a9","colorDark":"#00294f","band":0,"off":[1.7,1.1]}},{"type":"Feature","geometry":{"type":"Point","coordinates":[11.90011,57.619686]},"properties":{"line":"193","mode":"bus","color":"#0059a9","colorDark":"#00294f","band":0,"off":[5.1,1.1]}},{"type":"Feature","geometry":{"type":"Point","coordinates":[11.897168,57.634696]},"properties":{"name":"Åkered","band":0,"modes":"bus","arr":["196"],"off":[0,-0.8]}},{"type":"Feature","geometry":{"type":"Point","coordinates":[11.897168,57.634696]},"properties":{"line":"196","mode":"bus","color":"#0059a9","colorDark":"#00294f","band":0,"off":[0,1.1]}},{"type":"Feature","geometry":{"type":"Point","coordinates":[11.853211,57.648842]},"properties":{"name":"Fiskebäcks Småbåtshamn","band":0,"modes":"bus","arr":["97","197"],"off":[0,-0.8]}},{"type":"Feature","geometry":{"type":"Point","coordinates":[11.853211,57.648842]},"properties":{"line":"97","mode":"bus","color":"#0059a9","colorDark":"#00294f","band":0,"off":[-1.7,1.1]}},{"type":"Feature","geometry":{"type":"Point","coordinates":[11.853211,57.648842]},"properties":{"line":"197","mode":"bus","color":"#0059a9","colorDark":"#00294f","band":0,"off":[1.7,1.1]}},{"type":"Feature","geometry":{"type":"Point","coordinates":[12.570438,57.667706]},"properties":{"name":"Bollebygd station","band":0,"modes":"bus","arr":["101","611"],"off":[0,-0.8]}},{"type":"Feature","geometry":{"type":"Point","coordinates":[12.570438,57.667706]},"properties":{"line":"101","mode":"bus","color":"#0059a9","colorDark":"#00294f","band":0,"off":[-1.7,1.1]}},{"type":"Feature","geometry":{"type":"Point","coordinates":[12.570438,57.667706]},"properties":{"line":"611","mode":"bus","color":"#0059a9","colorDark":"#00294f","band":0,"off":[1.7,1.1]}},{"type":"Feature","geometry":{"type":"Point","coordinates":[11.844849,57.660702]},"properties":{"name":"Saltholmen","band":0,"modes":"tram,bus","arr":["11","13","114","X"],"off":[0,-0.8]}},{"type":"Feature","geometry":{"type":"Point","coordinates":[11.844849,57.660702]},"properties":{"line":"11","mode":"tram","color":"#d6212b","colorDark":"#7c1116","band":0,"off":[-5.1,1.1]}},{"type":"Feature","geometry":{"type":"Point","coordinates":[11.844849,57.660702]},"properties":{"line":"13","mode":"tram","color":"#d6212b","colorDark":"#7c1116","band":0,"off":[-1.7,1.1]}},{"type":"Feature","geometry":{"type":"Point","coordinates":[11.844849,57.660702]},"properties":{"line":"114","mode":"bus","color":"#0059a9","colorDark":"#00294f","band":0,"off":[1.7,1.1]}},{"type":"Feature","geometry":{"type":"Point","coordinates":[11.844849,57.660702]},"properties":{"line":"X","mode":"tram","color":"#d6212b","colorDark":"#7c1116","band":0,"off":[5.1,1.1]}},{"type":"Feature","geometry":{"type":"Point","coordinates":[11.752138,57.728701]},"properties":{"name":"Hornkamsgatan","band":0,"modes":"bus","arr":["131","X1"],"off":[0,-0.8]}},{"type":"Feature","geometry":{"type":"Point","coordinates":[11.752138,57.728701]},"properties":{"line":"131","mode":"bus","color":"#0059a9","colorDark":"#00294f","band":0,"off":[-1.7,1.1]}},{"type":"Feature","geometry":{"type":"Point","coordinates":[11.752138,57.728701]},"properties":{"line":"X1","mode":"bus","color":"#0059a9","colorDark":"#00294f","band":0,"off":[1.7,1.1]}},{"type":"Feature","geometry":{"type":"Point","coordinates":[11.86415,57.776927]},"properties":{"name":"Säve Flygplats","band":0,"modes":"bus","arr":["135"],"off":[0,-0.8]}},{"type":"Feature","geometry":{"type":"Point","coordinates":[11.86415,57.776927]},"properties":{"line":"135","mode":"bus","color":"#0059a9","colorDark":"#00294f","band":0,"off":[0,1.1]}},{"type":"Feature","geometry":{"type":"Point","coordinates":[11.792782,57.844194]},"properties":{"name":"Kärna bussterminal","band":0,"modes":"bus","arr":["137","303","305","313","915","922","923","926","930"],"off":[0,-0.8]}},{"type":"Feature","geometry":{"type":"Point","coordinates":[11.792782,57.844194]},"properties":{"line":"137","mode":"bus","color":"#0059a9","colorDark":"#00294f","band":0,"off":[-6.8,1.1]}},{"type":"Feature","geometry":{"type":"Point","coordinates":[11.792782,57.844194]},"properties":{"line":"303","mode":"bus","color":"#0059a9","colorDark":"#00294f","band":0,"off":[-3.4,1.1]}},{"type":"Feature","geometry":{"type":"Point","coordinates":[11.792782,57.844194]},"properties":{"line":"305","mode":"bus","color":"#0059a9","colorDark":"#00294f","band":0,"off":[0,1.1]}},{"type":"Feature","geometry":{"type":"Point","coordinates":[11.792782,57.844194]},"properties":{"line":"313","mode":"bus","color":"#0059a9","colorDark":"#00294f","band":0,"off":[3.4,1.1]}},{"type":"Feature","geometry":{"type":"Point","coordinates":[11.792782,57.844194]},"properties":{"line":"915","mode":"bus","color":"#0059a9","colorDark":"#00294f","band":0,"off":[6.8,1.1]}},{"type":"Feature","geometry":{"type":"Point","coordinates":[11.792782,57.844194]},"properties":{"line":"922","mode":"bus","color":"#0059a9","colorDark":"#00294f","band":0,"off":[-5.1,3.1]}},{"type":"Feature","geometry":{"type":"Point","coordinates":[11.792782,57.844194]},"properties":{"line":"923","mode":"bus","color":"#0059a9","colorDark":"#00294f","band":0,"off":[-1.7,3.1]}},{"type":"Feature","geometry":{"type":"Point","coordinates":[11.792782,57.844194]},"properties":{"line":"926","mode":"bus","color":"#0059a9","colorDark":"#00294f","band":0,"off":[1.7,3.1]}},{"type":"Feature","geometry":{"type":"Point","coordinates":[11.792782,57.844194]},"properties":{"line":"930","mode":"bus","color":"#0059a9","colorDark":"#00294f","band":0,"off":[5.1,3.1]}},{"type":"Feature","geometry":{"type":"Point","coordinates":[11.844927,57.731706]},"properties":{"name":"IAC Group","band":0,"modes":"bus","arr":["139","142"],"off":[0,-0.8]}},{"type":"Feature","geometry":{"type":"Point","coordinates":[11.844927,57.731706]},"properties":{"line":"139","mode":"bus","color":"#0059a9","colorDark":"#00294f","band":0,"off":[-1.7,1.1]}},{"type":"Feature","geometry":{"type":"Point","coordinates":[11.844927,57.731706]},"properties":{"line":"142","mode":"bus","color":"#0059a9","colorDark":"#00294f","band":0,"off":[1.7,1.1]}},{"type":"Feature","geometry":{"type":"Point","coordinates":[11.891903,57.755539]},"properties":{"name":"Volvo Tuve L B","band":0,"modes":"bus","arr":["141"],"off":[0,-0.8]}},{"type":"Feature","geometry":{"type":"Point","coordinates":[11.891903,57.755539]},"properties":{"line":"141","mode":"bus","color":"#0059a9","colorDark":"#00294f","band":0,"off":[0,1.1]}},{"type":"Feature","geometry":{"type":"Point","coordinates":[11.884234,57.756311]},"properties":{"name":"Volvo Tuve L A","band":0,"modes":"bus","arr":["141","190"],"off":[0,-0.8]}},{"type":"Feature","geometry":{"type":"Point","coordinates":[11.884234,57.756311]},"properties":{"line":"141","mode":"bus","color":"#0059a9","colorDark":"#00294f","band":0,"off":[-1.7,1.1]}},{"type":"Feature","geometry":{"type":"Point","coordinates":[11.884234,57.756311]},"properties":{"line":"190","mode":"bus","color":"#0059a9","colorDark":"#00294f","band":0,"off":[1.7,1.1]}},{"type":"Feature","geometry":{"type":"Point","coordinates":[11.87203,57.735162]},"properties":{"name":"Hisingen Logistikpark","band":0,"modes":"bus","arr":["142"],"off":[0,-0.8]}},{"type":"Feature","geometry":{"type":"Point","coordinates":[11.87203,57.735162]},"properties":{"line":"142","mode":"bus","color":"#0059a9","colorDark":"#00294f","band":0,"off":[0,1.1]}},{"type":"Feature","geometry":{"type":"Point","coordinates":[11.841248,57.721844]},"properties":{"name":"Volvo Torslanda TA","band":0,"modes":"bus","arr":["185"],"off":[0,-0.8]}},{"type":"Feature","geometry":{"type":"Point","coordinates":[11.841248,57.721844]},"properties":{"line":"185","mode":"bus","color":"#0059a9","colorDark":"#00294f","band":0,"off":[0,1.1]}},{"type":"Feature","geometry":{"type":"Point","coordinates":[11.938388,57.659341]},"properties":{"name":"Beatrice Lesslies Gata","band":0,"modes":"bus","arr":["199"],"off":[0,-0.8]}},{"type":"Feature","geometry":{"type":"Point","coordinates":[11.938388,57.659341]},"properties":{"line":"199","mode":"bus","color":"#0059a9","colorDark":"#00294f","band":0,"off":[0,1.1]}},{"type":"Feature","geometry":{"type":"Point","coordinates":[11.642138,57.743813]},"properties":{"name":"Burö färjeläge","band":0,"modes":"bus","arr":["290","OC1"],"off":[0,-0.8]}},{"type":"Feature","geometry":{"type":"Point","coordinates":[11.642138,57.743813]},"properties":{"line":"290","mode":"bus","color":"#0059a9","colorDark":"#00294f","band":0,"off":[-1.7,1.1]}},{"type":"Feature","geometry":{"type":"Point","coordinates":[11.642138,57.743813]},"properties":{"line":"OC1","mode":"bus","color":"#0059a9","colorDark":"#00294f","band":0,"off":[1.7,1.1],"lbl":"1"}},{"type":"Feature","geometry":{"type":"Point","coordinates":[11.654866,57.67294]},"properties":{"name":"Fotö","band":0,"modes":"bus","arr":["291"],"off":[0,-0.8]}},{"type":"Feature","geometry":{"type":"Point","coordinates":[11.654866,57.67294]},"properties":{"line":"291","mode":"bus","color":"#0059a9","colorDark":"#00294f","band":0,"off":[0,1.1]}},{"type":"Feature","geometry":{"type":"Point","coordinates":[11.970008,57.871797]},"properties":{"name":"Kungälv resecentrum","band":0,"modes":"bus","arr":["302","303","307","308","309","319","401","914","KV2","KV3","X4"],"off":[0,-0.8]}},{"type":"Feature","geometry":{"type":"Point","coordinates":[11.970008,57.871797]},"properties":{"name":"Isbadet Oasen","band":0,"modes":"bus","arr":["302","303","307","308","309","319","401","914","KV2","KV3","X4"],"off":[0,-3]}},{"type":"Feature","geometry":{"type":"Point","coordinates":[11.970008,57.871797]},"properties":{"line":"302","mode":"bus","color":"#0059a9","colorDark":"#00294f","band":0,"off":[-6.8,1.1]}},{"type":"Feature","geometry":{"type":"Point","coordinates":[11.970008,57.871797]},"properties":{"line":"303","mode":"bus","color":"#0059a9","colorDark":"#00294f","band":0,"off":[-3.4,1.1]}},{"type":"Feature","geometry":{"type":"Point","coordinates":[11.970008,57.871797]},"properties":{"line":"307","mode":"bus","color":"#0059a9","colorDark":"#00294f","band":0,"off":[0,1.1]}},{"type":"Feature","geometry":{"type":"Point","coordinates":[11.970008,57.871797]},"properties":{"line":"308","mode":"bus","color":"#0059a9","colorDark":"#00294f","band":0,"off":[3.4,1.1]}},{"type":"Feature","geometry":{"type":"Point","coordinates":[11.970008,57.871797]},"properties":{"line":"309","mode":"bus","color":"#0059a9","colorDark":"#00294f","band":0,"off":[6.8,1.1]}},{"type":"Feature","geometry":{"type":"Point","coordinates":[11.970008,57.871797]},"properties":{"line":"319","mode":"bus","color":"#0059a9","colorDark":"#00294f","band":0,"off":[-6.8,3.1]}},{"type":"Feature","geometry":{"type":"Point","coordinates":[11.970008,57.871797]},"properties":{"line":"401","mode":"bus","color":"#0059a9","colorDark":"#00294f","band":0,"off":[-3.4,3.1]}},{"type":"Feature","geometry":{"type":"Point","coordinates":[11.970008,57.871797]},"properties":{"line":"914","mode":"bus","color":"#0059a9","colorDark":"#00294f","band":0,"off":[0,3.1]}},{"type":"Feature","geometry":{"type":"Point","coordinates":[11.970008,57.871797]},"properties":{"line":"KV2","mode":"bus","color":"#0059a9","colorDark":"#00294f","band":0,"off":[3.4,3.1],"lbl":"2"}},{"type":"Feature","geometry":{"type":"Point","coordinates":[11.970008,57.871797]},"properties":{"line":"KV3","mode":"bus","color":"#0059a9","colorDark":"#00294f","band":0,"off":[6.8,3.1],"lbl":"3"}},{"type":"Feature","geometry":{"type":"Point","coordinates":[11.970008,57.871797]},"properties":{"line":"X4","mode":"bus","color":"#0059a9","colorDark":"#00294f","band":0,"off":[0,5.1]}},{"type":"Feature","geometry":{"type":"Point","coordinates":[11.903833,57.874676]},"properties":{"name":"Guddeby","band":0,"modes":"bus","arr":["920"],"off":[0,-0.8]}},{"type":"Feature","geometry":{"type":"Point","coordinates":[11.903833,57.874676]},"properties":{"line":"920","mode":"bus","color":"#0059a9","colorDark":"#00294f","band":0,"off":[0,1.1]}},{"type":"Feature","geometry":{"type":"Point","coordinates":[11.813429,57.896409]},"properties":{"name":"Vävra övre","band":0,"modes":"bus","arr":["910","927"],"off":[0,-0.8]}},{"type":"Feature","geometry":{"type":"Point","coordinates":[11.813429,57.896409]},"properties":{"line":"910","mode":"bus","color":"#0059a9","colorDark":"#00294f","band":0,"off":[-1.7,1.1]}},{"type":"Feature","geometry":{"type":"Point","coordinates":[11.813429,57.896409]},"properties":{"line":"927","mode":"bus","color":"#0059a9","colorDark":"#00294f","band":0,"off":[1.7,1.1]}},{"type":"Feature","geometry":{"type":"Point","coordinates":[11.787629,57.892109]},"properties":{"name":"Lökeberg","band":0,"modes":"bus","arr":["923"],"off":[0,-0.8]}},{"type":"Feature","geometry":{"type":"Point","coordinates":[11.787629,57.892109]},"properties":{"line":"923","mode":"bus","color":"#0059a9","colorDark":"#00294f","band":0,"off":[0,1.1]}},{"type":"Feature","geometry":{"type":"Point","coordinates":[11.589236,57.88672]},"properties":{"name":"Marstrands färjeläge","band":0,"modes":"bus","arr":["302"],"off":[0,-0.8]}},{"type":"Feature","geometry":{"type":"Point","coordinates":[11.589236,57.88672]},"properties":{"line":"302","mode":"bus","color":"#0059a9","colorDark":"#00294f","band":0,"off":[0,1.1]}},{"type":"Feature","geometry":{"type":"Point","coordinates":[11.750865,57.890891]},"properties":{"name":"Gethagen","band":0,"modes":"bus","arr":["927"],"off":[0,-0.8]}},{"type":"Feature","geometry":{"type":"Point","coordinates":[11.750865,57.890891]},"properties":{"line":"927","mode":"bus","color":"#0059a9","colorDark":"#00294f","band":0,"off":[0,1.1]}},{"type":"Feature","geometry":{"type":"Point","coordinates":[11.847383,57.857339]},"properties":{"name":"Trädal östra","band":0,"modes":"bus","arr":["922"],"off":[0,-0.8]}},{"type":"Feature","geometry":{"type":"Point","coordinates":[11.847383,57.857339]},"properties":{"line":"922","mode":"bus","color":"#0059a9","colorDark":"#00294f","band":0,"off":[0,1.1]}},{"type":"Feature","geometry":{"type":"Point","coordinates":[11.713143,57.90001]},"properties":{"name":"Tjuvkilshuvud","band":0,"modes":"bus","arr":["305"],"off":[0,-0.8]}},{"type":"Feature","geometry":{"type":"Point","coordinates":[11.713143,57.90001]},"properties":{"line":"305","mode":"bus","color":"#0059a9","colorDark":"#00294f","band":0,"off":[0,1.1]}},{"type":"Feature","geometry":{"type":"Point","coordinates":[11.925788,57.904978]},"properties":{"name":"Kareby skola","band":0,"modes":"bus","arr":["911","912","913","917","925"],"off":[0,-0.8]}},{"type":"Feature","geometry":{"type":"Point","coordinates":[11.925788,57.904978]},"properties":{"name":"Kareby korsväg","band":0,"modes":"bus","arr":["911","912","913","917","925"],"off":[0,-1.9]}},{"type":"Feature","geometry":{"type":"Point","coordinates":[11.925788,57.904978]},"properties":{"line":"911","mode":"bus","color":"#0059a9","colorDark":"#00294f","band":0,"off":[-6.8,1.1]}},{"type":"Feature","geometry":{"type":"Point","coordinates":[11.925788,57.904978]},"properties":{"line":"912","mode":"bus","color":"#0059a9","colorDark":"#00294f","band":0,"off":[-3.4,1.1]}},{"type":"Feature","geometry":{"type":"Point","coordinates":[11.925788,57.904978]},"properties":{"line":"913","mode":"bus","color":"#0059a9","colorDark":"#00294f","band":0,"off":[0,1.1]}},{"type":"Feature","geometry":{"type":"Point","coordinates":[11.925788,57.904978]},"properties":{"line":"917","mode":"bus","color":"#0059a9","colorDark":"#00294f","band":0,"off":[3.4,1.1]}},{"type":"Feature","geometry":{"type":"Point","coordinates":[11.925788,57.904978]},"properties":{"line":"925","mode":"bus","color":"#0059a9","colorDark":"#00294f","band":0,"off":[6.8,1.1]}},{"type":"Feature","geometry":{"type":"Point","coordinates":[12.031726,57.924399]},"properties":{"name":"Diseröds centrum","band":0,"modes":"bus","arr":["307","914","918"],"off":[0,-0.8]}},{"type":"Feature","geometry":{"type":"Point","coordinates":[12.031726,57.924399]},"properties":{"line":"307","mode":"bus","color":"#0059a9","colorDark":"#00294f","band":0,"off":[-3.4,1.1]}},{"type":"Feature","geometry":{"type":"Point","coordinates":[12.031726,57.924399]},"properties":{"line":"914","mode":"bus","color":"#0059a9","colorDark":"#00294f","band":0,"off":[0,1.1]}},{"type":"Feature","geometry":{"type":"Point","coordinates":[12.031726,57.924399]},"properties":{"line":"918","mode":"bus","color":"#0059a9","colorDark":"#00294f","band":0,"off":[3.4,1.1]}},{"type":"Feature","geometry":{"type":"Point","coordinates":[12.013022,57.96117]},"properties":{"name":"Grandalen","band":0,"modes":"bus","arr":["308"],"off":[0,-0.8]}},{"type":"Feature","geometry":{"type":"Point","coordinates":[12.013022,57.96117]},"properties":{"line":"308","mode":"bus","color":"#0059a9","colorDark":"#00294f","band":0,"off":[0,1.1]}},{"type":"Feature","geometry":{"type":"Point","coordinates":[11.848776,57.906752]},"properties":{"name":"Restads vägskäl","band":0,"modes":"bus","arr":["911"],"off":[0,-0.8]}},{"type":"Feature","geometry":{"type":"Point","coordinates":[11.848776,57.906752]},"properties":{"line":"911","mode":"bus","color":"#0059a9","colorDark":"#00294f","band":0,"off":[0,1.1]}},{"type":"Feature","geometry":{"type":"Point","coordinates":[11.762467,57.951434]},"properties":{"name":"Aröd Jacobsvägen","band":0,"modes":"bus","arr":["309"],"off":[0,-0.8]}},{"type":"Feature","geometry":{"type":"Point","coordinates":[11.762467,57.951434]},"properties":{"line":"309","mode":"bus","color":"#0059a9","colorDark":"#00294f","band":0,"off":[0,1.1]}},{"type":"Feature","geometry":{"type":"Point","coordinates":[11.918894,57.912037]},"properties":{"name":"Myrebackavägen","band":0,"modes":"bus","arr":["912"],"off":[0,-0.8]}},{"type":"Feature","geometry":{"type":"Point","coordinates":[11.918894,57.912037]},"properties":{"line":"912","mode":"bus","color":"#0059a9","colorDark":"#00294f","band":0,"off":[0,1.1]}},{"type":"Feature","geometry":{"type":"Point","coordinates":[11.907435,57.926239]},"properties":{"name":"Lundby södra","band":0,"modes":"bus","arr":["912","925"],"off":[0,-0.8]}},{"type":"Feature","geometry":{"type":"Point","coordinates":[11.907435,57.926239]},"properties":{"name":"Lundby","band":0,"modes":"bus","arr":["912","925"],"off":[0,-1.9]}},{"type":"Feature","geometry":{"type":"Point","coordinates":[11.907435,57.926239]},"properties":{"line":"912","mode":"bus","color":"#0059a9","colorDark":"#00294f","band":0,"off":[-1.7,1.1]}},{"type":"Feature","geometry":{"type":"Point","coordinates":[11.907435,57.926239]},"properties":{"line":"925","mode":"bus","color":"#0059a9","colorDark":"#00294f","band":0,"off":[1.7,1.1]}},{"type":"Feature","geometry":{"type":"Point","coordinates":[11.847719,57.947935]},"properties":{"name":"Bräcke","band":0,"modes":"bus","arr":["319"],"off":[0,-0.8]}},{"type":"Feature","geometry":{"type":"Point","coordinates":[11.847719,57.947935]},"properties":{"line":"319","mode":"bus","color":"#0059a9","colorDark":"#00294f","band":0,"off":[0,1.1]}},{"type":"Feature","geometry":{"type":"Point","coordinates":[11.85085,57.943711]},"properties":{"name":"Kode station","band":0,"modes":"bus","arr":["903"],"off":[0,-0.8]}},{"type":"Feature","geometry":{"type":"Point","coordinates":[11.85085,57.943711]},"properties":{"line":"903","mode":"bus","color":"#0059a9","colorDark":"#00294f","band":0,"off":[0,1.1]}},{"type":"Feature","geometry":{"type":"Point","coordinates":[12.044339,57.892891]},"properties":{"name":"Nödinge station","band":0,"modes":"bus","arr":["402","403","404","415"],"off":[0,-0.8]}},{"type":"Feature","geometry":{"type":"Point","coordinates":[12.044339,57.892891]},"properties":{"line":"402","mode":"bus","color":"#0059a9","colorDark":"#00294f","band":0,"off":[-5.1,1.1]}},{"type":"Feature","geometry":{"type":"Point","coordinates":[12.044339,57.892891]},"properties":{"line":"403","mode":"bus","color":"#0059a9","colorDark":"#00294f","band":0,"off":[-1.7,1.1]}},{"type":"Feature","geometry":{"type":"Point","coordinates":[12.044339,57.892891]},"properties":{"line":"404","mode":"bus","color":"#0059a9","colorDark":"#00294f","band":0,"off":[1.7,1.1]}},{"type":"Feature","geometry":{"type":"Point","coordinates":[12.044339,57.892891]},"properties":{"line":"415","mode":"bus","color":"#0059a9","colorDark":"#00294f","band":0,"off":[5.1,1.1]}},{"type":"Feature","geometry":{"type":"Point","coordinates":[12.037483,57.851058]},"properties":{"name":"Jennylund","band":0,"modes":"bus","arr":["402"],"off":[0,-0.8]}},{"type":"Feature","geometry":{"type":"Point","coordinates":[12.037483,57.851058]},"properties":{"line":"402","mode":"bus","color":"#0059a9","colorDark":"#00294f","band":0,"off":[0,1.1]}},{"type":"Feature","geometry":{"type":"Point","coordinates":[12.063087,57.918773]},"properties":{"name":"Nol station","band":0,"modes":"bus","arr":["413"],"off":[0,-0.8]}},{"type":"Feature","geometry":{"type":"Point","coordinates":[12.063087,57.918773]},"properties":{"line":"413","mode":"bus","color":"#0059a9","colorDark":"#00294f","band":0,"off":[0,1.1]}},{"type":"Feature","geometry":{"type":"Point","coordinates":[12.194921,57.892457]},"properties":{"name":"Ryds missionshus","band":0,"modes":"bus","arr":["413"],"off":[0,-0.8]}},{"type":"Feature","geometry":{"type":"Point","coordinates":[12.194921,57.892457]},"properties":{"line":"413","mode":"bus","color":"#0059a9","colorDark":"#00294f","band":0,"off":[0,1.1]}},{"type":"Feature","geometry":{"type":"Point","coordinates":[12.098984,57.872361]},"properties":{"name":"Bönabo","band":0,"modes":"bus","arr":["415"],"off":[0,-0.8]}},{"type":"Feature","geometry":{"type":"Point","coordinates":[12.098984,57.872361]},"properties":{"line":"415","mode":"bus","color":"#0059a9","colorDark":"#00294f","band":0,"off":[0,1.1]}},{"type":"Feature","geometry":{"type":"Point","coordinates":[12.151165,57.742971]},"properties":{"name":"Stärtered","band":0,"modes":"bus","arr":["501"],"off":[0,-0.8]}},{"type":"Feature","geometry":{"type":"Point","coordinates":[12.151165,57.742971]},"properties":{"line":"501","mode":"bus","color":"#0059a9","colorDark":"#00294f","band":0,"off":[0,1.1]}},{"type":"Feature","geometry":{"type":"Point","coordinates":[12.127744,57.724911]},"properties":{"name":"Furulunds centrum","band":0,"modes":"bus","arr":["502","517"],"off":[0,-0.8]}},{"type":"Feature","geometry":{"type":"Point","coordinates":[12.127744,57.724911]},"properties":{"name":"Furulund","band":0,"modes":"bus","arr":["502","517"],"off":[0,-1.9]}},{"type":"Feature","geometry":{"type":"Point","coordinates":[12.127744,57.724911]},"properties":{"line":"502","mode":"bus","color":"#0059a9","colorDark":"#00294f","band":0,"off":[-1.7,1.1]}},{"type":"Feature","geometry":{"type":"Point","coordinates":[12.127744,57.724911]},"properties":{"line":"517","mode":"bus","color":"#0059a9","colorDark":"#00294f","band":0,"off":[1.7,1.1]}},{"type":"Feature","geometry":{"type":"Point","coordinates":[12.132859,57.720511]},"properties":{"name":"Fritidsvägen","band":0,"modes":"bus","arr":["503"],"off":[0,-0.8]}},{"type":"Feature","geometry":{"type":"Point","coordinates":[12.132859,57.720511]},"properties":{"line":"503","mode":"bus","color":"#0059a9","colorDark":"#00294f","band":0,"off":[0,1.1]}},{"type":"Feature","geometry":{"type":"Point","coordinates":[12.213453,57.686247]},"properties":{"name":"Landvetter resecentrum","band":0,"modes":"bus","arr":["511","620","X6"],"off":[0,-0.8]}},{"type":"Feature","geometry":{"type":"Point","coordinates":[12.213453,57.686247]},"properties":{"line":"511","mode":"bus","color":"#0059a9","colorDark":"#00294f","band":0,"off":[-3.4,1.1]}},{"type":"Feature","geometry":{"type":"Point","coordinates":[12.213453,57.686247]},"properties":{"line":"620","mode":"bus","color":"#0059a9","colorDark":"#00294f","band":0,"off":[0,1.1]}},{"type":"Feature","geometry":{"type":"Point","coordinates":[12.213453,57.686247]},"properties":{"line":"X6","mode":"bus","color":"#0059a9","colorDark":"#00294f","band":0,"off":[3.4,1.1]}},{"type":"Feature","geometry":{"type":"Point","coordinates":[12.205782,57.700849]},"properties":{"name":"Önneröd","band":0,"modes":"bus","arr":["612"],"off":[0,-0.8]}},{"type":"Feature","geometry":{"type":"Point","coordinates":[12.205782,57.700849]},"properties":{"line":"612","mode":"bus","color":"#0059a9","colorDark":"#00294f","band":0,"off":[0,1.1]}},{"type":"Feature","geometry":{"type":"Point","coordinates":[12.070652,57.71765]},"properties":{"name":"Ljungkullen","band":0,"modes":"bus","arr":["X5"],"off":[0,-0.8]}},{"type":"Feature","geometry":{"type":"Point","coordinates":[12.070652,57.71765]},"properties":{"line":"X5","mode":"bus","color":"#0059a9","colorDark":"#00294f","band":0,"off":[0,1.1]}},{"type":"Feature","geometry":{"type":"Point","coordinates":[12.117267,57.657291]},"properties":{"name":"Mölnlycke resecentrum","band":0,"modes":"bus","arr":["516","601","611","751","HA1","HA3","X90"],"off":[0,-0.8]}},{"type":"Feature","geometry":{"type":"Point","coordinates":[12.117267,57.657291]},"properties":{"line":"516","mode":"bus","color":"#0059a9","colorDark":"#00294f","band":0,"off":[-6.8,1.1]}},{"type":"Feature","geometry":{"type":"Point","coordinates":[12.117267,57.657291]},"properties":{"line":"601","mode":"bus","color":"#0059a9","colorDark":"#00294f","band":0,"off":[-3.4,1.1]}},{"type":"Feature","geometry":{"type":"Point","coordinates":[12.117267,57.657291]},"properties":{"line":"611","mode":"bus","color":"#0059a9","colorDark":"#00294f","band":0,"off":[0,1.1]}},{"type":"Feature","geometry":{"type":"Point","coordinates":[12.117267,57.657291]},"properties":{"line":"751","mode":"bus","color":"#0059a9","colorDark":"#00294f","band":0,"off":[3.4,1.1]}},{"type":"Feature","geometry":{"type":"Point","coordinates":[12.117267,57.657291]},"properties":{"line":"HA1","mode":"bus","color":"#0059a9","colorDark":"#00294f","band":0,"off":[6.8,1.1],"lbl":"1"}},{"type":"Feature","geometry":{"type":"Point","coordinates":[12.117267,57.657291]},"properties":{"line":"HA3","mode":"bus","color":"#0059a9","colorDark":"#00294f","band":0,"off":[-1.7,3.1],"lbl":"3"}},{"type":"Feature","geometry":{"type":"Point","coordinates":[12.117267,57.657291]},"properties":{"line":"X90","mode":"bus","color":"#0059a9","colorDark":"#00294f","band":0,"off":[1.7,3.1]}},{"type":"Feature","geometry":{"type":"Point","coordinates":[12.27172,57.769585]},"properties":{"name":"Lerum station","band":0,"modes":"bus","arr":["529","531","534","536","537","538","539"],"off":[0,-0.8]}},{"type":"Feature","geometry":{"type":"Point","coordinates":[12.27172,57.769585]},"properties":{"line":"529","mode":"bus","color":"#0059a9","colorDark":"#00294f","band":0,"off":[-6.8,1.1]}},{"type":"Feature","geometry":{"type":"Point","coordinates":[12.27172,57.769585]},"properties":{"line":"531","mode":"bus","color":"#0059a9","colorDark":"#00294f","band":0,"off":[-3.4,1.1]}},{"type":"Feature","geometry":{"type":"Point","coordinates":[12.27172,57.769585]},"properties":{"line":"534","mode":"bus","color":"#0059a9","colorDark":"#00294f","band":0,"off":[0,1.1]}},{"type":"Feature","geometry":{"type":"Point","coordinates":[12.27172,57.769585]},"properties":{"line":"536","mode":"bus","color":"#0059a9","colorDark":"#00294f","band":0,"off":[3.4,1.1]}},{"type":"Feature","geometry":{"type":"Point","coordinates":[12.27172,57.769585]},"properties":{"line":"537","mode":"bus","color":"#0059a9","colorDark":"#00294f","band":0,"off":[6.8,1.1]}},{"type":"Feature","geometry":{"type":"Point","coordinates":[12.27172,57.769585]},"properties":{"line":"538","mode":"bus","color":"#0059a9","colorDark":"#00294f","band":0,"off":[-1.7,3.1]}},{"type":"Feature","geometry":{"type":"Point","coordinates":[12.27172,57.769585]},"properties":{"line":"539","mode":"bus","color":"#0059a9","colorDark":"#00294f","band":0,"off":[1.7,3.1]}},{"type":"Feature","geometry":{"type":"Point","coordinates":[12.272746,57.783478]},"properties":{"name":"Hallsås","band":0,"modes":"bus","arr":["530","535"],"off":[0,-0.8]}},{"type":"Feature","geometry":{"type":"Point","coordinates":[12.272746,57.783478]},"properties":{"line":"530","mode":"bus","color":"#0059a9","colorDark":"#00294f","band":0,"off":[-1.7,1.1]}},{"type":"Feature","geometry":{"type":"Point","coordinates":[12.272746,57.783478]},"properties":{"line":"535","mode":"bus","color":"#0059a9","colorDark":"#00294f","band":0,"off":[1.7,1.1]}},{"type":"Feature","geometry":{"type":"Point","coordinates":[12.242279,57.753971]},"properties":{"name":"Aspen station","band":0,"modes":"bus","arr":["530"],"off":[0,-0.8]}},{"type":"Feature","geometry":{"type":"Point","coordinates":[12.242279,57.753971]},"properties":{"line":"530","mode":"bus","color":"#0059a9","colorDark":"#00294f","band":0,"off":[0,1.1]}},{"type":"Feature","geometry":{"type":"Point","coordinates":[12.36122,57.809505]},"properties":{"name":"Floda station","band":0,"modes":"bus","arr":["531","537"],"off":[0,-0.8]}},{"type":"Feature","geometry":{"type":"Point","coordinates":[12.36122,57.809505]},"properties":{"line":"531","mode":"bus","color":"#0059a9","colorDark":"#00294f","band":0,"off":[-1.7,1.1]}},{"type":"Feature","geometry":{"type":"Point","coordinates":[12.36122,57.809505]},"properties":{"line":"537","mode":"bus","color":"#0059a9","colorDark":"#00294f","band":0,"off":[1.7,1.1]}},{"type":"Feature","geometry":{"type":"Point","coordinates":[12.287182,57.739207]},"properties":{"name":"Häckenvägen","band":0,"modes":"bus","arr":["535"],"off":[0,-0.8]}},{"type":"Feature","geometry":{"type":"Point","coordinates":[12.287182,57.739207]},"properties":{"line":"535","mode":"bus","color":"#0059a9","colorDark":"#00294f","band":0,"off":[0,1.1]}},{"type":"Feature","geometry":{"type":"Point","coordinates":[12.164397,57.804083]},"properties":{"name":"Olofstorp Västra","band":0,"modes":"bus","arr":["536"],"off":[0,-0.8]}},{"type":"Feature","geometry":{"type":"Point","coordinates":[12.164397,57.804083]},"properties":{"line":"536","mode":"bus","color":"#0059a9","colorDark":"#00294f","band":0,"off":[0,1.1]}},{"type":"Feature","geometry":{"type":"Point","coordinates":[12.231566,57.774707]},"properties":{"name":"Aspenäsgården","band":0,"modes":"bus","arr":["539"],"off":[0,-0.8]}},{"type":"Feature","geometry":{"type":"Point","coordinates":[12.231566,57.774707]},"properties":{"line":"539","mode":"bus","color":"#0059a9","colorDark":"#00294f","band":0,"off":[0,1.1]}},{"type":"Feature","geometry":{"type":"Point","coordinates":[12.177661,57.632396]},"properties":{"name":"Djurstensvägen","band":0,"modes":"bus","arr":["601"],"off":[0,-0.8]}},{"type":"Feature","geometry":{"type":"Point","coordinates":[12.177661,57.632396]},"properties":{"line":"601","mode":"bus","color":"#0059a9","colorDark":"#00294f","band":0,"off":[0,1.1]}},{"type":"Feature","geometry":{"type":"Point","coordinates":[12.15693,57.64961]},"properties":{"name":"Höga hallar","band":0,"modes":"bus","arr":["X4"],"off":[0,-0.8]}},{"type":"Feature","geometry":{"type":"Point","coordinates":[12.15693,57.64961]},"properties":{"line":"X4","mode":"bus","color":"#0059a9","colorDark":"#00294f","band":0,"off":[0,1.1]}},{"type":"Feature","geometry":{"type":"Point","coordinates":[12.123603,57.647441]},"properties":{"name":"Stenhuggarevägen","band":0,"modes":"bus","arr":["HA2"],"off":[0,-0.8]}},{"type":"Feature","geometry":{"type":"Point","coordinates":[12.123603,57.647441]},"properties":{"line":"HA2","mode":"bus","color":"#0059a9","colorDark":"#00294f","band":0,"off":[0,1.1],"lbl":"2"}},{"type":"Feature","geometry":{"type":"Point","coordinates":[12.295415,57.667461]},"properties":{"name":"Landvetter flygplats","band":0,"modes":"bus","arr":["612","FLYG"],"off":[0,-0.8]}},{"type":"Feature","geometry":{"type":"Point","coordinates":[12.295415,57.667461]},"properties":{"line":"612","mode":"bus","color":"#0059a9","colorDark":"#00294f","band":0,"off":[-1.7,1.1]}},{"type":"Feature","geometry":{"type":"Point","coordinates":[12.295415,57.667461]},"properties":{"line":"FLYG","mode":"bus","color":"#0059a9","colorDark":"#00294f","band":0,"off":[1.7,1.1]}},{"type":"Feature","geometry":{"type":"Point","coordinates":[12.254103,57.606044]},"properties":{"name":"Inseros","band":0,"modes":"bus","arr":["620","762","763"],"off":[0,-0.8]}},{"type":"Feature","geometry":{"type":"Point","coordinates":[12.254103,57.606044]},"properties":{"line":"620","mode":"bus","color":"#0059a9","colorDark":"#00294f","band":0,"off":[-3.4,1.1]}},{"type":"Feature","geometry":{"type":"Point","coordinates":[12.254103,57.606044]},"properties":{"line":"762","mode":"bus","color":"#0059a9","colorDark":"#00294f","band":0,"off":[0,1.1]}},{"type":"Feature","geometry":{"type":"Point","coordinates":[12.254103,57.606044]},"properties":{"line":"763","mode":"bus","color":"#0059a9","colorDark":"#00294f","band":0,"off":[3.4,1.1]}},{"type":"Feature","geometry":{"type":"Point","coordinates":[12.268662,57.58762]},"properties":{"name":"Röshult","band":0,"modes":"bus","arr":["717"],"off":[0,-0.8]}},{"type":"Feature","geometry":{"type":"Point","coordinates":[12.268662,57.58762]},"properties":{"line":"717","mode":"bus","color":"#0059a9","colorDark":"#00294f","band":0,"off":[0,1.1]}},{"type":"Feature","geometry":{"type":"Point","coordinates":[11.925138,57.545916]},"properties":{"name":"Kullaviks hamn","band":0,"modes":"bus","arr":["720","X3"],"off":[0,-0.8]}},{"type":"Feature","geometry":{"type":"Point","coordinates":[11.925138,57.545916]},"properties":{"line":"720","mode":"bus","color":"#0059a9","colorDark":"#00294f","band":0,"off":[-1.7,1.1]}},{"type":"Feature","geometry":{"type":"Point","coordinates":[11.925138,57.545916]},"properties":{"line":"X3","mode":"bus","color":"#0059a9","colorDark":"#00294f","band":0,"off":[1.7,1.1]}},{"type":"Feature","geometry":{"type":"Point","coordinates":[12.080542,57.57555]},"properties":{"name":"Lindome station","band":0,"modes":"bus","arr":["735","761","762","763","766"],"off":[0,-0.8]}},{"type":"Feature","geometry":{"type":"Point","coordinates":[12.080542,57.57555]},"properties":{"line":"735","mode":"bus","color":"#0059a9","colorDark":"#00294f","band":0,"off":[-6.8,1.1]}},{"type":"Feature","geometry":{"type":"Point","coordinates":[12.080542,57.57555]},"properties":{"line":"761","mode":"bus","color":"#0059a9","colorDark":"#00294f","band":0,"off":[-3.4,1.1]}},{"type":"Feature","geometry":{"type":"Point","coordinates":[12.080542,57.57555]},"properties":{"line":"762","mode":"bus","color":"#0059a9","colorDark":"#00294f","band":0,"off":[0,1.1]}},{"type":"Feature","geometry":{"type":"Point","coordinates":[12.080542,57.57555]},"properties":{"line":"763","mode":"bus","color":"#0059a9","colorDark":"#00294f","band":0,"off":[3.4,1.1]}},{"type":"Feature","geometry":{"type":"Point","coordinates":[12.080542,57.57555]},"properties":{"line":"766","mode":"bus","color":"#0059a9","colorDark":"#00294f","band":0,"off":[6.8,1.1]}},{"type":"Feature","geometry":{"type":"Point","coordinates":[12.026212,57.605778]},"properties":{"name":"Kålleredgården","band":0,"modes":"bus","arr":["755","765"],"off":[0,-0.8]}},{"type":"Feature","geometry":{"type":"Point","coordinates":[12.026212,57.605778]},"properties":{"line":"755","mode":"bus","color":"#0059a9","colorDark":"#00294f","band":0,"off":[-1.7,1.1]}},{"type":"Feature","geometry":{"type":"Point","coordinates":[12.026212,57.605778]},"properties":{"line":"765","mode":"bus","color":"#0059a9","colorDark":"#00294f","band":0,"off":[1.7,1.1]}},{"type":"Feature","geometry":{"type":"Point","coordinates":[12.00232,57.628643]},"properties":{"name":"Årsringsgatan","band":0,"modes":"bus","arr":["759"],"off":[0,-0.8]}},{"type":"Feature","geometry":{"type":"Point","coordinates":[12.00232,57.628643]},"properties":{"line":"759","mode":"bus","color":"#0059a9","colorDark":"#00294f","band":0,"off":[0,1.1]}},{"type":"Feature","geometry":{"type":"Point","coordinates":[12.106668,57.574727]},"properties":{"name":"Varvsvägen","band":0,"modes":"bus","arr":["760"],"off":[0,-0.8]}},{"type":"Feature","geometry":{"type":"Point","coordinates":[12.106668,57.574727]},"properties":{"line":"760","mode":"bus","color":"#0059a9","colorDark":"#00294f","band":0,"off":[0,1.1]}},{"type":"Feature","geometry":{"type":"Point","coordinates":[12.105515,57.618591]},"properties":{"name":"Tulebohöjd","band":0,"modes":"bus","arr":["764","765"],"off":[0,-0.8]}},{"type":"Feature","geometry":{"type":"Point","coordinates":[12.105515,57.618591]},"properties":{"line":"764","mode":"bus","color":"#0059a9","colorDark":"#00294f","band":0,"off":[-1.7,1.1]}},{"type":"Feature","geometry":{"type":"Point","coordinates":[12.105515,57.618591]},"properties":{"line":"765","mode":"bus","color":"#0059a9","colorDark":"#00294f","band":0,"off":[1.7,1.1]}},{"type":"Feature","geometry":{"type":"Point","coordinates":[12.056113,57.571988]},"properties":{"name":"Västra Fageredsvägen","band":0,"modes":"bus","arr":["766"],"off":[0,-0.8]}},{"type":"Feature","geometry":{"type":"Point","coordinates":[12.056113,57.571988]},"properties":{"line":"766","mode":"bus","color":"#0059a9","colorDark":"#00294f","band":0,"off":[0,1.1]}},{"type":"Feature","geometry":{"type":"Point","coordinates":[11.914794,57.862701]},"properties":{"name":"Ytterby station","band":0,"modes":"bus","arr":["903","920","921","926","928","KV1","KV2"],"off":[0,-0.8]}},{"type":"Feature","geometry":{"type":"Point","coordinates":[11.914794,57.862701]},"properties":{"name":"Hällebergsgatan","band":0,"modes":"bus","arr":["903","920","921","926","928","KV1","KV2"],"off":[0,-1.9]}},{"type":"Feature","geometry":{"type":"Point","coordinates":[11.914794,57.862701]},"properties":{"line":"903","mode":"bus","color":"#0059a9","colorDark":"#00294f","band":0,"off":[-6.8,1.1]}},{"type":"Feature","geometry":{"type":"Point","coordinates":[11.914794,57.862701]},"properties":{"line":"920","mode":"bus","color":"#0059a9","colorDark":"#00294f","band":0,"off":[-3.4,1.1]}},{"type":"Feature","geometry":{"type":"Point","coordinates":[11.914794,57.862701]},"properties":{"line":"921","mode":"bus","color":"#0059a9","colorDark":"#00294f","band":0,"off":[0,1.1]}},{"type":"Feature","geometry":{"type":"Point","coordinates":[11.914794,57.862701]},"properties":{"line":"926","mode":"bus","color":"#0059a9","colorDark":"#00294f","band":0,"off":[3.4,1.1]}},{"type":"Feature","geometry":{"type":"Point","coordinates":[11.914794,57.862701]},"properties":{"line":"928","mode":"bus","color":"#0059a9","colorDark":"#00294f","band":0,"off":[6.8,1.1]}},{"type":"Feature","geometry":{"type":"Point","coordinates":[11.914794,57.862701]},"properties":{"line":"KV1","mode":"bus","color":"#0059a9","colorDark":"#00294f","band":0,"off":[-1.7,3.1],"lbl":"1"}},{"type":"Feature","geometry":{"type":"Point","coordinates":[11.914794,57.862701]},"properties":{"line":"KV2","mode":"bus","color":"#0059a9","colorDark":"#00294f","band":0,"off":[1.7,3.1],"lbl":"2"}},{"type":"Feature","geometry":{"type":"Point","coordinates":[11.82449,57.89595]},"properties":{"name":"Hålta skola","band":0,"modes":"bus","arr":["910","924","927"],"off":[0,-0.8]}},{"type":"Feature","geometry":{"type":"Point","coordinates":[11.82449,57.89595]},"properties":{"line":"910","mode":"bus","color":"#0059a9","colorDark":"#00294f","band":0,"off":[-3.4,1.1]}},{"type":"Feature","geometry":{"type":"Point","coordinates":[11.82449,57.89595]},"properties":{"line":"924","mode":"bus","color":"#0059a9","colorDark":"#00294f","band":0,"off":[0,1.1]}},{"type":"Feature","geometry":{"type":"Point","coordinates":[11.82449,57.89595]},"properties":{"line":"927","mode":"bus","color":"#0059a9","colorDark":"#00294f","band":0,"off":[3.4,1.1]}},{"type":"Feature","geometry":{"type":"Point","coordinates":[11.931865,57.919324]},"properties":{"name":"Ringby","band":0,"modes":"bus","arr":["925"],"off":[0,-0.8]}},{"type":"Feature","geometry":{"type":"Point","coordinates":[11.931865,57.919324]},"properties":{"line":"925","mode":"bus","color":"#0059a9","colorDark":"#00294f","band":0,"off":[0,1.1]}},{"type":"Feature","geometry":{"type":"Point","coordinates":[11.905156,57.893346]},"properties":{"name":"Bollestad","band":0,"modes":"bus","arr":["913"],"off":[0,-0.8]}},{"type":"Feature","geometry":{"type":"Point","coordinates":[11.905156,57.893346]},"properties":{"line":"913","mode":"bus","color":"#0059a9","colorDark":"#00294f","band":0,"off":[0,1.1]}},{"type":"Feature","geometry":{"type":"Point","coordinates":[12.041773,57.907335]},"properties":{"name":"Dösebacka","band":0,"modes":"bus","arr":["914"],"off":[0,-0.8]}},{"type":"Feature","geometry":{"type":"Point","coordinates":[12.041773,57.907335]},"properties":{"line":"914","mode":"bus","color":"#0059a9","colorDark":"#00294f","band":0,"off":[0,1.1]}},{"type":"Feature","geometry":{"type":"Point","coordinates":[11.950123,57.893313]},"properties":{"name":"Ullstorp","band":0,"modes":"bus","arr":["917","KV1"],"off":[0,-0.8]}},{"type":"Feature","geometry":{"type":"Point","coordinates":[11.950123,57.893313]},"properties":{"line":"917","mode":"bus","color":"#0059a9","colorDark":"#00294f","band":0,"off":[-1.7,1.1]}},{"type":"Feature","geometry":{"type":"Point","coordinates":[11.950123,57.893313]},"properties":{"line":"KV1","mode":"bus","color":"#0059a9","colorDark":"#00294f","band":0,"off":[1.7,1.1],"lbl":"1"}},{"type":"Feature","geometry":{"type":"Point","coordinates":[11.972758,57.894578]},"properties":{"name":"Håltet","band":0,"modes":"bus","arr":["917"],"off":[0,-0.8]}},{"type":"Feature","geometry":{"type":"Point","coordinates":[11.972758,57.894578]},"properties":{"line":"917","mode":"bus","color":"#0059a9","colorDark":"#00294f","band":0,"off":[0,1.1]}},{"type":"Feature","geometry":{"type":"Point","coordinates":[12.024713,57.899399]},"properties":{"name":"Rörmossen","band":0,"modes":"bus","arr":["918"],"off":[0,-0.8]}},{"type":"Feature","geometry":{"type":"Point","coordinates":[12.024713,57.899399]},"properties":{"line":"918","mode":"bus","color":"#0059a9","colorDark":"#00294f","band":0,"off":[0,1.1]}},{"type":"Feature","geometry":{"type":"Point","coordinates":[12.011851,57.89586]},"properties":{"name":"Rörmossen södra","band":0,"modes":"bus","arr":["918"],"off":[0,-0.8]}},{"type":"Feature","geometry":{"type":"Point","coordinates":[12.011851,57.89586]},"properties":{"line":"918","mode":"bus","color":"#0059a9","colorDark":"#00294f","band":0,"off":[0,1.1]}},{"type":"Feature","geometry":{"type":"Point","coordinates":[11.838043,57.798828]},"properties":{"name":"Korseberget","band":0,"modes":"bus","arr":["921"],"off":[0,-0.8]}},{"type":"Feature","geometry":{"type":"Point","coordinates":[11.838043,57.798828]},"properties":{"line":"921","mode":"bus","color":"#0059a9","colorDark":"#00294f","band":0,"off":[0,1.1]}},{"type":"Feature","geometry":{"type":"Point","coordinates":[11.826669,57.809036]},"properties":{"name":"Västra Röd","band":0,"modes":"bus","arr":["921"],"off":[0,-0.8]}},{"type":"Feature","geometry":{"type":"Point","coordinates":[11.826669,57.809036]},"properties":{"line":"921","mode":"bus","color":"#0059a9","colorDark":"#00294f","band":0,"off":[0,1.1]}},{"type":"Feature","geometry":{"type":"Point","coordinates":[11.710182,57.865916]},"properties":{"name":"Tofta herrgård","band":0,"modes":"bus","arr":["926"],"off":[0,-0.8]}},{"type":"Feature","geometry":{"type":"Point","coordinates":[11.710182,57.865916]},"properties":{"line":"926","mode":"bus","color":"#0059a9","colorDark":"#00294f","band":0,"off":[0,1.1]}},{"type":"Feature","geometry":{"type":"Point","coordinates":[11.769608,57.890684]},"properties":{"name":"Gullbringa västra","band":0,"modes":"bus","arr":["924"],"off":[0,-0.8]}},{"type":"Feature","geometry":{"type":"Point","coordinates":[11.769608,57.890684]},"properties":{"line":"924","mode":"bus","color":"#0059a9","colorDark":"#00294f","band":0,"off":[0,1.1]}},{"type":"Feature","geometry":{"type":"Point","coordinates":[11.764974,57.877864]},"properties":{"name":"Kulperöd","band":0,"modes":"bus","arr":["924"],"off":[0,-0.8]}},{"type":"Feature","geometry":{"type":"Point","coordinates":[11.764974,57.877864]},"properties":{"line":"924","mode":"bus","color":"#0059a9","colorDark":"#00294f","band":0,"off":[0,1.1]}},{"type":"Feature","geometry":{"type":"Point","coordinates":[11.865866,57.833497]},"properties":{"name":"Kanehall","band":0,"modes":"bus","arr":["928"],"off":[0,-0.8]}},{"type":"Feature","geometry":{"type":"Point","coordinates":[11.865866,57.833497]},"properties":{"line":"928","mode":"bus","color":"#0059a9","colorDark":"#00294f","band":0,"off":[0,1.1]}},{"type":"Feature","geometry":{"type":"Point","coordinates":[11.855087,57.872877]},"properties":{"name":"Vena berg","band":0,"modes":"bus","arr":["928"],"off":[0,-0.8]}},{"type":"Feature","geometry":{"type":"Point","coordinates":[11.855087,57.872877]},"properties":{"line":"928","mode":"bus","color":"#0059a9","colorDark":"#00294f","band":0,"off":[0,1.1]}},{"type":"Feature","geometry":{"type":"Point","coordinates":[11.702363,57.837737]},"properties":{"name":"Sundhammar","band":0,"modes":"bus","arr":["930"],"off":[0,-0.8]}},{"type":"Feature","geometry":{"type":"Point","coordinates":[11.702363,57.837737]},"properties":{"line":"930","mode":"bus","color":"#0059a9","colorDark":"#00294f","band":0,"off":[0,1.1]}},{"type":"Feature","geometry":{"type":"Point","coordinates":[12.138122,57.657769]},"properties":{"name":"Häggvägen","band":0,"modes":"bus","arr":["HA1"],"off":[0,-0.8]}},{"type":"Feature","geometry":{"type":"Point","coordinates":[12.138122,57.657769]},"properties":{"line":"HA1","mode":"bus","color":"#0059a9","colorDark":"#00294f","band":0,"off":[0,1.1],"lbl":"1"}},{"type":"Feature","geometry":{"type":"Point","coordinates":[12.13355,57.662281]},"properties":{"name":"Strandvägen","band":0,"modes":"bus","arr":["HA2"],"off":[0,-0.8]}},{"type":"Feature","geometry":{"type":"Point","coordinates":[12.13355,57.662281]},"properties":{"line":"HA2","mode":"bus","color":"#0059a9","colorDark":"#00294f","band":0,"off":[0,1.1],"lbl":"2"}},{"type":"Feature","geometry":{"type":"Point","coordinates":[12.078841,57.67417]},"properties":{"name":"Delsjökärrvägen","band":0,"modes":"bus","arr":["HA3"],"off":[0,-0.8]}},{"type":"Feature","geometry":{"type":"Point","coordinates":[12.078841,57.67417]},"properties":{"line":"HA3","mode":"bus","color":"#0059a9","colorDark":"#00294f","band":0,"off":[0,1.1],"lbl":"3"}},{"type":"Feature","geometry":{"type":"Point","coordinates":[12.101704,57.492398]},"properties":{"name":"Basunen","band":0,"modes":"bus","arr":["KB1"],"off":[0,-0.8]}},{"type":"Feature","geometry":{"type":"Point","coordinates":[12.101704,57.492398]},"properties":{"line":"KB1","mode":"bus","color":"#0059a9","colorDark":"#00294f","band":0,"off":[0,1.1],"lbl":"1"}},{"type":"Feature","geometry":{"type":"Point","coordinates":[12.014029,57.825255]},"properties":{"name":"Surte station","band":0,"modes":"bus","arr":["KV21"],"off":[0,-0.8]}},{"type":"Feature","geometry":{"type":"Point","coordinates":[12.014029,57.825255]},"properties":{"line":"KV21","mode":"bus","color":"#0059a9","colorDark":"#00294f","band":0,"off":[0,1.1],"lbl":"21"}},{"type":"Feature","geometry":{"type":"Point","coordinates":[12.298782,57.837067]},"properties":{"name":"Gråbo busstation","band":0,"modes":"bus","arr":["LE526","LE527","X3"],"off":[0,-0.8]}},{"type":"Feature","geometry":{"type":"Point","coordinates":[12.298782,57.837067]},"properties":{"line":"LE526","mode":"bus","color":"#0059a9","colorDark":"#00294f","band":0,"off":[-3.4,1.1],"lbl":"526"}},{"type":"Feature","geometry":{"type":"Point","coordinates":[12.298782,57.837067]},"properties":{"line":"LE527","mode":"bus","color":"#0059a9","colorDark":"#00294f","band":0,"off":[0,1.1],"lbl":"527"}},{"type":"Feature","geometry":{"type":"Point","coordinates":[12.298782,57.837067]},"properties":{"line":"X3","mode":"bus","color":"#0059a9","colorDark":"#00294f","band":0,"off":[3.4,1.1]}},{"type":"Feature","geometry":{"type":"Point","coordinates":[12.284103,57.853437]},"properties":{"name":"Annesjövägen","band":0,"modes":"bus","arr":["LE526"],"off":[0,-0.8]}},{"type":"Feature","geometry":{"type":"Point","coordinates":[12.284103,57.853437]},"properties":{"line":"LE526","mode":"bus","color":"#0059a9","colorDark":"#00294f","band":0,"off":[0,1.1],"lbl":"526"}},{"type":"Feature","geometry":{"type":"Point","coordinates":[12.206613,57.859014]},"properties":{"name":"Tolsjöhult","band":0,"modes":"bus","arr":["LE527"],"off":[0,-0.8]}},{"type":"Feature","geometry":{"type":"Point","coordinates":[12.206613,57.859014]},"properties":{"line":"LE527","mode":"bus","color":"#0059a9","colorDark":"#00294f","band":0,"off":[0,1.1],"lbl":"527"}},{"type":"Feature","geometry":{"type":"Point","coordinates":[12.417911,57.818811]},"properties":{"name":"Nääs fabriker","band":0,"modes":"bus","arr":["LERS"],"off":[0,-0.8]}},{"type":"Feature","geometry":{"type":"Point","coordinates":[12.417911,57.818811]},"properties":{"line":"LERS","mode":"bus","color":"#0059a9","colorDark":"#00294f","band":0,"off":[0,1.1]}},{"type":"Feature","geometry":{"type":"Point","coordinates":[11.665698,57.698694]},"properties":{"name":"Hönö färjeläge","band":0,"modes":"bus","arr":["OC1","OC2"],"off":[0,-0.8]}},{"type":"Feature","geometry":{"type":"Point","coordinates":[11.665698,57.698694]},"properties":{"line":"OC1","mode":"bus","color":"#0059a9","colorDark":"#00294f","band":0,"off":[-1.7,1.1],"lbl":"1"}},{"type":"Feature","geometry":{"type":"Point","coordinates":[11.665698,57.698694]},"properties":{"line":"OC2","mode":"bus","color":"#0059a9","colorDark":"#00294f","band":0,"off":[1.7,1.1],"lbl":"2"}},{"type":"Feature","geometry":{"type":"Point","coordinates":[11.684848,57.711958]},"properties":{"name":"Framnäs","band":0,"modes":"bus","arr":["OC3"],"off":[0,-0.8]}},{"type":"Feature","geometry":{"type":"Point","coordinates":[11.684848,57.711958]},"properties":{"line":"OC3","mode":"bus","color":"#0059a9","colorDark":"#00294f","band":0,"off":[0,1.1],"lbl":"3"}},{"type":"Feature","geometry":{"type":"Point","coordinates":[11.682148,57.732884]},"properties":{"name":"Equmeniakyrkan","band":0,"modes":"bus","arr":["OC3"],"off":[0,-0.8]}},{"type":"Feature","geometry":{"type":"Point","coordinates":[11.682148,57.732884]},"properties":{"line":"OC3","mode":"bus","color":"#0059a9","colorDark":"#00294f","band":0,"off":[0,1.1],"lbl":"3"}},{"type":"Feature","geometry":{"type":"Point","coordinates":[11.948016,57.561937]},"properties":{"name":"Snipen","band":0,"modes":"bus","arr":["X2"],"off":[0,-0.8]}},{"type":"Feature","geometry":{"type":"Point","coordinates":[11.948016,57.561937]},"properties":{"line":"X2","mode":"bus","color":"#0059a9","colorDark":"#00294f","band":0,"off":[0,1.1]}},{"type":"Feature","geometry":{"type":"Point","coordinates":[11.964809,57.520892]},"properties":{"name":"Särö centrum","band":0,"modes":"bus","arr":["X3"],"off":[0,-0.8]}},{"type":"Feature","geometry":{"type":"Point","coordinates":[11.964809,57.520892]},"properties":{"line":"X3","mode":"bus","color":"#0059a9","colorDark":"#00294f","band":0,"off":[0,1.1]}},{"type":"Feature","geometry":{"type":"Point","coordinates":[11.702673,57.708649]},"properties":{"name":"Lilla Varholmen","band":0,"modes":"bus","arr":["X6"],"off":[0,-0.8]}},{"type":"Feature","geometry":{"type":"Point","coordinates":[11.702673,57.708649]},"properties":{"line":"X6","mode":"bus","color":"#0059a9","colorDark":"#00294f","band":0,"off":[0,1.1]}},{"type":"Feature","geometry":{"type":"Point","coordinates":[11.970221,57.876848]},"properties":{"name":"Kungälvs sjukhus södra","band":0,"modes":"bus","arr":["X40"],"off":[0,-0.8]}},{"type":"Feature","geometry":{"type":"Point","coordinates":[11.970221,57.876848]},"properties":{"line":"X40","mode":"bus","color":"#0059a9","colorDark":"#00294f","band":0,"off":[0,1.1]}},{"type":"Feature","geometry":{"type":"Point","coordinates":[11.901761,57.64187]},"properties":{"name":"Opaltorget","band":0,"modes":"tram","arr":["1","7"],"off":[0,-0.8]}},{"type":"Feature","geometry":{"type":"Point","coordinates":[11.901761,57.64187]},"properties":{"line":"1","mode":"tram","color":"#d6212b","colorDark":"#7c1116","band":0,"off":[-1.7,1.1]}},{"type":"Feature","geometry":{"type":"Point","coordinates":[11.901761,57.64187]},"properties":{"line":"7","mode":"tram","color":"#d6212b","colorDark":"#7c1116","band":0,"off":[1.7,1.1]}},{"type":"Feature","geometry":{"type":"Point","coordinates":[11.892719,57.726993]},"properties":{"name":"Väderilsgatan","band":0,"modes":"tram","arr":["2"],"off":[0,-0.8]}},{"type":"Feature","geometry":{"type":"Point","coordinates":[11.892719,57.726993]},"properties":{"line":"2","mode":"tram","color":"#d6212b","colorDark":"#7c1116","band":0,"off":[0,1.1]}},{"type":"Feature","geometry":{"type":"Point","coordinates":[11.900477,57.680424]},"properties":{"name":"Kungssten Vändslinga","band":0,"modes":"tram","arr":["2","9"],"off":[0,-0.8]}},{"type":"Feature","geometry":{"type":"Point","coordinates":[11.900477,57.680424]},"properties":{"line":"2","mode":"tram","color":"#d6212b","colorDark":"#7c1116","band":0,"off":[-1.7,1.1]}},{"type":"Feature","geometry":{"type":"Point","coordinates":[11.900477,57.680424]},"properties":{"line":"9","mode":"tram","color":"#d6212b","colorDark":"#7c1116","band":0,"off":[1.7,1.1]}},{"type":"Feature","geometry":{"type":"Point","coordinates":[12.02263,57.70988]},"properties":{"name":"Virginsgatan","band":0,"modes":"tram","arr":["3"],"off":[0,-0.8]}},{"type":"Feature","geometry":{"type":"Point","coordinates":[12.02263,57.70988]},"properties":{"line":"3","mode":"tram","color":"#d6212b","colorDark":"#7c1116","band":0,"off":[0,1.1]}},{"type":"Feature","geometry":{"type":"Point","coordinates":[11.912424,57.689108]},"properties":{"name":"Vagnhallen Majorna DEPÅ","band":0,"modes":"tram","arr":["3","X"],"off":[0,-0.8]}},{"type":"Feature","geometry":{"type":"Point","coordinates":[11.912424,57.689108]},"properties":{"name":"Vagnhallen Majorna","band":0,"modes":"tram","arr":["3","X"],"off":[0,-3]}},{"type":"Feature","geometry":{"type":"Point","coordinates":[11.912424,57.689108]},"properties":{"line":"3","mode":"tram","color":"#d6212b","colorDark":"#7c1116","band":0,"off":[-1.7,1.1]}},{"type":"Feature","geometry":{"type":"Point","coordinates":[11.912424,57.689108]},"properties":{"line":"X","mode":"tram","color":"#d6212b","colorDark":"#7c1116","band":0,"off":[1.7,1.1]}},{"type":"Feature","geometry":{"type":"Point","coordinates":[11.895858,57.736921]},"properties":{"name":"Varmfrontsgatan","band":0,"modes":"tram","arr":["5","6"],"off":[0,-0.8]}},{"type":"Feature","geometry":{"type":"Point","coordinates":[11.895858,57.736921]},"properties":{"line":"5","mode":"tram","color":"#d6212b","colorDark":"#7c1116","band":0,"off":[-1.7,1.1]}},{"type":"Feature","geometry":{"type":"Point","coordinates":[11.895858,57.736921]},"properties":{"line":"6","mode":"tram","color":"#d6212b","colorDark":"#7c1116","band":0,"off":[1.7,1.1]}},{"type":"Feature","geometry":{"type":"Point","coordinates":[12.041003,57.761411]},"properties":{"name":"Aprilgatan","band":0,"modes":"tram","arr":["6"],"off":[0,-0.8]}},{"type":"Feature","geometry":{"type":"Point","coordinates":[12.041003,57.761411]},"properties":{"line":"6","mode":"tram","color":"#d6212b","colorDark":"#7c1116","band":0,"off":[0,1.1]}},{"type":"Feature","geometry":{"type":"Point","coordinates":[11.934817,57.707392]},"properties":{"name":"Lindholmen","band":0,"modes":"tram","arr":["10","12"],"off":[0,-0.8]}},{"type":"Feature","geometry":{"type":"Point","coordinates":[11.934817,57.707392]},"properties":{"line":"10","mode":"tram","color":"#d6212b","colorDark":"#7c1116","band":0,"off":[-1.7,1.1]}},{"type":"Feature","geometry":{"type":"Point","coordinates":[11.934817,57.707392]},"properties":{"line":"12","mode":"tram","color":"#d6212b","colorDark":"#7c1116","band":0,"off":[1.7,1.1]}},{"type":"Feature","geometry":{"type":"Point","coordinates":[11.975272,57.680868]},"properties":{"name":"Doktor Sydows Gata","band":0,"modes":"tram","arr":["10"],"off":[0,-0.8]}},{"type":"Feature","geometry":{"type":"Point","coordinates":[11.975272,57.680868]},"properties":{"line":"10","mode":"tram","color":"#d6212b","colorDark":"#7c1116","band":0,"off":[0,1.1]}},{"type":"Feature","geometry":{"type":"Point","coordinates":[12.047659,57.722408]},"properties":{"name":"Östra Sjukhuset","band":1,"modes":"tram,bus","arr":["1","1E","5","17","514"],"off":[0,-0.8]}},{"type":"Feature","geometry":{"type":"Point","coordinates":[12.047659,57.722408]},"properties":{"line":"1","mode":"tram","color":"#d6212b","colorDark":"#7c1116","band":1,"off":[-6.8,1.1]}},{"type":"Feature","geometry":{"type":"Point","coordinates":[12.047659,57.722408]},"properties":{"line":"1E","mode":"bus","color":"#0059a9","colorDark":"#00294f","band":1,"off":[-3.4,1.1]}},{"type":"Feature","geometry":{"type":"Point","coordinates":[12.047659,57.722408]},"properties":{"line":"5","mode":"tram","color":"#d6212b","colorDark":"#7c1116","band":1,"off":[0,1.1]}},{"type":"Feature","geometry":{"type":"Point","coordinates":[12.047659,57.722408]},"properties":{"line":"17","mode":"bus","color":"#0059a9","colorDark":"#00294f","band":1,"off":[3.4,1.1]}},{"type":"Feature","geometry":{"type":"Point","coordinates":[12.047659,57.722408]},"properties":{"line":"514","mode":"bus","color":"#0059a9","colorDark":"#00294f","band":1,"off":[6.8,1.1]}},{"type":"Feature","geometry":{"type":"Point","coordinates":[12.004403,57.716307]},"properties":{"name":"Redbergsplatsen","band":1,"modes":"bus","arr":["1E","60","62"],"off":[0,-0.8]}},{"type":"Feature","geometry":{"type":"Point","coordinates":[12.004403,57.716307]},"properties":{"line":"1E","mode":"bus","color":"#0059a9","colorDark":"#00294f","band":1,"off":[-3.4,1.1]}},{"type":"Feature","geometry":{"type":"Point","coordinates":[12.004403,57.716307]},"properties":{"line":"60","mode":"bus","color":"#0059a9","colorDark":"#00294f","band":1,"off":[0,1.1]}},{"type":"Feature","geometry":{"type":"Point","coordinates":[12.004403,57.716307]},"properties":{"line":"62","mode":"bus","color":"#0059a9","colorDark":"#00294f","band":1,"off":[3.4,1.1]}},{"type":"Feature","geometry":{"type":"Point","coordinates":[11.934669,57.694812]},"properties":{"name":"Fjällgatan","band":1,"modes":"bus","arr":["3E"],"off":[0,-0.8]}},{"type":"Feature","geometry":{"type":"Point","coordinates":[11.934669,57.694812]},"properties":{"line":"3E","mode":"bus","color":"#0059a9","colorDark":"#00294f","band":1,"off":[0,1.1]}},{"type":"Feature","geometry":{"type":"Point","coordinates":[11.951441,57.70098]},"properties":{"name":"Järnvågen","band":1,"modes":"bus","arr":["3E","90","91","190","193","194","196","197"],"off":[0,-0.8]}},{"type":"Feature","geometry":{"type":"Point","coordinates":[11.951441,57.70098]},"properties":{"name":"Järntorget","band":1,"modes":"bus","arr":["3E","90","91","190","193","194","196","197"],"off":[0,-1.9]}},{"type":"Feature","geometry":{"type":"Point","coordinates":[11.951441,57.70098]},"properties":{"line":"3E","mode":"bus","color":"#0059a9","colorDark":"#00294f","band":1,"off":[-6.8,1.1]}},{"type":"Feature","geometry":{"type":"Point","coordinates":[11.951441,57.70098]},"properties":{"line":"90","mode":"bus","color":"#0059a9","colorDark":"#00294f","band":1,"off":[-3.4,1.1]}},{"type":"Feature","geometry":{"type":"Point","coordinates":[11.951441,57.70098]},"properties":{"line":"91","mode":"bus","color":"#0059a9","colorDark":"#00294f","band":1,"off":[0,1.1]}},{"type":"Feature","geometry":{"type":"Point","coordinates":[11.951441,57.70098]},"properties":{"line":"190","mode":"bus","color":"#0059a9","colorDark":"#00294f","band":1,"off":[3.4,1.1]}},{"type":"Feature","geometry":{"type":"Point","coordinates":[11.951441,57.70098]},"properties":{"line":"193","mode":"bus","color":"#0059a9","colorDark":"#00294f","band":1,"off":[6.8,1.1]}},{"type":"Feature","geometry":{"type":"Point","coordinates":[11.951441,57.70098]},"properties":{"line":"194","mode":"bus","color":"#0059a9","colorDark":"#00294f","band":1,"off":[-3.4,3.1]}},{"type":"Feature","geometry":{"type":"Point","coordinates":[11.951441,57.70098]},"properties":{"line":"196","mode":"bus","color":"#0059a9","colorDark":"#00294f","band":1,"off":[0,3.1]}},{"type":"Feature","geometry":{"type":"Point","coordinates":[11.951441,57.70098]},"properties":{"line":"197","mode":"bus","color":"#0059a9","colorDark":"#00294f","band":1,"off":[3.4,3.1]}},{"type":"Feature","geometry":{"type":"Point","coordinates":[12.079256,57.490465]},"properties":{"name":"Kungsbacka station","band":1,"modes":"bus","arr":["4","20","717","720","735"],"off":[0,-0.8]}},{"type":"Feature","geometry":{"type":"Point","coordinates":[12.079256,57.490465]},"properties":{"line":"4","mode":"bus","color":"#0059a9","colorDark":"#00294f","band":1,"off":[-6.8,1.1]}},{"type":"Feature","geometry":{"type":"Point","coordinates":[12.079256,57.490465]},"properties":{"line":"20","mode":"bus","color":"#0059a9","colorDark":"#00294f","band":1,"off":[-3.4,1.1]}},{"type":"Feature","geometry":{"type":"Point","coordinates":[12.079256,57.490465]},"properties":{"line":"717","mode":"bus","color":"#0059a9","colorDark":"#00294f","band":1,"off":[0,1.1]}},{"type":"Feature","geometry":{"type":"Point","coordinates":[12.079256,57.490465]},"properties":{"line":"720","mode":"bus","color":"#0059a9","colorDark":"#00294f","band":1,"off":[3.4,1.1]}},{"type":"Feature","geometry":{"type":"Point","coordinates":[12.079256,57.490465]},"properties":{"line":"735","mode":"bus","color":"#0059a9","colorDark":"#00294f","band":1,"off":[6.8,1.1]}},{"type":"Feature","geometry":{"type":"Point","coordinates":[12.082598,57.513454]},"properties":{"name":"Hede station","band":1,"modes":"bus","arr":["4","5","KB1"],"off":[0,-0.8]}},{"type":"Feature","geometry":{"type":"Point","coordinates":[12.082598,57.513454]},"properties":{"line":"4","mode":"bus","color":"#0059a9","colorDark":"#00294f","band":1,"off":[-3.4,1.1]}},{"type":"Feature","geometry":{"type":"Point","coordinates":[12.082598,57.513454]},"properties":{"line":"5","mode":"bus","color":"#0059a9","colorDark":"#00294f","band":1,"off":[0,1.1]}},{"type":"Feature","geometry":{"type":"Point","coordinates":[12.082598,57.513454]},"properties":{"line":"KB1","mode":"bus","color":"#0059a9","colorDark":"#00294f","band":1,"off":[3.4,1.1],"lbl":"1"}},{"type":"Feature","geometry":{"type":"Point","coordinates":[12.048919,57.795497]},"properties":{"name":"Angered Centrum","band":1,"modes":"tram,bus","arr":["4","4E","8","9","40","71","73","74","75","76","77","148","179","401","X#2"],"off":[0,-0.8],"sc":0.94}},{"type":"Feature","geometry":{"type":"Point","coordinates":[12.048919,57.795497]},"properties":{"line":"4","mode":"tram","color":"#d6212b","colorDark":"#7c1116","band":1,"sc":0.94,"off":[-6.8,1.1]}},{"type":"Feature","geometry":{"type":"Point","coordinates":[12.048919,57.795497]},"properties":{"line":"4E","mode":"bus","color":"#0059a9","colorDark":"#00294f","band":1,"sc":0.94,"off":[-3.4,1.1]}},{"type":"Feature","geometry":{"type":"Point","coordinates":[12.048919,57.795497]},"properties":{"line":"8","mode":"tram","color":"#d6212b","colorDark":"#7c1116","band":1,"sc":0.94,"off":[0,1.1]}},{"type":"Feature","geometry":{"type":"Point","coordinates":[12.048919,57.795497]},"properties":{"line":"9","mode":"tram","color":"#d6212b","colorDark":"#7c1116","band":1,"sc":0.94,"off":[3.4,1.1]}},{"type":"Feature","geometry":{"type":"Point","coordinates":[12.048919,57.795497]},"properties":{"line":"40","mode":"bus","color":"#0059a9","colorDark":"#00294f","band":1,"sc":0.94,"off":[6.8,1.1]}},{"type":"Feature","geometry":{"type":"Point","coordinates":[12.048919,57.795497]},"properties":{"line":"71","mode":"bus","color":"#0059a9","colorDark":"#00294f","band":1,"sc":0.94,"off":[-6.8,3.1]}},{"type":"Feature","geometry":{"type":"Point","coordinates":[12.048919,57.795497]},"properties":{"line":"73","mode":"bus","color":"#0059a9","colorDark":"#00294f","band":1,"sc":0.94,"off":[-3.4,3.1]}},{"type":"Feature","geometry":{"type":"Point","coordinates":[12.048919,57.795497]},"properties":{"line":"74","mode":"bus","color":"#0059a9","colorDark":"#00294f","band":1,"sc":0.94,"off":[0,3.1]}},{"type":"Feature","geometry":{"type":"Point","coordinates":[12.048919,57.795497]},"properties":{"line":"75","mode":"bus","color":"#0059a9","colorDark":"#00294f","band":1,"sc":0.94,"off":[3.4,3.1]}},{"type":"Feature","geometry":{"type":"Point","coordinates":[12.048919,57.795497]},"properties":{"line":"76","mode":"bus","color":"#0059a9","colorDark":"#00294f","band":1,"sc":0.94,"off":[6.8,3.1]}},{"type":"Feature","geometry":{"type":"Point","coordinates":[12.048919,57.795497]},"properties":{"line":"77","mode":"bus","color":"#0059a9","colorDark":"#00294f","band":1,"sc":0.94,"off":[-6.8,5.1]}},{"type":"Feature","geometry":{"type":"Point","coordinates":[12.048919,57.795497]},"properties":{"line":"148","mode":"bus","color":"#0059a9","colorDark":"#00294f","band":1,"sc":0.94,"off":[-3.4,5.1]}},{"type":"Feature","geometry":{"type":"Point","coordinates":[12.048919,57.795497]},"properties":{"line":"179","mode":"bus","color":"#0059a9","colorDark":"#00294f","band":1,"sc":0.94,"off":[0,5.1]}},{"type":"Feature","geometry":{"type":"Point","coordinates":[12.048919,57.795497]},"properties":{"line":"401","mode":"bus","color":"#0059a9","colorDark":"#00294f","band":1,"sc":0.94,"off":[3.4,5.1]}},{"type":"Feature","geometry":{"type":"Point","coordinates":[12.048919,57.795497]},"properties":{"line":"X#2","mode":"tram","color":"#d6212b","colorDark":"#7c1116","band":1,"sc":0.94,"off":[6.8,5.1],"lbl":"X"}},{"type":"Feature","geometry":{"type":"Point","coordinates":[12.003389,57.72789]},"properties":{"name":"Gamlestads Torg","band":1,"modes":"bus","arr":["4E","6E","56","59","78","127","131","159","167","168","515"],"off":[0,-0.8]}},{"type":"Feature","geometry":{"type":"Point","coordinates":[12.003389,57.72789]},"properties":{"line":"4E","mode":"bus","color":"#0059a9","colorDark":"#00294f","band":1,"off":[-6.8,1.1]}},{"type":"Feature","geometry":{"type":"Point","coordinates":[12.003389,57.72789]},"properties":{"line":"6E","mode":"bus","color":"#0059a9","colorDark":"#00294f","band":1,"off":[-3.4,1.1]}},{"type":"Feature","geometry":{"type":"Point","coordinates":[12.003389,57.72789]},"properties":{"line":"56","mode":"bus","color":"#0059a9","colorDark":"#00294f","band":1,"off":[0,1.1]}},{"type":"Feature","geometry":{"type":"Point","coordinates":[12.003389,57.72789]},"properties":{"line":"59","mode":"bus","color":"#0059a9","colorDark":"#00294f","band":1,"off":[3.4,1.1]}},{"type":"Feature","geometry":{"type":"Point","coordinates":[12.003389,57.72789]},"properties":{"line":"78","mode":"bus","color":"#0059a9","colorDark":"#00294f","band":1,"off":[6.8,1.1]}},{"type":"Feature","geometry":{"type":"Point","coordinates":[12.003389,57.72789]},"properties":{"line":"127","mode":"bus","color":"#0059a9","colorDark":"#00294f","band":1,"off":[-6.8,3.1]}},{"type":"Feature","geometry":{"type":"Point","coordinates":[12.003389,57.72789]},"properties":{"line":"131","mode":"bus","color":"#0059a9","colorDark":"#00294f","band":1,"off":[-3.4,3.1]}},{"type":"Feature","geometry":{"type":"Point","coordinates":[12.003389,57.72789]},"properties":{"line":"159","mode":"bus","color":"#0059a9","colorDark":"#00294f","band":1,"off":[0,3.1]}},{"type":"Feature","geometry":{"type":"Point","coordinates":[12.003389,57.72789]},"properties":{"line":"167","mode":"bus","color":"#0059a9","colorDark":"#00294f","band":1,"off":[3.4,3.1]}},{"type":"Feature","geometry":{"type":"Point","coordinates":[12.003389,57.72789]},"properties":{"line":"168","mode":"bus","color":"#0059a9","colorDark":"#00294f","band":1,"off":[6.8,3.1]}},{"type":"Feature","geometry":{"type":"Point","coordinates":[12.003389,57.72789]},"properties":{"line":"515","mode":"bus","color":"#0059a9","colorDark":"#00294f","band":1,"off":[0,5.1]}},{"type":"Feature","geometry":{"type":"Point","coordinates":[11.990864,57.712917]},"properties":{"name":"Svingeln","band":1,"modes":"bus,tram","arr":["6E","40","43","501","502","X"],"off":[0,-0.8]}},{"type":"Feature","geometry":{"type":"Point","coordinates":[11.990864,57.712917]},"properties":{"line":"6E","mode":"bus","color":"#0059a9","colorDark":"#00294f","band":1,"off":[-6.8,1.1]}},{"type":"Feature","geometry":{"type":"Point","coordinates":[11.990864,57.712917]},"properties":{"line":"40","mode":"bus","color":"#0059a9","colorDark":"#00294f","band":1,"off":[-3.4,1.1]}},{"type":"Feature","geometry":{"type":"Point","coordinates":[11.990864,57.712917]},"properties":{"line":"43","mode":"bus","color":"#0059a9","colorDark":"#00294f","band":1,"off":[0,1.1]}},{"type":"Feature","geometry":{"type":"Point","coordinates":[11.990864,57.712917]},"properties":{"line":"501","mode":"bus","color":"#0059a9","colorDark":"#00294f","band":1,"off":[3.4,1.1]}},{"type":"Feature","geometry":{"type":"Point","coordinates":[11.990864,57.712917]},"properties":{"line":"502","mode":"bus","color":"#0059a9","colorDark":"#00294f","band":1,"off":[6.8,1.1]}},{"type":"Feature","geometry":{"type":"Point","coordinates":[11.990864,57.712917]},"properties":{"line":"X","mode":"tram","color":"#d6212b","colorDark":"#7c1116","band":1,"off":[0,3.1]}},{"type":"Feature","geometry":{"type":"Point","coordinates":[12.071931,57.750783]},"properties":{"name":"Komettorget","band":1,"modes":"tram,bus","arr":["7","11","11E","56","X","X#2"],"off":[0,-0.8]}},{"type":"Feature","geometry":{"type":"Point","coordinates":[12.071931,57.750783]},"properties":{"line":"7","mode":"tram","color":"#d6212b","colorDark":"#7c1116","band":1,"off":[-6.8,1.1]}},{"type":"Feature","geometry":{"type":"Point","coordinates":[12.071931,57.750783]},"properties":{"line":"11","mode":"tram","color":"#d6212b","colorDark":"#7c1116","band":1,"off":[-3.4,1.1]}},{"type":"Feature","geometry":{"type":"Point","coordinates":[12.071931,57.750783]},"properties":{"line":"11E","mode":"bus","color":"#0059a9","colorDark":"#00294f","band":1,"off":[0,1.1]}},{"type":"Feature","geometry":{"type":"Point","coordinates":[12.071931,57.750783]},"properties":{"line":"56","mode":"bus","color":"#0059a9","colorDark":"#00294f","band":1,"off":[3.4,1.1]}},{"type":"Feature","geometry":{"type":"Point","coordinates":[12.071931,57.750783]},"properties":{"line":"X","mode":"tram","color":"#d6212b","colorDark":"#7c1116","band":1,"off":[6.8,1.1]}},{"type":"Feature","geometry":{"type":"Point","coordinates":[12.071931,57.750783]},"properties":{"line":"X#2","mode":"tram","color":"#d6212b","colorDark":"#7c1116","band":1,"off":[0,3.1],"lbl":"X"}},{"type":"Feature","geometry":{"type":"Point","coordinates":[12.072435,57.757101]},"properties":{"name":"Rymdtorget Buss","band":1,"modes":"bus","arr":["159"],"off":[0,-0.8]}},{"type":"Feature","geometry":{"type":"Point","coordinates":[12.072435,57.757101]},"properties":{"line":"159","mode":"bus","color":"#0059a9","colorDark":"#00294f","band":1,"off":[0,1.1]}},{"type":"Feature","geometry":{"type":"Point","coordinates":[12.051076,57.760881]},"properties":{"name":"Gärdsås Torg","band":1,"modes":"bus","arr":["57"],"off":[0,-0.8]}},{"type":"Feature","geometry":{"type":"Point","coordinates":[12.051076,57.760881]},"properties":{"line":"57","mode":"bus","color":"#0059a9","colorDark":"#00294f","band":1,"off":[0,1.1]}},{"type":"Feature","geometry":{"type":"Point","coordinates":[12.02735,57.742552]},"properties":{"name":"Nymånegatan","band":1,"modes":"bus","arr":["11E"],"off":[0,-0.8]}},{"type":"Feature","geometry":{"type":"Point","coordinates":[12.02735,57.742552]},"properties":{"line":"11E","mode":"bus","color":"#0059a9","colorDark":"#00294f","band":1,"off":[0,1.1]}},{"type":"Feature","geometry":{"type":"Point","coordinates":[11.953363,57.72069]},"properties":{"name":"Hjalmar Brantingsplatsen","band":1,"modes":"bus","arr":["47","99","135","137","141"],"off":[0,-0.8]}},{"type":"Feature","geometry":{"type":"Point","coordinates":[11.953363,57.72069]},"properties":{"line":"47","mode":"bus","color":"#0059a9","colorDark":"#00294f","band":1,"off":[-6.8,1.1]}},{"type":"Feature","geometry":{"type":"Point","coordinates":[11.953363,57.72069]},"properties":{"line":"99","mode":"bus","color":"#0059a9","colorDark":"#00294f","band":1,"off":[-3.4,1.1]}},{"type":"Feature","geometry":{"type":"Point","coordinates":[11.953363,57.72069]},"properties":{"line":"135","mode":"bus","color":"#0059a9","colorDark":"#00294f","band":1,"off":[0,1.1]}},{"type":"Feature","geometry":{"type":"Point","coordinates":[11.953363,57.72069]},"properties":{"line":"137","mode":"bus","color":"#0059a9","colorDark":"#00294f","band":1,"off":[3.4,1.1]}},{"type":"Feature","geometry":{"type":"Point","coordinates":[11.953363,57.72069]},"properties":{"line":"141","mode":"bus","color":"#0059a9","colorDark":"#00294f","band":1,"off":[6.8,1.1]}},{"type":"Feature","geometry":{"type":"Point","coordinates":[11.94036,57.742053]},"properties":{"name":"Grimbo","band":1,"modes":"bus","arr":["145"],"off":[0,-0.8]}},{"type":"Feature","geometry":{"type":"Point","coordinates":[11.94036,57.742053]},"properties":{"line":"145","mode":"bus","color":"#0059a9","colorDark":"#00294f","band":1,"off":[0,1.1]}},{"type":"Feature","geometry":{"type":"Point","coordinates":[11.917405,57.752168]},"properties":{"name":"Hinnebäcksgatan","band":1,"modes":"bus","arr":["17","44","145"],"off":[0,-0.8]}},{"type":"Feature","geometry":{"type":"Point","coordinates":[11.917405,57.752168]},"properties":{"line":"17","mode":"bus","color":"#0059a9","colorDark":"#00294f","band":1,"off":[-3.4,1.1]}},{"type":"Feature","geometry":{"type":"Point","coordinates":[11.917405,57.752168]},"properties":{"line":"44","mode":"bus","color":"#0059a9","colorDark":"#00294f","band":1,"off":[0,1.1]}},{"type":"Feature","geometry":{"type":"Point","coordinates":[11.917405,57.752168]},"properties":{"line":"145","mode":"bus","color":"#0059a9","colorDark":"#00294f","band":1,"off":[3.4,1.1]}},{"type":"Feature","geometry":{"type":"Point","coordinates":[11.972618,57.70776]},"properties":{"name":"Nils Ericsonsplatsen","band":1,"modes":"tram,bus","arr":["13","20","22","29","101","128","129","141","LERS"],"off":[0,-0.8]}},{"type":"Feature","geometry":{"type":"Point","coordinates":[11.972618,57.70776]},"properties":{"name":"Drottningtorget","band":1,"modes":"tram,bus","arr":["13","20","22","29","101","128","129","141","LERS"],"off":[0,-3]}},{"type":"Feature","geometry":{"type":"Point","coordinates":[11.972618,57.70776]},"properties":{"name":"Åkareplatsen","band":1,"modes":"tram,bus","arr":["13","20","22","29","101","128","129","141","LERS"],"off":[0,-4.1]}},{"type":"Feature","geometry":{"type":"Point","coordinates":[11.972618,57.70776]},"properties":{"line":"13","mode":"tram","color":"#d6212b","colorDark":"#7c1116","band":1,"off":[-6.8,1.1]}},{"type":"Feature","geometry":{"type":"Point","coordinates":[11.972618,57.70776]},"properties":{"line":"20","mode":"bus","color":"#0059a9","colorDark":"#00294f","band":1,"off":[-3.4,1.1]}},{"type":"Feature","geometry":{"type":"Point","coordinates":[11.972618,57.70776]},"properties":{"line":"22","mode":"bus","color":"#0059a9","colorDark":"#00294f","band":1,"off":[0,1.1]}},{"type":"Feature","geometry":{"type":"Point","coordinates":[11.972618,57.70776]},"properties":{"line":"29","mode":"bus","color":"#0059a9","colorDark":"#00294f","band":1,"off":[3.4,1.1]}},{"type":"Feature","geometry":{"type":"Point","coordinates":[11.972618,57.70776]},"properties":{"line":"101","mode":"bus","color":"#0059a9","colorDark":"#00294f","band":1,"off":[6.8,1.1]}},{"type":"Feature","geometry":{"type":"Point","coordinates":[11.972618,57.70776]},"properties":{"line":"128","mode":"bus","color":"#0059a9","colorDark":"#00294f","band":1,"off":[-5.1,3.1]}},{"type":"Feature","geometry":{"type":"Point","coordinates":[11.972618,57.70776]},"properties":{"line":"129","mode":"bus","color":"#0059a9","colorDark":"#00294f","band":1,"off":[-1.7,3.1]}},{"type":"Feature","geometry":{"type":"Point","coordinates":[11.972618,57.70776]},"properties":{"line":"141","mode":"bus","color":"#0059a9","colorDark":"#00294f","band":1,"off":[1.7,3.1]}},{"type":"Feature","geometry":{"type":"Point","coordinates":[11.972618,57.70776]},"properties":{"line":"LERS","mode":"bus","color":"#0059a9","colorDark":"#00294f","band":1,"off":[5.1,3.1]}},{"type":"Feature","geometry":{"type":"Point","coordinates":[12.017491,57.680747]},"properties":{"name":"Kallebäcks Källa","band":1,"modes":"bus","arr":["18","86"],"off":[0,-0.8]}},{"type":"Feature","geometry":{"type":"Point","coordinates":[12.017491,57.680747]},"properties":{"line":"18","mode":"bus","color":"#0059a9","colorDark":"#00294f","band":1,"off":[-1.7,1.1]}},{"type":"Feature","geometry":{"type":"Point","coordinates":[12.017491,57.680747]},"properties":{"line":"86","mode":"bus","color":"#0059a9","colorDark":"#00294f","band":1,"off":[1.7,1.1]}},{"type":"Feature","geometry":{"type":"Point","coordinates":[11.986776,57.757735]},"properties":{"name":"Körkarlens gata","band":1,"modes":"bus","arr":["18","46","47","142"],"off":[0,-0.8]}},{"type":"Feature","geometry":{"type":"Point","coordinates":[11.986776,57.757735]},"properties":{"line":"18","mode":"bus","color":"#0059a9","colorDark":"#00294f","band":1,"off":[-5.1,1.1]}},{"type":"Feature","geometry":{"type":"Point","coordinates":[11.986776,57.757735]},"properties":{"line":"46","mode":"bus","color":"#0059a9","colorDark":"#00294f","band":1,"off":[-1.7,1.1]}},{"type":"Feature","geometry":{"type":"Point","coordinates":[11.986776,57.757735]},"properties":{"line":"47","mode":"bus","color":"#0059a9","colorDark":"#00294f","band":1,"off":[1.7,1.1]}},{"type":"Feature","geometry":{"type":"Point","coordinates":[11.986776,57.757735]},"properties":{"line":"142","mode":"bus","color":"#0059a9","colorDark":"#00294f","band":1,"off":[5.1,1.1]}},{"type":"Feature","geometry":{"type":"Point","coordinates":[12.004852,57.690469]},"properties":{"name":"Skårs Kyrka","band":1,"modes":"bus","arr":["62"],"off":[0,-0.8]}},{"type":"Feature","geometry":{"type":"Point","coordinates":[12.004852,57.690469]},"properties":{"line":"62","mode":"bus","color":"#0059a9","colorDark":"#00294f","band":1,"off":[0,1.1]}},{"type":"Feature","geometry":{"type":"Point","coordinates":[11.936013,57.673866]},"properties":{"name":"Marklandsgatan","band":1,"modes":"bus","arr":["19","65","82","84","95","758"],"off":[0,-0.8]}},{"type":"Feature","geometry":{"type":"Point","coordinates":[11.936013,57.673866]},"properties":{"line":"19","mode":"bus","color":"#0059a9","colorDark":"#00294f","band":1,"off":[-6.8,1.1]}},{"type":"Feature","geometry":{"type":"Point","coordinates":[11.936013,57.673866]},"properties":{"line":"65","mode":"bus","color":"#0059a9","colorDark":"#00294f","band":1,"off":[-3.4,1.1]}},{"type":"Feature","geometry":{"type":"Point","coordinates":[11.936013,57.673866]},"properties":{"line":"82","mode":"bus","color":"#0059a9","colorDark":"#00294f","band":1,"off":[0,1.1]}},{"type":"Feature","geometry":{"type":"Point","coordinates":[11.936013,57.673866]},"properties":{"line":"84","mode":"bus","color":"#0059a9","colorDark":"#00294f","band":1,"off":[3.4,1.1]}},{"type":"Feature","geometry":{"type":"Point","coordinates":[11.936013,57.673866]},"properties":{"line":"95","mode":"bus","color":"#0059a9","colorDark":"#00294f","band":1,"off":[6.8,1.1]}},{"type":"Feature","geometry":{"type":"Point","coordinates":[11.936013,57.673866]},"properties":{"line":"758","mode":"bus","color":"#0059a9","colorDark":"#00294f","band":1,"off":[0,3.1]}},{"type":"Feature","geometry":{"type":"Point","coordinates":[11.945386,57.712018]},"properties":{"name":"Pumpgatan","band":1,"modes":"bus","arr":["35","37","199"],"off":[0,-0.8]}},{"type":"Feature","geometry":{"type":"Point","coordinates":[11.945386,57.712018]},"properties":{"line":"35","mode":"bus","color":"#0059a9","colorDark":"#00294f","band":1,"off":[-3.4,1.1]}},{"type":"Feature","geometry":{"type":"Point","coordinates":[11.945386,57.712018]},"properties":{"line":"37","mode":"bus","color":"#0059a9","colorDark":"#00294f","band":1,"off":[0,1.1]}},{"type":"Feature","geometry":{"type":"Point","coordinates":[11.945386,57.712018]},"properties":{"line":"199","mode":"bus","color":"#0059a9","colorDark":"#00294f","band":1,"off":[3.4,1.1]}},{"type":"Feature","geometry":{"type":"Point","coordinates":[11.9986,57.774585]},"properties":{"name":"Bäckebol Norra","band":1,"modes":"bus","arr":["19"],"off":[0,-0.8]}},{"type":"Feature","geometry":{"type":"Point","coordinates":[11.9986,57.774585]},"properties":{"line":"19","mode":"bus","color":"#0059a9","colorDark":"#00294f","band":1,"off":[0,1.1]}},{"type":"Feature","geometry":{"type":"Point","coordinates":[12.070365,57.761988]},"properties":{"name":"Merkuriusgatan","band":1,"modes":"bus","arr":["21"],"off":[0,-0.8]}},{"type":"Feature","geometry":{"type":"Point","coordinates":[12.070365,57.761988]},"properties":{"line":"21","mode":"bus","color":"#0059a9","colorDark":"#00294f","band":1,"off":[0,1.1]}},{"type":"Feature","geometry":{"type":"Point","coordinates":[11.909944,57.716201]},"properties":{"name":"Eketrägatan","band":1,"modes":"bus","arr":["21","27","30","32","34","44","X76"],"off":[0,-0.8]}},{"type":"Feature","geometry":{"type":"Point","coordinates":[11.909944,57.716201]},"properties":{"line":"21","mode":"bus","color":"#0059a9","colorDark":"#00294f","band":1,"off":[-6.8,1.1]}},{"type":"Feature","geometry":{"type":"Point","coordinates":[11.909944,57.716201]},"properties":{"line":"27","mode":"bus","color":"#0059a9","colorDark":"#00294f","band":1,"off":[-3.4,1.1]}},{"type":"Feature","geometry":{"type":"Point","coordinates":[11.909944,57.716201]},"properties":{"line":"30","mode":"bus","color":"#0059a9","colorDark":"#00294f","band":1,"off":[0,1.1]}},{"type":"Feature","geometry":{"type":"Point","coordinates":[11.909944,57.716201]},"properties":{"line":"32","mode":"bus","color":"#0059a9","colorDark":"#00294f","band":1,"off":[3.4,1.1]}},{"type":"Feature","geometry":{"type":"Point","coordinates":[11.909944,57.716201]},"properties":{"line":"34","mode":"bus","color":"#0059a9","colorDark":"#00294f","band":1,"off":[6.8,1.1]}},{"type":"Feature","geometry":{"type":"Point","coordinates":[11.909944,57.716201]},"properties":{"line":"44","mode":"bus","color":"#0059a9","colorDark":"#00294f","band":1,"off":[-1.7,3.1]}},{"type":"Feature","geometry":{"type":"Point","coordinates":[11.909944,57.716201]},"properties":{"line":"X76","mode":"bus","color":"#0059a9","colorDark":"#00294f","band":1,"off":[1.7,3.1]}},{"type":"Feature","geometry":{"type":"Point","coordinates":[12.173604,57.745374]},"properties":{"name":"Jons väg","band":1,"modes":"bus","arr":["518","519"],"off":[0,-0.8]}},{"type":"Feature","geometry":{"type":"Point","coordinates":[12.173604,57.745374]},"properties":{"line":"518","mode":"bus","color":"#0059a9","colorDark":"#00294f","band":1,"off":[-1.7,1.1]}},{"type":"Feature","geometry":{"type":"Point","coordinates":[12.173604,57.745374]},"properties":{"line":"519","mode":"bus","color":"#0059a9","colorDark":"#00294f","band":1,"off":[1.7,1.1]}},{"type":"Feature","geometry":{"type":"Point","coordinates":[12.529199,57.927184]},"properties":{"name":"Alingsåsterminalen","band":1,"modes":"bus","arr":["22"],"off":[0,-0.8]}},{"type":"Feature","geometry":{"type":"Point","coordinates":[12.529199,57.927184]},"properties":{"line":"22","mode":"bus","color":"#0059a9","colorDark":"#00294f","band":1,"off":[0,1.1]}},{"type":"Feature","geometry":{"type":"Point","coordinates":[12.02334,57.630801]},"properties":{"name":"Peppareds torg","band":1,"modes":"bus","arr":["25"],"off":[0,-0.8]}},{"type":"Feature","geometry":{"type":"Point","coordinates":[12.02334,57.630801]},"properties":{"line":"25","mode":"bus","color":"#0059a9","colorDark":"#00294f","band":1,"off":[0,1.1]}},{"type":"Feature","geometry":{"type":"Point","coordinates":[11.952846,57.689624]},"properties":{"name":"Linnéplatsen","band":1,"modes":"bus","arr":["63","757"],"off":[0,-0.8]}},{"type":"Feature","geometry":{"type":"Point","coordinates":[11.952846,57.689624]},"properties":{"line":"63","mode":"bus","color":"#0059a9","colorDark":"#00294f","band":1,"off":[-1.7,1.1]}},{"type":"Feature","geometry":{"type":"Point","coordinates":[11.952846,57.689624]},"properties":{"line":"757","mode":"bus","color":"#0059a9","colorDark":"#00294f","band":1,"off":[1.7,1.1]}},{"type":"Feature","geometry":{"type":"Point","coordinates":[11.886564,57.733091]},"properties":{"name":"Svarte Mosse","band":1,"modes":"bus","arr":["25"],"off":[0,-0.8]}},{"type":"Feature","geometry":{"type":"Point","coordinates":[11.886564,57.733091]},"properties":{"line":"25","mode":"bus","color":"#0059a9","colorDark":"#00294f","band":1,"off":[0,1.1]}},{"type":"Feature","geometry":{"type":"Point","coordinates":[12.01796,57.655577]},"properties":{"name":"Mölndals Innerstad","band":1,"modes":"tram,bus","arr":["4","12","753","754","755","757","759","760","761","764"],"off":[0,-0.8]}},{"type":"Feature","geometry":{"type":"Point","coordinates":[12.01796,57.655577]},"properties":{"name":"Mölndals bro","band":1,"modes":"tram,bus","arr":["4","12","753","754","755","757","759","760","761","764"],"off":[0,-1.9]}},{"type":"Feature","geometry":{"type":"Point","coordinates":[12.01796,57.655577]},"properties":{"line":"4","mode":"tram","color":"#d6212b","colorDark":"#7c1116","band":1,"off":[-6.8,1.1]}},{"type":"Feature","geometry":{"type":"Point","coordinates":[12.01796,57.655577]},"properties":{"line":"12","mode":"tram","color":"#d6212b","colorDark":"#7c1116","band":1,"off":[-3.4,1.1]}},{"type":"Feature","geometry":{"type":"Point","coordinates":[12.01796,57.655577]},"properties":{"line":"753","mode":"bus","color":"#0059a9","colorDark":"#00294f","band":1,"off":[0,1.1]}},{"type":"Feature","geometry":{"type":"Point","coordinates":[12.01796,57.655577]},"properties":{"line":"754","mode":"bus","color":"#0059a9","colorDark":"#00294f","band":1,"off":[3.4,1.1]}},{"type":"Feature","geometry":{"type":"Point","coordinates":[12.01796,57.655577]},"properties":{"line":"755","mode":"bus","color":"#0059a9","colorDark":"#00294f","band":1,"off":[6.8,1.1]}},{"type":"Feature","geometry":{"type":"Point","coordinates":[12.01796,57.655577]},"properties":{"line":"757","mode":"bus","color":"#0059a9","colorDark":"#00294f","band":1,"off":[-6.8,3.1]}},{"type":"Feature","geometry":{"type":"Point","coordinates":[12.01796,57.655577]},"properties":{"line":"759","mode":"bus","color":"#0059a9","colorDark":"#00294f","band":1,"off":[-3.4,3.1]}},{"type":"Feature","geometry":{"type":"Point","coordinates":[12.01796,57.655577]},"properties":{"line":"760","mode":"bus","color":"#0059a9","colorDark":"#00294f","band":1,"off":[0,3.1]}},{"type":"Feature","geometry":{"type":"Point","coordinates":[12.01796,57.655577]},"properties":{"line":"761","mode":"bus","color":"#0059a9","colorDark":"#00294f","band":1,"off":[3.4,3.1]}},{"type":"Feature","geometry":{"type":"Point","coordinates":[12.01796,57.655577]},"properties":{"line":"764","mode":"bus","color":"#0059a9","colorDark":"#00294f","band":1,"off":[6.8,3.1]}},{"type":"Feature","geometry":{"type":"Point","coordinates":[11.842654,57.712635]},"properties":{"name":"Sörredsmotet","band":1,"modes":"bus","arr":["27","32","139"],"off":[0,-0.8]}},{"type":"Feature","geometry":{"type":"Point","coordinates":[11.842654,57.712635]},"properties":{"line":"27","mode":"bus","color":"#0059a9","colorDark":"#00294f","band":1,"off":[-3.4,1.1]}},{"type":"Feature","geometry":{"type":"Point","coordinates":[11.842654,57.712635]},"properties":{"line":"32","mode":"bus","color":"#0059a9","colorDark":"#00294f","band":1,"off":[0,1.1]}},{"type":"Feature","geometry":{"type":"Point","coordinates":[11.842654,57.712635]},"properties":{"line":"139","mode":"bus","color":"#0059a9","colorDark":"#00294f","band":1,"off":[3.4,1.1]}},{"type":"Feature","geometry":{"type":"Point","coordinates":[11.840989,57.716746]},"properties":{"name":"Volvo Torslanda TK","band":1,"modes":"bus","arr":["145","179"],"off":[0,-0.8]}},{"type":"Feature","geometry":{"type":"Point","coordinates":[11.840989,57.716746]},"properties":{"line":"145","mode":"bus","color":"#0059a9","colorDark":"#00294f","band":1,"off":[-1.7,1.1]}},{"type":"Feature","geometry":{"type":"Point","coordinates":[11.840989,57.716746]},"properties":{"line":"179","mode":"bus","color":"#0059a9","colorDark":"#00294f","band":1,"off":[1.7,1.1]}},{"type":"Feature","geometry":{"type":"Point","coordinates":[11.849809,57.723404]},"properties":{"name":"Volvohallen","band":1,"modes":"bus","arr":["159","190"],"off":[0,-0.8]}},{"type":"Feature","geometry":{"type":"Point","coordinates":[11.849809,57.723404]},"properties":{"line":"159","mode":"bus","color":"#0059a9","colorDark":"#00294f","band":1,"off":[-1.7,1.1]}},{"type":"Feature","geometry":{"type":"Point","coordinates":[11.849809,57.723404]},"properties":{"line":"190","mode":"bus","color":"#0059a9","colorDark":"#00294f","band":1,"off":[1.7,1.1]}},{"type":"Feature","geometry":{"type":"Point","coordinates":[11.866169,57.727955]},"properties":{"name":"Volvo Torslanda PVH","band":1,"modes":"bus","arr":["X77"],"off":[0,-0.8]}},{"type":"Feature","geometry":{"type":"Point","coordinates":[11.866169,57.727955]},"properties":{"line":"X77","mode":"bus","color":"#0059a9","colorDark":"#00294f","band":1,"off":[0,1.1]}},{"type":"Feature","geometry":{"type":"Point","coordinates":[11.862463,57.721867]},"properties":{"name":"Volvo Torslanda RA","band":1,"modes":"bus","arr":["127","180"],"off":[0,-0.8]}},{"type":"Feature","geometry":{"type":"Point","coordinates":[11.862463,57.721867]},"properties":{"line":"127","mode":"bus","color":"#0059a9","colorDark":"#00294f","band":1,"off":[-1.7,1.1]}},{"type":"Feature","geometry":{"type":"Point","coordinates":[11.862463,57.721867]},"properties":{"line":"180","mode":"bus","color":"#0059a9","colorDark":"#00294f","band":1,"off":[1.7,1.1]}},{"type":"Feature","geometry":{"type":"Point","coordinates":[11.839706,57.711329]},"properties":{"name":"Sörredsmotet","band":1,"modes":"bus","arr":["27","32","139","142"],"off":[0,-0.8]}},{"type":"Feature","geometry":{"type":"Point","coordinates":[11.839706,57.711329]},"properties":{"line":"27","mode":"bus","color":"#0059a9","colorDark":"#00294f","band":1,"off":[-5.1,1.1]}},{"type":"Feature","geometry":{"type":"Point","coordinates":[11.839706,57.711329]},"properties":{"line":"32","mode":"bus","color":"#0059a9","colorDark":"#00294f","band":1,"off":[-1.7,1.1]}},{"type":"Feature","geometry":{"type":"Point","coordinates":[11.839706,57.711329]},"properties":{"line":"139","mode":"bus","color":"#0059a9","colorDark":"#00294f","band":1,"off":[1.7,1.1]}},{"type":"Feature","geometry":{"type":"Point","coordinates":[11.839706,57.711329]},"properties":{"line":"142","mode":"bus","color":"#0059a9","colorDark":"#00294f","band":1,"off":[5.1,1.1]}},{"type":"Feature","geometry":{"type":"Point","coordinates":[11.779368,57.709981]},"properties":{"name":"Amhult Resecentrum","band":1,"modes":"bus","arr":["29","X90"],"off":[0,-0.8]}},{"type":"Feature","geometry":{"type":"Point","coordinates":[11.779368,57.709981]},"properties":{"line":"29","mode":"bus","color":"#0059a9","colorDark":"#00294f","band":1,"off":[-1.7,1.1]}},{"type":"Feature","geometry":{"type":"Point","coordinates":[11.779368,57.709981]},"properties":{"line":"X90","mode":"bus","color":"#0059a9","colorDark":"#00294f","band":1,"off":[1.7,1.1]}},{"type":"Feature","geometry":{"type":"Point","coordinates":[11.782713,57.714753]},"properties":{"name":"Torslandakrysset","band":1,"modes":"bus","arr":["129"],"off":[0,-0.8]}},{"type":"Feature","geometry":{"type":"Point","coordinates":[11.782713,57.714753]},"properties":{"line":"129","mode":"bus","color":"#0059a9","colorDark":"#00294f","band":1,"off":[0,1.1]}},{"type":"Feature","geometry":{"type":"Point","coordinates":[11.972173,57.710585]},"properties":{"name":"Nils Ericson Terminalen","band":1,"modes":"bus","arr":["29","59","128","129","290","291","FLYG","KV21","X40"],"off":[0,-0.8]}},{"type":"Feature","geometry":{"type":"Point","coordinates":[11.972173,57.710585]},"properties":{"line":"29","mode":"bus","color":"#0059a9","colorDark":"#00294f","band":1,"off":[-6.8,1.1]}},{"type":"Feature","geometry":{"type":"Point","coordinates":[11.972173,57.710585]},"properties":{"line":"59","mode":"bus","color":"#0059a9","colorDark":"#00294f","band":1,"off":[-3.4,1.1]}},{"type":"Feature","geometry":{"type":"Point","coordinates":[11.972173,57.710585]},"properties":{"line":"128","mode":"bus","color":"#0059a9","colorDark":"#00294f","band":1,"off":[0,1.1]}},{"type":"Feature","geometry":{"type":"Point","coordinates":[11.972173,57.710585]},"properties":{"line":"129","mode":"bus","color":"#0059a9","colorDark":"#00294f","band":1,"off":[3.4,1.1]}},{"type":"Feature","geometry":{"type":"Point","coordinates":[11.972173,57.710585]},"properties":{"line":"290","mode":"bus","color":"#0059a9","colorDark":"#00294f","band":1,"off":[6.8,1.1]}},{"type":"Feature","geometry":{"type":"Point","coordinates":[11.972173,57.710585]},"properties":{"line":"291","mode":"bus","color":"#0059a9","colorDark":"#00294f","band":1,"off":[-5.1,3.1]}},{"type":"Feature","geometry":{"type":"Point","coordinates":[11.972173,57.710585]},"properties":{"line":"FLYG","mode":"bus","color":"#0059a9","colorDark":"#00294f","band":1,"off":[-1.7,3.1]}},{"type":"Feature","geometry":{"type":"Point","coordinates":[11.972173,57.710585]},"properties":{"line":"KV21","mode":"bus","color":"#0059a9","colorDark":"#00294f","band":1,"off":[1.7,3.1],"lbl":"21"}},{"type":"Feature","geometry":{"type":"Point","coordinates":[11.972173,57.710585]},"properties":{"line":"X40","mode":"bus","color":"#0059a9","colorDark":"#00294f","band":1,"off":[5.1,3.1]}},{"type":"Feature","geometry":{"type":"Point","coordinates":[11.910214,57.652183]},"properties":{"name":"Frölunda Torg Vändslinga","band":1,"modes":"tram,bus","arr":["8","30","83","86","89","90","91","92","93","94","95","97","99","185","751","X5"],"off":[0,-0.8],"sc":0.92}},{"type":"Feature","geometry":{"type":"Point","coordinates":[11.910214,57.652183]},"properties":{"name":"Frölunda Torg","band":1,"modes":"tram,bus","arr":["8","30","83","86","89","90","91","92","93","94","95","97","99","185","751","X5"],"off":[0,-3],"sc":0.92}},{"type":"Feature","geometry":{"type":"Point","coordinates":[11.910214,57.652183]},"properties":{"line":"8","mode":"tram","color":"#d6212b","colorDark":"#7c1116","band":1,"sc":0.92,"off":[-6.8,1.1]}},{"type":"Feature","geometry":{"type":"Point","coordinates":[11.910214,57.652183]},"properties":{"line":"30","mode":"bus","color":"#0059a9","colorDark":"#00294f","band":1,"sc":0.92,"off":[-3.4,1.1]}},{"type":"Feature","geometry":{"type":"Point","coordinates":[11.910214,57.652183]},"properties":{"line":"83","mode":"bus","color":"#0059a9","colorDark":"#00294f","band":1,"sc":0.92,"off":[0,1.1]}},{"type":"Feature","geometry":{"type":"Point","coordinates":[11.910214,57.652183]},"properties":{"line":"86","mode":"bus","color":"#0059a9","colorDark":"#00294f","band":1,"sc":0.92,"off":[3.4,1.1]}},{"type":"Feature","geometry":{"type":"Point","coordinates":[11.910214,57.652183]},"properties":{"line":"89","mode":"bus","color":"#0059a9","colorDark":"#00294f","band":1,"sc":0.92,"off":[6.8,1.1]}},{"type":"Feature","geometry":{"type":"Point","coordinates":[11.910214,57.652183]},"properties":{"line":"90","mode":"bus","color":"#0059a9","colorDark":"#00294f","band":1,"sc":0.92,"off":[-6.8,3.1]}},{"type":"Feature","geometry":{"type":"Point","coordinates":[11.910214,57.652183]},"properties":{"line":"91","mode":"bus","color":"#0059a9","colorDark":"#00294f","band":1,"sc":0.92,"off":[-3.4,3.1]}},{"type":"Feature","geometry":{"type":"Point","coordinates":[11.910214,57.652183]},"properties":{"line":"92","mode":"bus","color":"#0059a9","colorDark":"#00294f","band":1,"sc":0.92,"off":[0,3.1]}},{"type":"Feature","geometry":{"type":"Point","coordinates":[11.910214,57.652183]},"properties":{"line":"93","mode":"bus","color":"#0059a9","colorDark":"#00294f","band":1,"sc":0.92,"off":[3.4,3.1]}},{"type":"Feature","geometry":{"type":"Point","coordinates":[11.910214,57.652183]},"properties":{"line":"94","mode":"bus","color":"#0059a9","colorDark":"#00294f","band":1,"sc":0.92,"off":[6.8,3.1]}},{"type":"Feature","geometry":{"type":"Point","coordinates":[11.910214,57.652183]},"properties":{"line":"95","mode":"bus","color":"#0059a9","colorDark":"#00294f","band":1,"sc":0.92,"off":[-6.8,5.1]}},{"type":"Feature","geometry":{"type":"Point","coordinates":[11.910214,57.652183]},"properties":{"line":"97","mode":"bus","color":"#0059a9","colorDark":"#00294f","band":1,"sc":0.92,"off":[-3.4,5.1]}},{"type":"Feature","geometry":{"type":"Point","coordinates":[11.910214,57.652183]},"properties":{"line":"99","mode":"bus","color":"#0059a9","colorDark":"#00294f","band":1,"sc":0.92,"off":[0,5.1]}},{"type":"Feature","geometry":{"type":"Point","coordinates":[11.910214,57.652183]},"properties":{"line":"185","mode":"bus","color":"#0059a9","colorDark":"#00294f","band":1,"sc":0.92,"off":[3.4,5.1]}},{"type":"Feature","geometry":{"type":"Point","coordinates":[11.910214,57.652183]},"properties":{"line":"751","mode":"bus","color":"#0059a9","colorDark":"#00294f","band":1,"sc":0.92,"off":[6.8,5.1]}},{"type":"Feature","geometry":{"type":"Point","coordinates":[11.910214,57.652183]},"properties":{"line":"X5","mode":"bus","color":"#0059a9","colorDark":"#00294f","band":1,"sc":0.92,"off":[0,7.1]}},{"type":"Feature","geometry":{"type":"Point","coordinates":[11.825818,57.697976]},"properties":{"name":"Arendal Portal","band":1,"modes":"bus","arr":["128","148","184"],"off":[0,-0.8]}},{"type":"Feature","geometry":{"type":"Point","coordinates":[11.825818,57.697976]},"properties":{"line":"128","mode":"bus","color":"#0059a9","colorDark":"#00294f","band":1,"off":[-3.4,1.1]}},{"type":"Feature","geometry":{"type":"Point","coordinates":[11.825818,57.697976]},"properties":{"line":"148","mode":"bus","color":"#0059a9","colorDark":"#00294f","band":1,"off":[0,1.1]}},{"type":"Feature","geometry":{"type":"Point","coordinates":[11.825818,57.697976]},"properties":{"line":"184","mode":"bus","color":"#0059a9","colorDark":"#00294f","band":1,"off":[3.4,1.1]}},{"type":"Feature","geometry":{"type":"Point","coordinates":[11.821108,57.699447]},"properties":{"name":"Godsgatan","band":1,"modes":"bus","arr":["178"],"off":[0,-0.8]}},{"type":"Feature","geometry":{"type":"Point","coordinates":[11.821108,57.699447]},"properties":{"line":"178","mode":"bus","color":"#0059a9","colorDark":"#00294f","band":1,"off":[0,1.1]}},{"type":"Feature","geometry":{"type":"Point","coordinates":[11.735637,57.741949]},"properties":{"name":"Sillvik","band":1,"modes":"bus","arr":["33"],"off":[0,-0.8]}},{"type":"Feature","geometry":{"type":"Point","coordinates":[11.735637,57.741949]},"properties":{"line":"33","mode":"bus","color":"#0059a9","colorDark":"#00294f","band":1,"off":[0,1.1]}},{"type":"Feature","geometry":{"type":"Point","coordinates":[11.799798,57.737692]},"properties":{"name":"Lillebyvägen","band":1,"modes":"bus","arr":["33"],"off":[0,-0.8]}},{"type":"Feature","geometry":{"type":"Point","coordinates":[11.799798,57.737692]},"properties":{"line":"33","mode":"bus","color":"#0059a9","colorDark":"#00294f","band":1,"off":[0,1.1]}},{"type":"Feature","geometry":{"type":"Point","coordinates":[11.711723,57.704984]},"properties":{"name":"Hjuvik","band":1,"modes":"bus","arr":["34"],"off":[0,-0.8]}},{"type":"Feature","geometry":{"type":"Point","coordinates":[11.711723,57.704984]},"properties":{"line":"34","mode":"bus","color":"#0059a9","colorDark":"#00294f","band":1,"off":[0,1.1]}},{"type":"Feature","geometry":{"type":"Point","coordinates":[11.887204,57.776459]},"properties":{"name":"Säve Depå","band":1,"modes":"bus","arr":["35"],"off":[0,-0.8]}},{"type":"Feature","geometry":{"type":"Point","coordinates":[11.887204,57.776459]},"properties":{"line":"35","mode":"bus","color":"#0059a9","colorDark":"#00294f","band":1,"off":[0,1.1]}},{"type":"Feature","geometry":{"type":"Point","coordinates":[11.831365,57.757601]},"properties":{"name":"Skra Bro","band":1,"modes":"bus","arr":["36","38"],"off":[0,-0.8]}},{"type":"Feature","geometry":{"type":"Point","coordinates":[11.831365,57.757601]},"properties":{"line":"36","mode":"bus","color":"#0059a9","colorDark":"#00294f","band":1,"off":[-1.7,1.1]}},{"type":"Feature","geometry":{"type":"Point","coordinates":[11.831365,57.757601]},"properties":{"line":"38","mode":"bus","color":"#0059a9","colorDark":"#00294f","band":1,"off":[1.7,1.1]}},{"type":"Feature","geometry":{"type":"Point","coordinates":[11.9113,57.803548]},"properties":{"name":"Säve Station","band":1,"modes":"bus","arr":["36"],"off":[0,-0.8]}},{"type":"Feature","geometry":{"type":"Point","coordinates":[11.9113,57.803548]},"properties":{"line":"36","mode":"bus","color":"#0059a9","colorDark":"#00294f","band":1,"off":[0,1.1]}},{"type":"Feature","geometry":{"type":"Point","coordinates":[11.992271,57.799865]},"properties":{"name":"Klareberg","band":1,"modes":"bus","arr":["37","46","X2"],"off":[0,-0.8]}},{"type":"Feature","geometry":{"type":"Point","coordinates":[11.992271,57.799865]},"properties":{"line":"37","mode":"bus","color":"#0059a9","colorDark":"#00294f","band":1,"off":[-3.4,1.1]}},{"type":"Feature","geometry":{"type":"Point","coordinates":[11.992271,57.799865]},"properties":{"line":"46","mode":"bus","color":"#0059a9","colorDark":"#00294f","band":1,"off":[0,1.1]}},{"type":"Feature","geometry":{"type":"Point","coordinates":[11.992271,57.799865]},"properties":{"line":"X2","mode":"bus","color":"#0059a9","colorDark":"#00294f","band":1,"off":[3.4,1.1]}},{"type":"Feature","geometry":{"type":"Point","coordinates":[11.833404,57.788605]},"properties":{"name":"Kippholmen","band":1,"modes":"bus","arr":["38"],"off":[0,-0.8]}},{"type":"Feature","geometry":{"type":"Point","coordinates":[11.833404,57.788605]},"properties":{"line":"38","mode":"bus","color":"#0059a9","colorDark":"#00294f","band":1,"off":[0,1.1]}},{"type":"Feature","geometry":{"type":"Point","coordinates":[11.907789,57.697386]},"properties":{"name":"Bockkranen","band":1,"modes":"bus","arr":["42"],"off":[0,-0.8]}},{"type":"Feature","geometry":{"type":"Point","coordinates":[11.907789,57.697386]},"properties":{"line":"42","mode":"bus","color":"#0059a9","colorDark":"#00294f","band":1,"off":[0,1.1]}},{"type":"Feature","geometry":{"type":"Point","coordinates":[11.94979,57.766506]},"properties":{"name":"Skogome","band":1,"modes":"bus","arr":["42","43"],"off":[0,-0.8]}},{"type":"Feature","geometry":{"type":"Point","coordinates":[11.94979,57.766506]},"properties":{"line":"42","mode":"bus","color":"#0059a9","colorDark":"#00294f","band":1,"off":[-1.7,1.1]}},{"type":"Feature","geometry":{"type":"Point","coordinates":[11.94979,57.766506]},"properties":{"line":"43","mode":"bus","color":"#0059a9","colorDark":"#00294f","band":1,"off":[1.7,1.1]}},{"type":"Feature","geometry":{"type":"Point","coordinates":[12.058977,57.737296]},"properties":{"name":"Österlyckan","band":1,"modes":"bus","arr":["167"],"off":[0,-0.8]}},{"type":"Feature","geometry":{"type":"Point","coordinates":[12.058977,57.737296]},"properties":{"line":"167","mode":"bus","color":"#0059a9","colorDark":"#00294f","band":1,"off":[0,1.1]}},{"type":"Feature","geometry":{"type":"Point","coordinates":[11.994314,57.677589]},"properties":{"name":"Sörgårdsskolan","band":1,"modes":"bus","arr":["60"],"off":[0,-0.8]}},{"type":"Feature","geometry":{"type":"Point","coordinates":[11.994314,57.677589]},"properties":{"line":"60","mode":"bus","color":"#0059a9","colorDark":"#00294f","band":1,"off":[0,1.1]}},{"type":"Feature","geometry":{"type":"Point","coordinates":[11.969264,57.699543]},"properties":{"name":"Vasaplatsen","band":1,"modes":"bus","arr":["258"],"off":[0,-0.8]}},{"type":"Feature","geometry":{"type":"Point","coordinates":[11.969264,57.699543]},"properties":{"line":"258","mode":"bus","color":"#0059a9","colorDark":"#00294f","band":1,"off":[0,1.1]}},{"type":"Feature","geometry":{"type":"Point","coordinates":[11.942506,57.693584]},"properties":{"name":"Masthugget","band":1,"modes":"bus","arr":["61"],"off":[0,-0.8]}},{"type":"Feature","geometry":{"type":"Point","coordinates":[11.942506,57.693584]},"properties":{"line":"61","mode":"bus","color":"#0059a9","colorDark":"#00294f","band":1,"off":[0,1.1]}},{"type":"Feature","geometry":{"type":"Point","coordinates":[11.976594,57.703591]},"properties":{"name":"Heden","band":1,"modes":"bus","arr":["61","63","64","173","258","503","510","513","753","754","758"],"off":[0,-0.8]}},{"type":"Feature","geometry":{"type":"Point","coordinates":[11.976594,57.703591]},"properties":{"line":"61","mode":"bus","color":"#0059a9","colorDark":"#00294f","band":1,"off":[-6.8,1.1]}},{"type":"Feature","geometry":{"type":"Point","coordinates":[11.976594,57.703591]},"properties":{"line":"63","mode":"bus","color":"#0059a9","colorDark":"#00294f","band":1,"off":[-3.4,1.1]}},{"type":"Feature","geometry":{"type":"Point","coordinates":[11.976594,57.703591]},"properties":{"line":"64","mode":"bus","color":"#0059a9","colorDark":"#00294f","band":1,"off":[0,1.1]}},{"type":"Feature","geometry":{"type":"Point","coordinates":[11.976594,57.703591]},"properties":{"line":"173","mode":"bus","color":"#0059a9","colorDark":"#00294f","band":1,"off":[3.4,1.1]}},{"type":"Feature","geometry":{"type":"Point","coordinates":[11.976594,57.703591]},"properties":{"line":"258","mode":"bus","color":"#0059a9","colorDark":"#00294f","band":1,"off":[6.8,1.1]}},{"type":"Feature","geometry":{"type":"Point","coordinates":[11.976594,57.703591]},"properties":{"line":"503","mode":"bus","color":"#0059a9","colorDark":"#00294f","band":1,"off":[-6.8,3.1]}},{"type":"Feature","geometry":{"type":"Point","coordinates":[11.976594,57.703591]},"properties":{"line":"510","mode":"bus","color":"#0059a9","colorDark":"#00294f","band":1,"off":[-3.4,3.1]}},{"type":"Feature","geometry":{"type":"Point","coordinates":[11.976594,57.703591]},"properties":{"line":"513","mode":"bus","color":"#0059a9","colorDark":"#00294f","band":1,"off":[0,3.1]}},{"type":"Feature","geometry":{"type":"Point","coordinates":[11.976594,57.703591]},"properties":{"line":"753","mode":"bus","color":"#0059a9","colorDark":"#00294f","band":1,"off":[3.4,3.1]}},{"type":"Feature","geometry":{"type":"Point","coordinates":[11.976594,57.703591]},"properties":{"line":"754","mode":"bus","color":"#0059a9","colorDark":"#00294f","band":1,"off":[6.8,3.1]}},{"type":"Feature","geometry":{"type":"Point","coordinates":[11.976594,57.703591]},"properties":{"line":"758","mode":"bus","color":"#0059a9","colorDark":"#00294f","band":1,"off":[0,5.1]}},{"type":"Feature","geometry":{"type":"Point","coordinates":[11.912466,57.673272]},"properties":{"name":"Fyrktorget","band":1,"modes":"bus","arr":["64"],"off":[0,-0.8]}},{"type":"Feature","geometry":{"type":"Point","coordinates":[11.912466,57.673272]},"properties":{"line":"64","mode":"bus","color":"#0059a9","colorDark":"#00294f","band":1,"off":[0,1.1]}},{"type":"Feature","geometry":{"type":"Point","coordinates":[11.915923,57.670918]},"properties":{"name":"Gerdas gård","band":1,"modes":"bus","arr":["65"],"off":[0,-0.8]}},{"type":"Feature","geometry":{"type":"Point","coordinates":[11.915923,57.670918]},"properties":{"line":"65","mode":"bus","color":"#0059a9","colorDark":"#00294f","band":1,"off":[0,1.1]}},{"type":"Feature","geometry":{"type":"Point","coordinates":[11.99432,57.699519]},"properties":{"name":"Liseberg Station","band":1,"modes":"bus","arr":["69"],"off":[0,-0.8]}},{"type":"Feature","geometry":{"type":"Point","coordinates":[11.99432,57.699519]},"properties":{"line":"69","mode":"bus","color":"#0059a9","colorDark":"#00294f","band":1,"off":[0,1.1]}},{"type":"Feature","geometry":{"type":"Point","coordinates":[11.979513,57.708044]},"properties":{"name":"Polhemsplatsen","band":1,"modes":"bus","arr":["69"],"off":[0,-0.8]}},{"type":"Feature","geometry":{"type":"Point","coordinates":[11.979513,57.708044]},"properties":{"line":"69","mode":"bus","color":"#0059a9","colorDark":"#00294f","band":1,"off":[0,1.1]}},{"type":"Feature","geometry":{"type":"Point","coordinates":[12.047615,57.772341]},"properties":{"name":"Eriksbo Östergärde","band":1,"modes":"bus","arr":["71","78","179"],"off":[0,-0.8]}},{"type":"Feature","geometry":{"type":"Point","coordinates":[12.047615,57.772341]},"properties":{"name":"Angereds Storåsväg","band":1,"modes":"bus","arr":["71","78","179"],"off":[0,-1.9]}},{"type":"Feature","geometry":{"type":"Point","coordinates":[12.047615,57.772341]},"properties":{"line":"71","mode":"bus","color":"#0059a9","colorDark":"#00294f","band":1,"off":[-3.4,1.1]}},{"type":"Feature","geometry":{"type":"Point","coordinates":[12.047615,57.772341]},"properties":{"line":"78","mode":"bus","color":"#0059a9","colorDark":"#00294f","band":1,"off":[0,1.1]}},{"type":"Feature","geometry":{"type":"Point","coordinates":[12.047615,57.772341]},"properties":{"line":"179","mode":"bus","color":"#0059a9","colorDark":"#00294f","band":1,"off":[3.4,1.1]}},{"type":"Feature","geometry":{"type":"Point","coordinates":[12.024386,57.800873]},"properties":{"name":"Peppargatan","band":1,"modes":"bus","arr":["73"],"off":[0,-0.8]}},{"type":"Feature","geometry":{"type":"Point","coordinates":[12.024386,57.800873]},"properties":{"line":"73","mode":"bus","color":"#0059a9","colorDark":"#00294f","band":1,"off":[0,1.1]}},{"type":"Feature","geometry":{"type":"Point","coordinates":[12.104961,57.738312]},"properties":{"name":"Partille centrum","band":1,"modes":"bus","arr":["74","510","511","512","513","514","515","516","517","518","519","X1"],"off":[0,-0.8]}},{"type":"Feature","geometry":{"type":"Point","coordinates":[12.104961,57.738312]},"properties":{"line":"74","mode":"bus","color":"#0059a9","colorDark":"#00294f","band":1,"off":[-6.8,1.1]}},{"type":"Feature","geometry":{"type":"Point","coordinates":[12.104961,57.738312]},"properties":{"line":"510","mode":"bus","color":"#0059a9","colorDark":"#00294f","band":1,"off":[-3.4,1.1]}},{"type":"Feature","geometry":{"type":"Point","coordinates":[12.104961,57.738312]},"properties":{"line":"511","mode":"bus","color":"#0059a9","colorDark":"#00294f","band":1,"off":[0,1.1]}},{"type":"Feature","geometry":{"type":"Point","coordinates":[12.104961,57.738312]},"properties":{"line":"512","mode":"bus","color":"#0059a9","colorDark":"#00294f","band":1,"off":[3.4,1.1]}},{"type":"Feature","geometry":{"type":"Point","coordinates":[12.104961,57.738312]},"properties":{"line":"513","mode":"bus","color":"#0059a9","colorDark":"#00294f","band":1,"off":[6.8,1.1]}},{"type":"Feature","geometry":{"type":"Point","coordinates":[12.104961,57.738312]},"properties":{"line":"514","mode":"bus","color":"#0059a9","colorDark":"#00294f","band":1,"off":[-6.8,3.1]}},{"type":"Feature","geometry":{"type":"Point","coordinates":[12.104961,57.738312]},"properties":{"line":"515","mode":"bus","color":"#0059a9","colorDark":"#00294f","band":1,"off":[-3.4,3.1]}},{"type":"Feature","geometry":{"type":"Point","coordinates":[12.104961,57.738312]},"properties":{"line":"516","mode":"bus","color":"#0059a9","colorDark":"#00294f","band":1,"off":[0,3.1]}},{"type":"Feature","geometry":{"type":"Point","coordinates":[12.104961,57.738312]},"properties":{"line":"517","mode":"bus","color":"#0059a9","colorDark":"#00294f","band":1,"off":[3.4,3.1]}},{"type":"Feature","geometry":{"type":"Point","coordinates":[12.104961,57.738312]},"properties":{"line":"518","mode":"bus","color":"#0059a9","colorDark":"#00294f","band":1,"off":[6.8,3.1]}},{"type":"Feature","geometry":{"type":"Point","coordinates":[12.104961,57.738312]},"properties":{"line":"519","mode":"bus","color":"#0059a9","colorDark":"#00294f","band":1,"off":[-1.7,5.1]}},{"type":"Feature","geometry":{"type":"Point","coordinates":[12.104961,57.738312]},"properties":{"line":"X1","mode":"bus","color":"#0059a9","colorDark":"#00294f","band":1,"off":[1.7,5.1]}},{"type":"Feature","geometry":{"type":"Point","coordinates":[12.03369,57.820947]},"properties":{"name":"Persiljegatan","band":1,"modes":"bus","arr":["75","77","X77"],"off":[0,-0.8]}},{"type":"Feature","geometry":{"type":"Point","coordinates":[12.03369,57.820947]},"properties":{"line":"75","mode":"bus","color":"#0059a9","colorDark":"#00294f","band":1,"off":[-3.4,1.1]}},{"type":"Feature","geometry":{"type":"Point","coordinates":[12.03369,57.820947]},"properties":{"line":"77","mode":"bus","color":"#0059a9","colorDark":"#00294f","band":1,"off":[0,1.1]}},{"type":"Feature","geometry":{"type":"Point","coordinates":[12.03369,57.820947]},"properties":{"line":"X77","mode":"bus","color":"#0059a9","colorDark":"#00294f","band":1,"off":[3.4,1.1]}},{"type":"Feature","geometry":{"type":"Point","coordinates":[12.068574,57.804925]},"properties":{"name":"Rannebergen Centrum","band":1,"modes":"bus","arr":["178","X76"],"off":[0,-0.8]}},{"type":"Feature","geometry":{"type":"Point","coordinates":[12.068574,57.804925]},"properties":{"line":"178","mode":"bus","color":"#0059a9","colorDark":"#00294f","band":1,"off":[-1.7,1.1]}},{"type":"Feature","geometry":{"type":"Point","coordinates":[12.068574,57.804925]},"properties":{"line":"X76","mode":"bus","color":"#0059a9","colorDark":"#00294f","band":1,"off":[1.7,1.1]}},{"type":"Feature","geometry":{"type":"Point","coordinates":[12.067313,57.800889]},"properties":{"name":"Fjällsyran","band":1,"modes":"bus","arr":["178","X76"],"off":[0,-0.8]}},{"type":"Feature","geometry":{"type":"Point","coordinates":[12.067313,57.800889]},"properties":{"line":"178","mode":"bus","color":"#0059a9","colorDark":"#00294f","band":1,"off":[-1.7,1.1]}},{"type":"Feature","geometry":{"type":"Point","coordinates":[12.067313,57.800889]},"properties":{"line":"X76","mode":"bus","color":"#0059a9","colorDark":"#00294f","band":1,"off":[1.7,1.1]}},{"type":"Feature","geometry":{"type":"Point","coordinates":[11.920867,57.59688]},"properties":{"name":"Lillövägen","band":1,"modes":"bus","arr":["82","258"],"off":[0,-0.8]}},{"type":"Feature","geometry":{"type":"Point","coordinates":[11.920867,57.59688]},"properties":{"line":"82","mode":"bus","color":"#0059a9","colorDark":"#00294f","band":1,"off":[-1.7,1.1]}},{"type":"Feature","geometry":{"type":"Point","coordinates":[11.920867,57.59688]},"properties":{"line":"258","mode":"bus","color":"#0059a9","colorDark":"#00294f","band":1,"off":[1.7,1.1]}},{"type":"Feature","geometry":{"type":"Point","coordinates":[11.964641,57.629942]},"properties":{"name":"Askims Svartmosse","band":1,"modes":"bus","arr":["83","84"],"off":[0,-0.8]}},{"type":"Feature","geometry":{"type":"Point","coordinates":[11.964641,57.629942]},"properties":{"line":"83","mode":"bus","color":"#0059a9","colorDark":"#00294f","band":1,"off":[-1.7,1.1]}},{"type":"Feature","geometry":{"type":"Point","coordinates":[11.964641,57.629942]},"properties":{"line":"84","mode":"bus","color":"#0059a9","colorDark":"#00294f","band":1,"off":[1.7,1.1]}},{"type":"Feature","geometry":{"type":"Point","coordinates":[11.940553,57.588464]},"properties":{"name":"Skintebo","band":1,"modes":"bus","arr":["89"],"off":[0,-0.8]}},{"type":"Feature","geometry":{"type":"Point","coordinates":[11.940553,57.588464]},"properties":{"line":"89","mode":"bus","color":"#0059a9","colorDark":"#00294f","band":1,"off":[0,1.1]}},{"type":"Feature","geometry":{"type":"Point","coordinates":[11.93942,57.617336]},"properties":{"name":"Hovås Nedre","band":1,"modes":"bus","arr":["180","184"],"off":[0,-0.8]}},{"type":"Feature","geometry":{"type":"Point","coordinates":[11.93942,57.617336]},"properties":{"line":"180","mode":"bus","color":"#0059a9","colorDark":"#00294f","band":1,"off":[-1.7,1.1]}},{"type":"Feature","geometry":{"type":"Point","coordinates":[11.93942,57.617336]},"properties":{"line":"184","mode":"bus","color":"#0059a9","colorDark":"#00294f","band":1,"off":[1.7,1.1]}},{"type":"Feature","geometry":{"type":"Point","coordinates":[11.871425,57.647864]},"properties":{"name":"Aprikosgatan","band":1,"modes":"bus","arr":["194"],"off":[0,-0.8]}},{"type":"Feature","geometry":{"type":"Point","coordinates":[11.871425,57.647864]},"properties":{"line":"194","mode":"bus","color":"#0059a9","colorDark":"#00294f","band":1,"off":[0,1.1]}},{"type":"Feature","geometry":{"type":"Point","coordinates":[11.90011,57.619686]},"properties":{"name":"Näsbovägen","band":1,"modes":"bus","arr":["92","93","94","193"],"off":[0,-0.8]}},{"type":"Feature","geometry":{"type":"Point","coordinates":[11.90011,57.619686]},"properties":{"line":"92","mode":"bus","color":"#0059a9","colorDark":"#00294f","band":1,"off":[-5.1,1.1]}},{"type":"Feature","geometry":{"type":"Point","coordinates":[11.90011,57.619686]},"properties":{"line":"93","mode":"bus","color":"#0059a9","colorDark":"#00294f","band":1,"off":[-1.7,1.1]}},{"type":"Feature","geometry":{"type":"Point","coordinates":[11.90011,57.619686]},"properties":{"line":"94","mode":"bus","color":"#0059a9","colorDark":"#00294f","band":1,"off":[1.7,1.1]}},{"type":"Feature","geometry":{"type":"Point","coordinates":[11.90011,57.619686]},"properties":{"line":"193","mode":"bus","color":"#0059a9","colorDark":"#00294f","band":1,"off":[5.1,1.1]}},{"type":"Feature","geometry":{"type":"Point","coordinates":[11.897168,57.634696]},"properties":{"name":"Åkered","band":1,"modes":"bus","arr":["196"],"off":[0,-0.8]}},{"type":"Feature","geometry":{"type":"Point","coordinates":[11.897168,57.634696]},"properties":{"line":"196","mode":"bus","color":"#0059a9","colorDark":"#00294f","band":1,"off":[0,1.1]}},{"type":"Feature","geometry":{"type":"Point","coordinates":[11.853211,57.648842]},"properties":{"name":"Fiskebäcks Småbåtshamn","band":1,"modes":"bus","arr":["97","197"],"off":[0,-0.8]}},{"type":"Feature","geometry":{"type":"Point","coordinates":[11.853211,57.648842]},"properties":{"line":"97","mode":"bus","color":"#0059a9","colorDark":"#00294f","band":1,"off":[-1.7,1.1]}},{"type":"Feature","geometry":{"type":"Point","coordinates":[11.853211,57.648842]},"properties":{"line":"197","mode":"bus","color":"#0059a9","colorDark":"#00294f","band":1,"off":[1.7,1.1]}},{"type":"Feature","geometry":{"type":"Point","coordinates":[12.570438,57.667706]},"properties":{"name":"Bollebygd station","band":1,"modes":"bus","arr":["101","611"],"off":[0,-0.8]}},{"type":"Feature","geometry":{"type":"Point","coordinates":[12.570438,57.667706]},"properties":{"line":"101","mode":"bus","color":"#0059a9","colorDark":"#00294f","band":1,"off":[-1.7,1.1]}},{"type":"Feature","geometry":{"type":"Point","coordinates":[12.570438,57.667706]},"properties":{"line":"611","mode":"bus","color":"#0059a9","colorDark":"#00294f","band":1,"off":[1.7,1.1]}},{"type":"Feature","geometry":{"type":"Point","coordinates":[11.9659,57.706738]},"properties":{"name":"Brunnsparken","band":1,"modes":"bus","arr":["114"],"off":[0,-0.8]}},{"type":"Feature","geometry":{"type":"Point","coordinates":[11.9659,57.706738]},"properties":{"line":"114","mode":"bus","color":"#0059a9","colorDark":"#00294f","band":1,"off":[0,1.1]}},{"type":"Feature","geometry":{"type":"Point","coordinates":[11.844849,57.660702]},"properties":{"name":"Saltholmen","band":1,"modes":"tram,bus","arr":["11","13","114","X"],"off":[0,-0.8]}},{"type":"Feature","geometry":{"type":"Point","coordinates":[11.844849,57.660702]},"properties":{"line":"11","mode":"tram","color":"#d6212b","colorDark":"#7c1116","band":1,"off":[-5.1,1.1]}},{"type":"Feature","geometry":{"type":"Point","coordinates":[11.844849,57.660702]},"properties":{"line":"13","mode":"tram","color":"#d6212b","colorDark":"#7c1116","band":1,"off":[-1.7,1.1]}},{"type":"Feature","geometry":{"type":"Point","coordinates":[11.844849,57.660702]},"properties":{"line":"114","mode":"bus","color":"#0059a9","colorDark":"#00294f","band":1,"off":[1.7,1.1]}},{"type":"Feature","geometry":{"type":"Point","coordinates":[11.844849,57.660702]},"properties":{"line":"X","mode":"tram","color":"#d6212b","colorDark":"#7c1116","band":1,"off":[5.1,1.1]}},{"type":"Feature","geometry":{"type":"Point","coordinates":[11.752138,57.728701]},"properties":{"name":"Hornkamsgatan","band":1,"modes":"bus","arr":["131","X1"],"off":[0,-0.8]}},{"type":"Feature","geometry":{"type":"Point","coordinates":[11.752138,57.728701]},"properties":{"line":"131","mode":"bus","color":"#0059a9","colorDark":"#00294f","band":1,"off":[-1.7,1.1]}},{"type":"Feature","geometry":{"type":"Point","coordinates":[11.752138,57.728701]},"properties":{"line":"X1","mode":"bus","color":"#0059a9","colorDark":"#00294f","band":1,"off":[1.7,1.1]}},{"type":"Feature","geometry":{"type":"Point","coordinates":[11.86415,57.776927]},"properties":{"name":"Säve Flygplats","band":1,"modes":"bus","arr":["135"],"off":[0,-0.8]}},{"type":"Feature","geometry":{"type":"Point","coordinates":[11.86415,57.776927]},"properties":{"line":"135","mode":"bus","color":"#0059a9","colorDark":"#00294f","band":1,"off":[0,1.1]}},{"type":"Feature","geometry":{"type":"Point","coordinates":[11.792782,57.844194]},"properties":{"name":"Kärna bussterminal","band":1,"modes":"bus","arr":["137","303","305","313","915","922","923","926","930"],"off":[0,-0.8]}},{"type":"Feature","geometry":{"type":"Point","coordinates":[11.792782,57.844194]},"properties":{"line":"137","mode":"bus","color":"#0059a9","colorDark":"#00294f","band":1,"off":[-6.8,1.1]}},{"type":"Feature","geometry":{"type":"Point","coordinates":[11.792782,57.844194]},"properties":{"line":"303","mode":"bus","color":"#0059a9","colorDark":"#00294f","band":1,"off":[-3.4,1.1]}},{"type":"Feature","geometry":{"type":"Point","coordinates":[11.792782,57.844194]},"properties":{"line":"305","mode":"bus","color":"#0059a9","colorDark":"#00294f","band":1,"off":[0,1.1]}},{"type":"Feature","geometry":{"type":"Point","coordinates":[11.792782,57.844194]},"properties":{"line":"313","mode":"bus","color":"#0059a9","colorDark":"#00294f","band":1,"off":[3.4,1.1]}},{"type":"Feature","geometry":{"type":"Point","coordinates":[11.792782,57.844194]},"properties":{"line":"915","mode":"bus","color":"#0059a9","colorDark":"#00294f","band":1,"off":[6.8,1.1]}},{"type":"Feature","geometry":{"type":"Point","coordinates":[11.792782,57.844194]},"properties":{"line":"922","mode":"bus","color":"#0059a9","colorDark":"#00294f","band":1,"off":[-5.1,3.1]}},{"type":"Feature","geometry":{"type":"Point","coordinates":[11.792782,57.844194]},"properties":{"line":"923","mode":"bus","color":"#0059a9","colorDark":"#00294f","band":1,"off":[-1.7,3.1]}},{"type":"Feature","geometry":{"type":"Point","coordinates":[11.792782,57.844194]},"properties":{"line":"926","mode":"bus","color":"#0059a9","colorDark":"#00294f","band":1,"off":[1.7,3.1]}},{"type":"Feature","geometry":{"type":"Point","coordinates":[11.792782,57.844194]},"properties":{"line":"930","mode":"bus","color":"#0059a9","colorDark":"#00294f","band":1,"off":[5.1,3.1]}},{"type":"Feature","geometry":{"type":"Point","coordinates":[11.844927,57.731706]},"properties":{"name":"IAC Group","band":1,"modes":"bus","arr":["139","142"],"off":[0,-0.8]}},{"type":"Feature","geometry":{"type":"Point","coordinates":[11.844927,57.731706]},"properties":{"line":"139","mode":"bus","color":"#0059a9","colorDark":"#00294f","band":1,"off":[-1.7,1.1]}},{"type":"Feature","geometry":{"type":"Point","coordinates":[11.844927,57.731706]},"properties":{"line":"142","mode":"bus","color":"#0059a9","colorDark":"#00294f","band":1,"off":[1.7,1.1]}},{"type":"Feature","geometry":{"type":"Point","coordinates":[11.891903,57.755539]},"properties":{"name":"Volvo Tuve L B","band":1,"modes":"bus","arr":["141"],"off":[0,-0.8]}},{"type":"Feature","geometry":{"type":"Point","coordinates":[11.891903,57.755539]},"properties":{"line":"141","mode":"bus","color":"#0059a9","colorDark":"#00294f","band":1,"off":[0,1.1]}},{"type":"Feature","geometry":{"type":"Point","coordinates":[11.884234,57.756311]},"properties":{"name":"Volvo Tuve L A","band":1,"modes":"bus","arr":["141","190"],"off":[0,-0.8]}},{"type":"Feature","geometry":{"type":"Point","coordinates":[11.884234,57.756311]},"properties":{"line":"141","mode":"bus","color":"#0059a9","colorDark":"#00294f","band":1,"off":[-1.7,1.1]}},{"type":"Feature","geometry":{"type":"Point","coordinates":[11.884234,57.756311]},"properties":{"line":"190","mode":"bus","color":"#0059a9","colorDark":"#00294f","band":1,"off":[1.7,1.1]}},{"type":"Feature","geometry":{"type":"Point","coordinates":[11.87203,57.735162]},"properties":{"name":"Hisingen Logistikpark","band":1,"modes":"bus","arr":["142"],"off":[0,-0.8]}},{"type":"Feature","geometry":{"type":"Point","coordinates":[11.87203,57.735162]},"properties":{"line":"142","mode":"bus","color":"#0059a9","colorDark":"#00294f","band":1,"off":[0,1.1]}},{"type":"Feature","geometry":{"type":"Point","coordinates":[11.841248,57.721844]},"properties":{"name":"Volvo Torslanda TA","band":1,"modes":"bus","arr":["185"],"off":[0,-0.8]}},{"type":"Feature","geometry":{"type":"Point","coordinates":[11.841248,57.721844]},"properties":{"line":"185","mode":"bus","color":"#0059a9","colorDark":"#00294f","band":1,"off":[0,1.1]}},{"type":"Feature","geometry":{"type":"Point","coordinates":[11.938388,57.659341]},"properties":{"name":"Beatrice Lesslies Gata","band":1,"modes":"bus","arr":["199"],"off":[0,-0.8]}},{"type":"Feature","geometry":{"type":"Point","coordinates":[11.938388,57.659341]},"properties":{"line":"199","mode":"bus","color":"#0059a9","colorDark":"#00294f","band":1,"off":[0,1.1]}},{"type":"Feature","geometry":{"type":"Point","coordinates":[11.642138,57.743813]},"properties":{"name":"Burö färjeläge","band":1,"modes":"bus","arr":["290","OC1"],"off":[0,-0.8]}},{"type":"Feature","geometry":{"type":"Point","coordinates":[11.642138,57.743813]},"properties":{"line":"290","mode":"bus","color":"#0059a9","colorDark":"#00294f","band":1,"off":[-1.7,1.1]}},{"type":"Feature","geometry":{"type":"Point","coordinates":[11.642138,57.743813]},"properties":{"line":"OC1","mode":"bus","color":"#0059a9","colorDark":"#00294f","band":1,"off":[1.7,1.1],"lbl":"1"}},{"type":"Feature","geometry":{"type":"Point","coordinates":[11.654866,57.67294]},"properties":{"name":"Fotö","band":1,"modes":"bus","arr":["291"],"off":[0,-0.8]}},{"type":"Feature","geometry":{"type":"Point","coordinates":[11.654866,57.67294]},"properties":{"line":"291","mode":"bus","color":"#0059a9","colorDark":"#00294f","band":1,"off":[0,1.1]}},{"type":"Feature","geometry":{"type":"Point","coordinates":[11.970008,57.871797]},"properties":{"name":"Kungälv resecentrum","band":1,"modes":"bus","arr":["302","303","307","308","309","319","401","914","KV2","KV3","X4"],"off":[0,-0.8]}},{"type":"Feature","geometry":{"type":"Point","coordinates":[11.970008,57.871797]},"properties":{"name":"Isbadet Oasen","band":1,"modes":"bus","arr":["302","303","307","308","309","319","401","914","KV2","KV3","X4"],"off":[0,-3]}},{"type":"Feature","geometry":{"type":"Point","coordinates":[11.970008,57.871797]},"properties":{"line":"302","mode":"bus","color":"#0059a9","colorDark":"#00294f","band":1,"off":[-6.8,1.1]}},{"type":"Feature","geometry":{"type":"Point","coordinates":[11.970008,57.871797]},"properties":{"line":"303","mode":"bus","color":"#0059a9","colorDark":"#00294f","band":1,"off":[-3.4,1.1]}},{"type":"Feature","geometry":{"type":"Point","coordinates":[11.970008,57.871797]},"properties":{"line":"307","mode":"bus","color":"#0059a9","colorDark":"#00294f","band":1,"off":[0,1.1]}},{"type":"Feature","geometry":{"type":"Point","coordinates":[11.970008,57.871797]},"properties":{"line":"308","mode":"bus","color":"#0059a9","colorDark":"#00294f","band":1,"off":[3.4,1.1]}},{"type":"Feature","geometry":{"type":"Point","coordinates":[11.970008,57.871797]},"properties":{"line":"309","mode":"bus","color":"#0059a9","colorDark":"#00294f","band":1,"off":[6.8,1.1]}},{"type":"Feature","geometry":{"type":"Point","coordinates":[11.970008,57.871797]},"properties":{"line":"319","mode":"bus","color":"#0059a9","colorDark":"#00294f","band":1,"off":[-6.8,3.1]}},{"type":"Feature","geometry":{"type":"Point","coordinates":[11.970008,57.871797]},"properties":{"line":"401","mode":"bus","color":"#0059a9","colorDark":"#00294f","band":1,"off":[-3.4,3.1]}},{"type":"Feature","geometry":{"type":"Point","coordinates":[11.970008,57.871797]},"properties":{"line":"914","mode":"bus","color":"#0059a9","colorDark":"#00294f","band":1,"off":[0,3.1]}},{"type":"Feature","geometry":{"type":"Point","coordinates":[11.970008,57.871797]},"properties":{"line":"KV2","mode":"bus","color":"#0059a9","colorDark":"#00294f","band":1,"off":[3.4,3.1],"lbl":"2"}},{"type":"Feature","geometry":{"type":"Point","coordinates":[11.970008,57.871797]},"properties":{"line":"KV3","mode":"bus","color":"#0059a9","colorDark":"#00294f","band":1,"off":[6.8,3.1],"lbl":"3"}},{"type":"Feature","geometry":{"type":"Point","coordinates":[11.970008,57.871797]},"properties":{"line":"X4","mode":"bus","color":"#0059a9","colorDark":"#00294f","band":1,"off":[0,5.1]}},{"type":"Feature","geometry":{"type":"Point","coordinates":[11.903833,57.874676]},"properties":{"name":"Guddeby","band":1,"modes":"bus","arr":["920"],"off":[0,-0.8]}},{"type":"Feature","geometry":{"type":"Point","coordinates":[11.903833,57.874676]},"properties":{"line":"920","mode":"bus","color":"#0059a9","colorDark":"#00294f","band":1,"off":[0,1.1]}},{"type":"Feature","geometry":{"type":"Point","coordinates":[11.813429,57.896409]},"properties":{"name":"Vävra övre","band":1,"modes":"bus","arr":["910","927"],"off":[0,-0.8]}},{"type":"Feature","geometry":{"type":"Point","coordinates":[11.813429,57.896409]},"properties":{"line":"910","mode":"bus","color":"#0059a9","colorDark":"#00294f","band":1,"off":[-1.7,1.1]}},{"type":"Feature","geometry":{"type":"Point","coordinates":[11.813429,57.896409]},"properties":{"line":"927","mode":"bus","color":"#0059a9","colorDark":"#00294f","band":1,"off":[1.7,1.1]}},{"type":"Feature","geometry":{"type":"Point","coordinates":[11.787629,57.892109]},"properties":{"name":"Lökeberg","band":1,"modes":"bus","arr":["923"],"off":[0,-0.8]}},{"type":"Feature","geometry":{"type":"Point","coordinates":[11.787629,57.892109]},"properties":{"line":"923","mode":"bus","color":"#0059a9","colorDark":"#00294f","band":1,"off":[0,1.1]}},{"type":"Feature","geometry":{"type":"Point","coordinates":[11.589236,57.88672]},"properties":{"name":"Marstrands färjeläge","band":1,"modes":"bus","arr":["302"],"off":[0,-0.8]}},{"type":"Feature","geometry":{"type":"Point","coordinates":[11.589236,57.88672]},"properties":{"line":"302","mode":"bus","color":"#0059a9","colorDark":"#00294f","band":1,"off":[0,1.1]}},{"type":"Feature","geometry":{"type":"Point","coordinates":[11.750865,57.890891]},"properties":{"name":"Gethagen","band":1,"modes":"bus","arr":["927"],"off":[0,-0.8]}},{"type":"Feature","geometry":{"type":"Point","coordinates":[11.750865,57.890891]},"properties":{"line":"927","mode":"bus","color":"#0059a9","colorDark":"#00294f","band":1,"off":[0,1.1]}},{"type":"Feature","geometry":{"type":"Point","coordinates":[11.847383,57.857339]},"properties":{"name":"Trädal östra","band":1,"modes":"bus","arr":["922"],"off":[0,-0.8]}},{"type":"Feature","geometry":{"type":"Point","coordinates":[11.847383,57.857339]},"properties":{"line":"922","mode":"bus","color":"#0059a9","colorDark":"#00294f","band":1,"off":[0,1.1]}},{"type":"Feature","geometry":{"type":"Point","coordinates":[11.713143,57.90001]},"properties":{"name":"Tjuvkilshuvud","band":1,"modes":"bus","arr":["305"],"off":[0,-0.8]}},{"type":"Feature","geometry":{"type":"Point","coordinates":[11.713143,57.90001]},"properties":{"line":"305","mode":"bus","color":"#0059a9","colorDark":"#00294f","band":1,"off":[0,1.1]}},{"type":"Feature","geometry":{"type":"Point","coordinates":[11.925788,57.904978]},"properties":{"name":"Kareby skola","band":1,"modes":"bus","arr":["911","912","913","917","925"],"off":[0,-0.8]}},{"type":"Feature","geometry":{"type":"Point","coordinates":[11.925788,57.904978]},"properties":{"name":"Kareby korsväg","band":1,"modes":"bus","arr":["911","912","913","917","925"],"off":[0,-1.9]}},{"type":"Feature","geometry":{"type":"Point","coordinates":[11.925788,57.904978]},"properties":{"line":"911","mode":"bus","color":"#0059a9","colorDark":"#00294f","band":1,"off":[-6.8,1.1]}},{"type":"Feature","geometry":{"type":"Point","coordinates":[11.925788,57.904978]},"properties":{"line":"912","mode":"bus","color":"#0059a9","colorDark":"#00294f","band":1,"off":[-3.4,1.1]}},{"type":"Feature","geometry":{"type":"Point","coordinates":[11.925788,57.904978]},"properties":{"line":"913","mode":"bus","color":"#0059a9","colorDark":"#00294f","band":1,"off":[0,1.1]}},{"type":"Feature","geometry":{"type":"Point","coordinates":[11.925788,57.904978]},"properties":{"line":"917","mode":"bus","color":"#0059a9","colorDark":"#00294f","band":1,"off":[3.4,1.1]}},{"type":"Feature","geometry":{"type":"Point","coordinates":[11.925788,57.904978]},"properties":{"line":"925","mode":"bus","color":"#0059a9","colorDark":"#00294f","band":1,"off":[6.8,1.1]}},{"type":"Feature","geometry":{"type":"Point","coordinates":[12.031726,57.924399]},"properties":{"name":"Diseröds centrum","band":1,"modes":"bus","arr":["307","914","918"],"off":[0,-0.8]}},{"type":"Feature","geometry":{"type":"Point","coordinates":[12.031726,57.924399]},"properties":{"line":"307","mode":"bus","color":"#0059a9","colorDark":"#00294f","band":1,"off":[-3.4,1.1]}},{"type":"Feature","geometry":{"type":"Point","coordinates":[12.031726,57.924399]},"properties":{"line":"914","mode":"bus","color":"#0059a9","colorDark":"#00294f","band":1,"off":[0,1.1]}},{"type":"Feature","geometry":{"type":"Point","coordinates":[12.031726,57.924399]},"properties":{"line":"918","mode":"bus","color":"#0059a9","colorDark":"#00294f","band":1,"off":[3.4,1.1]}},{"type":"Feature","geometry":{"type":"Point","coordinates":[12.013022,57.96117]},"properties":{"name":"Grandalen","band":1,"modes":"bus","arr":["308"],"off":[0,-0.8]}},{"type":"Feature","geometry":{"type":"Point","coordinates":[12.013022,57.96117]},"properties":{"line":"308","mode":"bus","color":"#0059a9","colorDark":"#00294f","band":1,"off":[0,1.1]}},{"type":"Feature","geometry":{"type":"Point","coordinates":[11.848776,57.906752]},"properties":{"name":"Restads vägskäl","band":1,"modes":"bus","arr":["911"],"off":[0,-0.8]}},{"type":"Feature","geometry":{"type":"Point","coordinates":[11.848776,57.906752]},"properties":{"line":"911","mode":"bus","color":"#0059a9","colorDark":"#00294f","band":1,"off":[0,1.1]}},{"type":"Feature","geometry":{"type":"Point","coordinates":[11.762467,57.951434]},"properties":{"name":"Aröd Jacobsvägen","band":1,"modes":"bus","arr":["309"],"off":[0,-0.8]}},{"type":"Feature","geometry":{"type":"Point","coordinates":[11.762467,57.951434]},"properties":{"line":"309","mode":"bus","color":"#0059a9","colorDark":"#00294f","band":1,"off":[0,1.1]}},{"type":"Feature","geometry":{"type":"Point","coordinates":[11.918894,57.912037]},"properties":{"name":"Myrebackavägen","band":1,"modes":"bus","arr":["912"],"off":[0,-0.8]}},{"type":"Feature","geometry":{"type":"Point","coordinates":[11.918894,57.912037]},"properties":{"line":"912","mode":"bus","color":"#0059a9","colorDark":"#00294f","band":1,"off":[0,1.1]}},{"type":"Feature","geometry":{"type":"Point","coordinates":[11.905735,57.926879]},"properties":{"name":"Lundby","band":1,"modes":"bus","arr":["925"],"off":[0,-0.8]}},{"type":"Feature","geometry":{"type":"Point","coordinates":[11.905735,57.926879]},"properties":{"line":"925","mode":"bus","color":"#0059a9","colorDark":"#00294f","band":1,"off":[0,1.1]}},{"type":"Feature","geometry":{"type":"Point","coordinates":[11.847719,57.947935]},"properties":{"name":"Bräcke","band":1,"modes":"bus","arr":["319"],"off":[0,-0.8]}},{"type":"Feature","geometry":{"type":"Point","coordinates":[11.847719,57.947935]},"properties":{"line":"319","mode":"bus","color":"#0059a9","colorDark":"#00294f","band":1,"off":[0,1.1]}},{"type":"Feature","geometry":{"type":"Point","coordinates":[11.85085,57.943711]},"properties":{"name":"Kode station","band":1,"modes":"bus","arr":["903"],"off":[0,-0.8]}},{"type":"Feature","geometry":{"type":"Point","coordinates":[11.85085,57.943711]},"properties":{"line":"903","mode":"bus","color":"#0059a9","colorDark":"#00294f","band":1,"off":[0,1.1]}},{"type":"Feature","geometry":{"type":"Point","coordinates":[12.044339,57.892891]},"properties":{"name":"Nödinge station","band":1,"modes":"bus","arr":["402","403","404","415"],"off":[0,-0.8]}},{"type":"Feature","geometry":{"type":"Point","coordinates":[12.044339,57.892891]},"properties":{"line":"402","mode":"bus","color":"#0059a9","colorDark":"#00294f","band":1,"off":[-5.1,1.1]}},{"type":"Feature","geometry":{"type":"Point","coordinates":[12.044339,57.892891]},"properties":{"line":"403","mode":"bus","color":"#0059a9","colorDark":"#00294f","band":1,"off":[-1.7,1.1]}},{"type":"Feature","geometry":{"type":"Point","coordinates":[12.044339,57.892891]},"properties":{"line":"404","mode":"bus","color":"#0059a9","colorDark":"#00294f","band":1,"off":[1.7,1.1]}},{"type":"Feature","geometry":{"type":"Point","coordinates":[12.044339,57.892891]},"properties":{"line":"415","mode":"bus","color":"#0059a9","colorDark":"#00294f","band":1,"off":[5.1,1.1]}},{"type":"Feature","geometry":{"type":"Point","coordinates":[12.037483,57.851058]},"properties":{"name":"Jennylund","band":1,"modes":"bus","arr":["402"],"off":[0,-0.8]}},{"type":"Feature","geometry":{"type":"Point","coordinates":[12.037483,57.851058]},"properties":{"line":"402","mode":"bus","color":"#0059a9","colorDark":"#00294f","band":1,"off":[0,1.1]}},{"type":"Feature","geometry":{"type":"Point","coordinates":[12.063087,57.918773]},"properties":{"name":"Nol station","band":1,"modes":"bus","arr":["413"],"off":[0,-0.8]}},{"type":"Feature","geometry":{"type":"Point","coordinates":[12.063087,57.918773]},"properties":{"line":"413","mode":"bus","color":"#0059a9","colorDark":"#00294f","band":1,"off":[0,1.1]}},{"type":"Feature","geometry":{"type":"Point","coordinates":[12.194921,57.892457]},"properties":{"name":"Ryds missionshus","band":1,"modes":"bus","arr":["413"],"off":[0,-0.8]}},{"type":"Feature","geometry":{"type":"Point","coordinates":[12.194921,57.892457]},"properties":{"line":"413","mode":"bus","color":"#0059a9","colorDark":"#00294f","band":1,"off":[0,1.1]}},{"type":"Feature","geometry":{"type":"Point","coordinates":[12.098984,57.872361]},"properties":{"name":"Bönabo","band":1,"modes":"bus","arr":["415"],"off":[0,-0.8]}},{"type":"Feature","geometry":{"type":"Point","coordinates":[12.098984,57.872361]},"properties":{"line":"415","mode":"bus","color":"#0059a9","colorDark":"#00294f","band":1,"off":[0,1.1]}},{"type":"Feature","geometry":{"type":"Point","coordinates":[12.151165,57.742971]},"properties":{"name":"Stärtered","band":1,"modes":"bus","arr":["501"],"off":[0,-0.8]}},{"type":"Feature","geometry":{"type":"Point","coordinates":[12.151165,57.742971]},"properties":{"line":"501","mode":"bus","color":"#0059a9","colorDark":"#00294f","band":1,"off":[0,1.1]}},{"type":"Feature","geometry":{"type":"Point","coordinates":[12.127744,57.724911]},"properties":{"name":"Furulunds centrum","band":1,"modes":"bus","arr":["502","517"],"off":[0,-0.8]}},{"type":"Feature","geometry":{"type":"Point","coordinates":[12.127744,57.724911]},"properties":{"name":"Furulund","band":1,"modes":"bus","arr":["502","517"],"off":[0,-1.9]}},{"type":"Feature","geometry":{"type":"Point","coordinates":[12.127744,57.724911]},"properties":{"line":"502","mode":"bus","color":"#0059a9","colorDark":"#00294f","band":1,"off":[-1.7,1.1]}},{"type":"Feature","geometry":{"type":"Point","coordinates":[12.127744,57.724911]},"properties":{"line":"517","mode":"bus","color":"#0059a9","colorDark":"#00294f","band":1,"off":[1.7,1.1]}},{"type":"Feature","geometry":{"type":"Point","coordinates":[12.132859,57.720511]},"properties":{"name":"Fritidsvägen","band":1,"modes":"bus","arr":["503"],"off":[0,-0.8]}},{"type":"Feature","geometry":{"type":"Point","coordinates":[12.132859,57.720511]},"properties":{"line":"503","mode":"bus","color":"#0059a9","colorDark":"#00294f","band":1,"off":[0,1.1]}},{"type":"Feature","geometry":{"type":"Point","coordinates":[12.213453,57.686247]},"properties":{"name":"Landvetter resecentrum","band":1,"modes":"bus","arr":["511","620","X6"],"off":[0,-0.8]}},{"type":"Feature","geometry":{"type":"Point","coordinates":[12.213453,57.686247]},"properties":{"line":"511","mode":"bus","color":"#0059a9","colorDark":"#00294f","band":1,"off":[-3.4,1.1]}},{"type":"Feature","geometry":{"type":"Point","coordinates":[12.213453,57.686247]},"properties":{"line":"620","mode":"bus","color":"#0059a9","colorDark":"#00294f","band":1,"off":[0,1.1]}},{"type":"Feature","geometry":{"type":"Point","coordinates":[12.213453,57.686247]},"properties":{"line":"X6","mode":"bus","color":"#0059a9","colorDark":"#00294f","band":1,"off":[3.4,1.1]}},{"type":"Feature","geometry":{"type":"Point","coordinates":[12.205782,57.700849]},"properties":{"name":"Önneröd","band":1,"modes":"bus","arr":["612"],"off":[0,-0.8]}},{"type":"Feature","geometry":{"type":"Point","coordinates":[12.205782,57.700849]},"properties":{"line":"612","mode":"bus","color":"#0059a9","colorDark":"#00294f","band":1,"off":[0,1.1]}},{"type":"Feature","geometry":{"type":"Point","coordinates":[11.994805,57.698062]},"properties":{"name":"Liseberg Station","band":1,"modes":"bus","arr":["512"],"off":[0,-0.8]}},{"type":"Feature","geometry":{"type":"Point","coordinates":[11.994805,57.698062]},"properties":{"line":"512","mode":"bus","color":"#0059a9","colorDark":"#00294f","band":1,"off":[0,1.1]}},{"type":"Feature","geometry":{"type":"Point","coordinates":[12.070652,57.71765]},"properties":{"name":"Ljungkullen","band":1,"modes":"bus","arr":["X5"],"off":[0,-0.8]}},{"type":"Feature","geometry":{"type":"Point","coordinates":[12.070652,57.71765]},"properties":{"line":"X5","mode":"bus","color":"#0059a9","colorDark":"#00294f","band":1,"off":[0,1.1]}},{"type":"Feature","geometry":{"type":"Point","coordinates":[12.117267,57.657291]},"properties":{"name":"Mölnlycke resecentrum","band":1,"modes":"bus","arr":["516","601","611","751","HA1","HA3","X90"],"off":[0,-0.8]}},{"type":"Feature","geometry":{"type":"Point","coordinates":[12.117267,57.657291]},"properties":{"line":"516","mode":"bus","color":"#0059a9","colorDark":"#00294f","band":1,"off":[-6.8,1.1]}},{"type":"Feature","geometry":{"type":"Point","coordinates":[12.117267,57.657291]},"properties":{"line":"601","mode":"bus","color":"#0059a9","colorDark":"#00294f","band":1,"off":[-3.4,1.1]}},{"type":"Feature","geometry":{"type":"Point","coordinates":[12.117267,57.657291]},"properties":{"line":"611","mode":"bus","color":"#0059a9","colorDark":"#00294f","band":1,"off":[0,1.1]}},{"type":"Feature","geometry":{"type":"Point","coordinates":[12.117267,57.657291]},"properties":{"line":"751","mode":"bus","color":"#0059a9","colorDark":"#00294f","band":1,"off":[3.4,1.1]}},{"type":"Feature","geometry":{"type":"Point","coordinates":[12.117267,57.657291]},"properties":{"line":"HA1","mode":"bus","color":"#0059a9","colorDark":"#00294f","band":1,"off":[6.8,1.1],"lbl":"1"}},{"type":"Feature","geometry":{"type":"Point","coordinates":[12.117267,57.657291]},"properties":{"line":"HA3","mode":"bus","color":"#0059a9","colorDark":"#00294f","band":1,"off":[-1.7,3.1],"lbl":"3"}},{"type":"Feature","geometry":{"type":"Point","coordinates":[12.117267,57.657291]},"properties":{"line":"X90","mode":"bus","color":"#0059a9","colorDark":"#00294f","band":1,"off":[1.7,3.1]}},{"type":"Feature","geometry":{"type":"Point","coordinates":[12.27172,57.769585]},"properties":{"name":"Lerum station","band":1,"modes":"bus","arr":["529","531","534","536","537","538","539"],"off":[0,-0.8]}},{"type":"Feature","geometry":{"type":"Point","coordinates":[12.27172,57.769585]},"properties":{"line":"529","mode":"bus","color":"#0059a9","colorDark":"#00294f","band":1,"off":[-6.8,1.1]}},{"type":"Feature","geometry":{"type":"Point","coordinates":[12.27172,57.769585]},"properties":{"line":"531","mode":"bus","color":"#0059a9","colorDark":"#00294f","band":1,"off":[-3.4,1.1]}},{"type":"Feature","geometry":{"type":"Point","coordinates":[12.27172,57.769585]},"properties":{"line":"534","mode":"bus","color":"#0059a9","colorDark":"#00294f","band":1,"off":[0,1.1]}},{"type":"Feature","geometry":{"type":"Point","coordinates":[12.27172,57.769585]},"properties":{"line":"536","mode":"bus","color":"#0059a9","colorDark":"#00294f","band":1,"off":[3.4,1.1]}},{"type":"Feature","geometry":{"type":"Point","coordinates":[12.27172,57.769585]},"properties":{"line":"537","mode":"bus","color":"#0059a9","colorDark":"#00294f","band":1,"off":[6.8,1.1]}},{"type":"Feature","geometry":{"type":"Point","coordinates":[12.27172,57.769585]},"properties":{"line":"538","mode":"bus","color":"#0059a9","colorDark":"#00294f","band":1,"off":[-1.7,3.1]}},{"type":"Feature","geometry":{"type":"Point","coordinates":[12.27172,57.769585]},"properties":{"line":"539","mode":"bus","color":"#0059a9","colorDark":"#00294f","band":1,"off":[1.7,3.1]}},{"type":"Feature","geometry":{"type":"Point","coordinates":[12.272746,57.783478]},"properties":{"name":"Hallsås","band":1,"modes":"bus","arr":["530","535"],"off":[0,-0.8]}},{"type":"Feature","geometry":{"type":"Point","coordinates":[12.272746,57.783478]},"properties":{"line":"530","mode":"bus","color":"#0059a9","colorDark":"#00294f","band":1,"off":[-1.7,1.1]}},{"type":"Feature","geometry":{"type":"Point","coordinates":[12.272746,57.783478]},"properties":{"line":"535","mode":"bus","color":"#0059a9","colorDark":"#00294f","band":1,"off":[1.7,1.1]}},{"type":"Feature","geometry":{"type":"Point","coordinates":[12.242279,57.753971]},"properties":{"name":"Aspen station","band":1,"modes":"bus","arr":["530"],"off":[0,-0.8]}},{"type":"Feature","geometry":{"type":"Point","coordinates":[12.242279,57.753971]},"properties":{"line":"530","mode":"bus","color":"#0059a9","colorDark":"#00294f","band":1,"off":[0,1.1]}},{"type":"Feature","geometry":{"type":"Point","coordinates":[12.36122,57.809505]},"properties":{"name":"Floda station","band":1,"modes":"bus","arr":["531","537"],"off":[0,-0.8]}},{"type":"Feature","geometry":{"type":"Point","coordinates":[12.36122,57.809505]},"properties":{"line":"531","mode":"bus","color":"#0059a9","colorDark":"#00294f","band":1,"off":[-1.7,1.1]}},{"type":"Feature","geometry":{"type":"Point","coordinates":[12.36122,57.809505]},"properties":{"line":"537","mode":"bus","color":"#0059a9","colorDark":"#00294f","band":1,"off":[1.7,1.1]}},{"type":"Feature","geometry":{"type":"Point","coordinates":[12.287182,57.739207]},"properties":{"name":"Häckenvägen","band":1,"modes":"bus","arr":["535"],"off":[0,-0.8]}},{"type":"Feature","geometry":{"type":"Point","coordinates":[12.287182,57.739207]},"properties":{"line":"535","mode":"bus","color":"#0059a9","colorDark":"#00294f","band":1,"off":[0,1.1]}},{"type":"Feature","geometry":{"type":"Point","coordinates":[12.164397,57.804083]},"properties":{"name":"Olofstorp Västra","band":1,"modes":"bus","arr":["536"],"off":[0,-0.8]}},{"type":"Feature","geometry":{"type":"Point","coordinates":[12.164397,57.804083]},"properties":{"line":"536","mode":"bus","color":"#0059a9","colorDark":"#00294f","band":1,"off":[0,1.1]}},{"type":"Feature","geometry":{"type":"Point","coordinates":[12.231566,57.774707]},"properties":{"name":"Aspenäsgården","band":1,"modes":"bus","arr":["539"],"off":[0,-0.8]}},{"type":"Feature","geometry":{"type":"Point","coordinates":[12.231566,57.774707]},"properties":{"line":"539","mode":"bus","color":"#0059a9","colorDark":"#00294f","band":1,"off":[0,1.1]}},{"type":"Feature","geometry":{"type":"Point","coordinates":[12.177661,57.632396]},"properties":{"name":"Djurstensvägen","band":1,"modes":"bus","arr":["601"],"off":[0,-0.8]}},{"type":"Feature","geometry":{"type":"Point","coordinates":[12.177661,57.632396]},"properties":{"line":"601","mode":"bus","color":"#0059a9","colorDark":"#00294f","band":1,"off":[0,1.1]}},{"type":"Feature","geometry":{"type":"Point","coordinates":[12.15693,57.64961]},"properties":{"name":"Höga hallar","band":1,"modes":"bus","arr":["X4"],"off":[0,-0.8]}},{"type":"Feature","geometry":{"type":"Point","coordinates":[12.15693,57.64961]},"properties":{"line":"X4","mode":"bus","color":"#0059a9","colorDark":"#00294f","band":1,"off":[0,1.1]}},{"type":"Feature","geometry":{"type":"Point","coordinates":[12.123603,57.647441]},"properties":{"name":"Stenhuggarevägen","band":1,"modes":"bus","arr":["HA2"],"off":[0,-0.8]}},{"type":"Feature","geometry":{"type":"Point","coordinates":[12.123603,57.647441]},"properties":{"line":"HA2","mode":"bus","color":"#0059a9","colorDark":"#00294f","band":1,"off":[0,1.1],"lbl":"2"}},{"type":"Feature","geometry":{"type":"Point","coordinates":[12.295415,57.667461]},"properties":{"name":"Landvetter flygplats","band":1,"modes":"bus","arr":["612","FLYG"],"off":[0,-0.8]}},{"type":"Feature","geometry":{"type":"Point","coordinates":[12.295415,57.667461]},"properties":{"line":"612","mode":"bus","color":"#0059a9","colorDark":"#00294f","band":1,"off":[-1.7,1.1]}},{"type":"Feature","geometry":{"type":"Point","coordinates":[12.295415,57.667461]},"properties":{"line":"FLYG","mode":"bus","color":"#0059a9","colorDark":"#00294f","band":1,"off":[1.7,1.1]}},{"type":"Feature","geometry":{"type":"Point","coordinates":[12.254103,57.606044]},"properties":{"name":"Inseros","band":1,"modes":"bus","arr":["620","762","763"],"off":[0,-0.8]}},{"type":"Feature","geometry":{"type":"Point","coordinates":[12.254103,57.606044]},"properties":{"line":"620","mode":"bus","color":"#0059a9","colorDark":"#00294f","band":1,"off":[-3.4,1.1]}},{"type":"Feature","geometry":{"type":"Point","coordinates":[12.254103,57.606044]},"properties":{"line":"762","mode":"bus","color":"#0059a9","colorDark":"#00294f","band":1,"off":[0,1.1]}},{"type":"Feature","geometry":{"type":"Point","coordinates":[12.254103,57.606044]},"properties":{"line":"763","mode":"bus","color":"#0059a9","colorDark":"#00294f","band":1,"off":[3.4,1.1]}},{"type":"Feature","geometry":{"type":"Point","coordinates":[12.268662,57.58762]},"properties":{"name":"Röshult","band":1,"modes":"bus","arr":["717"],"off":[0,-0.8]}},{"type":"Feature","geometry":{"type":"Point","coordinates":[12.268662,57.58762]},"properties":{"line":"717","mode":"bus","color":"#0059a9","colorDark":"#00294f","band":1,"off":[0,1.1]}},{"type":"Feature","geometry":{"type":"Point","coordinates":[11.925138,57.545916]},"properties":{"name":"Kullaviks hamn","band":1,"modes":"bus","arr":["720","X3"],"off":[0,-0.8]}},{"type":"Feature","geometry":{"type":"Point","coordinates":[11.925138,57.545916]},"properties":{"line":"720","mode":"bus","color":"#0059a9","colorDark":"#00294f","band":1,"off":[-1.7,1.1]}},{"type":"Feature","geometry":{"type":"Point","coordinates":[11.925138,57.545916]},"properties":{"line":"X3","mode":"bus","color":"#0059a9","colorDark":"#00294f","band":1,"off":[1.7,1.1]}},{"type":"Feature","geometry":{"type":"Point","coordinates":[12.080542,57.57555]},"properties":{"name":"Lindome station","band":1,"modes":"bus","arr":["735","761","762","763","766"],"off":[0,-0.8]}},{"type":"Feature","geometry":{"type":"Point","coordinates":[12.080542,57.57555]},"properties":{"line":"735","mode":"bus","color":"#0059a9","colorDark":"#00294f","band":1,"off":[-6.8,1.1]}},{"type":"Feature","geometry":{"type":"Point","coordinates":[12.080542,57.57555]},"properties":{"line":"761","mode":"bus","color":"#0059a9","colorDark":"#00294f","band":1,"off":[-3.4,1.1]}},{"type":"Feature","geometry":{"type":"Point","coordinates":[12.080542,57.57555]},"properties":{"line":"762","mode":"bus","color":"#0059a9","colorDark":"#00294f","band":1,"off":[0,1.1]}},{"type":"Feature","geometry":{"type":"Point","coordinates":[12.080542,57.57555]},"properties":{"line":"763","mode":"bus","color":"#0059a9","colorDark":"#00294f","band":1,"off":[3.4,1.1]}},{"type":"Feature","geometry":{"type":"Point","coordinates":[12.080542,57.57555]},"properties":{"line":"766","mode":"bus","color":"#0059a9","colorDark":"#00294f","band":1,"off":[6.8,1.1]}},{"type":"Feature","geometry":{"type":"Point","coordinates":[12.026212,57.605778]},"properties":{"name":"Kålleredgården","band":1,"modes":"bus","arr":["755","765"],"off":[0,-0.8]}},{"type":"Feature","geometry":{"type":"Point","coordinates":[12.026212,57.605778]},"properties":{"line":"755","mode":"bus","color":"#0059a9","colorDark":"#00294f","band":1,"off":[-1.7,1.1]}},{"type":"Feature","geometry":{"type":"Point","coordinates":[12.026212,57.605778]},"properties":{"line":"765","mode":"bus","color":"#0059a9","colorDark":"#00294f","band":1,"off":[1.7,1.1]}},{"type":"Feature","geometry":{"type":"Point","coordinates":[12.00232,57.628643]},"properties":{"name":"Årsringsgatan","band":1,"modes":"bus","arr":["759"],"off":[0,-0.8]}},{"type":"Feature","geometry":{"type":"Point","coordinates":[12.00232,57.628643]},"properties":{"line":"759","mode":"bus","color":"#0059a9","colorDark":"#00294f","band":1,"off":[0,1.1]}},{"type":"Feature","geometry":{"type":"Point","coordinates":[12.106668,57.574727]},"properties":{"name":"Varvsvägen","band":1,"modes":"bus","arr":["760"],"off":[0,-0.8]}},{"type":"Feature","geometry":{"type":"Point","coordinates":[12.106668,57.574727]},"properties":{"line":"760","mode":"bus","color":"#0059a9","colorDark":"#00294f","band":1,"off":[0,1.1]}},{"type":"Feature","geometry":{"type":"Point","coordinates":[12.105515,57.618591]},"properties":{"name":"Tulebohöjd","band":1,"modes":"bus","arr":["764","765"],"off":[0,-0.8]}},{"type":"Feature","geometry":{"type":"Point","coordinates":[12.105515,57.618591]},"properties":{"line":"764","mode":"bus","color":"#0059a9","colorDark":"#00294f","band":1,"off":[-1.7,1.1]}},{"type":"Feature","geometry":{"type":"Point","coordinates":[12.105515,57.618591]},"properties":{"line":"765","mode":"bus","color":"#0059a9","colorDark":"#00294f","band":1,"off":[1.7,1.1]}},{"type":"Feature","geometry":{"type":"Point","coordinates":[12.056113,57.571988]},"properties":{"name":"Västra Fageredsvägen","band":1,"modes":"bus","arr":["766"],"off":[0,-0.8]}},{"type":"Feature","geometry":{"type":"Point","coordinates":[12.056113,57.571988]},"properties":{"line":"766","mode":"bus","color":"#0059a9","colorDark":"#00294f","band":1,"off":[0,1.1]}},{"type":"Feature","geometry":{"type":"Point","coordinates":[11.918685,57.862852]},"properties":{"name":"Ytterby station","band":1,"modes":"bus","arr":["903","920","921","926","928","KV2"],"off":[0,-0.8]}},{"type":"Feature","geometry":{"type":"Point","coordinates":[11.918685,57.862852]},"properties":{"line":"903","mode":"bus","color":"#0059a9","colorDark":"#00294f","band":1,"off":[-6.8,1.1]}},{"type":"Feature","geometry":{"type":"Point","coordinates":[11.918685,57.862852]},"properties":{"line":"920","mode":"bus","color":"#0059a9","colorDark":"#00294f","band":1,"off":[-3.4,1.1]}},{"type":"Feature","geometry":{"type":"Point","coordinates":[11.918685,57.862852]},"properties":{"line":"921","mode":"bus","color":"#0059a9","colorDark":"#00294f","band":1,"off":[0,1.1]}},{"type":"Feature","geometry":{"type":"Point","coordinates":[11.918685,57.862852]},"properties":{"line":"926","mode":"bus","color":"#0059a9","colorDark":"#00294f","band":1,"off":[3.4,1.1]}},{"type":"Feature","geometry":{"type":"Point","coordinates":[11.918685,57.862852]},"properties":{"line":"928","mode":"bus","color":"#0059a9","colorDark":"#00294f","band":1,"off":[6.8,1.1]}},{"type":"Feature","geometry":{"type":"Point","coordinates":[11.918685,57.862852]},"properties":{"line":"KV2","mode":"bus","color":"#0059a9","colorDark":"#00294f","band":1,"off":[0,3.1],"lbl":"2"}},{"type":"Feature","geometry":{"type":"Point","coordinates":[11.82449,57.89595]},"properties":{"name":"Hålta skola","band":1,"modes":"bus","arr":["910","924","927"],"off":[0,-0.8]}},{"type":"Feature","geometry":{"type":"Point","coordinates":[11.82449,57.89595]},"properties":{"line":"910","mode":"bus","color":"#0059a9","colorDark":"#00294f","band":1,"off":[-3.4,1.1]}},{"type":"Feature","geometry":{"type":"Point","coordinates":[11.82449,57.89595]},"properties":{"line":"924","mode":"bus","color":"#0059a9","colorDark":"#00294f","band":1,"off":[0,1.1]}},{"type":"Feature","geometry":{"type":"Point","coordinates":[11.82449,57.89595]},"properties":{"line":"927","mode":"bus","color":"#0059a9","colorDark":"#00294f","band":1,"off":[3.4,1.1]}},{"type":"Feature","geometry":{"type":"Point","coordinates":[11.931865,57.919324]},"properties":{"name":"Ringby","band":1,"modes":"bus","arr":["925"],"off":[0,-0.8]}},{"type":"Feature","geometry":{"type":"Point","coordinates":[11.931865,57.919324]},"properties":{"line":"925","mode":"bus","color":"#0059a9","colorDark":"#00294f","band":1,"off":[0,1.1]}},{"type":"Feature","geometry":{"type":"Point","coordinates":[11.909135,57.925598]},"properties":{"name":"Lundby södra","band":1,"modes":"bus","arr":["912"],"off":[0,-0.8]}},{"type":"Feature","geometry":{"type":"Point","coordinates":[11.909135,57.925598]},"properties":{"line":"912","mode":"bus","color":"#0059a9","colorDark":"#00294f","band":1,"off":[0,1.1]}},{"type":"Feature","geometry":{"type":"Point","coordinates":[11.905156,57.893346]},"properties":{"name":"Bollestad","band":1,"modes":"bus","arr":["913"],"off":[0,-0.8]}},{"type":"Feature","geometry":{"type":"Point","coordinates":[11.905156,57.893346]},"properties":{"line":"913","mode":"bus","color":"#0059a9","colorDark":"#00294f","band":1,"off":[0,1.1]}},{"type":"Feature","geometry":{"type":"Point","coordinates":[12.041773,57.907335]},"properties":{"name":"Dösebacka","band":1,"modes":"bus","arr":["914"],"off":[0,-0.8]}},{"type":"Feature","geometry":{"type":"Point","coordinates":[12.041773,57.907335]},"properties":{"line":"914","mode":"bus","color":"#0059a9","colorDark":"#00294f","band":1,"off":[0,1.1]}},{"type":"Feature","geometry":{"type":"Point","coordinates":[11.950123,57.893313]},"properties":{"name":"Ullstorp","band":1,"modes":"bus","arr":["917","KV1"],"off":[0,-0.8]}},{"type":"Feature","geometry":{"type":"Point","coordinates":[11.950123,57.893313]},"properties":{"line":"917","mode":"bus","color":"#0059a9","colorDark":"#00294f","band":1,"off":[-1.7,1.1]}},{"type":"Feature","geometry":{"type":"Point","coordinates":[11.950123,57.893313]},"properties":{"line":"KV1","mode":"bus","color":"#0059a9","colorDark":"#00294f","band":1,"off":[1.7,1.1],"lbl":"1"}},{"type":"Feature","geometry":{"type":"Point","coordinates":[11.972758,57.894578]},"properties":{"name":"Håltet","band":1,"modes":"bus","arr":["917"],"off":[0,-0.8]}},{"type":"Feature","geometry":{"type":"Point","coordinates":[11.972758,57.894578]},"properties":{"line":"917","mode":"bus","color":"#0059a9","colorDark":"#00294f","band":1,"off":[0,1.1]}},{"type":"Feature","geometry":{"type":"Point","coordinates":[12.024713,57.899399]},"properties":{"name":"Rörmossen","band":1,"modes":"bus","arr":["918"],"off":[0,-0.8]}},{"type":"Feature","geometry":{"type":"Point","coordinates":[12.024713,57.899399]},"properties":{"line":"918","mode":"bus","color":"#0059a9","colorDark":"#00294f","band":1,"off":[0,1.1]}},{"type":"Feature","geometry":{"type":"Point","coordinates":[12.011851,57.89586]},"properties":{"name":"Rörmossen södra","band":1,"modes":"bus","arr":["918"],"off":[0,-0.8]}},{"type":"Feature","geometry":{"type":"Point","coordinates":[12.011851,57.89586]},"properties":{"line":"918","mode":"bus","color":"#0059a9","colorDark":"#00294f","band":1,"off":[0,1.1]}},{"type":"Feature","geometry":{"type":"Point","coordinates":[11.838043,57.798828]},"properties":{"name":"Korseberget","band":1,"modes":"bus","arr":["921"],"off":[0,-0.8]}},{"type":"Feature","geometry":{"type":"Point","coordinates":[11.838043,57.798828]},"properties":{"line":"921","mode":"bus","color":"#0059a9","colorDark":"#00294f","band":1,"off":[0,1.1]}},{"type":"Feature","geometry":{"type":"Point","coordinates":[11.826669,57.809036]},"properties":{"name":"Västra Röd","band":1,"modes":"bus","arr":["921"],"off":[0,-0.8]}},{"type":"Feature","geometry":{"type":"Point","coordinates":[11.826669,57.809036]},"properties":{"line":"921","mode":"bus","color":"#0059a9","colorDark":"#00294f","band":1,"off":[0,1.1]}},{"type":"Feature","geometry":{"type":"Point","coordinates":[11.710182,57.865916]},"properties":{"name":"Tofta herrgård","band":1,"modes":"bus","arr":["926"],"off":[0,-0.8]}},{"type":"Feature","geometry":{"type":"Point","coordinates":[11.710182,57.865916]},"properties":{"line":"926","mode":"bus","color":"#0059a9","colorDark":"#00294f","band":1,"off":[0,1.1]}},{"type":"Feature","geometry":{"type":"Point","coordinates":[11.769608,57.890684]},"properties":{"name":"Gullbringa västra","band":1,"modes":"bus","arr":["924"],"off":[0,-0.8]}},{"type":"Feature","geometry":{"type":"Point","coordinates":[11.769608,57.890684]},"properties":{"line":"924","mode":"bus","color":"#0059a9","colorDark":"#00294f","band":1,"off":[0,1.1]}},{"type":"Feature","geometry":{"type":"Point","coordinates":[11.764974,57.877864]},"properties":{"name":"Kulperöd","band":1,"modes":"bus","arr":["924"],"off":[0,-0.8]}},{"type":"Feature","geometry":{"type":"Point","coordinates":[11.764974,57.877864]},"properties":{"line":"924","mode":"bus","color":"#0059a9","colorDark":"#00294f","band":1,"off":[0,1.1]}},{"type":"Feature","geometry":{"type":"Point","coordinates":[11.865866,57.833497]},"properties":{"name":"Kanehall","band":1,"modes":"bus","arr":["928"],"off":[0,-0.8]}},{"type":"Feature","geometry":{"type":"Point","coordinates":[11.865866,57.833497]},"properties":{"line":"928","mode":"bus","color":"#0059a9","colorDark":"#00294f","band":1,"off":[0,1.1]}},{"type":"Feature","geometry":{"type":"Point","coordinates":[11.855087,57.872877]},"properties":{"name":"Vena berg","band":1,"modes":"bus","arr":["928"],"off":[0,-0.8]}},{"type":"Feature","geometry":{"type":"Point","coordinates":[11.855087,57.872877]},"properties":{"line":"928","mode":"bus","color":"#0059a9","colorDark":"#00294f","band":1,"off":[0,1.1]}},{"type":"Feature","geometry":{"type":"Point","coordinates":[11.702363,57.837737]},"properties":{"name":"Sundhammar","band":1,"modes":"bus","arr":["930"],"off":[0,-0.8]}},{"type":"Feature","geometry":{"type":"Point","coordinates":[11.702363,57.837737]},"properties":{"line":"930","mode":"bus","color":"#0059a9","colorDark":"#00294f","band":1,"off":[0,1.1]}},{"type":"Feature","geometry":{"type":"Point","coordinates":[12.138122,57.657769]},"properties":{"name":"Häggvägen","band":1,"modes":"bus","arr":["HA1"],"off":[0,-0.8]}},{"type":"Feature","geometry":{"type":"Point","coordinates":[12.138122,57.657769]},"properties":{"line":"HA1","mode":"bus","color":"#0059a9","colorDark":"#00294f","band":1,"off":[0,1.1],"lbl":"1"}},{"type":"Feature","geometry":{"type":"Point","coordinates":[12.13355,57.662281]},"properties":{"name":"Strandvägen","band":1,"modes":"bus","arr":["HA2"],"off":[0,-0.8]}},{"type":"Feature","geometry":{"type":"Point","coordinates":[12.13355,57.662281]},"properties":{"line":"HA2","mode":"bus","color":"#0059a9","colorDark":"#00294f","band":1,"off":[0,1.1],"lbl":"2"}},{"type":"Feature","geometry":{"type":"Point","coordinates":[12.078841,57.67417]},"properties":{"name":"Delsjökärrvägen","band":1,"modes":"bus","arr":["HA3"],"off":[0,-0.8]}},{"type":"Feature","geometry":{"type":"Point","coordinates":[12.078841,57.67417]},"properties":{"line":"HA3","mode":"bus","color":"#0059a9","colorDark":"#00294f","band":1,"off":[0,1.1],"lbl":"3"}},{"type":"Feature","geometry":{"type":"Point","coordinates":[12.101704,57.492398]},"properties":{"name":"Basunen","band":1,"modes":"bus","arr":["KB1"],"off":[0,-0.8]}},{"type":"Feature","geometry":{"type":"Point","coordinates":[12.101704,57.492398]},"properties":{"line":"KB1","mode":"bus","color":"#0059a9","colorDark":"#00294f","band":1,"off":[0,1.1],"lbl":"1"}},{"type":"Feature","geometry":{"type":"Point","coordinates":[11.910902,57.862549]},"properties":{"name":"Hällebergsgatan","band":1,"modes":"bus","arr":["KV1"],"off":[0,-0.8]}},{"type":"Feature","geometry":{"type":"Point","coordinates":[11.910902,57.862549]},"properties":{"line":"KV1","mode":"bus","color":"#0059a9","colorDark":"#00294f","band":1,"off":[0,1.1],"lbl":"1"}},{"type":"Feature","geometry":{"type":"Point","coordinates":[12.014029,57.825255]},"properties":{"name":"Surte station","band":1,"modes":"bus","arr":["KV21"],"off":[0,-0.8]}},{"type":"Feature","geometry":{"type":"Point","coordinates":[12.014029,57.825255]},"properties":{"line":"KV21","mode":"bus","color":"#0059a9","colorDark":"#00294f","band":1,"off":[0,1.1],"lbl":"21"}},{"type":"Feature","geometry":{"type":"Point","coordinates":[12.298782,57.837067]},"properties":{"name":"Gråbo busstation","band":1,"modes":"bus","arr":["LE526","LE527","X3"],"off":[0,-0.8]}},{"type":"Feature","geometry":{"type":"Point","coordinates":[12.298782,57.837067]},"properties":{"line":"LE526","mode":"bus","color":"#0059a9","colorDark":"#00294f","band":1,"off":[-3.4,1.1],"lbl":"526"}},{"type":"Feature","geometry":{"type":"Point","coordinates":[12.298782,57.837067]},"properties":{"line":"LE527","mode":"bus","color":"#0059a9","colorDark":"#00294f","band":1,"off":[0,1.1],"lbl":"527"}},{"type":"Feature","geometry":{"type":"Point","coordinates":[12.298782,57.837067]},"properties":{"line":"X3","mode":"bus","color":"#0059a9","colorDark":"#00294f","band":1,"off":[3.4,1.1]}},{"type":"Feature","geometry":{"type":"Point","coordinates":[12.284103,57.853437]},"properties":{"name":"Annesjövägen","band":1,"modes":"bus","arr":["LE526"],"off":[0,-0.8]}},{"type":"Feature","geometry":{"type":"Point","coordinates":[12.284103,57.853437]},"properties":{"line":"LE526","mode":"bus","color":"#0059a9","colorDark":"#00294f","band":1,"off":[0,1.1],"lbl":"526"}},{"type":"Feature","geometry":{"type":"Point","coordinates":[12.206613,57.859014]},"properties":{"name":"Tolsjöhult","band":1,"modes":"bus","arr":["LE527"],"off":[0,-0.8]}},{"type":"Feature","geometry":{"type":"Point","coordinates":[12.206613,57.859014]},"properties":{"line":"LE527","mode":"bus","color":"#0059a9","colorDark":"#00294f","band":1,"off":[0,1.1],"lbl":"527"}},{"type":"Feature","geometry":{"type":"Point","coordinates":[12.417911,57.818811]},"properties":{"name":"Nääs fabriker","band":1,"modes":"bus","arr":["LERS"],"off":[0,-0.8]}},{"type":"Feature","geometry":{"type":"Point","coordinates":[12.417911,57.818811]},"properties":{"line":"LERS","mode":"bus","color":"#0059a9","colorDark":"#00294f","band":1,"off":[0,1.1]}},{"type":"Feature","geometry":{"type":"Point","coordinates":[11.665698,57.698694]},"properties":{"name":"Hönö färjeläge","band":1,"modes":"bus","arr":["OC1","OC2"],"off":[0,-0.8]}},{"type":"Feature","geometry":{"type":"Point","coordinates":[11.665698,57.698694]},"properties":{"line":"OC1","mode":"bus","color":"#0059a9","colorDark":"#00294f","band":1,"off":[-1.7,1.1],"lbl":"1"}},{"type":"Feature","geometry":{"type":"Point","coordinates":[11.665698,57.698694]},"properties":{"line":"OC2","mode":"bus","color":"#0059a9","colorDark":"#00294f","band":1,"off":[1.7,1.1],"lbl":"2"}},{"type":"Feature","geometry":{"type":"Point","coordinates":[11.684848,57.711958]},"properties":{"name":"Framnäs","band":1,"modes":"bus","arr":["OC3"],"off":[0,-0.8]}},{"type":"Feature","geometry":{"type":"Point","coordinates":[11.684848,57.711958]},"properties":{"line":"OC3","mode":"bus","color":"#0059a9","colorDark":"#00294f","band":1,"off":[0,1.1],"lbl":"3"}},{"type":"Feature","geometry":{"type":"Point","coordinates":[11.682148,57.732884]},"properties":{"name":"Equmeniakyrkan","band":1,"modes":"bus","arr":["OC3"],"off":[0,-0.8]}},{"type":"Feature","geometry":{"type":"Point","coordinates":[11.682148,57.732884]},"properties":{"line":"OC3","mode":"bus","color":"#0059a9","colorDark":"#00294f","band":1,"off":[0,1.1],"lbl":"3"}},{"type":"Feature","geometry":{"type":"Point","coordinates":[11.948016,57.561937]},"properties":{"name":"Snipen","band":1,"modes":"bus","arr":["X2"],"off":[0,-0.8]}},{"type":"Feature","geometry":{"type":"Point","coordinates":[11.948016,57.561937]},"properties":{"line":"X2","mode":"bus","color":"#0059a9","colorDark":"#00294f","band":1,"off":[0,1.1]}},{"type":"Feature","geometry":{"type":"Point","coordinates":[11.964809,57.520892]},"properties":{"name":"Särö centrum","band":1,"modes":"bus","arr":["X3"],"off":[0,-0.8]}},{"type":"Feature","geometry":{"type":"Point","coordinates":[11.964809,57.520892]},"properties":{"line":"X3","mode":"bus","color":"#0059a9","colorDark":"#00294f","band":1,"off":[0,1.1]}},{"type":"Feature","geometry":{"type":"Point","coordinates":[11.702673,57.708649]},"properties":{"name":"Lilla Varholmen","band":1,"modes":"bus","arr":["X6"],"off":[0,-0.8]}},{"type":"Feature","geometry":{"type":"Point","coordinates":[11.702673,57.708649]},"properties":{"line":"X6","mode":"bus","color":"#0059a9","colorDark":"#00294f","band":1,"off":[0,1.1]}},{"type":"Feature","geometry":{"type":"Point","coordinates":[11.970221,57.876848]},"properties":{"name":"Kungälvs sjukhus södra","band":1,"modes":"bus","arr":["X40"],"off":[0,-0.8]}},{"type":"Feature","geometry":{"type":"Point","coordinates":[11.970221,57.876848]},"properties":{"line":"X40","mode":"bus","color":"#0059a9","colorDark":"#00294f","band":1,"off":[0,1.1]}},{"type":"Feature","geometry":{"type":"Point","coordinates":[11.901761,57.64187]},"properties":{"name":"Opaltorget","band":1,"modes":"tram","arr":["1","7"],"off":[0,-0.8]}},{"type":"Feature","geometry":{"type":"Point","coordinates":[11.901761,57.64187]},"properties":{"line":"1","mode":"tram","color":"#d6212b","colorDark":"#7c1116","band":1,"off":[-1.7,1.1]}},{"type":"Feature","geometry":{"type":"Point","coordinates":[11.901761,57.64187]},"properties":{"line":"7","mode":"tram","color":"#d6212b","colorDark":"#7c1116","band":1,"off":[1.7,1.1]}},{"type":"Feature","geometry":{"type":"Point","coordinates":[11.892719,57.726993]},"properties":{"name":"Väderilsgatan","band":1,"modes":"tram","arr":["2"],"off":[0,-0.8]}},{"type":"Feature","geometry":{"type":"Point","coordinates":[11.892719,57.726993]},"properties":{"line":"2","mode":"tram","color":"#d6212b","colorDark":"#7c1116","band":1,"off":[0,1.1]}},{"type":"Feature","geometry":{"type":"Point","coordinates":[11.900477,57.680424]},"properties":{"name":"Kungssten Vändslinga","band":1,"modes":"tram","arr":["2","9"],"off":[0,-0.8]}},{"type":"Feature","geometry":{"type":"Point","coordinates":[11.900477,57.680424]},"properties":{"line":"2","mode":"tram","color":"#d6212b","colorDark":"#7c1116","band":1,"off":[-1.7,1.1]}},{"type":"Feature","geometry":{"type":"Point","coordinates":[11.900477,57.680424]},"properties":{"line":"9","mode":"tram","color":"#d6212b","colorDark":"#7c1116","band":1,"off":[1.7,1.1]}},{"type":"Feature","geometry":{"type":"Point","coordinates":[12.02263,57.70988]},"properties":{"name":"Virginsgatan","band":1,"modes":"tram","arr":["3"],"off":[0,-0.8]}},{"type":"Feature","geometry":{"type":"Point","coordinates":[12.02263,57.70988]},"properties":{"line":"3","mode":"tram","color":"#d6212b","colorDark":"#7c1116","band":1,"off":[0,1.1]}},{"type":"Feature","geometry":{"type":"Point","coordinates":[11.912424,57.689108]},"properties":{"name":"Vagnhallen Majorna DEPÅ","band":1,"modes":"tram","arr":["3","X"],"off":[0,-0.8]}},{"type":"Feature","geometry":{"type":"Point","coordinates":[11.912424,57.689108]},"properties":{"name":"Vagnhallen Majorna","band":1,"modes":"tram","arr":["3","X"],"off":[0,-3]}},{"type":"Feature","geometry":{"type":"Point","coordinates":[11.912424,57.689108]},"properties":{"line":"3","mode":"tram","color":"#d6212b","colorDark":"#7c1116","band":1,"off":[-1.7,1.1]}},{"type":"Feature","geometry":{"type":"Point","coordinates":[11.912424,57.689108]},"properties":{"line":"X","mode":"tram","color":"#d6212b","colorDark":"#7c1116","band":1,"off":[1.7,1.1]}},{"type":"Feature","geometry":{"type":"Point","coordinates":[11.895858,57.736921]},"properties":{"name":"Varmfrontsgatan","band":1,"modes":"tram","arr":["5","6"],"off":[0,-0.8]}},{"type":"Feature","geometry":{"type":"Point","coordinates":[11.895858,57.736921]},"properties":{"line":"5","mode":"tram","color":"#d6212b","colorDark":"#7c1116","band":1,"off":[-1.7,1.1]}},{"type":"Feature","geometry":{"type":"Point","coordinates":[11.895858,57.736921]},"properties":{"line":"6","mode":"tram","color":"#d6212b","colorDark":"#7c1116","band":1,"off":[1.7,1.1]}},{"type":"Feature","geometry":{"type":"Point","coordinates":[12.041003,57.761411]},"properties":{"name":"Aprilgatan","band":1,"modes":"tram","arr":["6"],"off":[0,-0.8]}},{"type":"Feature","geometry":{"type":"Point","coordinates":[12.041003,57.761411]},"properties":{"line":"6","mode":"tram","color":"#d6212b","colorDark":"#7c1116","band":1,"off":[0,1.1]}},{"type":"Feature","geometry":{"type":"Point","coordinates":[11.934817,57.707392]},"properties":{"name":"Lindholmen","band":1,"modes":"tram","arr":["10","12"],"off":[0,-0.8]}},{"type":"Feature","geometry":{"type":"Point","coordinates":[11.934817,57.707392]},"properties":{"line":"10","mode":"tram","color":"#d6212b","colorDark":"#7c1116","band":1,"off":[-1.7,1.1]}},{"type":"Feature","geometry":{"type":"Point","coordinates":[11.934817,57.707392]},"properties":{"line":"12","mode":"tram","color":"#d6212b","colorDark":"#7c1116","band":1,"off":[1.7,1.1]}},{"type":"Feature","geometry":{"type":"Point","coordinates":[11.975272,57.680868]},"properties":{"name":"Doktor Sydows Gata","band":1,"modes":"tram","arr":["10"],"off":[0,-0.8]}},{"type":"Feature","geometry":{"type":"Point","coordinates":[11.975272,57.680868]},"properties":{"line":"10","mode":"tram","color":"#d6212b","colorDark":"#7c1116","band":1,"off":[0,1.1]}},{"type":"Feature","geometry":{"type":"Point","coordinates":[12.047659,57.722408]},"properties":{"name":"Östra Sjukhuset","band":2,"modes":"tram,bus","arr":["1","1E","5","17","514"],"off":[0,-0.8]}},{"type":"Feature","geometry":{"type":"Point","coordinates":[12.047659,57.722408]},"properties":{"line":"1","mode":"tram","color":"#d6212b","colorDark":"#7c1116","band":2,"off":[-6.8,1.1]}},{"type":"Feature","geometry":{"type":"Point","coordinates":[12.047659,57.722408]},"properties":{"line":"1E","mode":"bus","color":"#0059a9","colorDark":"#00294f","band":2,"off":[-3.4,1.1]}},{"type":"Feature","geometry":{"type":"Point","coordinates":[12.047659,57.722408]},"properties":{"line":"5","mode":"tram","color":"#d6212b","colorDark":"#7c1116","band":2,"off":[0,1.1]}},{"type":"Feature","geometry":{"type":"Point","coordinates":[12.047659,57.722408]},"properties":{"line":"17","mode":"bus","color":"#0059a9","colorDark":"#00294f","band":2,"off":[3.4,1.1]}},{"type":"Feature","geometry":{"type":"Point","coordinates":[12.047659,57.722408]},"properties":{"line":"514","mode":"bus","color":"#0059a9","colorDark":"#00294f","band":2,"off":[6.8,1.1]}},{"type":"Feature","geometry":{"type":"Point","coordinates":[12.004403,57.716307]},"properties":{"name":"Redbergsplatsen","band":2,"modes":"bus","arr":["1E","60","62"],"off":[0,-0.8]}},{"type":"Feature","geometry":{"type":"Point","coordinates":[12.004403,57.716307]},"properties":{"line":"1E","mode":"bus","color":"#0059a9","colorDark":"#00294f","band":2,"off":[-3.4,1.1]}},{"type":"Feature","geometry":{"type":"Point","coordinates":[12.004403,57.716307]},"properties":{"line":"60","mode":"bus","color":"#0059a9","colorDark":"#00294f","band":2,"off":[0,1.1]}},{"type":"Feature","geometry":{"type":"Point","coordinates":[12.004403,57.716307]},"properties":{"line":"62","mode":"bus","color":"#0059a9","colorDark":"#00294f","band":2,"off":[3.4,1.1]}},{"type":"Feature","geometry":{"type":"Point","coordinates":[11.934669,57.694812]},"properties":{"name":"Fjällgatan","band":2,"modes":"bus","arr":["3E"],"off":[0,-0.8]}},{"type":"Feature","geometry":{"type":"Point","coordinates":[11.934669,57.694812]},"properties":{"line":"3E","mode":"bus","color":"#0059a9","colorDark":"#00294f","band":2,"off":[0,1.1]}},{"type":"Feature","geometry":{"type":"Point","coordinates":[11.953728,57.700605]},"properties":{"name":"Järntorget","band":2,"modes":"bus","arr":["3E","190"],"off":[0,-0.8]}},{"type":"Feature","geometry":{"type":"Point","coordinates":[11.953728,57.700605]},"properties":{"line":"3E","mode":"bus","color":"#0059a9","colorDark":"#00294f","band":2,"off":[-1.7,1.1]}},{"type":"Feature","geometry":{"type":"Point","coordinates":[11.953728,57.700605]},"properties":{"line":"190","mode":"bus","color":"#0059a9","colorDark":"#00294f","band":2,"off":[1.7,1.1]}},{"type":"Feature","geometry":{"type":"Point","coordinates":[12.079256,57.490465]},"properties":{"name":"Kungsbacka station","band":2,"modes":"bus","arr":["4","20","717","720","735"],"off":[0,-0.8]}},{"type":"Feature","geometry":{"type":"Point","coordinates":[12.079256,57.490465]},"properties":{"line":"4","mode":"bus","color":"#0059a9","colorDark":"#00294f","band":2,"off":[-6.8,1.1]}},{"type":"Feature","geometry":{"type":"Point","coordinates":[12.079256,57.490465]},"properties":{"line":"20","mode":"bus","color":"#0059a9","colorDark":"#00294f","band":2,"off":[-3.4,1.1]}},{"type":"Feature","geometry":{"type":"Point","coordinates":[12.079256,57.490465]},"properties":{"line":"717","mode":"bus","color":"#0059a9","colorDark":"#00294f","band":2,"off":[0,1.1]}},{"type":"Feature","geometry":{"type":"Point","coordinates":[12.079256,57.490465]},"properties":{"line":"720","mode":"bus","color":"#0059a9","colorDark":"#00294f","band":2,"off":[3.4,1.1]}},{"type":"Feature","geometry":{"type":"Point","coordinates":[12.079256,57.490465]},"properties":{"line":"735","mode":"bus","color":"#0059a9","colorDark":"#00294f","band":2,"off":[6.8,1.1]}},{"type":"Feature","geometry":{"type":"Point","coordinates":[12.082598,57.513454]},"properties":{"name":"Hede station","band":2,"modes":"bus","arr":["4","5","KB1"],"off":[0,-0.8]}},{"type":"Feature","geometry":{"type":"Point","coordinates":[12.082598,57.513454]},"properties":{"line":"4","mode":"bus","color":"#0059a9","colorDark":"#00294f","band":2,"off":[-3.4,1.1]}},{"type":"Feature","geometry":{"type":"Point","coordinates":[12.082598,57.513454]},"properties":{"line":"5","mode":"bus","color":"#0059a9","colorDark":"#00294f","band":2,"off":[0,1.1]}},{"type":"Feature","geometry":{"type":"Point","coordinates":[12.082598,57.513454]},"properties":{"line":"KB1","mode":"bus","color":"#0059a9","colorDark":"#00294f","band":2,"off":[3.4,1.1],"lbl":"1"}},{"type":"Feature","geometry":{"type":"Point","coordinates":[12.048919,57.795497]},"properties":{"name":"Angered Centrum","band":2,"modes":"tram,bus","arr":["4","4E","8","9","40","71","73","74","75","76","77","148","179","401","X#2"],"off":[0,-0.8],"sc":0.94}},{"type":"Feature","geometry":{"type":"Point","coordinates":[12.048919,57.795497]},"properties":{"line":"4","mode":"tram","color":"#d6212b","colorDark":"#7c1116","band":2,"sc":0.94,"off":[-6.8,1.1]}},{"type":"Feature","geometry":{"type":"Point","coordinates":[12.048919,57.795497]},"properties":{"line":"4E","mode":"bus","color":"#0059a9","colorDark":"#00294f","band":2,"sc":0.94,"off":[-3.4,1.1]}},{"type":"Feature","geometry":{"type":"Point","coordinates":[12.048919,57.795497]},"properties":{"line":"8","mode":"tram","color":"#d6212b","colorDark":"#7c1116","band":2,"sc":0.94,"off":[0,1.1]}},{"type":"Feature","geometry":{"type":"Point","coordinates":[12.048919,57.795497]},"properties":{"line":"9","mode":"tram","color":"#d6212b","colorDark":"#7c1116","band":2,"sc":0.94,"off":[3.4,1.1]}},{"type":"Feature","geometry":{"type":"Point","coordinates":[12.048919,57.795497]},"properties":{"line":"40","mode":"bus","color":"#0059a9","colorDark":"#00294f","band":2,"sc":0.94,"off":[6.8,1.1]}},{"type":"Feature","geometry":{"type":"Point","coordinates":[12.048919,57.795497]},"properties":{"line":"71","mode":"bus","color":"#0059a9","colorDark":"#00294f","band":2,"sc":0.94,"off":[-6.8,3.1]}},{"type":"Feature","geometry":{"type":"Point","coordinates":[12.048919,57.795497]},"properties":{"line":"73","mode":"bus","color":"#0059a9","colorDark":"#00294f","band":2,"sc":0.94,"off":[-3.4,3.1]}},{"type":"Feature","geometry":{"type":"Point","coordinates":[12.048919,57.795497]},"properties":{"line":"74","mode":"bus","color":"#0059a9","colorDark":"#00294f","band":2,"sc":0.94,"off":[0,3.1]}},{"type":"Feature","geometry":{"type":"Point","coordinates":[12.048919,57.795497]},"properties":{"line":"75","mode":"bus","color":"#0059a9","colorDark":"#00294f","band":2,"sc":0.94,"off":[3.4,3.1]}},{"type":"Feature","geometry":{"type":"Point","coordinates":[12.048919,57.795497]},"properties":{"line":"76","mode":"bus","color":"#0059a9","colorDark":"#00294f","band":2,"sc":0.94,"off":[6.8,3.1]}},{"type":"Feature","geometry":{"type":"Point","coordinates":[12.048919,57.795497]},"properties":{"line":"77","mode":"bus","color":"#0059a9","colorDark":"#00294f","band":2,"sc":0.94,"off":[-6.8,5.1]}},{"type":"Feature","geometry":{"type":"Point","coordinates":[12.048919,57.795497]},"properties":{"line":"148","mode":"bus","color":"#0059a9","colorDark":"#00294f","band":2,"sc":0.94,"off":[-3.4,5.1]}},{"type":"Feature","geometry":{"type":"Point","coordinates":[12.048919,57.795497]},"properties":{"line":"179","mode":"bus","color":"#0059a9","colorDark":"#00294f","band":2,"sc":0.94,"off":[0,5.1]}},{"type":"Feature","geometry":{"type":"Point","coordinates":[12.048919,57.795497]},"properties":{"line":"401","mode":"bus","color":"#0059a9","colorDark":"#00294f","band":2,"sc":0.94,"off":[3.4,5.1]}},{"type":"Feature","geometry":{"type":"Point","coordinates":[12.048919,57.795497]},"properties":{"line":"X#2","mode":"tram","color":"#d6212b","colorDark":"#7c1116","band":2,"sc":0.94,"off":[6.8,5.1],"lbl":"X"}},{"type":"Feature","geometry":{"type":"Point","coordinates":[12.003389,57.72789]},"properties":{"name":"Gamlestads Torg","band":2,"modes":"bus","arr":["4E","6E","56","59","78","127","131","159","167","168","515"],"off":[0,-0.8]}},{"type":"Feature","geometry":{"type":"Point","coordinates":[12.003389,57.72789]},"properties":{"line":"4E","mode":"bus","color":"#0059a9","colorDark":"#00294f","band":2,"off":[-6.8,1.1]}},{"type":"Feature","geometry":{"type":"Point","coordinates":[12.003389,57.72789]},"properties":{"line":"6E","mode":"bus","color":"#0059a9","colorDark":"#00294f","band":2,"off":[-3.4,1.1]}},{"type":"Feature","geometry":{"type":"Point","coordinates":[12.003389,57.72789]},"properties":{"line":"56","mode":"bus","color":"#0059a9","colorDark":"#00294f","band":2,"off":[0,1.1]}},{"type":"Feature","geometry":{"type":"Point","coordinates":[12.003389,57.72789]},"properties":{"line":"59","mode":"bus","color":"#0059a9","colorDark":"#00294f","band":2,"off":[3.4,1.1]}},{"type":"Feature","geometry":{"type":"Point","coordinates":[12.003389,57.72789]},"properties":{"line":"78","mode":"bus","color":"#0059a9","colorDark":"#00294f","band":2,"off":[6.8,1.1]}},{"type":"Feature","geometry":{"type":"Point","coordinates":[12.003389,57.72789]},"properties":{"line":"127","mode":"bus","color":"#0059a9","colorDark":"#00294f","band":2,"off":[-6.8,3.1]}},{"type":"Feature","geometry":{"type":"Point","coordinates":[12.003389,57.72789]},"properties":{"line":"131","mode":"bus","color":"#0059a9","colorDark":"#00294f","band":2,"off":[-3.4,3.1]}},{"type":"Feature","geometry":{"type":"Point","coordinates":[12.003389,57.72789]},"properties":{"line":"159","mode":"bus","color":"#0059a9","colorDark":"#00294f","band":2,"off":[0,3.1]}},{"type":"Feature","geometry":{"type":"Point","coordinates":[12.003389,57.72789]},"properties":{"line":"167","mode":"bus","color":"#0059a9","colorDark":"#00294f","band":2,"off":[3.4,3.1]}},{"type":"Feature","geometry":{"type":"Point","coordinates":[12.003389,57.72789]},"properties":{"line":"168","mode":"bus","color":"#0059a9","colorDark":"#00294f","band":2,"off":[6.8,3.1]}},{"type":"Feature","geometry":{"type":"Point","coordinates":[12.003389,57.72789]},"properties":{"line":"515","mode":"bus","color":"#0059a9","colorDark":"#00294f","band":2,"off":[0,5.1]}},{"type":"Feature","geometry":{"type":"Point","coordinates":[11.990864,57.712917]},"properties":{"name":"Svingeln","band":2,"modes":"bus,tram","arr":["6E","40","43","501","502","X"],"off":[0,-0.8]}},{"type":"Feature","geometry":{"type":"Point","coordinates":[11.990864,57.712917]},"properties":{"line":"6E","mode":"bus","color":"#0059a9","colorDark":"#00294f","band":2,"off":[-6.8,1.1]}},{"type":"Feature","geometry":{"type":"Point","coordinates":[11.990864,57.712917]},"properties":{"line":"40","mode":"bus","color":"#0059a9","colorDark":"#00294f","band":2,"off":[-3.4,1.1]}},{"type":"Feature","geometry":{"type":"Point","coordinates":[11.990864,57.712917]},"properties":{"line":"43","mode":"bus","color":"#0059a9","colorDark":"#00294f","band":2,"off":[0,1.1]}},{"type":"Feature","geometry":{"type":"Point","coordinates":[11.990864,57.712917]},"properties":{"line":"501","mode":"bus","color":"#0059a9","colorDark":"#00294f","band":2,"off":[3.4,1.1]}},{"type":"Feature","geometry":{"type":"Point","coordinates":[11.990864,57.712917]},"properties":{"line":"502","mode":"bus","color":"#0059a9","colorDark":"#00294f","band":2,"off":[6.8,1.1]}},{"type":"Feature","geometry":{"type":"Point","coordinates":[11.990864,57.712917]},"properties":{"line":"X","mode":"tram","color":"#d6212b","colorDark":"#7c1116","band":2,"off":[0,3.1]}},{"type":"Feature","geometry":{"type":"Point","coordinates":[12.071931,57.750783]},"properties":{"name":"Komettorget","band":2,"modes":"tram,bus","arr":["7","11","11E","56","X","X#2"],"off":[0,-0.8]}},{"type":"Feature","geometry":{"type":"Point","coordinates":[12.071931,57.750783]},"properties":{"line":"7","mode":"tram","color":"#d6212b","colorDark":"#7c1116","band":2,"off":[-6.8,1.1]}},{"type":"Feature","geometry":{"type":"Point","coordinates":[12.071931,57.750783]},"properties":{"line":"11","mode":"tram","color":"#d6212b","colorDark":"#7c1116","band":2,"off":[-3.4,1.1]}},{"type":"Feature","geometry":{"type":"Point","coordinates":[12.071931,57.750783]},"properties":{"line":"11E","mode":"bus","color":"#0059a9","colorDark":"#00294f","band":2,"off":[0,1.1]}},{"type":"Feature","geometry":{"type":"Point","coordinates":[12.071931,57.750783]},"properties":{"line":"56","mode":"bus","color":"#0059a9","colorDark":"#00294f","band":2,"off":[3.4,1.1]}},{"type":"Feature","geometry":{"type":"Point","coordinates":[12.071931,57.750783]},"properties":{"line":"X","mode":"tram","color":"#d6212b","colorDark":"#7c1116","band":2,"off":[6.8,1.1]}},{"type":"Feature","geometry":{"type":"Point","coordinates":[12.071931,57.750783]},"properties":{"line":"X#2","mode":"tram","color":"#d6212b","colorDark":"#7c1116","band":2,"off":[0,3.1],"lbl":"X"}},{"type":"Feature","geometry":{"type":"Point","coordinates":[12.072435,57.757101]},"properties":{"name":"Rymdtorget Buss","band":2,"modes":"bus","arr":["159"],"off":[0,-0.8]}},{"type":"Feature","geometry":{"type":"Point","coordinates":[12.072435,57.757101]},"properties":{"line":"159","mode":"bus","color":"#0059a9","colorDark":"#00294f","band":2,"off":[0,1.1]}},{"type":"Feature","geometry":{"type":"Point","coordinates":[12.051076,57.760881]},"properties":{"name":"Gärdsås Torg","band":2,"modes":"bus","arr":["57"],"off":[0,-0.8]}},{"type":"Feature","geometry":{"type":"Point","coordinates":[12.051076,57.760881]},"properties":{"line":"57","mode":"bus","color":"#0059a9","colorDark":"#00294f","band":2,"off":[0,1.1]}},{"type":"Feature","geometry":{"type":"Point","coordinates":[12.02735,57.742552]},"properties":{"name":"Nymånegatan","band":2,"modes":"bus","arr":["11E"],"off":[0,-0.8]}},{"type":"Feature","geometry":{"type":"Point","coordinates":[12.02735,57.742552]},"properties":{"line":"11E","mode":"bus","color":"#0059a9","colorDark":"#00294f","band":2,"off":[0,1.1]}},{"type":"Feature","geometry":{"type":"Point","coordinates":[11.953363,57.72069]},"properties":{"name":"Hjalmar Brantingsplatsen","band":2,"modes":"bus","arr":["47","99","135","137","141"],"off":[0,-0.8]}},{"type":"Feature","geometry":{"type":"Point","coordinates":[11.953363,57.72069]},"properties":{"line":"47","mode":"bus","color":"#0059a9","colorDark":"#00294f","band":2,"off":[-6.8,1.1]}},{"type":"Feature","geometry":{"type":"Point","coordinates":[11.953363,57.72069]},"properties":{"line":"99","mode":"bus","color":"#0059a9","colorDark":"#00294f","band":2,"off":[-3.4,1.1]}},{"type":"Feature","geometry":{"type":"Point","coordinates":[11.953363,57.72069]},"properties":{"line":"135","mode":"bus","color":"#0059a9","colorDark":"#00294f","band":2,"off":[0,1.1]}},{"type":"Feature","geometry":{"type":"Point","coordinates":[11.953363,57.72069]},"properties":{"line":"137","mode":"bus","color":"#0059a9","colorDark":"#00294f","band":2,"off":[3.4,1.1]}},{"type":"Feature","geometry":{"type":"Point","coordinates":[11.953363,57.72069]},"properties":{"line":"141","mode":"bus","color":"#0059a9","colorDark":"#00294f","band":2,"off":[6.8,1.1]}},{"type":"Feature","geometry":{"type":"Point","coordinates":[11.94036,57.742053]},"properties":{"name":"Grimbo","band":2,"modes":"bus","arr":["145"],"off":[0,-0.8]}},{"type":"Feature","geometry":{"type":"Point","coordinates":[11.94036,57.742053]},"properties":{"line":"145","mode":"bus","color":"#0059a9","colorDark":"#00294f","band":2,"off":[0,1.1]}},{"type":"Feature","geometry":{"type":"Point","coordinates":[11.917405,57.752168]},"properties":{"name":"Hinnebäcksgatan","band":2,"modes":"bus","arr":["17","44","145"],"off":[0,-0.8]}},{"type":"Feature","geometry":{"type":"Point","coordinates":[11.917405,57.752168]},"properties":{"line":"17","mode":"bus","color":"#0059a9","colorDark":"#00294f","band":2,"off":[-3.4,1.1]}},{"type":"Feature","geometry":{"type":"Point","coordinates":[11.917405,57.752168]},"properties":{"line":"44","mode":"bus","color":"#0059a9","colorDark":"#00294f","band":2,"off":[0,1.1]}},{"type":"Feature","geometry":{"type":"Point","coordinates":[11.917405,57.752168]},"properties":{"line":"145","mode":"bus","color":"#0059a9","colorDark":"#00294f","band":2,"off":[3.4,1.1]}},{"type":"Feature","geometry":{"type":"Point","coordinates":[11.971508,57.709541]},"properties":{"name":"Nils Ericsonsplatsen","band":2,"modes":"bus","arr":["29","59","128","129","290","291","FLYG","KV21","X40"],"off":[0,-0.8]}},{"type":"Feature","geometry":{"type":"Point","coordinates":[11.971508,57.709541]},"properties":{"name":"Nils Ericson Terminalen","band":2,"modes":"bus","arr":["29","59","128","129","290","291","FLYG","KV21","X40"],"off":[0,-3]}},{"type":"Feature","geometry":{"type":"Point","coordinates":[11.971508,57.709541]},"properties":{"line":"29","mode":"bus","color":"#0059a9","colorDark":"#00294f","band":2,"off":[-6.8,1.1]}},{"type":"Feature","geometry":{"type":"Point","coordinates":[11.971508,57.709541]},"properties":{"line":"59","mode":"bus","color":"#0059a9","colorDark":"#00294f","band":2,"off":[-3.4,1.1]}},{"type":"Feature","geometry":{"type":"Point","coordinates":[11.971508,57.709541]},"properties":{"line":"128","mode":"bus","color":"#0059a9","colorDark":"#00294f","band":2,"off":[0,1.1]}},{"type":"Feature","geometry":{"type":"Point","coordinates":[11.971508,57.709541]},"properties":{"line":"129","mode":"bus","color":"#0059a9","colorDark":"#00294f","band":2,"off":[3.4,1.1]}},{"type":"Feature","geometry":{"type":"Point","coordinates":[11.971508,57.709541]},"properties":{"line":"290","mode":"bus","color":"#0059a9","colorDark":"#00294f","band":2,"off":[6.8,1.1]}},{"type":"Feature","geometry":{"type":"Point","coordinates":[11.971508,57.709541]},"properties":{"line":"291","mode":"bus","color":"#0059a9","colorDark":"#00294f","band":2,"off":[-5.1,3.1]}},{"type":"Feature","geometry":{"type":"Point","coordinates":[11.971508,57.709541]},"properties":{"line":"FLYG","mode":"bus","color":"#0059a9","colorDark":"#00294f","band":2,"off":[-1.7,3.1]}},{"type":"Feature","geometry":{"type":"Point","coordinates":[11.971508,57.709541]},"properties":{"line":"KV21","mode":"bus","color":"#0059a9","colorDark":"#00294f","band":2,"off":[1.7,3.1],"lbl":"21"}},{"type":"Feature","geometry":{"type":"Point","coordinates":[11.971508,57.709541]},"properties":{"line":"X40","mode":"bus","color":"#0059a9","colorDark":"#00294f","band":2,"off":[5.1,3.1]}},{"type":"Feature","geometry":{"type":"Point","coordinates":[11.975494,57.708112]},"properties":{"name":"Polhemsplatsen","band":2,"modes":"tram,bus","arr":["13","20","22","69","101","141","LERS"],"off":[0,-0.8]}},{"type":"Feature","geometry":{"type":"Point","coordinates":[11.975494,57.708112]},"properties":{"name":"Drottningtorget","band":2,"modes":"tram,bus","arr":["13","20","22","69","101","141","LERS"],"off":[0,-1.9]}},{"type":"Feature","geometry":{"type":"Point","coordinates":[11.975494,57.708112]},"properties":{"name":"Åkareplatsen","band":2,"modes":"tram,bus","arr":["13","20","22","69","101","141","LERS"],"off":[0,-3]}},{"type":"Feature","geometry":{"type":"Point","coordinates":[11.975494,57.708112]},"properties":{"line":"13","mode":"tram","color":"#d6212b","colorDark":"#7c1116","band":2,"off":[-6.8,1.1]}},{"type":"Feature","geometry":{"type":"Point","coordinates":[11.975494,57.708112]},"properties":{"line":"20","mode":"bus","color":"#0059a9","colorDark":"#00294f","band":2,"off":[-3.4,1.1]}},{"type":"Feature","geometry":{"type":"Point","coordinates":[11.975494,57.708112]},"properties":{"line":"22","mode":"bus","color":"#0059a9","colorDark":"#00294f","band":2,"off":[0,1.1]}},{"type":"Feature","geometry":{"type":"Point","coordinates":[11.975494,57.708112]},"properties":{"line":"69","mode":"bus","color":"#0059a9","colorDark":"#00294f","band":2,"off":[3.4,1.1]}},{"type":"Feature","geometry":{"type":"Point","coordinates":[11.975494,57.708112]},"properties":{"line":"101","mode":"bus","color":"#0059a9","colorDark":"#00294f","band":2,"off":[6.8,1.1]}},{"type":"Feature","geometry":{"type":"Point","coordinates":[11.975494,57.708112]},"properties":{"line":"141","mode":"bus","color":"#0059a9","colorDark":"#00294f","band":2,"off":[-1.7,3.1]}},{"type":"Feature","geometry":{"type":"Point","coordinates":[11.975494,57.708112]},"properties":{"line":"LERS","mode":"bus","color":"#0059a9","colorDark":"#00294f","band":2,"off":[1.7,3.1]}},{"type":"Feature","geometry":{"type":"Point","coordinates":[12.017491,57.680747]},"properties":{"name":"Kallebäcks Källa","band":2,"modes":"bus","arr":["18","86"],"off":[0,-0.8]}},{"type":"Feature","geometry":{"type":"Point","coordinates":[12.017491,57.680747]},"properties":{"line":"18","mode":"bus","color":"#0059a9","colorDark":"#00294f","band":2,"off":[-1.7,1.1]}},{"type":"Feature","geometry":{"type":"Point","coordinates":[12.017491,57.680747]},"properties":{"line":"86","mode":"bus","color":"#0059a9","colorDark":"#00294f","band":2,"off":[1.7,1.1]}},{"type":"Feature","geometry":{"type":"Point","coordinates":[11.986776,57.757735]},"properties":{"name":"Körkarlens gata","band":2,"modes":"bus","arr":["18","46","47","142"],"off":[0,-0.8]}},{"type":"Feature","geometry":{"type":"Point","coordinates":[11.986776,57.757735]},"properties":{"line":"18","mode":"bus","color":"#0059a9","colorDark":"#00294f","band":2,"off":[-5.1,1.1]}},{"type":"Feature","geometry":{"type":"Point","coordinates":[11.986776,57.757735]},"properties":{"line":"46","mode":"bus","color":"#0059a9","colorDark":"#00294f","band":2,"off":[-1.7,1.1]}},{"type":"Feature","geometry":{"type":"Point","coordinates":[11.986776,57.757735]},"properties":{"line":"47","mode":"bus","color":"#0059a9","colorDark":"#00294f","band":2,"off":[1.7,1.1]}},{"type":"Feature","geometry":{"type":"Point","coordinates":[11.986776,57.757735]},"properties":{"line":"142","mode":"bus","color":"#0059a9","colorDark":"#00294f","band":2,"off":[5.1,1.1]}},{"type":"Feature","geometry":{"type":"Point","coordinates":[12.004852,57.690469]},"properties":{"name":"Skårs Kyrka","band":2,"modes":"bus","arr":["62"],"off":[0,-0.8]}},{"type":"Feature","geometry":{"type":"Point","coordinates":[12.004852,57.690469]},"properties":{"line":"62","mode":"bus","color":"#0059a9","colorDark":"#00294f","band":2,"off":[0,1.1]}},{"type":"Feature","geometry":{"type":"Point","coordinates":[11.936013,57.673866]},"properties":{"name":"Marklandsgatan","band":2,"modes":"bus","arr":["19","65","82","84","95","758"],"off":[0,-0.8]}},{"type":"Feature","geometry":{"type":"Point","coordinates":[11.936013,57.673866]},"properties":{"line":"19","mode":"bus","color":"#0059a9","colorDark":"#00294f","band":2,"off":[-6.8,1.1]}},{"type":"Feature","geometry":{"type":"Point","coordinates":[11.936013,57.673866]},"properties":{"line":"65","mode":"bus","color":"#0059a9","colorDark":"#00294f","band":2,"off":[-3.4,1.1]}},{"type":"Feature","geometry":{"type":"Point","coordinates":[11.936013,57.673866]},"properties":{"line":"82","mode":"bus","color":"#0059a9","colorDark":"#00294f","band":2,"off":[0,1.1]}},{"type":"Feature","geometry":{"type":"Point","coordinates":[11.936013,57.673866]},"properties":{"line":"84","mode":"bus","color":"#0059a9","colorDark":"#00294f","band":2,"off":[3.4,1.1]}},{"type":"Feature","geometry":{"type":"Point","coordinates":[11.936013,57.673866]},"properties":{"line":"95","mode":"bus","color":"#0059a9","colorDark":"#00294f","band":2,"off":[6.8,1.1]}},{"type":"Feature","geometry":{"type":"Point","coordinates":[11.936013,57.673866]},"properties":{"line":"758","mode":"bus","color":"#0059a9","colorDark":"#00294f","band":2,"off":[0,3.1]}},{"type":"Feature","geometry":{"type":"Point","coordinates":[11.945386,57.712018]},"properties":{"name":"Pumpgatan","band":2,"modes":"bus","arr":["35","37","199"],"off":[0,-0.8]}},{"type":"Feature","geometry":{"type":"Point","coordinates":[11.945386,57.712018]},"properties":{"line":"35","mode":"bus","color":"#0059a9","colorDark":"#00294f","band":2,"off":[-3.4,1.1]}},{"type":"Feature","geometry":{"type":"Point","coordinates":[11.945386,57.712018]},"properties":{"line":"37","mode":"bus","color":"#0059a9","colorDark":"#00294f","band":2,"off":[0,1.1]}},{"type":"Feature","geometry":{"type":"Point","coordinates":[11.945386,57.712018]},"properties":{"line":"199","mode":"bus","color":"#0059a9","colorDark":"#00294f","band":2,"off":[3.4,1.1]}},{"type":"Feature","geometry":{"type":"Point","coordinates":[11.9986,57.774585]},"properties":{"name":"Bäckebol Norra","band":2,"modes":"bus","arr":["19"],"off":[0,-0.8]}},{"type":"Feature","geometry":{"type":"Point","coordinates":[11.9986,57.774585]},"properties":{"line":"19","mode":"bus","color":"#0059a9","colorDark":"#00294f","band":2,"off":[0,1.1]}},{"type":"Feature","geometry":{"type":"Point","coordinates":[12.070365,57.761988]},"properties":{"name":"Merkuriusgatan","band":2,"modes":"bus","arr":["21"],"off":[0,-0.8]}},{"type":"Feature","geometry":{"type":"Point","coordinates":[12.070365,57.761988]},"properties":{"line":"21","mode":"bus","color":"#0059a9","colorDark":"#00294f","band":2,"off":[0,1.1]}},{"type":"Feature","geometry":{"type":"Point","coordinates":[11.909944,57.716201]},"properties":{"name":"Eketrägatan","band":2,"modes":"bus","arr":["21","27","30","32","34","44","X76"],"off":[0,-0.8]}},{"type":"Feature","geometry":{"type":"Point","coordinates":[11.909944,57.716201]},"properties":{"line":"21","mode":"bus","color":"#0059a9","colorDark":"#00294f","band":2,"off":[-6.8,1.1]}},{"type":"Feature","geometry":{"type":"Point","coordinates":[11.909944,57.716201]},"properties":{"line":"27","mode":"bus","color":"#0059a9","colorDark":"#00294f","band":2,"off":[-3.4,1.1]}},{"type":"Feature","geometry":{"type":"Point","coordinates":[11.909944,57.716201]},"properties":{"line":"30","mode":"bus","color":"#0059a9","colorDark":"#00294f","band":2,"off":[0,1.1]}},{"type":"Feature","geometry":{"type":"Point","coordinates":[11.909944,57.716201]},"properties":{"line":"32","mode":"bus","color":"#0059a9","colorDark":"#00294f","band":2,"off":[3.4,1.1]}},{"type":"Feature","geometry":{"type":"Point","coordinates":[11.909944,57.716201]},"properties":{"line":"34","mode":"bus","color":"#0059a9","colorDark":"#00294f","band":2,"off":[6.8,1.1]}},{"type":"Feature","geometry":{"type":"Point","coordinates":[11.909944,57.716201]},"properties":{"line":"44","mode":"bus","color":"#0059a9","colorDark":"#00294f","band":2,"off":[-1.7,3.1]}},{"type":"Feature","geometry":{"type":"Point","coordinates":[11.909944,57.716201]},"properties":{"line":"X76","mode":"bus","color":"#0059a9","colorDark":"#00294f","band":2,"off":[1.7,3.1]}},{"type":"Feature","geometry":{"type":"Point","coordinates":[12.173604,57.745374]},"properties":{"name":"Jons väg","band":2,"modes":"bus","arr":["518","519"],"off":[0,-0.8]}},{"type":"Feature","geometry":{"type":"Point","coordinates":[12.173604,57.745374]},"properties":{"line":"518","mode":"bus","color":"#0059a9","colorDark":"#00294f","band":2,"off":[-1.7,1.1]}},{"type":"Feature","geometry":{"type":"Point","coordinates":[12.173604,57.745374]},"properties":{"line":"519","mode":"bus","color":"#0059a9","colorDark":"#00294f","band":2,"off":[1.7,1.1]}},{"type":"Feature","geometry":{"type":"Point","coordinates":[12.529199,57.927184]},"properties":{"name":"Alingsåsterminalen","band":2,"modes":"bus","arr":["22"],"off":[0,-0.8]}},{"type":"Feature","geometry":{"type":"Point","coordinates":[12.529199,57.927184]},"properties":{"line":"22","mode":"bus","color":"#0059a9","colorDark":"#00294f","band":2,"off":[0,1.1]}},{"type":"Feature","geometry":{"type":"Point","coordinates":[12.02334,57.630801]},"properties":{"name":"Peppareds torg","band":2,"modes":"bus","arr":["25"],"off":[0,-0.8]}},{"type":"Feature","geometry":{"type":"Point","coordinates":[12.02334,57.630801]},"properties":{"line":"25","mode":"bus","color":"#0059a9","colorDark":"#00294f","band":2,"off":[0,1.1]}},{"type":"Feature","geometry":{"type":"Point","coordinates":[11.952846,57.689624]},"properties":{"name":"Linnéplatsen","band":2,"modes":"bus","arr":["63","757"],"off":[0,-0.8]}},{"type":"Feature","geometry":{"type":"Point","coordinates":[11.952846,57.689624]},"properties":{"line":"63","mode":"bus","color":"#0059a9","colorDark":"#00294f","band":2,"off":[-1.7,1.1]}},{"type":"Feature","geometry":{"type":"Point","coordinates":[11.952846,57.689624]},"properties":{"line":"757","mode":"bus","color":"#0059a9","colorDark":"#00294f","band":2,"off":[1.7,1.1]}},{"type":"Feature","geometry":{"type":"Point","coordinates":[11.886564,57.733091]},"properties":{"name":"Svarte Mosse","band":2,"modes":"bus","arr":["25"],"off":[0,-0.8]}},{"type":"Feature","geometry":{"type":"Point","coordinates":[11.886564,57.733091]},"properties":{"line":"25","mode":"bus","color":"#0059a9","colorDark":"#00294f","band":2,"off":[0,1.1]}},{"type":"Feature","geometry":{"type":"Point","coordinates":[12.017154,57.656492]},"properties":{"name":"Mölndals Innerstad","band":2,"modes":"bus","arr":["755","757","759","764"],"off":[0,-0.8]}},{"type":"Feature","geometry":{"type":"Point","coordinates":[12.017154,57.656492]},"properties":{"line":"755","mode":"bus","color":"#0059a9","colorDark":"#00294f","band":2,"off":[-5.1,1.1]}},{"type":"Feature","geometry":{"type":"Point","coordinates":[12.017154,57.656492]},"properties":{"line":"757","mode":"bus","color":"#0059a9","colorDark":"#00294f","band":2,"off":[-1.7,1.1]}},{"type":"Feature","geometry":{"type":"Point","coordinates":[12.017154,57.656492]},"properties":{"line":"759","mode":"bus","color":"#0059a9","colorDark":"#00294f","band":2,"off":[1.7,1.1]}},{"type":"Feature","geometry":{"type":"Point","coordinates":[12.017154,57.656492]},"properties":{"line":"764","mode":"bus","color":"#0059a9","colorDark":"#00294f","band":2,"off":[5.1,1.1]}},{"type":"Feature","geometry":{"type":"Point","coordinates":[11.842654,57.712635]},"properties":{"name":"Sörredsmotet","band":2,"modes":"bus","arr":["27","32","139"],"off":[0,-0.8]}},{"type":"Feature","geometry":{"type":"Point","coordinates":[11.842654,57.712635]},"properties":{"line":"27","mode":"bus","color":"#0059a9","colorDark":"#00294f","band":2,"off":[-3.4,1.1]}},{"type":"Feature","geometry":{"type":"Point","coordinates":[11.842654,57.712635]},"properties":{"line":"32","mode":"bus","color":"#0059a9","colorDark":"#00294f","band":2,"off":[0,1.1]}},{"type":"Feature","geometry":{"type":"Point","coordinates":[11.842654,57.712635]},"properties":{"line":"139","mode":"bus","color":"#0059a9","colorDark":"#00294f","band":2,"off":[3.4,1.1]}},{"type":"Feature","geometry":{"type":"Point","coordinates":[11.840989,57.716746]},"properties":{"name":"Volvo Torslanda TK","band":2,"modes":"bus","arr":["145","179"],"off":[0,-0.8]}},{"type":"Feature","geometry":{"type":"Point","coordinates":[11.840989,57.716746]},"properties":{"line":"145","mode":"bus","color":"#0059a9","colorDark":"#00294f","band":2,"off":[-1.7,1.1]}},{"type":"Feature","geometry":{"type":"Point","coordinates":[11.840989,57.716746]},"properties":{"line":"179","mode":"bus","color":"#0059a9","colorDark":"#00294f","band":2,"off":[1.7,1.1]}},{"type":"Feature","geometry":{"type":"Point","coordinates":[11.849809,57.723404]},"properties":{"name":"Volvohallen","band":2,"modes":"bus","arr":["159","190"],"off":[0,-0.8]}},{"type":"Feature","geometry":{"type":"Point","coordinates":[11.849809,57.723404]},"properties":{"line":"159","mode":"bus","color":"#0059a9","colorDark":"#00294f","band":2,"off":[-1.7,1.1]}},{"type":"Feature","geometry":{"type":"Point","coordinates":[11.849809,57.723404]},"properties":{"line":"190","mode":"bus","color":"#0059a9","colorDark":"#00294f","band":2,"off":[1.7,1.1]}},{"type":"Feature","geometry":{"type":"Point","coordinates":[11.866169,57.727955]},"properties":{"name":"Volvo Torslanda PVH","band":2,"modes":"bus","arr":["X77"],"off":[0,-0.8]}},{"type":"Feature","geometry":{"type":"Point","coordinates":[11.866169,57.727955]},"properties":{"line":"X77","mode":"bus","color":"#0059a9","colorDark":"#00294f","band":2,"off":[0,1.1]}},{"type":"Feature","geometry":{"type":"Point","coordinates":[11.862463,57.721867]},"properties":{"name":"Volvo Torslanda RA","band":2,"modes":"bus","arr":["127","180"],"off":[0,-0.8]}},{"type":"Feature","geometry":{"type":"Point","coordinates":[11.862463,57.721867]},"properties":{"line":"127","mode":"bus","color":"#0059a9","colorDark":"#00294f","band":2,"off":[-1.7,1.1]}},{"type":"Feature","geometry":{"type":"Point","coordinates":[11.862463,57.721867]},"properties":{"line":"180","mode":"bus","color":"#0059a9","colorDark":"#00294f","band":2,"off":[1.7,1.1]}},{"type":"Feature","geometry":{"type":"Point","coordinates":[11.839706,57.711329]},"properties":{"name":"Sörredsmotet","band":2,"modes":"bus","arr":["27","32","139","142"],"off":[0,-0.8]}},{"type":"Feature","geometry":{"type":"Point","coordinates":[11.839706,57.711329]},"properties":{"line":"27","mode":"bus","color":"#0059a9","colorDark":"#00294f","band":2,"off":[-5.1,1.1]}},{"type":"Feature","geometry":{"type":"Point","coordinates":[11.839706,57.711329]},"properties":{"line":"32","mode":"bus","color":"#0059a9","colorDark":"#00294f","band":2,"off":[-1.7,1.1]}},{"type":"Feature","geometry":{"type":"Point","coordinates":[11.839706,57.711329]},"properties":{"line":"139","mode":"bus","color":"#0059a9","colorDark":"#00294f","band":2,"off":[1.7,1.1]}},{"type":"Feature","geometry":{"type":"Point","coordinates":[11.839706,57.711329]},"properties":{"line":"142","mode":"bus","color":"#0059a9","colorDark":"#00294f","band":2,"off":[5.1,1.1]}},{"type":"Feature","geometry":{"type":"Point","coordinates":[11.779368,57.709981]},"properties":{"name":"Amhult Resecentrum","band":2,"modes":"bus","arr":["29","X90"],"off":[0,-0.8]}},{"type":"Feature","geometry":{"type":"Point","coordinates":[11.779368,57.709981]},"properties":{"line":"29","mode":"bus","color":"#0059a9","colorDark":"#00294f","band":2,"off":[-1.7,1.1]}},{"type":"Feature","geometry":{"type":"Point","coordinates":[11.779368,57.709981]},"properties":{"line":"X90","mode":"bus","color":"#0059a9","colorDark":"#00294f","band":2,"off":[1.7,1.1]}},{"type":"Feature","geometry":{"type":"Point","coordinates":[11.782713,57.714753]},"properties":{"name":"Torslandakrysset","band":2,"modes":"bus","arr":["129"],"off":[0,-0.8]}},{"type":"Feature","geometry":{"type":"Point","coordinates":[11.782713,57.714753]},"properties":{"line":"129","mode":"bus","color":"#0059a9","colorDark":"#00294f","band":2,"off":[0,1.1]}},{"type":"Feature","geometry":{"type":"Point","coordinates":[11.910214,57.652183]},"properties":{"name":"Frölunda Torg Vändslinga","band":2,"modes":"tram,bus","arr":["8","30","83","86","89","90","91","92","93","94","95","97","99","185","751","X5"],"off":[0,-0.8],"sc":0.92}},{"type":"Feature","geometry":{"type":"Point","coordinates":[11.910214,57.652183]},"properties":{"name":"Frölunda Torg","band":2,"modes":"tram,bus","arr":["8","30","83","86","89","90","91","92","93","94","95","97","99","185","751","X5"],"off":[0,-3],"sc":0.92}},{"type":"Feature","geometry":{"type":"Point","coordinates":[11.910214,57.652183]},"properties":{"line":"8","mode":"tram","color":"#d6212b","colorDark":"#7c1116","band":2,"sc":0.92,"off":[-6.8,1.1]}},{"type":"Feature","geometry":{"type":"Point","coordinates":[11.910214,57.652183]},"properties":{"line":"30","mode":"bus","color":"#0059a9","colorDark":"#00294f","band":2,"sc":0.92,"off":[-3.4,1.1]}},{"type":"Feature","geometry":{"type":"Point","coordinates":[11.910214,57.652183]},"properties":{"line":"83","mode":"bus","color":"#0059a9","colorDark":"#00294f","band":2,"sc":0.92,"off":[0,1.1]}},{"type":"Feature","geometry":{"type":"Point","coordinates":[11.910214,57.652183]},"properties":{"line":"86","mode":"bus","color":"#0059a9","colorDark":"#00294f","band":2,"sc":0.92,"off":[3.4,1.1]}},{"type":"Feature","geometry":{"type":"Point","coordinates":[11.910214,57.652183]},"properties":{"line":"89","mode":"bus","color":"#0059a9","colorDark":"#00294f","band":2,"sc":0.92,"off":[6.8,1.1]}},{"type":"Feature","geometry":{"type":"Point","coordinates":[11.910214,57.652183]},"properties":{"line":"90","mode":"bus","color":"#0059a9","colorDark":"#00294f","band":2,"sc":0.92,"off":[-6.8,3.1]}},{"type":"Feature","geometry":{"type":"Point","coordinates":[11.910214,57.652183]},"properties":{"line":"91","mode":"bus","color":"#0059a9","colorDark":"#00294f","band":2,"sc":0.92,"off":[-3.4,3.1]}},{"type":"Feature","geometry":{"type":"Point","coordinates":[11.910214,57.652183]},"properties":{"line":"92","mode":"bus","color":"#0059a9","colorDark":"#00294f","band":2,"sc":0.92,"off":[0,3.1]}},{"type":"Feature","geometry":{"type":"Point","coordinates":[11.910214,57.652183]},"properties":{"line":"93","mode":"bus","color":"#0059a9","colorDark":"#00294f","band":2,"sc":0.92,"off":[3.4,3.1]}},{"type":"Feature","geometry":{"type":"Point","coordinates":[11.910214,57.652183]},"properties":{"line":"94","mode":"bus","color":"#0059a9","colorDark":"#00294f","band":2,"sc":0.92,"off":[6.8,3.1]}},{"type":"Feature","geometry":{"type":"Point","coordinates":[11.910214,57.652183]},"properties":{"line":"95","mode":"bus","color":"#0059a9","colorDark":"#00294f","band":2,"sc":0.92,"off":[-6.8,5.1]}},{"type":"Feature","geometry":{"type":"Point","coordinates":[11.910214,57.652183]},"properties":{"line":"97","mode":"bus","color":"#0059a9","colorDark":"#00294f","band":2,"sc":0.92,"off":[-3.4,5.1]}},{"type":"Feature","geometry":{"type":"Point","coordinates":[11.910214,57.652183]},"properties":{"line":"99","mode":"bus","color":"#0059a9","colorDark":"#00294f","band":2,"sc":0.92,"off":[0,5.1]}},{"type":"Feature","geometry":{"type":"Point","coordinates":[11.910214,57.652183]},"properties":{"line":"185","mode":"bus","color":"#0059a9","colorDark":"#00294f","band":2,"sc":0.92,"off":[3.4,5.1]}},{"type":"Feature","geometry":{"type":"Point","coordinates":[11.910214,57.652183]},"properties":{"line":"751","mode":"bus","color":"#0059a9","colorDark":"#00294f","band":2,"sc":0.92,"off":[6.8,5.1]}},{"type":"Feature","geometry":{"type":"Point","coordinates":[11.910214,57.652183]},"properties":{"line":"X5","mode":"bus","color":"#0059a9","colorDark":"#00294f","band":2,"sc":0.92,"off":[0,7.1]}},{"type":"Feature","geometry":{"type":"Point","coordinates":[11.825818,57.697976]},"properties":{"name":"Arendal Portal","band":2,"modes":"bus","arr":["128","148","184"],"off":[0,-0.8]}},{"type":"Feature","geometry":{"type":"Point","coordinates":[11.825818,57.697976]},"properties":{"line":"128","mode":"bus","color":"#0059a9","colorDark":"#00294f","band":2,"off":[-3.4,1.1]}},{"type":"Feature","geometry":{"type":"Point","coordinates":[11.825818,57.697976]},"properties":{"line":"148","mode":"bus","color":"#0059a9","colorDark":"#00294f","band":2,"off":[0,1.1]}},{"type":"Feature","geometry":{"type":"Point","coordinates":[11.825818,57.697976]},"properties":{"line":"184","mode":"bus","color":"#0059a9","colorDark":"#00294f","band":2,"off":[3.4,1.1]}},{"type":"Feature","geometry":{"type":"Point","coordinates":[11.821108,57.699447]},"properties":{"name":"Godsgatan","band":2,"modes":"bus","arr":["178"],"off":[0,-0.8]}},{"type":"Feature","geometry":{"type":"Point","coordinates":[11.821108,57.699447]},"properties":{"line":"178","mode":"bus","color":"#0059a9","colorDark":"#00294f","band":2,"off":[0,1.1]}},{"type":"Feature","geometry":{"type":"Point","coordinates":[11.735637,57.741949]},"properties":{"name":"Sillvik","band":2,"modes":"bus","arr":["33"],"off":[0,-0.8]}},{"type":"Feature","geometry":{"type":"Point","coordinates":[11.735637,57.741949]},"properties":{"line":"33","mode":"bus","color":"#0059a9","colorDark":"#00294f","band":2,"off":[0,1.1]}},{"type":"Feature","geometry":{"type":"Point","coordinates":[11.799798,57.737692]},"properties":{"name":"Lillebyvägen","band":2,"modes":"bus","arr":["33"],"off":[0,-0.8]}},{"type":"Feature","geometry":{"type":"Point","coordinates":[11.799798,57.737692]},"properties":{"line":"33","mode":"bus","color":"#0059a9","colorDark":"#00294f","band":2,"off":[0,1.1]}},{"type":"Feature","geometry":{"type":"Point","coordinates":[11.711723,57.704984]},"properties":{"name":"Hjuvik","band":2,"modes":"bus","arr":["34"],"off":[0,-0.8]}},{"type":"Feature","geometry":{"type":"Point","coordinates":[11.711723,57.704984]},"properties":{"line":"34","mode":"bus","color":"#0059a9","colorDark":"#00294f","band":2,"off":[0,1.1]}},{"type":"Feature","geometry":{"type":"Point","coordinates":[11.887204,57.776459]},"properties":{"name":"Säve Depå","band":2,"modes":"bus","arr":["35"],"off":[0,-0.8]}},{"type":"Feature","geometry":{"type":"Point","coordinates":[11.887204,57.776459]},"properties":{"line":"35","mode":"bus","color":"#0059a9","colorDark":"#00294f","band":2,"off":[0,1.1]}},{"type":"Feature","geometry":{"type":"Point","coordinates":[11.831365,57.757601]},"properties":{"name":"Skra Bro","band":2,"modes":"bus","arr":["36","38"],"off":[0,-0.8]}},{"type":"Feature","geometry":{"type":"Point","coordinates":[11.831365,57.757601]},"properties":{"line":"36","mode":"bus","color":"#0059a9","colorDark":"#00294f","band":2,"off":[-1.7,1.1]}},{"type":"Feature","geometry":{"type":"Point","coordinates":[11.831365,57.757601]},"properties":{"line":"38","mode":"bus","color":"#0059a9","colorDark":"#00294f","band":2,"off":[1.7,1.1]}},{"type":"Feature","geometry":{"type":"Point","coordinates":[11.9113,57.803548]},"properties":{"name":"Säve Station","band":2,"modes":"bus","arr":["36"],"off":[0,-0.8]}},{"type":"Feature","geometry":{"type":"Point","coordinates":[11.9113,57.803548]},"properties":{"line":"36","mode":"bus","color":"#0059a9","colorDark":"#00294f","band":2,"off":[0,1.1]}},{"type":"Feature","geometry":{"type":"Point","coordinates":[11.992271,57.799865]},"properties":{"name":"Klareberg","band":2,"modes":"bus","arr":["37","46","X2"],"off":[0,-0.8]}},{"type":"Feature","geometry":{"type":"Point","coordinates":[11.992271,57.799865]},"properties":{"line":"37","mode":"bus","color":"#0059a9","colorDark":"#00294f","band":2,"off":[-3.4,1.1]}},{"type":"Feature","geometry":{"type":"Point","coordinates":[11.992271,57.799865]},"properties":{"line":"46","mode":"bus","color":"#0059a9","colorDark":"#00294f","band":2,"off":[0,1.1]}},{"type":"Feature","geometry":{"type":"Point","coordinates":[11.992271,57.799865]},"properties":{"line":"X2","mode":"bus","color":"#0059a9","colorDark":"#00294f","band":2,"off":[3.4,1.1]}},{"type":"Feature","geometry":{"type":"Point","coordinates":[11.833404,57.788605]},"properties":{"name":"Kippholmen","band":2,"modes":"bus","arr":["38"],"off":[0,-0.8]}},{"type":"Feature","geometry":{"type":"Point","coordinates":[11.833404,57.788605]},"properties":{"line":"38","mode":"bus","color":"#0059a9","colorDark":"#00294f","band":2,"off":[0,1.1]}},{"type":"Feature","geometry":{"type":"Point","coordinates":[11.907789,57.697386]},"properties":{"name":"Bockkranen","band":2,"modes":"bus","arr":["42"],"off":[0,-0.8]}},{"type":"Feature","geometry":{"type":"Point","coordinates":[11.907789,57.697386]},"properties":{"line":"42","mode":"bus","color":"#0059a9","colorDark":"#00294f","band":2,"off":[0,1.1]}},{"type":"Feature","geometry":{"type":"Point","coordinates":[11.94979,57.766506]},"properties":{"name":"Skogome","band":2,"modes":"bus","arr":["42","43"],"off":[0,-0.8]}},{"type":"Feature","geometry":{"type":"Point","coordinates":[11.94979,57.766506]},"properties":{"line":"42","mode":"bus","color":"#0059a9","colorDark":"#00294f","band":2,"off":[-1.7,1.1]}},{"type":"Feature","geometry":{"type":"Point","coordinates":[11.94979,57.766506]},"properties":{"line":"43","mode":"bus","color":"#0059a9","colorDark":"#00294f","band":2,"off":[1.7,1.1]}},{"type":"Feature","geometry":{"type":"Point","coordinates":[12.058977,57.737296]},"properties":{"name":"Österlyckan","band":2,"modes":"bus","arr":["167"],"off":[0,-0.8]}},{"type":"Feature","geometry":{"type":"Point","coordinates":[12.058977,57.737296]},"properties":{"line":"167","mode":"bus","color":"#0059a9","colorDark":"#00294f","band":2,"off":[0,1.1]}},{"type":"Feature","geometry":{"type":"Point","coordinates":[11.994314,57.677589]},"properties":{"name":"Sörgårdsskolan","band":2,"modes":"bus","arr":["60"],"off":[0,-0.8]}},{"type":"Feature","geometry":{"type":"Point","coordinates":[11.994314,57.677589]},"properties":{"line":"60","mode":"bus","color":"#0059a9","colorDark":"#00294f","band":2,"off":[0,1.1]}},{"type":"Feature","geometry":{"type":"Point","coordinates":[11.969264,57.699543]},"properties":{"name":"Vasaplatsen","band":2,"modes":"bus","arr":["258"],"off":[0,-0.8]}},{"type":"Feature","geometry":{"type":"Point","coordinates":[11.969264,57.699543]},"properties":{"line":"258","mode":"bus","color":"#0059a9","colorDark":"#00294f","band":2,"off":[0,1.1]}},{"type":"Feature","geometry":{"type":"Point","coordinates":[11.942506,57.693584]},"properties":{"name":"Masthugget","band":2,"modes":"bus","arr":["61"],"off":[0,-0.8]}},{"type":"Feature","geometry":{"type":"Point","coordinates":[11.942506,57.693584]},"properties":{"line":"61","mode":"bus","color":"#0059a9","colorDark":"#00294f","band":2,"off":[0,1.1]}},{"type":"Feature","geometry":{"type":"Point","coordinates":[11.976594,57.703591]},"properties":{"name":"Heden","band":2,"modes":"bus","arr":["61","63","64","173","258","503","510","513","753","754","758"],"off":[0,-0.8]}},{"type":"Feature","geometry":{"type":"Point","coordinates":[11.976594,57.703591]},"properties":{"line":"61","mode":"bus","color":"#0059a9","colorDark":"#00294f","band":2,"off":[-6.8,1.1]}},{"type":"Feature","geometry":{"type":"Point","coordinates":[11.976594,57.703591]},"properties":{"line":"63","mode":"bus","color":"#0059a9","colorDark":"#00294f","band":2,"off":[-3.4,1.1]}},{"type":"Feature","geometry":{"type":"Point","coordinates":[11.976594,57.703591]},"properties":{"line":"64","mode":"bus","color":"#0059a9","colorDark":"#00294f","band":2,"off":[0,1.1]}},{"type":"Feature","geometry":{"type":"Point","coordinates":[11.976594,57.703591]},"properties":{"line":"173","mode":"bus","color":"#0059a9","colorDark":"#00294f","band":2,"off":[3.4,1.1]}},{"type":"Feature","geometry":{"type":"Point","coordinates":[11.976594,57.703591]},"properties":{"line":"258","mode":"bus","color":"#0059a9","colorDark":"#00294f","band":2,"off":[6.8,1.1]}},{"type":"Feature","geometry":{"type":"Point","coordinates":[11.976594,57.703591]},"properties":{"line":"503","mode":"bus","color":"#0059a9","colorDark":"#00294f","band":2,"off":[-6.8,3.1]}},{"type":"Feature","geometry":{"type":"Point","coordinates":[11.976594,57.703591]},"properties":{"line":"510","mode":"bus","color":"#0059a9","colorDark":"#00294f","band":2,"off":[-3.4,3.1]}},{"type":"Feature","geometry":{"type":"Point","coordinates":[11.976594,57.703591]},"properties":{"line":"513","mode":"bus","color":"#0059a9","colorDark":"#00294f","band":2,"off":[0,3.1]}},{"type":"Feature","geometry":{"type":"Point","coordinates":[11.976594,57.703591]},"properties":{"line":"753","mode":"bus","color":"#0059a9","colorDark":"#00294f","band":2,"off":[3.4,3.1]}},{"type":"Feature","geometry":{"type":"Point","coordinates":[11.976594,57.703591]},"properties":{"line":"754","mode":"bus","color":"#0059a9","colorDark":"#00294f","band":2,"off":[6.8,3.1]}},{"type":"Feature","geometry":{"type":"Point","coordinates":[11.976594,57.703591]},"properties":{"line":"758","mode":"bus","color":"#0059a9","colorDark":"#00294f","band":2,"off":[0,5.1]}},{"type":"Feature","geometry":{"type":"Point","coordinates":[11.912466,57.673272]},"properties":{"name":"Fyrktorget","band":2,"modes":"bus","arr":["64"],"off":[0,-0.8]}},{"type":"Feature","geometry":{"type":"Point","coordinates":[11.912466,57.673272]},"properties":{"line":"64","mode":"bus","color":"#0059a9","colorDark":"#00294f","band":2,"off":[0,1.1]}},{"type":"Feature","geometry":{"type":"Point","coordinates":[11.915923,57.670918]},"properties":{"name":"Gerdas gård","band":2,"modes":"bus","arr":["65"],"off":[0,-0.8]}},{"type":"Feature","geometry":{"type":"Point","coordinates":[11.915923,57.670918]},"properties":{"line":"65","mode":"bus","color":"#0059a9","colorDark":"#00294f","band":2,"off":[0,1.1]}},{"type":"Feature","geometry":{"type":"Point","coordinates":[11.99432,57.699519]},"properties":{"name":"Liseberg Station","band":2,"modes":"bus","arr":["69"],"off":[0,-0.8]}},{"type":"Feature","geometry":{"type":"Point","coordinates":[11.99432,57.699519]},"properties":{"line":"69","mode":"bus","color":"#0059a9","colorDark":"#00294f","band":2,"off":[0,1.1]}},{"type":"Feature","geometry":{"type":"Point","coordinates":[12.045921,57.772154]},"properties":{"name":"Eriksbo Östergärde","band":2,"modes":"bus","arr":["71","78"],"off":[0,-0.8]}},{"type":"Feature","geometry":{"type":"Point","coordinates":[12.045921,57.772154]},"properties":{"line":"71","mode":"bus","color":"#0059a9","colorDark":"#00294f","band":2,"off":[-1.7,1.1]}},{"type":"Feature","geometry":{"type":"Point","coordinates":[12.045921,57.772154]},"properties":{"line":"78","mode":"bus","color":"#0059a9","colorDark":"#00294f","band":2,"off":[1.7,1.1]}},{"type":"Feature","geometry":{"type":"Point","coordinates":[12.049308,57.772529]},"properties":{"name":"Angereds Storåsväg","band":2,"modes":"bus","arr":["179"],"off":[0,-0.8]}},{"type":"Feature","geometry":{"type":"Point","coordinates":[12.049308,57.772529]},"properties":{"line":"179","mode":"bus","color":"#0059a9","colorDark":"#00294f","band":2,"off":[0,1.1]}},{"type":"Feature","geometry":{"type":"Point","coordinates":[12.024386,57.800873]},"properties":{"name":"Peppargatan","band":2,"modes":"bus","arr":["73"],"off":[0,-0.8]}},{"type":"Feature","geometry":{"type":"Point","coordinates":[12.024386,57.800873]},"properties":{"line":"73","mode":"bus","color":"#0059a9","colorDark":"#00294f","band":2,"off":[0,1.1]}},{"type":"Feature","geometry":{"type":"Point","coordinates":[12.104961,57.738312]},"properties":{"name":"Partille centrum","band":2,"modes":"bus","arr":["74","510","511","512","513","514","515","516","517","518","519","X1"],"off":[0,-0.8]}},{"type":"Feature","geometry":{"type":"Point","coordinates":[12.104961,57.738312]},"properties":{"line":"74","mode":"bus","color":"#0059a9","colorDark":"#00294f","band":2,"off":[-6.8,1.1]}},{"type":"Feature","geometry":{"type":"Point","coordinates":[12.104961,57.738312]},"properties":{"line":"510","mode":"bus","color":"#0059a9","colorDark":"#00294f","band":2,"off":[-3.4,1.1]}},{"type":"Feature","geometry":{"type":"Point","coordinates":[12.104961,57.738312]},"properties":{"line":"511","mode":"bus","color":"#0059a9","colorDark":"#00294f","band":2,"off":[0,1.1]}},{"type":"Feature","geometry":{"type":"Point","coordinates":[12.104961,57.738312]},"properties":{"line":"512","mode":"bus","color":"#0059a9","colorDark":"#00294f","band":2,"off":[3.4,1.1]}},{"type":"Feature","geometry":{"type":"Point","coordinates":[12.104961,57.738312]},"properties":{"line":"513","mode":"bus","color":"#0059a9","colorDark":"#00294f","band":2,"off":[6.8,1.1]}},{"type":"Feature","geometry":{"type":"Point","coordinates":[12.104961,57.738312]},"properties":{"line":"514","mode":"bus","color":"#0059a9","colorDark":"#00294f","band":2,"off":[-6.8,3.1]}},{"type":"Feature","geometry":{"type":"Point","coordinates":[12.104961,57.738312]},"properties":{"line":"515","mode":"bus","color":"#0059a9","colorDark":"#00294f","band":2,"off":[-3.4,3.1]}},{"type":"Feature","geometry":{"type":"Point","coordinates":[12.104961,57.738312]},"properties":{"line":"516","mode":"bus","color":"#0059a9","colorDark":"#00294f","band":2,"off":[0,3.1]}},{"type":"Feature","geometry":{"type":"Point","coordinates":[12.104961,57.738312]},"properties":{"line":"517","mode":"bus","color":"#0059a9","colorDark":"#00294f","band":2,"off":[3.4,3.1]}},{"type":"Feature","geometry":{"type":"Point","coordinates":[12.104961,57.738312]},"properties":{"line":"518","mode":"bus","color":"#0059a9","colorDark":"#00294f","band":2,"off":[6.8,3.1]}},{"type":"Feature","geometry":{"type":"Point","coordinates":[12.104961,57.738312]},"properties":{"line":"519","mode":"bus","color":"#0059a9","colorDark":"#00294f","band":2,"off":[-1.7,5.1]}},{"type":"Feature","geometry":{"type":"Point","coordinates":[12.104961,57.738312]},"properties":{"line":"X1","mode":"bus","color":"#0059a9","colorDark":"#00294f","band":2,"off":[1.7,5.1]}},{"type":"Feature","geometry":{"type":"Point","coordinates":[12.03369,57.820947]},"properties":{"name":"Persiljegatan","band":2,"modes":"bus","arr":["75","77","X77"],"off":[0,-0.8]}},{"type":"Feature","geometry":{"type":"Point","coordinates":[12.03369,57.820947]},"properties":{"line":"75","mode":"bus","color":"#0059a9","colorDark":"#00294f","band":2,"off":[-3.4,1.1]}},{"type":"Feature","geometry":{"type":"Point","coordinates":[12.03369,57.820947]},"properties":{"line":"77","mode":"bus","color":"#0059a9","colorDark":"#00294f","band":2,"off":[0,1.1]}},{"type":"Feature","geometry":{"type":"Point","coordinates":[12.03369,57.820947]},"properties":{"line":"X77","mode":"bus","color":"#0059a9","colorDark":"#00294f","band":2,"off":[3.4,1.1]}},{"type":"Feature","geometry":{"type":"Point","coordinates":[12.068574,57.804925]},"properties":{"name":"Rannebergen Centrum","band":2,"modes":"bus","arr":["178","X76"],"off":[0,-0.8]}},{"type":"Feature","geometry":{"type":"Point","coordinates":[12.068574,57.804925]},"properties":{"line":"178","mode":"bus","color":"#0059a9","colorDark":"#00294f","band":2,"off":[-1.7,1.1]}},{"type":"Feature","geometry":{"type":"Point","coordinates":[12.068574,57.804925]},"properties":{"line":"X76","mode":"bus","color":"#0059a9","colorDark":"#00294f","band":2,"off":[1.7,1.1]}},{"type":"Feature","geometry":{"type":"Point","coordinates":[12.067313,57.800889]},"properties":{"name":"Fjällsyran","band":2,"modes":"bus","arr":["178","X76"],"off":[0,-0.8]}},{"type":"Feature","geometry":{"type":"Point","coordinates":[12.067313,57.800889]},"properties":{"line":"178","mode":"bus","color":"#0059a9","colorDark":"#00294f","band":2,"off":[-1.7,1.1]}},{"type":"Feature","geometry":{"type":"Point","coordinates":[12.067313,57.800889]},"properties":{"line":"X76","mode":"bus","color":"#0059a9","colorDark":"#00294f","band":2,"off":[1.7,1.1]}},{"type":"Feature","geometry":{"type":"Point","coordinates":[11.920867,57.59688]},"properties":{"name":"Lillövägen","band":2,"modes":"bus","arr":["82","258"],"off":[0,-0.8]}},{"type":"Feature","geometry":{"type":"Point","coordinates":[11.920867,57.59688]},"properties":{"line":"82","mode":"bus","color":"#0059a9","colorDark":"#00294f","band":2,"off":[-1.7,1.1]}},{"type":"Feature","geometry":{"type":"Point","coordinates":[11.920867,57.59688]},"properties":{"line":"258","mode":"bus","color":"#0059a9","colorDark":"#00294f","band":2,"off":[1.7,1.1]}},{"type":"Feature","geometry":{"type":"Point","coordinates":[11.964641,57.629942]},"properties":{"name":"Askims Svartmosse","band":2,"modes":"bus","arr":["83","84"],"off":[0,-0.8]}},{"type":"Feature","geometry":{"type":"Point","coordinates":[11.964641,57.629942]},"properties":{"line":"83","mode":"bus","color":"#0059a9","colorDark":"#00294f","band":2,"off":[-1.7,1.1]}},{"type":"Feature","geometry":{"type":"Point","coordinates":[11.964641,57.629942]},"properties":{"line":"84","mode":"bus","color":"#0059a9","colorDark":"#00294f","band":2,"off":[1.7,1.1]}},{"type":"Feature","geometry":{"type":"Point","coordinates":[11.940553,57.588464]},"properties":{"name":"Skintebo","band":2,"modes":"bus","arr":["89"],"off":[0,-0.8]}},{"type":"Feature","geometry":{"type":"Point","coordinates":[11.940553,57.588464]},"properties":{"line":"89","mode":"bus","color":"#0059a9","colorDark":"#00294f","band":2,"off":[0,1.1]}},{"type":"Feature","geometry":{"type":"Point","coordinates":[11.93942,57.617336]},"properties":{"name":"Hovås Nedre","band":2,"modes":"bus","arr":["180","184"],"off":[0,-0.8]}},{"type":"Feature","geometry":{"type":"Point","coordinates":[11.93942,57.617336]},"properties":{"line":"180","mode":"bus","color":"#0059a9","colorDark":"#00294f","band":2,"off":[-1.7,1.1]}},{"type":"Feature","geometry":{"type":"Point","coordinates":[11.93942,57.617336]},"properties":{"line":"184","mode":"bus","color":"#0059a9","colorDark":"#00294f","band":2,"off":[1.7,1.1]}},{"type":"Feature","geometry":{"type":"Point","coordinates":[11.949153,57.701354]},"properties":{"name":"Järnvågen","band":2,"modes":"bus","arr":["90","91","193","194","196","197"],"off":[0,-0.8]}},{"type":"Feature","geometry":{"type":"Point","coordinates":[11.949153,57.701354]},"properties":{"line":"90","mode":"bus","color":"#0059a9","colorDark":"#00294f","band":2,"off":[-6.8,1.1]}},{"type":"Feature","geometry":{"type":"Point","coordinates":[11.949153,57.701354]},"properties":{"line":"91","mode":"bus","color":"#0059a9","colorDark":"#00294f","band":2,"off":[-3.4,1.1]}},{"type":"Feature","geometry":{"type":"Point","coordinates":[11.949153,57.701354]},"properties":{"line":"193","mode":"bus","color":"#0059a9","colorDark":"#00294f","band":2,"off":[0,1.1]}},{"type":"Feature","geometry":{"type":"Point","coordinates":[11.949153,57.701354]},"properties":{"line":"194","mode":"bus","color":"#0059a9","colorDark":"#00294f","band":2,"off":[3.4,1.1]}},{"type":"Feature","geometry":{"type":"Point","coordinates":[11.949153,57.701354]},"properties":{"line":"196","mode":"bus","color":"#0059a9","colorDark":"#00294f","band":2,"off":[6.8,1.1]}},{"type":"Feature","geometry":{"type":"Point","coordinates":[11.949153,57.701354]},"properties":{"line":"197","mode":"bus","color":"#0059a9","colorDark":"#00294f","band":2,"off":[0,3.1]}},{"type":"Feature","geometry":{"type":"Point","coordinates":[11.871425,57.647864]},"properties":{"name":"Aprikosgatan","band":2,"modes":"bus","arr":["194"],"off":[0,-0.8]}},{"type":"Feature","geometry":{"type":"Point","coordinates":[11.871425,57.647864]},"properties":{"line":"194","mode":"bus","color":"#0059a9","colorDark":"#00294f","band":2,"off":[0,1.1]}},{"type":"Feature","geometry":{"type":"Point","coordinates":[11.90011,57.619686]},"properties":{"name":"Näsbovägen","band":2,"modes":"bus","arr":["92","93","94","193"],"off":[0,-0.8]}},{"type":"Feature","geometry":{"type":"Point","coordinates":[11.90011,57.619686]},"properties":{"line":"92","mode":"bus","color":"#0059a9","colorDark":"#00294f","band":2,"off":[-5.1,1.1]}},{"type":"Feature","geometry":{"type":"Point","coordinates":[11.90011,57.619686]},"properties":{"line":"93","mode":"bus","color":"#0059a9","colorDark":"#00294f","band":2,"off":[-1.7,1.1]}},{"type":"Feature","geometry":{"type":"Point","coordinates":[11.90011,57.619686]},"properties":{"line":"94","mode":"bus","color":"#0059a9","colorDark":"#00294f","band":2,"off":[1.7,1.1]}},{"type":"Feature","geometry":{"type":"Point","coordinates":[11.90011,57.619686]},"properties":{"line":"193","mode":"bus","color":"#0059a9","colorDark":"#00294f","band":2,"off":[5.1,1.1]}},{"type":"Feature","geometry":{"type":"Point","coordinates":[11.897168,57.634696]},"properties":{"name":"Åkered","band":2,"modes":"bus","arr":["196"],"off":[0,-0.8]}},{"type":"Feature","geometry":{"type":"Point","coordinates":[11.897168,57.634696]},"properties":{"line":"196","mode":"bus","color":"#0059a9","colorDark":"#00294f","band":2,"off":[0,1.1]}},{"type":"Feature","geometry":{"type":"Point","coordinates":[11.853211,57.648842]},"properties":{"name":"Fiskebäcks Småbåtshamn","band":2,"modes":"bus","arr":["97","197"],"off":[0,-0.8]}},{"type":"Feature","geometry":{"type":"Point","coordinates":[11.853211,57.648842]},"properties":{"line":"97","mode":"bus","color":"#0059a9","colorDark":"#00294f","band":2,"off":[-1.7,1.1]}},{"type":"Feature","geometry":{"type":"Point","coordinates":[11.853211,57.648842]},"properties":{"line":"197","mode":"bus","color":"#0059a9","colorDark":"#00294f","band":2,"off":[1.7,1.1]}},{"type":"Feature","geometry":{"type":"Point","coordinates":[12.570438,57.667706]},"properties":{"name":"Bollebygd station","band":2,"modes":"bus","arr":["101","611"],"off":[0,-0.8]}},{"type":"Feature","geometry":{"type":"Point","coordinates":[12.570438,57.667706]},"properties":{"line":"101","mode":"bus","color":"#0059a9","colorDark":"#00294f","band":2,"off":[-1.7,1.1]}},{"type":"Feature","geometry":{"type":"Point","coordinates":[12.570438,57.667706]},"properties":{"line":"611","mode":"bus","color":"#0059a9","colorDark":"#00294f","band":2,"off":[1.7,1.1]}},{"type":"Feature","geometry":{"type":"Point","coordinates":[11.966572,57.706738]},"properties":{"name":"Brunnsparken","band":2,"modes":"bus","arr":["114"],"off":[0,-0.8]}},{"type":"Feature","geometry":{"type":"Point","coordinates":[11.966572,57.706738]},"properties":{"line":"114","mode":"bus","color":"#0059a9","colorDark":"#00294f","band":2,"off":[0,1.1]}},{"type":"Feature","geometry":{"type":"Point","coordinates":[11.84326,57.660855]},"properties":{"name":"Saltholmen","band":2,"modes":"bus","arr":["114"],"off":[0,-0.8]}},{"type":"Feature","geometry":{"type":"Point","coordinates":[11.84326,57.660855]},"properties":{"line":"114","mode":"bus","color":"#0059a9","colorDark":"#00294f","band":2,"off":[0,1.1]}},{"type":"Feature","geometry":{"type":"Point","coordinates":[11.752138,57.728701]},"properties":{"name":"Hornkamsgatan","band":2,"modes":"bus","arr":["131","X1"],"off":[0,-0.8]}},{"type":"Feature","geometry":{"type":"Point","coordinates":[11.752138,57.728701]},"properties":{"line":"131","mode":"bus","color":"#0059a9","colorDark":"#00294f","band":2,"off":[-1.7,1.1]}},{"type":"Feature","geometry":{"type":"Point","coordinates":[11.752138,57.728701]},"properties":{"line":"X1","mode":"bus","color":"#0059a9","colorDark":"#00294f","band":2,"off":[1.7,1.1]}},{"type":"Feature","geometry":{"type":"Point","coordinates":[11.86415,57.776927]},"properties":{"name":"Säve Flygplats","band":2,"modes":"bus","arr":["135"],"off":[0,-0.8]}},{"type":"Feature","geometry":{"type":"Point","coordinates":[11.86415,57.776927]},"properties":{"line":"135","mode":"bus","color":"#0059a9","colorDark":"#00294f","band":2,"off":[0,1.1]}},{"type":"Feature","geometry":{"type":"Point","coordinates":[11.792782,57.844194]},"properties":{"name":"Kärna bussterminal","band":2,"modes":"bus","arr":["137","303","305","313","915","922","923","926","930"],"off":[0,-0.8]}},{"type":"Feature","geometry":{"type":"Point","coordinates":[11.792782,57.844194]},"properties":{"line":"137","mode":"bus","color":"#0059a9","colorDark":"#00294f","band":2,"off":[-6.8,1.1]}},{"type":"Feature","geometry":{"type":"Point","coordinates":[11.792782,57.844194]},"properties":{"line":"303","mode":"bus","color":"#0059a9","colorDark":"#00294f","band":2,"off":[-3.4,1.1]}},{"type":"Feature","geometry":{"type":"Point","coordinates":[11.792782,57.844194]},"properties":{"line":"305","mode":"bus","color":"#0059a9","colorDark":"#00294f","band":2,"off":[0,1.1]}},{"type":"Feature","geometry":{"type":"Point","coordinates":[11.792782,57.844194]},"properties":{"line":"313","mode":"bus","color":"#0059a9","colorDark":"#00294f","band":2,"off":[3.4,1.1]}},{"type":"Feature","geometry":{"type":"Point","coordinates":[11.792782,57.844194]},"properties":{"line":"915","mode":"bus","color":"#0059a9","colorDark":"#00294f","band":2,"off":[6.8,1.1]}},{"type":"Feature","geometry":{"type":"Point","coordinates":[11.792782,57.844194]},"properties":{"line":"922","mode":"bus","color":"#0059a9","colorDark":"#00294f","band":2,"off":[-5.1,3.1]}},{"type":"Feature","geometry":{"type":"Point","coordinates":[11.792782,57.844194]},"properties":{"line":"923","mode":"bus","color":"#0059a9","colorDark":"#00294f","band":2,"off":[-1.7,3.1]}},{"type":"Feature","geometry":{"type":"Point","coordinates":[11.792782,57.844194]},"properties":{"line":"926","mode":"bus","color":"#0059a9","colorDark":"#00294f","band":2,"off":[1.7,3.1]}},{"type":"Feature","geometry":{"type":"Point","coordinates":[11.792782,57.844194]},"properties":{"line":"930","mode":"bus","color":"#0059a9","colorDark":"#00294f","band":2,"off":[5.1,3.1]}},{"type":"Feature","geometry":{"type":"Point","coordinates":[11.844927,57.731706]},"properties":{"name":"IAC Group","band":2,"modes":"bus","arr":["139","142"],"off":[0,-0.8]}},{"type":"Feature","geometry":{"type":"Point","coordinates":[11.844927,57.731706]},"properties":{"line":"139","mode":"bus","color":"#0059a9","colorDark":"#00294f","band":2,"off":[-1.7,1.1]}},{"type":"Feature","geometry":{"type":"Point","coordinates":[11.844927,57.731706]},"properties":{"line":"142","mode":"bus","color":"#0059a9","colorDark":"#00294f","band":2,"off":[1.7,1.1]}},{"type":"Feature","geometry":{"type":"Point","coordinates":[11.891903,57.755539]},"properties":{"name":"Volvo Tuve L B","band":2,"modes":"bus","arr":["141"],"off":[0,-0.8]}},{"type":"Feature","geometry":{"type":"Point","coordinates":[11.891903,57.755539]},"properties":{"line":"141","mode":"bus","color":"#0059a9","colorDark":"#00294f","band":2,"off":[0,1.1]}},{"type":"Feature","geometry":{"type":"Point","coordinates":[11.884234,57.756311]},"properties":{"name":"Volvo Tuve L A","band":2,"modes":"bus","arr":["141","190"],"off":[0,-0.8]}},{"type":"Feature","geometry":{"type":"Point","coordinates":[11.884234,57.756311]},"properties":{"line":"141","mode":"bus","color":"#0059a9","colorDark":"#00294f","band":2,"off":[-1.7,1.1]}},{"type":"Feature","geometry":{"type":"Point","coordinates":[11.884234,57.756311]},"properties":{"line":"190","mode":"bus","color":"#0059a9","colorDark":"#00294f","band":2,"off":[1.7,1.1]}},{"type":"Feature","geometry":{"type":"Point","coordinates":[11.87203,57.735162]},"properties":{"name":"Hisingen Logistikpark","band":2,"modes":"bus","arr":["142"],"off":[0,-0.8]}},{"type":"Feature","geometry":{"type":"Point","coordinates":[11.87203,57.735162]},"properties":{"line":"142","mode":"bus","color":"#0059a9","colorDark":"#00294f","band":2,"off":[0,1.1]}},{"type":"Feature","geometry":{"type":"Point","coordinates":[11.841248,57.721844]},"properties":{"name":"Volvo Torslanda TA","band":2,"modes":"bus","arr":["185"],"off":[0,-0.8]}},{"type":"Feature","geometry":{"type":"Point","coordinates":[11.841248,57.721844]},"properties":{"line":"185","mode":"bus","color":"#0059a9","colorDark":"#00294f","band":2,"off":[0,1.1]}},{"type":"Feature","geometry":{"type":"Point","coordinates":[11.938388,57.659341]},"properties":{"name":"Beatrice Lesslies Gata","band":2,"modes":"bus","arr":["199"],"off":[0,-0.8]}},{"type":"Feature","geometry":{"type":"Point","coordinates":[11.938388,57.659341]},"properties":{"line":"199","mode":"bus","color":"#0059a9","colorDark":"#00294f","band":2,"off":[0,1.1]}},{"type":"Feature","geometry":{"type":"Point","coordinates":[11.642138,57.743813]},"properties":{"name":"Burö färjeläge","band":2,"modes":"bus","arr":["290","OC1"],"off":[0,-0.8]}},{"type":"Feature","geometry":{"type":"Point","coordinates":[11.642138,57.743813]},"properties":{"line":"290","mode":"bus","color":"#0059a9","colorDark":"#00294f","band":2,"off":[-1.7,1.1]}},{"type":"Feature","geometry":{"type":"Point","coordinates":[11.642138,57.743813]},"properties":{"line":"OC1","mode":"bus","color":"#0059a9","colorDark":"#00294f","band":2,"off":[1.7,1.1],"lbl":"1"}},{"type":"Feature","geometry":{"type":"Point","coordinates":[11.654866,57.67294]},"properties":{"name":"Fotö","band":2,"modes":"bus","arr":["291"],"off":[0,-0.8]}},{"type":"Feature","geometry":{"type":"Point","coordinates":[11.654866,57.67294]},"properties":{"line":"291","mode":"bus","color":"#0059a9","colorDark":"#00294f","band":2,"off":[0,1.1]}},{"type":"Feature","geometry":{"type":"Point","coordinates":[11.970008,57.871797]},"properties":{"name":"Kungälv resecentrum","band":2,"modes":"bus","arr":["302","303","307","308","309","319","401","914","KV2","KV3","X4"],"off":[0,-0.8]}},{"type":"Feature","geometry":{"type":"Point","coordinates":[11.970008,57.871797]},"properties":{"name":"Isbadet Oasen","band":2,"modes":"bus","arr":["302","303","307","308","309","319","401","914","KV2","KV3","X4"],"off":[0,-3]}},{"type":"Feature","geometry":{"type":"Point","coordinates":[11.970008,57.871797]},"properties":{"line":"302","mode":"bus","color":"#0059a9","colorDark":"#00294f","band":2,"off":[-6.8,1.1]}},{"type":"Feature","geometry":{"type":"Point","coordinates":[11.970008,57.871797]},"properties":{"line":"303","mode":"bus","color":"#0059a9","colorDark":"#00294f","band":2,"off":[-3.4,1.1]}},{"type":"Feature","geometry":{"type":"Point","coordinates":[11.970008,57.871797]},"properties":{"line":"307","mode":"bus","color":"#0059a9","colorDark":"#00294f","band":2,"off":[0,1.1]}},{"type":"Feature","geometry":{"type":"Point","coordinates":[11.970008,57.871797]},"properties":{"line":"308","mode":"bus","color":"#0059a9","colorDark":"#00294f","band":2,"off":[3.4,1.1]}},{"type":"Feature","geometry":{"type":"Point","coordinates":[11.970008,57.871797]},"properties":{"line":"309","mode":"bus","color":"#0059a9","colorDark":"#00294f","band":2,"off":[6.8,1.1]}},{"type":"Feature","geometry":{"type":"Point","coordinates":[11.970008,57.871797]},"properties":{"line":"319","mode":"bus","color":"#0059a9","colorDark":"#00294f","band":2,"off":[-6.8,3.1]}},{"type":"Feature","geometry":{"type":"Point","coordinates":[11.970008,57.871797]},"properties":{"line":"401","mode":"bus","color":"#0059a9","colorDark":"#00294f","band":2,"off":[-3.4,3.1]}},{"type":"Feature","geometry":{"type":"Point","coordinates":[11.970008,57.871797]},"properties":{"line":"914","mode":"bus","color":"#0059a9","colorDark":"#00294f","band":2,"off":[0,3.1]}},{"type":"Feature","geometry":{"type":"Point","coordinates":[11.970008,57.871797]},"properties":{"line":"KV2","mode":"bus","color":"#0059a9","colorDark":"#00294f","band":2,"off":[3.4,3.1],"lbl":"2"}},{"type":"Feature","geometry":{"type":"Point","coordinates":[11.970008,57.871797]},"properties":{"line":"KV3","mode":"bus","color":"#0059a9","colorDark":"#00294f","band":2,"off":[6.8,3.1],"lbl":"3"}},{"type":"Feature","geometry":{"type":"Point","coordinates":[11.970008,57.871797]},"properties":{"line":"X4","mode":"bus","color":"#0059a9","colorDark":"#00294f","band":2,"off":[0,5.1]}},{"type":"Feature","geometry":{"type":"Point","coordinates":[11.903833,57.874676]},"properties":{"name":"Guddeby","band":2,"modes":"bus","arr":["920"],"off":[0,-0.8]}},{"type":"Feature","geometry":{"type":"Point","coordinates":[11.903833,57.874676]},"properties":{"line":"920","mode":"bus","color":"#0059a9","colorDark":"#00294f","band":2,"off":[0,1.1]}},{"type":"Feature","geometry":{"type":"Point","coordinates":[11.813429,57.896409]},"properties":{"name":"Vävra övre","band":2,"modes":"bus","arr":["910","927"],"off":[0,-0.8]}},{"type":"Feature","geometry":{"type":"Point","coordinates":[11.813429,57.896409]},"properties":{"line":"910","mode":"bus","color":"#0059a9","colorDark":"#00294f","band":2,"off":[-1.7,1.1]}},{"type":"Feature","geometry":{"type":"Point","coordinates":[11.813429,57.896409]},"properties":{"line":"927","mode":"bus","color":"#0059a9","colorDark":"#00294f","band":2,"off":[1.7,1.1]}},{"type":"Feature","geometry":{"type":"Point","coordinates":[11.787629,57.892109]},"properties":{"name":"Lökeberg","band":2,"modes":"bus","arr":["923"],"off":[0,-0.8]}},{"type":"Feature","geometry":{"type":"Point","coordinates":[11.787629,57.892109]},"properties":{"line":"923","mode":"bus","color":"#0059a9","colorDark":"#00294f","band":2,"off":[0,1.1]}},{"type":"Feature","geometry":{"type":"Point","coordinates":[11.589236,57.88672]},"properties":{"name":"Marstrands färjeläge","band":2,"modes":"bus","arr":["302"],"off":[0,-0.8]}},{"type":"Feature","geometry":{"type":"Point","coordinates":[11.589236,57.88672]},"properties":{"line":"302","mode":"bus","color":"#0059a9","colorDark":"#00294f","band":2,"off":[0,1.1]}},{"type":"Feature","geometry":{"type":"Point","coordinates":[11.750865,57.890891]},"properties":{"name":"Gethagen","band":2,"modes":"bus","arr":["927"],"off":[0,-0.8]}},{"type":"Feature","geometry":{"type":"Point","coordinates":[11.750865,57.890891]},"properties":{"line":"927","mode":"bus","color":"#0059a9","colorDark":"#00294f","band":2,"off":[0,1.1]}},{"type":"Feature","geometry":{"type":"Point","coordinates":[11.847383,57.857339]},"properties":{"name":"Trädal östra","band":2,"modes":"bus","arr":["922"],"off":[0,-0.8]}},{"type":"Feature","geometry":{"type":"Point","coordinates":[11.847383,57.857339]},"properties":{"line":"922","mode":"bus","color":"#0059a9","colorDark":"#00294f","band":2,"off":[0,1.1]}},{"type":"Feature","geometry":{"type":"Point","coordinates":[11.713143,57.90001]},"properties":{"name":"Tjuvkilshuvud","band":2,"modes":"bus","arr":["305"],"off":[0,-0.8]}},{"type":"Feature","geometry":{"type":"Point","coordinates":[11.713143,57.90001]},"properties":{"line":"305","mode":"bus","color":"#0059a9","colorDark":"#00294f","band":2,"off":[0,1.1]}},{"type":"Feature","geometry":{"type":"Point","coordinates":[11.925788,57.904978]},"properties":{"name":"Kareby skola","band":2,"modes":"bus","arr":["911","912","913","917","925"],"off":[0,-0.8]}},{"type":"Feature","geometry":{"type":"Point","coordinates":[11.925788,57.904978]},"properties":{"name":"Kareby korsväg","band":2,"modes":"bus","arr":["911","912","913","917","925"],"off":[0,-1.9]}},{"type":"Feature","geometry":{"type":"Point","coordinates":[11.925788,57.904978]},"properties":{"line":"911","mode":"bus","color":"#0059a9","colorDark":"#00294f","band":2,"off":[-6.8,1.1]}},{"type":"Feature","geometry":{"type":"Point","coordinates":[11.925788,57.904978]},"properties":{"line":"912","mode":"bus","color":"#0059a9","colorDark":"#00294f","band":2,"off":[-3.4,1.1]}},{"type":"Feature","geometry":{"type":"Point","coordinates":[11.925788,57.904978]},"properties":{"line":"913","mode":"bus","color":"#0059a9","colorDark":"#00294f","band":2,"off":[0,1.1]}},{"type":"Feature","geometry":{"type":"Point","coordinates":[11.925788,57.904978]},"properties":{"line":"917","mode":"bus","color":"#0059a9","colorDark":"#00294f","band":2,"off":[3.4,1.1]}},{"type":"Feature","geometry":{"type":"Point","coordinates":[11.925788,57.904978]},"properties":{"line":"925","mode":"bus","color":"#0059a9","colorDark":"#00294f","band":2,"off":[6.8,1.1]}},{"type":"Feature","geometry":{"type":"Point","coordinates":[12.031726,57.924399]},"properties":{"name":"Diseröds centrum","band":2,"modes":"bus","arr":["307","914","918"],"off":[0,-0.8]}},{"type":"Feature","geometry":{"type":"Point","coordinates":[12.031726,57.924399]},"properties":{"line":"307","mode":"bus","color":"#0059a9","colorDark":"#00294f","band":2,"off":[-3.4,1.1]}},{"type":"Feature","geometry":{"type":"Point","coordinates":[12.031726,57.924399]},"properties":{"line":"914","mode":"bus","color":"#0059a9","colorDark":"#00294f","band":2,"off":[0,1.1]}},{"type":"Feature","geometry":{"type":"Point","coordinates":[12.031726,57.924399]},"properties":{"line":"918","mode":"bus","color":"#0059a9","colorDark":"#00294f","band":2,"off":[3.4,1.1]}},{"type":"Feature","geometry":{"type":"Point","coordinates":[12.013022,57.96117]},"properties":{"name":"Grandalen","band":2,"modes":"bus","arr":["308"],"off":[0,-0.8]}},{"type":"Feature","geometry":{"type":"Point","coordinates":[12.013022,57.96117]},"properties":{"line":"308","mode":"bus","color":"#0059a9","colorDark":"#00294f","band":2,"off":[0,1.1]}},{"type":"Feature","geometry":{"type":"Point","coordinates":[11.848776,57.906752]},"properties":{"name":"Restads vägskäl","band":2,"modes":"bus","arr":["911"],"off":[0,-0.8]}},{"type":"Feature","geometry":{"type":"Point","coordinates":[11.848776,57.906752]},"properties":{"line":"911","mode":"bus","color":"#0059a9","colorDark":"#00294f","band":2,"off":[0,1.1]}},{"type":"Feature","geometry":{"type":"Point","coordinates":[11.762467,57.951434]},"properties":{"name":"Aröd Jacobsvägen","band":2,"modes":"bus","arr":["309"],"off":[0,-0.8]}},{"type":"Feature","geometry":{"type":"Point","coordinates":[11.762467,57.951434]},"properties":{"line":"309","mode":"bus","color":"#0059a9","colorDark":"#00294f","band":2,"off":[0,1.1]}},{"type":"Feature","geometry":{"type":"Point","coordinates":[11.918894,57.912037]},"properties":{"name":"Myrebackavägen","band":2,"modes":"bus","arr":["912"],"off":[0,-0.8]}},{"type":"Feature","geometry":{"type":"Point","coordinates":[11.918894,57.912037]},"properties":{"line":"912","mode":"bus","color":"#0059a9","colorDark":"#00294f","band":2,"off":[0,1.1]}},{"type":"Feature","geometry":{"type":"Point","coordinates":[11.905735,57.926879]},"properties":{"name":"Lundby","band":2,"modes":"bus","arr":["925"],"off":[0,-0.8]}},{"type":"Feature","geometry":{"type":"Point","coordinates":[11.905735,57.926879]},"properties":{"line":"925","mode":"bus","color":"#0059a9","colorDark":"#00294f","band":2,"off":[0,1.1]}},{"type":"Feature","geometry":{"type":"Point","coordinates":[11.847719,57.947935]},"properties":{"name":"Bräcke","band":2,"modes":"bus","arr":["319"],"off":[0,-0.8]}},{"type":"Feature","geometry":{"type":"Point","coordinates":[11.847719,57.947935]},"properties":{"line":"319","mode":"bus","color":"#0059a9","colorDark":"#00294f","band":2,"off":[0,1.1]}},{"type":"Feature","geometry":{"type":"Point","coordinates":[11.85085,57.943711]},"properties":{"name":"Kode station","band":2,"modes":"bus","arr":["903"],"off":[0,-0.8]}},{"type":"Feature","geometry":{"type":"Point","coordinates":[11.85085,57.943711]},"properties":{"line":"903","mode":"bus","color":"#0059a9","colorDark":"#00294f","band":2,"off":[0,1.1]}},{"type":"Feature","geometry":{"type":"Point","coordinates":[12.044339,57.892891]},"properties":{"name":"Nödinge station","band":2,"modes":"bus","arr":["402","403","404","415"],"off":[0,-0.8]}},{"type":"Feature","geometry":{"type":"Point","coordinates":[12.044339,57.892891]},"properties":{"line":"402","mode":"bus","color":"#0059a9","colorDark":"#00294f","band":2,"off":[-5.1,1.1]}},{"type":"Feature","geometry":{"type":"Point","coordinates":[12.044339,57.892891]},"properties":{"line":"403","mode":"bus","color":"#0059a9","colorDark":"#00294f","band":2,"off":[-1.7,1.1]}},{"type":"Feature","geometry":{"type":"Point","coordinates":[12.044339,57.892891]},"properties":{"line":"404","mode":"bus","color":"#0059a9","colorDark":"#00294f","band":2,"off":[1.7,1.1]}},{"type":"Feature","geometry":{"type":"Point","coordinates":[12.044339,57.892891]},"properties":{"line":"415","mode":"bus","color":"#0059a9","colorDark":"#00294f","band":2,"off":[5.1,1.1]}},{"type":"Feature","geometry":{"type":"Point","coordinates":[12.037483,57.851058]},"properties":{"name":"Jennylund","band":2,"modes":"bus","arr":["402"],"off":[0,-0.8]}},{"type":"Feature","geometry":{"type":"Point","coordinates":[12.037483,57.851058]},"properties":{"line":"402","mode":"bus","color":"#0059a9","colorDark":"#00294f","band":2,"off":[0,1.1]}},{"type":"Feature","geometry":{"type":"Point","coordinates":[12.063087,57.918773]},"properties":{"name":"Nol station","band":2,"modes":"bus","arr":["413"],"off":[0,-0.8]}},{"type":"Feature","geometry":{"type":"Point","coordinates":[12.063087,57.918773]},"properties":{"line":"413","mode":"bus","color":"#0059a9","colorDark":"#00294f","band":2,"off":[0,1.1]}},{"type":"Feature","geometry":{"type":"Point","coordinates":[12.194921,57.892457]},"properties":{"name":"Ryds missionshus","band":2,"modes":"bus","arr":["413"],"off":[0,-0.8]}},{"type":"Feature","geometry":{"type":"Point","coordinates":[12.194921,57.892457]},"properties":{"line":"413","mode":"bus","color":"#0059a9","colorDark":"#00294f","band":2,"off":[0,1.1]}},{"type":"Feature","geometry":{"type":"Point","coordinates":[12.098984,57.872361]},"properties":{"name":"Bönabo","band":2,"modes":"bus","arr":["415"],"off":[0,-0.8]}},{"type":"Feature","geometry":{"type":"Point","coordinates":[12.098984,57.872361]},"properties":{"line":"415","mode":"bus","color":"#0059a9","colorDark":"#00294f","band":2,"off":[0,1.1]}},{"type":"Feature","geometry":{"type":"Point","coordinates":[12.151165,57.742971]},"properties":{"name":"Stärtered","band":2,"modes":"bus","arr":["501"],"off":[0,-0.8]}},{"type":"Feature","geometry":{"type":"Point","coordinates":[12.151165,57.742971]},"properties":{"line":"501","mode":"bus","color":"#0059a9","colorDark":"#00294f","band":2,"off":[0,1.1]}},{"type":"Feature","geometry":{"type":"Point","coordinates":[12.127744,57.724911]},"properties":{"name":"Furulunds centrum","band":2,"modes":"bus","arr":["502","517"],"off":[0,-0.8]}},{"type":"Feature","geometry":{"type":"Point","coordinates":[12.127744,57.724911]},"properties":{"name":"Furulund","band":2,"modes":"bus","arr":["502","517"],"off":[0,-1.9]}},{"type":"Feature","geometry":{"type":"Point","coordinates":[12.127744,57.724911]},"properties":{"line":"502","mode":"bus","color":"#0059a9","colorDark":"#00294f","band":2,"off":[-1.7,1.1]}},{"type":"Feature","geometry":{"type":"Point","coordinates":[12.127744,57.724911]},"properties":{"line":"517","mode":"bus","color":"#0059a9","colorDark":"#00294f","band":2,"off":[1.7,1.1]}},{"type":"Feature","geometry":{"type":"Point","coordinates":[12.132859,57.720511]},"properties":{"name":"Fritidsvägen","band":2,"modes":"bus","arr":["503"],"off":[0,-0.8]}},{"type":"Feature","geometry":{"type":"Point","coordinates":[12.132859,57.720511]},"properties":{"line":"503","mode":"bus","color":"#0059a9","colorDark":"#00294f","band":2,"off":[0,1.1]}},{"type":"Feature","geometry":{"type":"Point","coordinates":[12.213453,57.686247]},"properties":{"name":"Landvetter resecentrum","band":2,"modes":"bus","arr":["511","620","X6"],"off":[0,-0.8]}},{"type":"Feature","geometry":{"type":"Point","coordinates":[12.213453,57.686247]},"properties":{"line":"511","mode":"bus","color":"#0059a9","colorDark":"#00294f","band":2,"off":[-3.4,1.1]}},{"type":"Feature","geometry":{"type":"Point","coordinates":[12.213453,57.686247]},"properties":{"line":"620","mode":"bus","color":"#0059a9","colorDark":"#00294f","band":2,"off":[0,1.1]}},{"type":"Feature","geometry":{"type":"Point","coordinates":[12.213453,57.686247]},"properties":{"line":"X6","mode":"bus","color":"#0059a9","colorDark":"#00294f","band":2,"off":[3.4,1.1]}},{"type":"Feature","geometry":{"type":"Point","coordinates":[12.205782,57.700849]},"properties":{"name":"Önneröd","band":2,"modes":"bus","arr":["612"],"off":[0,-0.8]}},{"type":"Feature","geometry":{"type":"Point","coordinates":[12.205782,57.700849]},"properties":{"line":"612","mode":"bus","color":"#0059a9","colorDark":"#00294f","band":2,"off":[0,1.1]}},{"type":"Feature","geometry":{"type":"Point","coordinates":[11.994805,57.698062]},"properties":{"name":"Liseberg Station","band":2,"modes":"bus","arr":["512"],"off":[0,-0.8]}},{"type":"Feature","geometry":{"type":"Point","coordinates":[11.994805,57.698062]},"properties":{"line":"512","mode":"bus","color":"#0059a9","colorDark":"#00294f","band":2,"off":[0,1.1]}},{"type":"Feature","geometry":{"type":"Point","coordinates":[12.070652,57.71765]},"properties":{"name":"Ljungkullen","band":2,"modes":"bus","arr":["X5"],"off":[0,-0.8]}},{"type":"Feature","geometry":{"type":"Point","coordinates":[12.070652,57.71765]},"properties":{"line":"X5","mode":"bus","color":"#0059a9","colorDark":"#00294f","band":2,"off":[0,1.1]}},{"type":"Feature","geometry":{"type":"Point","coordinates":[12.117267,57.657291]},"properties":{"name":"Mölnlycke resecentrum","band":2,"modes":"bus","arr":["516","601","611","751","HA1","HA3","X90"],"off":[0,-0.8]}},{"type":"Feature","geometry":{"type":"Point","coordinates":[12.117267,57.657291]},"properties":{"line":"516","mode":"bus","color":"#0059a9","colorDark":"#00294f","band":2,"off":[-6.8,1.1]}},{"type":"Feature","geometry":{"type":"Point","coordinates":[12.117267,57.657291]},"properties":{"line":"601","mode":"bus","color":"#0059a9","colorDark":"#00294f","band":2,"off":[-3.4,1.1]}},{"type":"Feature","geometry":{"type":"Point","coordinates":[12.117267,57.657291]},"properties":{"line":"611","mode":"bus","color":"#0059a9","colorDark":"#00294f","band":2,"off":[0,1.1]}},{"type":"Feature","geometry":{"type":"Point","coordinates":[12.117267,57.657291]},"properties":{"line":"751","mode":"bus","color":"#0059a9","colorDark":"#00294f","band":2,"off":[3.4,1.1]}},{"type":"Feature","geometry":{"type":"Point","coordinates":[12.117267,57.657291]},"properties":{"line":"HA1","mode":"bus","color":"#0059a9","colorDark":"#00294f","band":2,"off":[6.8,1.1],"lbl":"1"}},{"type":"Feature","geometry":{"type":"Point","coordinates":[12.117267,57.657291]},"properties":{"line":"HA3","mode":"bus","color":"#0059a9","colorDark":"#00294f","band":2,"off":[-1.7,3.1],"lbl":"3"}},{"type":"Feature","geometry":{"type":"Point","coordinates":[12.117267,57.657291]},"properties":{"line":"X90","mode":"bus","color":"#0059a9","colorDark":"#00294f","band":2,"off":[1.7,3.1]}},{"type":"Feature","geometry":{"type":"Point","coordinates":[12.27172,57.769585]},"properties":{"name":"Lerum station","band":2,"modes":"bus","arr":["529","531","534","536","537","538","539"],"off":[0,-0.8]}},{"type":"Feature","geometry":{"type":"Point","coordinates":[12.27172,57.769585]},"properties":{"line":"529","mode":"bus","color":"#0059a9","colorDark":"#00294f","band":2,"off":[-6.8,1.1]}},{"type":"Feature","geometry":{"type":"Point","coordinates":[12.27172,57.769585]},"properties":{"line":"531","mode":"bus","color":"#0059a9","colorDark":"#00294f","band":2,"off":[-3.4,1.1]}},{"type":"Feature","geometry":{"type":"Point","coordinates":[12.27172,57.769585]},"properties":{"line":"534","mode":"bus","color":"#0059a9","colorDark":"#00294f","band":2,"off":[0,1.1]}},{"type":"Feature","geometry":{"type":"Point","coordinates":[12.27172,57.769585]},"properties":{"line":"536","mode":"bus","color":"#0059a9","colorDark":"#00294f","band":2,"off":[3.4,1.1]}},{"type":"Feature","geometry":{"type":"Point","coordinates":[12.27172,57.769585]},"properties":{"line":"537","mode":"bus","color":"#0059a9","colorDark":"#00294f","band":2,"off":[6.8,1.1]}},{"type":"Feature","geometry":{"type":"Point","coordinates":[12.27172,57.769585]},"properties":{"line":"538","mode":"bus","color":"#0059a9","colorDark":"#00294f","band":2,"off":[-1.7,3.1]}},{"type":"Feature","geometry":{"type":"Point","coordinates":[12.27172,57.769585]},"properties":{"line":"539","mode":"bus","color":"#0059a9","colorDark":"#00294f","band":2,"off":[1.7,3.1]}},{"type":"Feature","geometry":{"type":"Point","coordinates":[12.272746,57.783478]},"properties":{"name":"Hallsås","band":2,"modes":"bus","arr":["530","535"],"off":[0,-0.8]}},{"type":"Feature","geometry":{"type":"Point","coordinates":[12.272746,57.783478]},"properties":{"line":"530","mode":"bus","color":"#0059a9","colorDark":"#00294f","band":2,"off":[-1.7,1.1]}},{"type":"Feature","geometry":{"type":"Point","coordinates":[12.272746,57.783478]},"properties":{"line":"535","mode":"bus","color":"#0059a9","colorDark":"#00294f","band":2,"off":[1.7,1.1]}},{"type":"Feature","geometry":{"type":"Point","coordinates":[12.242279,57.753971]},"properties":{"name":"Aspen station","band":2,"modes":"bus","arr":["530"],"off":[0,-0.8]}},{"type":"Feature","geometry":{"type":"Point","coordinates":[12.242279,57.753971]},"properties":{"line":"530","mode":"bus","color":"#0059a9","colorDark":"#00294f","band":2,"off":[0,1.1]}},{"type":"Feature","geometry":{"type":"Point","coordinates":[12.36122,57.809505]},"properties":{"name":"Floda station","band":2,"modes":"bus","arr":["531","537"],"off":[0,-0.8]}},{"type":"Feature","geometry":{"type":"Point","coordinates":[12.36122,57.809505]},"properties":{"line":"531","mode":"bus","color":"#0059a9","colorDark":"#00294f","band":2,"off":[-1.7,1.1]}},{"type":"Feature","geometry":{"type":"Point","coordinates":[12.36122,57.809505]},"properties":{"line":"537","mode":"bus","color":"#0059a9","colorDark":"#00294f","band":2,"off":[1.7,1.1]}},{"type":"Feature","geometry":{"type":"Point","coordinates":[12.287182,57.739207]},"properties":{"name":"Häckenvägen","band":2,"modes":"bus","arr":["535"],"off":[0,-0.8]}},{"type":"Feature","geometry":{"type":"Point","coordinates":[12.287182,57.739207]},"properties":{"line":"535","mode":"bus","color":"#0059a9","colorDark":"#00294f","band":2,"off":[0,1.1]}},{"type":"Feature","geometry":{"type":"Point","coordinates":[12.164397,57.804083]},"properties":{"name":"Olofstorp Västra","band":2,"modes":"bus","arr":["536"],"off":[0,-0.8]}},{"type":"Feature","geometry":{"type":"Point","coordinates":[12.164397,57.804083]},"properties":{"line":"536","mode":"bus","color":"#0059a9","colorDark":"#00294f","band":2,"off":[0,1.1]}},{"type":"Feature","geometry":{"type":"Point","coordinates":[12.231566,57.774707]},"properties":{"name":"Aspenäsgården","band":2,"modes":"bus","arr":["539"],"off":[0,-0.8]}},{"type":"Feature","geometry":{"type":"Point","coordinates":[12.231566,57.774707]},"properties":{"line":"539","mode":"bus","color":"#0059a9","colorDark":"#00294f","band":2,"off":[0,1.1]}},{"type":"Feature","geometry":{"type":"Point","coordinates":[12.177661,57.632396]},"properties":{"name":"Djurstensvägen","band":2,"modes":"bus","arr":["601"],"off":[0,-0.8]}},{"type":"Feature","geometry":{"type":"Point","coordinates":[12.177661,57.632396]},"properties":{"line":"601","mode":"bus","color":"#0059a9","colorDark":"#00294f","band":2,"off":[0,1.1]}},{"type":"Feature","geometry":{"type":"Point","coordinates":[12.15693,57.64961]},"properties":{"name":"Höga hallar","band":2,"modes":"bus","arr":["X4"],"off":[0,-0.8]}},{"type":"Feature","geometry":{"type":"Point","coordinates":[12.15693,57.64961]},"properties":{"line":"X4","mode":"bus","color":"#0059a9","colorDark":"#00294f","band":2,"off":[0,1.1]}},{"type":"Feature","geometry":{"type":"Point","coordinates":[12.123603,57.647441]},"properties":{"name":"Stenhuggarevägen","band":2,"modes":"bus","arr":["HA2"],"off":[0,-0.8]}},{"type":"Feature","geometry":{"type":"Point","coordinates":[12.123603,57.647441]},"properties":{"line":"HA2","mode":"bus","color":"#0059a9","colorDark":"#00294f","band":2,"off":[0,1.1],"lbl":"2"}},{"type":"Feature","geometry":{"type":"Point","coordinates":[12.295415,57.667461]},"properties":{"name":"Landvetter flygplats","band":2,"modes":"bus","arr":["612","FLYG"],"off":[0,-0.8]}},{"type":"Feature","geometry":{"type":"Point","coordinates":[12.295415,57.667461]},"properties":{"line":"612","mode":"bus","color":"#0059a9","colorDark":"#00294f","band":2,"off":[-1.7,1.1]}},{"type":"Feature","geometry":{"type":"Point","coordinates":[12.295415,57.667461]},"properties":{"line":"FLYG","mode":"bus","color":"#0059a9","colorDark":"#00294f","band":2,"off":[1.7,1.1]}},{"type":"Feature","geometry":{"type":"Point","coordinates":[12.254103,57.606044]},"properties":{"name":"Inseros","band":2,"modes":"bus","arr":["620","762","763"],"off":[0,-0.8]}},{"type":"Feature","geometry":{"type":"Point","coordinates":[12.254103,57.606044]},"properties":{"line":"620","mode":"bus","color":"#0059a9","colorDark":"#00294f","band":2,"off":[-3.4,1.1]}},{"type":"Feature","geometry":{"type":"Point","coordinates":[12.254103,57.606044]},"properties":{"line":"762","mode":"bus","color":"#0059a9","colorDark":"#00294f","band":2,"off":[0,1.1]}},{"type":"Feature","geometry":{"type":"Point","coordinates":[12.254103,57.606044]},"properties":{"line":"763","mode":"bus","color":"#0059a9","colorDark":"#00294f","band":2,"off":[3.4,1.1]}},{"type":"Feature","geometry":{"type":"Point","coordinates":[12.268662,57.58762]},"properties":{"name":"Röshult","band":2,"modes":"bus","arr":["717"],"off":[0,-0.8]}},{"type":"Feature","geometry":{"type":"Point","coordinates":[12.268662,57.58762]},"properties":{"line":"717","mode":"bus","color":"#0059a9","colorDark":"#00294f","band":2,"off":[0,1.1]}},{"type":"Feature","geometry":{"type":"Point","coordinates":[11.925138,57.545916]},"properties":{"name":"Kullaviks hamn","band":2,"modes":"bus","arr":["720","X3"],"off":[0,-0.8]}},{"type":"Feature","geometry":{"type":"Point","coordinates":[11.925138,57.545916]},"properties":{"line":"720","mode":"bus","color":"#0059a9","colorDark":"#00294f","band":2,"off":[-1.7,1.1]}},{"type":"Feature","geometry":{"type":"Point","coordinates":[11.925138,57.545916]},"properties":{"line":"X3","mode":"bus","color":"#0059a9","colorDark":"#00294f","band":2,"off":[1.7,1.1]}},{"type":"Feature","geometry":{"type":"Point","coordinates":[12.080542,57.57555]},"properties":{"name":"Lindome station","band":2,"modes":"bus","arr":["735","761","762","763","766"],"off":[0,-0.8]}},{"type":"Feature","geometry":{"type":"Point","coordinates":[12.080542,57.57555]},"properties":{"line":"735","mode":"bus","color":"#0059a9","colorDark":"#00294f","band":2,"off":[-6.8,1.1]}},{"type":"Feature","geometry":{"type":"Point","coordinates":[12.080542,57.57555]},"properties":{"line":"761","mode":"bus","color":"#0059a9","colorDark":"#00294f","band":2,"off":[-3.4,1.1]}},{"type":"Feature","geometry":{"type":"Point","coordinates":[12.080542,57.57555]},"properties":{"line":"762","mode":"bus","color":"#0059a9","colorDark":"#00294f","band":2,"off":[0,1.1]}},{"type":"Feature","geometry":{"type":"Point","coordinates":[12.080542,57.57555]},"properties":{"line":"763","mode":"bus","color":"#0059a9","colorDark":"#00294f","band":2,"off":[3.4,1.1]}},{"type":"Feature","geometry":{"type":"Point","coordinates":[12.080542,57.57555]},"properties":{"line":"766","mode":"bus","color":"#0059a9","colorDark":"#00294f","band":2,"off":[6.8,1.1]}},{"type":"Feature","geometry":{"type":"Point","coordinates":[12.019187,57.655631]},"properties":{"name":"Mölndals bro","band":2,"modes":"bus","arr":["753","754","760","761"],"off":[0,-0.8]}},{"type":"Feature","geometry":{"type":"Point","coordinates":[12.019187,57.655631]},"properties":{"line":"753","mode":"bus","color":"#0059a9","colorDark":"#00294f","band":2,"off":[-5.1,1.1]}},{"type":"Feature","geometry":{"type":"Point","coordinates":[12.019187,57.655631]},"properties":{"line":"754","mode":"bus","color":"#0059a9","colorDark":"#00294f","band":2,"off":[-1.7,1.1]}},{"type":"Feature","geometry":{"type":"Point","coordinates":[12.019187,57.655631]},"properties":{"line":"760","mode":"bus","color":"#0059a9","colorDark":"#00294f","band":2,"off":[1.7,1.1]}},{"type":"Feature","geometry":{"type":"Point","coordinates":[12.019187,57.655631]},"properties":{"line":"761","mode":"bus","color":"#0059a9","colorDark":"#00294f","band":2,"off":[5.1,1.1]}},{"type":"Feature","geometry":{"type":"Point","coordinates":[12.026212,57.605778]},"properties":{"name":"Kålleredgården","band":2,"modes":"bus","arr":["755","765"],"off":[0,-0.8]}},{"type":"Feature","geometry":{"type":"Point","coordinates":[12.026212,57.605778]},"properties":{"line":"755","mode":"bus","color":"#0059a9","colorDark":"#00294f","band":2,"off":[-1.7,1.1]}},{"type":"Feature","geometry":{"type":"Point","coordinates":[12.026212,57.605778]},"properties":{"line":"765","mode":"bus","color":"#0059a9","colorDark":"#00294f","band":2,"off":[1.7,1.1]}},{"type":"Feature","geometry":{"type":"Point","coordinates":[12.00232,57.628643]},"properties":{"name":"Årsringsgatan","band":2,"modes":"bus","arr":["759"],"off":[0,-0.8]}},{"type":"Feature","geometry":{"type":"Point","coordinates":[12.00232,57.628643]},"properties":{"line":"759","mode":"bus","color":"#0059a9","colorDark":"#00294f","band":2,"off":[0,1.1]}},{"type":"Feature","geometry":{"type":"Point","coordinates":[12.106668,57.574727]},"properties":{"name":"Varvsvägen","band":2,"modes":"bus","arr":["760"],"off":[0,-0.8]}},{"type":"Feature","geometry":{"type":"Point","coordinates":[12.106668,57.574727]},"properties":{"line":"760","mode":"bus","color":"#0059a9","colorDark":"#00294f","band":2,"off":[0,1.1]}},{"type":"Feature","geometry":{"type":"Point","coordinates":[12.105515,57.618591]},"properties":{"name":"Tulebohöjd","band":2,"modes":"bus","arr":["764","765"],"off":[0,-0.8]}},{"type":"Feature","geometry":{"type":"Point","coordinates":[12.105515,57.618591]},"properties":{"line":"764","mode":"bus","color":"#0059a9","colorDark":"#00294f","band":2,"off":[-1.7,1.1]}},{"type":"Feature","geometry":{"type":"Point","coordinates":[12.105515,57.618591]},"properties":{"line":"765","mode":"bus","color":"#0059a9","colorDark":"#00294f","band":2,"off":[1.7,1.1]}},{"type":"Feature","geometry":{"type":"Point","coordinates":[12.056113,57.571988]},"properties":{"name":"Västra Fageredsvägen","band":2,"modes":"bus","arr":["766"],"off":[0,-0.8]}},{"type":"Feature","geometry":{"type":"Point","coordinates":[12.056113,57.571988]},"properties":{"line":"766","mode":"bus","color":"#0059a9","colorDark":"#00294f","band":2,"off":[0,1.1]}},{"type":"Feature","geometry":{"type":"Point","coordinates":[11.918685,57.862852]},"properties":{"name":"Ytterby station","band":2,"modes":"bus","arr":["903","920","921","926","928","KV2"],"off":[0,-0.8]}},{"type":"Feature","geometry":{"type":"Point","coordinates":[11.918685,57.862852]},"properties":{"line":"903","mode":"bus","color":"#0059a9","colorDark":"#00294f","band":2,"off":[-6.8,1.1]}},{"type":"Feature","geometry":{"type":"Point","coordinates":[11.918685,57.862852]},"properties":{"line":"920","mode":"bus","color":"#0059a9","colorDark":"#00294f","band":2,"off":[-3.4,1.1]}},{"type":"Feature","geometry":{"type":"Point","coordinates":[11.918685,57.862852]},"properties":{"line":"921","mode":"bus","color":"#0059a9","colorDark":"#00294f","band":2,"off":[0,1.1]}},{"type":"Feature","geometry":{"type":"Point","coordinates":[11.918685,57.862852]},"properties":{"line":"926","mode":"bus","color":"#0059a9","colorDark":"#00294f","band":2,"off":[3.4,1.1]}},{"type":"Feature","geometry":{"type":"Point","coordinates":[11.918685,57.862852]},"properties":{"line":"928","mode":"bus","color":"#0059a9","colorDark":"#00294f","band":2,"off":[6.8,1.1]}},{"type":"Feature","geometry":{"type":"Point","coordinates":[11.918685,57.862852]},"properties":{"line":"KV2","mode":"bus","color":"#0059a9","colorDark":"#00294f","band":2,"off":[0,3.1],"lbl":"2"}},{"type":"Feature","geometry":{"type":"Point","coordinates":[11.82449,57.89595]},"properties":{"name":"Hålta skola","band":2,"modes":"bus","arr":["910","924","927"],"off":[0,-0.8]}},{"type":"Feature","geometry":{"type":"Point","coordinates":[11.82449,57.89595]},"properties":{"line":"910","mode":"bus","color":"#0059a9","colorDark":"#00294f","band":2,"off":[-3.4,1.1]}},{"type":"Feature","geometry":{"type":"Point","coordinates":[11.82449,57.89595]},"properties":{"line":"924","mode":"bus","color":"#0059a9","colorDark":"#00294f","band":2,"off":[0,1.1]}},{"type":"Feature","geometry":{"type":"Point","coordinates":[11.82449,57.89595]},"properties":{"line":"927","mode":"bus","color":"#0059a9","colorDark":"#00294f","band":2,"off":[3.4,1.1]}},{"type":"Feature","geometry":{"type":"Point","coordinates":[11.931865,57.919324]},"properties":{"name":"Ringby","band":2,"modes":"bus","arr":["925"],"off":[0,-0.8]}},{"type":"Feature","geometry":{"type":"Point","coordinates":[11.931865,57.919324]},"properties":{"line":"925","mode":"bus","color":"#0059a9","colorDark":"#00294f","band":2,"off":[0,1.1]}},{"type":"Feature","geometry":{"type":"Point","coordinates":[11.909135,57.925598]},"properties":{"name":"Lundby södra","band":2,"modes":"bus","arr":["912"],"off":[0,-0.8]}},{"type":"Feature","geometry":{"type":"Point","coordinates":[11.909135,57.925598]},"properties":{"line":"912","mode":"bus","color":"#0059a9","colorDark":"#00294f","band":2,"off":[0,1.1]}},{"type":"Feature","geometry":{"type":"Point","coordinates":[11.905156,57.893346]},"properties":{"name":"Bollestad","band":2,"modes":"bus","arr":["913"],"off":[0,-0.8]}},{"type":"Feature","geometry":{"type":"Point","coordinates":[11.905156,57.893346]},"properties":{"line":"913","mode":"bus","color":"#0059a9","colorDark":"#00294f","band":2,"off":[0,1.1]}},{"type":"Feature","geometry":{"type":"Point","coordinates":[12.041773,57.907335]},"properties":{"name":"Dösebacka","band":2,"modes":"bus","arr":["914"],"off":[0,-0.8]}},{"type":"Feature","geometry":{"type":"Point","coordinates":[12.041773,57.907335]},"properties":{"line":"914","mode":"bus","color":"#0059a9","colorDark":"#00294f","band":2,"off":[0,1.1]}},{"type":"Feature","geometry":{"type":"Point","coordinates":[11.950123,57.893313]},"properties":{"name":"Ullstorp","band":2,"modes":"bus","arr":["917","KV1"],"off":[0,-0.8]}},{"type":"Feature","geometry":{"type":"Point","coordinates":[11.950123,57.893313]},"properties":{"line":"917","mode":"bus","color":"#0059a9","colorDark":"#00294f","band":2,"off":[-1.7,1.1]}},{"type":"Feature","geometry":{"type":"Point","coordinates":[11.950123,57.893313]},"properties":{"line":"KV1","mode":"bus","color":"#0059a9","colorDark":"#00294f","band":2,"off":[1.7,1.1],"lbl":"1"}},{"type":"Feature","geometry":{"type":"Point","coordinates":[11.972758,57.894578]},"properties":{"name":"Håltet","band":2,"modes":"bus","arr":["917"],"off":[0,-0.8]}},{"type":"Feature","geometry":{"type":"Point","coordinates":[11.972758,57.894578]},"properties":{"line":"917","mode":"bus","color":"#0059a9","colorDark":"#00294f","band":2,"off":[0,1.1]}},{"type":"Feature","geometry":{"type":"Point","coordinates":[12.024713,57.899399]},"properties":{"name":"Rörmossen","band":2,"modes":"bus","arr":["918"],"off":[0,-0.8]}},{"type":"Feature","geometry":{"type":"Point","coordinates":[12.024713,57.899399]},"properties":{"line":"918","mode":"bus","color":"#0059a9","colorDark":"#00294f","band":2,"off":[0,1.1]}},{"type":"Feature","geometry":{"type":"Point","coordinates":[12.011851,57.89586]},"properties":{"name":"Rörmossen södra","band":2,"modes":"bus","arr":["918"],"off":[0,-0.8]}},{"type":"Feature","geometry":{"type":"Point","coordinates":[12.011851,57.89586]},"properties":{"line":"918","mode":"bus","color":"#0059a9","colorDark":"#00294f","band":2,"off":[0,1.1]}},{"type":"Feature","geometry":{"type":"Point","coordinates":[11.838043,57.798828]},"properties":{"name":"Korseberget","band":2,"modes":"bus","arr":["921"],"off":[0,-0.8]}},{"type":"Feature","geometry":{"type":"Point","coordinates":[11.838043,57.798828]},"properties":{"line":"921","mode":"bus","color":"#0059a9","colorDark":"#00294f","band":2,"off":[0,1.1]}},{"type":"Feature","geometry":{"type":"Point","coordinates":[11.826669,57.809036]},"properties":{"name":"Västra Röd","band":2,"modes":"bus","arr":["921"],"off":[0,-0.8]}},{"type":"Feature","geometry":{"type":"Point","coordinates":[11.826669,57.809036]},"properties":{"line":"921","mode":"bus","color":"#0059a9","colorDark":"#00294f","band":2,"off":[0,1.1]}},{"type":"Feature","geometry":{"type":"Point","coordinates":[11.710182,57.865916]},"properties":{"name":"Tofta herrgård","band":2,"modes":"bus","arr":["926"],"off":[0,-0.8]}},{"type":"Feature","geometry":{"type":"Point","coordinates":[11.710182,57.865916]},"properties":{"line":"926","mode":"bus","color":"#0059a9","colorDark":"#00294f","band":2,"off":[0,1.1]}},{"type":"Feature","geometry":{"type":"Point","coordinates":[11.769608,57.890684]},"properties":{"name":"Gullbringa västra","band":2,"modes":"bus","arr":["924"],"off":[0,-0.8]}},{"type":"Feature","geometry":{"type":"Point","coordinates":[11.769608,57.890684]},"properties":{"line":"924","mode":"bus","color":"#0059a9","colorDark":"#00294f","band":2,"off":[0,1.1]}},{"type":"Feature","geometry":{"type":"Point","coordinates":[11.764974,57.877864]},"properties":{"name":"Kulperöd","band":2,"modes":"bus","arr":["924"],"off":[0,-0.8]}},{"type":"Feature","geometry":{"type":"Point","coordinates":[11.764974,57.877864]},"properties":{"line":"924","mode":"bus","color":"#0059a9","colorDark":"#00294f","band":2,"off":[0,1.1]}},{"type":"Feature","geometry":{"type":"Point","coordinates":[11.865866,57.833497]},"properties":{"name":"Kanehall","band":2,"modes":"bus","arr":["928"],"off":[0,-0.8]}},{"type":"Feature","geometry":{"type":"Point","coordinates":[11.865866,57.833497]},"properties":{"line":"928","mode":"bus","color":"#0059a9","colorDark":"#00294f","band":2,"off":[0,1.1]}},{"type":"Feature","geometry":{"type":"Point","coordinates":[11.855087,57.872877]},"properties":{"name":"Vena berg","band":2,"modes":"bus","arr":["928"],"off":[0,-0.8]}},{"type":"Feature","geometry":{"type":"Point","coordinates":[11.855087,57.872877]},"properties":{"line":"928","mode":"bus","color":"#0059a9","colorDark":"#00294f","band":2,"off":[0,1.1]}},{"type":"Feature","geometry":{"type":"Point","coordinates":[11.702363,57.837737]},"properties":{"name":"Sundhammar","band":2,"modes":"bus","arr":["930"],"off":[0,-0.8]}},{"type":"Feature","geometry":{"type":"Point","coordinates":[11.702363,57.837737]},"properties":{"line":"930","mode":"bus","color":"#0059a9","colorDark":"#00294f","band":2,"off":[0,1.1]}},{"type":"Feature","geometry":{"type":"Point","coordinates":[12.138122,57.657769]},"properties":{"name":"Häggvägen","band":2,"modes":"bus","arr":["HA1"],"off":[0,-0.8]}},{"type":"Feature","geometry":{"type":"Point","coordinates":[12.138122,57.657769]},"properties":{"line":"HA1","mode":"bus","color":"#0059a9","colorDark":"#00294f","band":2,"off":[0,1.1],"lbl":"1"}},{"type":"Feature","geometry":{"type":"Point","coordinates":[12.13355,57.662281]},"properties":{"name":"Strandvägen","band":2,"modes":"bus","arr":["HA2"],"off":[0,-0.8]}},{"type":"Feature","geometry":{"type":"Point","coordinates":[12.13355,57.662281]},"properties":{"line":"HA2","mode":"bus","color":"#0059a9","colorDark":"#00294f","band":2,"off":[0,1.1],"lbl":"2"}},{"type":"Feature","geometry":{"type":"Point","coordinates":[12.078841,57.67417]},"properties":{"name":"Delsjökärrvägen","band":2,"modes":"bus","arr":["HA3"],"off":[0,-0.8]}},{"type":"Feature","geometry":{"type":"Point","coordinates":[12.078841,57.67417]},"properties":{"line":"HA3","mode":"bus","color":"#0059a9","colorDark":"#00294f","band":2,"off":[0,1.1],"lbl":"3"}},{"type":"Feature","geometry":{"type":"Point","coordinates":[12.101704,57.492398]},"properties":{"name":"Basunen","band":2,"modes":"bus","arr":["KB1"],"off":[0,-0.8]}},{"type":"Feature","geometry":{"type":"Point","coordinates":[12.101704,57.492398]},"properties":{"line":"KB1","mode":"bus","color":"#0059a9","colorDark":"#00294f","band":2,"off":[0,1.1],"lbl":"1"}},{"type":"Feature","geometry":{"type":"Point","coordinates":[11.910902,57.862549]},"properties":{"name":"Hällebergsgatan","band":2,"modes":"bus","arr":["KV1"],"off":[0,-0.8]}},{"type":"Feature","geometry":{"type":"Point","coordinates":[11.910902,57.862549]},"properties":{"line":"KV1","mode":"bus","color":"#0059a9","colorDark":"#00294f","band":2,"off":[0,1.1],"lbl":"1"}},{"type":"Feature","geometry":{"type":"Point","coordinates":[12.014029,57.825255]},"properties":{"name":"Surte station","band":2,"modes":"bus","arr":["KV21"],"off":[0,-0.8]}},{"type":"Feature","geometry":{"type":"Point","coordinates":[12.014029,57.825255]},"properties":{"line":"KV21","mode":"bus","color":"#0059a9","colorDark":"#00294f","band":2,"off":[0,1.1],"lbl":"21"}},{"type":"Feature","geometry":{"type":"Point","coordinates":[12.298782,57.837067]},"properties":{"name":"Gråbo busstation","band":2,"modes":"bus","arr":["LE526","LE527","X3"],"off":[0,-0.8]}},{"type":"Feature","geometry":{"type":"Point","coordinates":[12.298782,57.837067]},"properties":{"line":"LE526","mode":"bus","color":"#0059a9","colorDark":"#00294f","band":2,"off":[-3.4,1.1],"lbl":"526"}},{"type":"Feature","geometry":{"type":"Point","coordinates":[12.298782,57.837067]},"properties":{"line":"LE527","mode":"bus","color":"#0059a9","colorDark":"#00294f","band":2,"off":[0,1.1],"lbl":"527"}},{"type":"Feature","geometry":{"type":"Point","coordinates":[12.298782,57.837067]},"properties":{"line":"X3","mode":"bus","color":"#0059a9","colorDark":"#00294f","band":2,"off":[3.4,1.1]}},{"type":"Feature","geometry":{"type":"Point","coordinates":[12.284103,57.853437]},"properties":{"name":"Annesjövägen","band":2,"modes":"bus","arr":["LE526"],"off":[0,-0.8]}},{"type":"Feature","geometry":{"type":"Point","coordinates":[12.284103,57.853437]},"properties":{"line":"LE526","mode":"bus","color":"#0059a9","colorDark":"#00294f","band":2,"off":[0,1.1],"lbl":"526"}},{"type":"Feature","geometry":{"type":"Point","coordinates":[12.206613,57.859014]},"properties":{"name":"Tolsjöhult","band":2,"modes":"bus","arr":["LE527"],"off":[0,-0.8]}},{"type":"Feature","geometry":{"type":"Point","coordinates":[12.206613,57.859014]},"properties":{"line":"LE527","mode":"bus","color":"#0059a9","colorDark":"#00294f","band":2,"off":[0,1.1],"lbl":"527"}},{"type":"Feature","geometry":{"type":"Point","coordinates":[12.417911,57.818811]},"properties":{"name":"Nääs fabriker","band":2,"modes":"bus","arr":["LERS"],"off":[0,-0.8]}},{"type":"Feature","geometry":{"type":"Point","coordinates":[12.417911,57.818811]},"properties":{"line":"LERS","mode":"bus","color":"#0059a9","colorDark":"#00294f","band":2,"off":[0,1.1]}},{"type":"Feature","geometry":{"type":"Point","coordinates":[11.665698,57.698694]},"properties":{"name":"Hönö färjeläge","band":2,"modes":"bus","arr":["OC1","OC2"],"off":[0,-0.8]}},{"type":"Feature","geometry":{"type":"Point","coordinates":[11.665698,57.698694]},"properties":{"line":"OC1","mode":"bus","color":"#0059a9","colorDark":"#00294f","band":2,"off":[-1.7,1.1],"lbl":"1"}},{"type":"Feature","geometry":{"type":"Point","coordinates":[11.665698,57.698694]},"properties":{"line":"OC2","mode":"bus","color":"#0059a9","colorDark":"#00294f","band":2,"off":[1.7,1.1],"lbl":"2"}},{"type":"Feature","geometry":{"type":"Point","coordinates":[11.684848,57.711958]},"properties":{"name":"Framnäs","band":2,"modes":"bus","arr":["OC3"],"off":[0,-0.8]}},{"type":"Feature","geometry":{"type":"Point","coordinates":[11.684848,57.711958]},"properties":{"line":"OC3","mode":"bus","color":"#0059a9","colorDark":"#00294f","band":2,"off":[0,1.1],"lbl":"3"}},{"type":"Feature","geometry":{"type":"Point","coordinates":[11.682148,57.732884]},"properties":{"name":"Equmeniakyrkan","band":2,"modes":"bus","arr":["OC3"],"off":[0,-0.8]}},{"type":"Feature","geometry":{"type":"Point","coordinates":[11.682148,57.732884]},"properties":{"line":"OC3","mode":"bus","color":"#0059a9","colorDark":"#00294f","band":2,"off":[0,1.1],"lbl":"3"}},{"type":"Feature","geometry":{"type":"Point","coordinates":[11.948016,57.561937]},"properties":{"name":"Snipen","band":2,"modes":"bus","arr":["X2"],"off":[0,-0.8]}},{"type":"Feature","geometry":{"type":"Point","coordinates":[11.948016,57.561937]},"properties":{"line":"X2","mode":"bus","color":"#0059a9","colorDark":"#00294f","band":2,"off":[0,1.1]}},{"type":"Feature","geometry":{"type":"Point","coordinates":[11.964809,57.520892]},"properties":{"name":"Särö centrum","band":2,"modes":"bus","arr":["X3"],"off":[0,-0.8]}},{"type":"Feature","geometry":{"type":"Point","coordinates":[11.964809,57.520892]},"properties":{"line":"X3","mode":"bus","color":"#0059a9","colorDark":"#00294f","band":2,"off":[0,1.1]}},{"type":"Feature","geometry":{"type":"Point","coordinates":[11.702673,57.708649]},"properties":{"name":"Lilla Varholmen","band":2,"modes":"bus","arr":["X6"],"off":[0,-0.8]}},{"type":"Feature","geometry":{"type":"Point","coordinates":[11.702673,57.708649]},"properties":{"line":"X6","mode":"bus","color":"#0059a9","colorDark":"#00294f","band":2,"off":[0,1.1]}},{"type":"Feature","geometry":{"type":"Point","coordinates":[11.970221,57.876848]},"properties":{"name":"Kungälvs sjukhus södra","band":2,"modes":"bus","arr":["X40"],"off":[0,-0.8]}},{"type":"Feature","geometry":{"type":"Point","coordinates":[11.970221,57.876848]},"properties":{"line":"X40","mode":"bus","color":"#0059a9","colorDark":"#00294f","band":2,"off":[0,1.1]}},{"type":"Feature","geometry":{"type":"Point","coordinates":[11.901761,57.64187]},"properties":{"name":"Opaltorget","band":2,"modes":"tram","arr":["1","7"],"off":[0,-0.8]}},{"type":"Feature","geometry":{"type":"Point","coordinates":[11.901761,57.64187]},"properties":{"line":"1","mode":"tram","color":"#d6212b","colorDark":"#7c1116","band":2,"off":[-1.7,1.1]}},{"type":"Feature","geometry":{"type":"Point","coordinates":[11.901761,57.64187]},"properties":{"line":"7","mode":"tram","color":"#d6212b","colorDark":"#7c1116","band":2,"off":[1.7,1.1]}},{"type":"Feature","geometry":{"type":"Point","coordinates":[11.892719,57.726993]},"properties":{"name":"Väderilsgatan","band":2,"modes":"tram","arr":["2"],"off":[0,-0.8]}},{"type":"Feature","geometry":{"type":"Point","coordinates":[11.892719,57.726993]},"properties":{"line":"2","mode":"tram","color":"#d6212b","colorDark":"#7c1116","band":2,"off":[0,1.1]}},{"type":"Feature","geometry":{"type":"Point","coordinates":[11.900477,57.680424]},"properties":{"name":"Kungssten Vändslinga","band":2,"modes":"tram","arr":["2","9"],"off":[0,-0.8]}},{"type":"Feature","geometry":{"type":"Point","coordinates":[11.900477,57.680424]},"properties":{"line":"2","mode":"tram","color":"#d6212b","colorDark":"#7c1116","band":2,"off":[-1.7,1.1]}},{"type":"Feature","geometry":{"type":"Point","coordinates":[11.900477,57.680424]},"properties":{"line":"9","mode":"tram","color":"#d6212b","colorDark":"#7c1116","band":2,"off":[1.7,1.1]}},{"type":"Feature","geometry":{"type":"Point","coordinates":[12.02263,57.70988]},"properties":{"name":"Virginsgatan","band":2,"modes":"tram","arr":["3"],"off":[0,-0.8]}},{"type":"Feature","geometry":{"type":"Point","coordinates":[12.02263,57.70988]},"properties":{"line":"3","mode":"tram","color":"#d6212b","colorDark":"#7c1116","band":2,"off":[0,1.1]}},{"type":"Feature","geometry":{"type":"Point","coordinates":[11.912424,57.689108]},"properties":{"name":"Vagnhallen Majorna DEPÅ","band":2,"modes":"tram","arr":["3","X"],"off":[0,-0.8]}},{"type":"Feature","geometry":{"type":"Point","coordinates":[11.912424,57.689108]},"properties":{"name":"Vagnhallen Majorna","band":2,"modes":"tram","arr":["3","X"],"off":[0,-3]}},{"type":"Feature","geometry":{"type":"Point","coordinates":[11.912424,57.689108]},"properties":{"line":"3","mode":"tram","color":"#d6212b","colorDark":"#7c1116","band":2,"off":[-1.7,1.1]}},{"type":"Feature","geometry":{"type":"Point","coordinates":[11.912424,57.689108]},"properties":{"line":"X","mode":"tram","color":"#d6212b","colorDark":"#7c1116","band":2,"off":[1.7,1.1]}},{"type":"Feature","geometry":{"type":"Point","coordinates":[12.01754,57.654608]},"properties":{"name":"Mölndals Innerstad","band":2,"modes":"tram","arr":["4","12"],"off":[0,-0.8]}},{"type":"Feature","geometry":{"type":"Point","coordinates":[12.01754,57.654608]},"properties":{"line":"4","mode":"tram","color":"#d6212b","colorDark":"#7c1116","band":2,"off":[-1.7,1.1]}},{"type":"Feature","geometry":{"type":"Point","coordinates":[12.01754,57.654608]},"properties":{"line":"12","mode":"tram","color":"#d6212b","colorDark":"#7c1116","band":2,"off":[1.7,1.1]}},{"type":"Feature","geometry":{"type":"Point","coordinates":[11.895858,57.736921]},"properties":{"name":"Varmfrontsgatan","band":2,"modes":"tram","arr":["5","6"],"off":[0,-0.8]}},{"type":"Feature","geometry":{"type":"Point","coordinates":[11.895858,57.736921]},"properties":{"line":"5","mode":"tram","color":"#d6212b","colorDark":"#7c1116","band":2,"off":[-1.7,1.1]}},{"type":"Feature","geometry":{"type":"Point","coordinates":[11.895858,57.736921]},"properties":{"line":"6","mode":"tram","color":"#d6212b","colorDark":"#7c1116","band":2,"off":[1.7,1.1]}},{"type":"Feature","geometry":{"type":"Point","coordinates":[12.041003,57.761411]},"properties":{"name":"Aprilgatan","band":2,"modes":"tram","arr":["6"],"off":[0,-0.8]}},{"type":"Feature","geometry":{"type":"Point","coordinates":[12.041003,57.761411]},"properties":{"line":"6","mode":"tram","color":"#d6212b","colorDark":"#7c1116","band":2,"off":[0,1.1]}},{"type":"Feature","geometry":{"type":"Point","coordinates":[11.934817,57.707392]},"properties":{"name":"Lindholmen","band":2,"modes":"tram","arr":["10","12"],"off":[0,-0.8]}},{"type":"Feature","geometry":{"type":"Point","coordinates":[11.934817,57.707392]},"properties":{"line":"10","mode":"tram","color":"#d6212b","colorDark":"#7c1116","band":2,"off":[-1.7,1.1]}},{"type":"Feature","geometry":{"type":"Point","coordinates":[11.934817,57.707392]},"properties":{"line":"12","mode":"tram","color":"#d6212b","colorDark":"#7c1116","band":2,"off":[1.7,1.1]}},{"type":"Feature","geometry":{"type":"Point","coordinates":[11.975272,57.680868]},"properties":{"name":"Doktor Sydows Gata","band":2,"modes":"tram","arr":["10"],"off":[0,-0.8]}},{"type":"Feature","geometry":{"type":"Point","coordinates":[11.975272,57.680868]},"properties":{"line":"10","mode":"tram","color":"#d6212b","colorDark":"#7c1116","band":2,"off":[0,1.1]}},{"type":"Feature","geometry":{"type":"Point","coordinates":[11.846438,57.660548]},"properties":{"name":"Saltholmen","band":2,"modes":"tram","arr":["11","13","X"],"off":[0,-0.8]}},{"type":"Feature","geometry":{"type":"Point","coordinates":[11.846438,57.660548]},"properties":{"line":"11","mode":"tram","color":"#d6212b","colorDark":"#7c1116","band":2,"off":[-3.4,1.1]}},{"type":"Feature","geometry":{"type":"Point","coordinates":[11.846438,57.660548]},"properties":{"line":"13","mode":"tram","color":"#d6212b","colorDark":"#7c1116","band":2,"off":[0,1.1]}},{"type":"Feature","geometry":{"type":"Point","coordinates":[11.846438,57.660548]},"properties":{"line":"X","mode":"tram","color":"#d6212b","colorDark":"#7c1116","band":2,"off":[3.4,1.1]}},{"type":"Feature","geometry":{"type":"Point","coordinates":[12.047659,57.722408]},"properties":{"name":"Östra Sjukhuset","band":3,"modes":"tram,bus","arr":["1","1E","5","17","514"],"off":[0,-0.8]}},{"type":"Feature","geometry":{"type":"Point","coordinates":[12.047659,57.722408]},"properties":{"line":"1","mode":"tram","color":"#d6212b","colorDark":"#7c1116","band":3,"off":[-6.8,1.1]}},{"type":"Feature","geometry":{"type":"Point","coordinates":[12.047659,57.722408]},"properties":{"line":"1E","mode":"bus","color":"#0059a9","colorDark":"#00294f","band":3,"off":[-3.4,1.1]}},{"type":"Feature","geometry":{"type":"Point","coordinates":[12.047659,57.722408]},"properties":{"line":"5","mode":"tram","color":"#d6212b","colorDark":"#7c1116","band":3,"off":[0,1.1]}},{"type":"Feature","geometry":{"type":"Point","coordinates":[12.047659,57.722408]},"properties":{"line":"17","mode":"bus","color":"#0059a9","colorDark":"#00294f","band":3,"off":[3.4,1.1]}},{"type":"Feature","geometry":{"type":"Point","coordinates":[12.047659,57.722408]},"properties":{"line":"514","mode":"bus","color":"#0059a9","colorDark":"#00294f","band":3,"off":[6.8,1.1]}},{"type":"Feature","geometry":{"type":"Point","coordinates":[12.004403,57.716307]},"properties":{"name":"Redbergsplatsen","band":3,"modes":"bus","arr":["1E","60","62"],"off":[0,-0.8]}},{"type":"Feature","geometry":{"type":"Point","coordinates":[12.004403,57.716307]},"properties":{"line":"1E","mode":"bus","color":"#0059a9","colorDark":"#00294f","band":3,"off":[-3.4,1.1]}},{"type":"Feature","geometry":{"type":"Point","coordinates":[12.004403,57.716307]},"properties":{"line":"60","mode":"bus","color":"#0059a9","colorDark":"#00294f","band":3,"off":[0,1.1]}},{"type":"Feature","geometry":{"type":"Point","coordinates":[12.004403,57.716307]},"properties":{"line":"62","mode":"bus","color":"#0059a9","colorDark":"#00294f","band":3,"off":[3.4,1.1]}},{"type":"Feature","geometry":{"type":"Point","coordinates":[11.934669,57.694812]},"properties":{"name":"Fjällgatan","band":3,"modes":"bus","arr":["3E"],"off":[0,-0.8]}},{"type":"Feature","geometry":{"type":"Point","coordinates":[11.934669,57.694812]},"properties":{"line":"3E","mode":"bus","color":"#0059a9","colorDark":"#00294f","band":3,"off":[0,1.1]}},{"type":"Feature","geometry":{"type":"Point","coordinates":[11.953728,57.700605]},"properties":{"name":"Järntorget","band":3,"modes":"bus","arr":["3E","190"],"off":[0,-0.8]}},{"type":"Feature","geometry":{"type":"Point","coordinates":[11.953728,57.700605]},"properties":{"line":"3E","mode":"bus","color":"#0059a9","colorDark":"#00294f","band":3,"off":[-1.7,1.1]}},{"type":"Feature","geometry":{"type":"Point","coordinates":[11.953728,57.700605]},"properties":{"line":"190","mode":"bus","color":"#0059a9","colorDark":"#00294f","band":3,"off":[1.7,1.1]}},{"type":"Feature","geometry":{"type":"Point","coordinates":[12.079256,57.490465]},"properties":{"name":"Kungsbacka station","band":3,"modes":"bus","arr":["4","20","717","720","735"],"off":[0,-0.8]}},{"type":"Feature","geometry":{"type":"Point","coordinates":[12.079256,57.490465]},"properties":{"line":"4","mode":"bus","color":"#0059a9","colorDark":"#00294f","band":3,"off":[-6.8,1.1]}},{"type":"Feature","geometry":{"type":"Point","coordinates":[12.079256,57.490465]},"properties":{"line":"20","mode":"bus","color":"#0059a9","colorDark":"#00294f","band":3,"off":[-3.4,1.1]}},{"type":"Feature","geometry":{"type":"Point","coordinates":[12.079256,57.490465]},"properties":{"line":"717","mode":"bus","color":"#0059a9","colorDark":"#00294f","band":3,"off":[0,1.1]}},{"type":"Feature","geometry":{"type":"Point","coordinates":[12.079256,57.490465]},"properties":{"line":"720","mode":"bus","color":"#0059a9","colorDark":"#00294f","band":3,"off":[3.4,1.1]}},{"type":"Feature","geometry":{"type":"Point","coordinates":[12.079256,57.490465]},"properties":{"line":"735","mode":"bus","color":"#0059a9","colorDark":"#00294f","band":3,"off":[6.8,1.1]}},{"type":"Feature","geometry":{"type":"Point","coordinates":[12.082598,57.513454]},"properties":{"name":"Hede station","band":3,"modes":"bus","arr":["4","5","KB1"],"off":[0,-0.8]}},{"type":"Feature","geometry":{"type":"Point","coordinates":[12.082598,57.513454]},"properties":{"line":"4","mode":"bus","color":"#0059a9","colorDark":"#00294f","band":3,"off":[-3.4,1.1]}},{"type":"Feature","geometry":{"type":"Point","coordinates":[12.082598,57.513454]},"properties":{"line":"5","mode":"bus","color":"#0059a9","colorDark":"#00294f","band":3,"off":[0,1.1]}},{"type":"Feature","geometry":{"type":"Point","coordinates":[12.082598,57.513454]},"properties":{"line":"KB1","mode":"bus","color":"#0059a9","colorDark":"#00294f","band":3,"off":[3.4,1.1],"lbl":"1"}},{"type":"Feature","geometry":{"type":"Point","coordinates":[12.048919,57.795497]},"properties":{"name":"Angered Centrum","band":3,"modes":"tram,bus","arr":["4","4E","8","9","40","71","73","74","75","76","77","148","179","401","X#2"],"off":[0,-0.8]}},{"type":"Feature","geometry":{"type":"Point","coordinates":[12.048919,57.795497]},"properties":{"line":"4","mode":"tram","color":"#d6212b","colorDark":"#7c1116","band":3,"off":[-6.8,1.1]}},{"type":"Feature","geometry":{"type":"Point","coordinates":[12.048919,57.795497]},"properties":{"line":"4E","mode":"bus","color":"#0059a9","colorDark":"#00294f","band":3,"off":[-3.4,1.1]}},{"type":"Feature","geometry":{"type":"Point","coordinates":[12.048919,57.795497]},"properties":{"line":"8","mode":"tram","color":"#d6212b","colorDark":"#7c1116","band":3,"off":[0,1.1]}},{"type":"Feature","geometry":{"type":"Point","coordinates":[12.048919,57.795497]},"properties":{"line":"9","mode":"tram","color":"#d6212b","colorDark":"#7c1116","band":3,"off":[3.4,1.1]}},{"type":"Feature","geometry":{"type":"Point","coordinates":[12.048919,57.795497]},"properties":{"line":"40","mode":"bus","color":"#0059a9","colorDark":"#00294f","band":3,"off":[6.8,1.1]}},{"type":"Feature","geometry":{"type":"Point","coordinates":[12.048919,57.795497]},"properties":{"line":"71","mode":"bus","color":"#0059a9","colorDark":"#00294f","band":3,"off":[-6.8,3.1]}},{"type":"Feature","geometry":{"type":"Point","coordinates":[12.048919,57.795497]},"properties":{"line":"73","mode":"bus","color":"#0059a9","colorDark":"#00294f","band":3,"off":[-3.4,3.1]}},{"type":"Feature","geometry":{"type":"Point","coordinates":[12.048919,57.795497]},"properties":{"line":"74","mode":"bus","color":"#0059a9","colorDark":"#00294f","band":3,"off":[0,3.1]}},{"type":"Feature","geometry":{"type":"Point","coordinates":[12.048919,57.795497]},"properties":{"line":"75","mode":"bus","color":"#0059a9","colorDark":"#00294f","band":3,"off":[3.4,3.1]}},{"type":"Feature","geometry":{"type":"Point","coordinates":[12.048919,57.795497]},"properties":{"line":"76","mode":"bus","color":"#0059a9","colorDark":"#00294f","band":3,"off":[6.8,3.1]}},{"type":"Feature","geometry":{"type":"Point","coordinates":[12.048919,57.795497]},"properties":{"line":"77","mode":"bus","color":"#0059a9","colorDark":"#00294f","band":3,"off":[-6.8,5.1]}},{"type":"Feature","geometry":{"type":"Point","coordinates":[12.048919,57.795497]},"properties":{"line":"148","mode":"bus","color":"#0059a9","colorDark":"#00294f","band":3,"off":[-3.4,5.1]}},{"type":"Feature","geometry":{"type":"Point","coordinates":[12.048919,57.795497]},"properties":{"line":"179","mode":"bus","color":"#0059a9","colorDark":"#00294f","band":3,"off":[0,5.1]}},{"type":"Feature","geometry":{"type":"Point","coordinates":[12.048919,57.795497]},"properties":{"line":"401","mode":"bus","color":"#0059a9","colorDark":"#00294f","band":3,"off":[3.4,5.1]}},{"type":"Feature","geometry":{"type":"Point","coordinates":[12.048919,57.795497]},"properties":{"line":"X#2","mode":"tram","color":"#d6212b","colorDark":"#7c1116","band":3,"off":[6.8,5.1],"lbl":"X"}},{"type":"Feature","geometry":{"type":"Point","coordinates":[12.003389,57.72789]},"properties":{"name":"Gamlestads Torg","band":3,"modes":"bus","arr":["4E","6E","56","59","78","127","131","159","167","168","515"],"off":[0,-0.8]}},{"type":"Feature","geometry":{"type":"Point","coordinates":[12.003389,57.72789]},"properties":{"line":"4E","mode":"bus","color":"#0059a9","colorDark":"#00294f","band":3,"off":[-6.8,1.1]}},{"type":"Feature","geometry":{"type":"Point","coordinates":[12.003389,57.72789]},"properties":{"line":"6E","mode":"bus","color":"#0059a9","colorDark":"#00294f","band":3,"off":[-3.4,1.1]}},{"type":"Feature","geometry":{"type":"Point","coordinates":[12.003389,57.72789]},"properties":{"line":"56","mode":"bus","color":"#0059a9","colorDark":"#00294f","band":3,"off":[0,1.1]}},{"type":"Feature","geometry":{"type":"Point","coordinates":[12.003389,57.72789]},"properties":{"line":"59","mode":"bus","color":"#0059a9","colorDark":"#00294f","band":3,"off":[3.4,1.1]}},{"type":"Feature","geometry":{"type":"Point","coordinates":[12.003389,57.72789]},"properties":{"line":"78","mode":"bus","color":"#0059a9","colorDark":"#00294f","band":3,"off":[6.8,1.1]}},{"type":"Feature","geometry":{"type":"Point","coordinates":[12.003389,57.72789]},"properties":{"line":"127","mode":"bus","color":"#0059a9","colorDark":"#00294f","band":3,"off":[-6.8,3.1]}},{"type":"Feature","geometry":{"type":"Point","coordinates":[12.003389,57.72789]},"properties":{"line":"131","mode":"bus","color":"#0059a9","colorDark":"#00294f","band":3,"off":[-3.4,3.1]}},{"type":"Feature","geometry":{"type":"Point","coordinates":[12.003389,57.72789]},"properties":{"line":"159","mode":"bus","color":"#0059a9","colorDark":"#00294f","band":3,"off":[0,3.1]}},{"type":"Feature","geometry":{"type":"Point","coordinates":[12.003389,57.72789]},"properties":{"line":"167","mode":"bus","color":"#0059a9","colorDark":"#00294f","band":3,"off":[3.4,3.1]}},{"type":"Feature","geometry":{"type":"Point","coordinates":[12.003389,57.72789]},"properties":{"line":"168","mode":"bus","color":"#0059a9","colorDark":"#00294f","band":3,"off":[6.8,3.1]}},{"type":"Feature","geometry":{"type":"Point","coordinates":[12.003389,57.72789]},"properties":{"line":"515","mode":"bus","color":"#0059a9","colorDark":"#00294f","band":3,"off":[0,5.1]}},{"type":"Feature","geometry":{"type":"Point","coordinates":[11.990864,57.712917]},"properties":{"name":"Svingeln","band":3,"modes":"bus,tram","arr":["6E","40","43","501","502","X"],"off":[0,-0.8]}},{"type":"Feature","geometry":{"type":"Point","coordinates":[11.990864,57.712917]},"properties":{"line":"6E","mode":"bus","color":"#0059a9","colorDark":"#00294f","band":3,"off":[-6.8,1.1]}},{"type":"Feature","geometry":{"type":"Point","coordinates":[11.990864,57.712917]},"properties":{"line":"40","mode":"bus","color":"#0059a9","colorDark":"#00294f","band":3,"off":[-3.4,1.1]}},{"type":"Feature","geometry":{"type":"Point","coordinates":[11.990864,57.712917]},"properties":{"line":"43","mode":"bus","color":"#0059a9","colorDark":"#00294f","band":3,"off":[0,1.1]}},{"type":"Feature","geometry":{"type":"Point","coordinates":[11.990864,57.712917]},"properties":{"line":"501","mode":"bus","color":"#0059a9","colorDark":"#00294f","band":3,"off":[3.4,1.1]}},{"type":"Feature","geometry":{"type":"Point","coordinates":[11.990864,57.712917]},"properties":{"line":"502","mode":"bus","color":"#0059a9","colorDark":"#00294f","band":3,"off":[6.8,1.1]}},{"type":"Feature","geometry":{"type":"Point","coordinates":[11.990864,57.712917]},"properties":{"line":"X","mode":"tram","color":"#d6212b","colorDark":"#7c1116","band":3,"off":[0,3.1]}},{"type":"Feature","geometry":{"type":"Point","coordinates":[12.072353,57.750572]},"properties":{"name":"Komettorget","band":3,"modes":"bus","arr":["11E","56"],"off":[0,-0.8]}},{"type":"Feature","geometry":{"type":"Point","coordinates":[12.072353,57.750572]},"properties":{"line":"11E","mode":"bus","color":"#0059a9","colorDark":"#00294f","band":3,"off":[-1.7,1.1]}},{"type":"Feature","geometry":{"type":"Point","coordinates":[12.072353,57.750572]},"properties":{"line":"56","mode":"bus","color":"#0059a9","colorDark":"#00294f","band":3,"off":[1.7,1.1]}},{"type":"Feature","geometry":{"type":"Point","coordinates":[12.072435,57.757101]},"properties":{"name":"Rymdtorget Buss","band":3,"modes":"bus","arr":["159"],"off":[0,-0.8]}},{"type":"Feature","geometry":{"type":"Point","coordinates":[12.072435,57.757101]},"properties":{"line":"159","mode":"bus","color":"#0059a9","colorDark":"#00294f","band":3,"off":[0,1.1]}},{"type":"Feature","geometry":{"type":"Point","coordinates":[12.051076,57.760881]},"properties":{"name":"Gärdsås Torg","band":3,"modes":"bus","arr":["57"],"off":[0,-0.8]}},{"type":"Feature","geometry":{"type":"Point","coordinates":[12.051076,57.760881]},"properties":{"line":"57","mode":"bus","color":"#0059a9","colorDark":"#00294f","band":3,"off":[0,1.1]}},{"type":"Feature","geometry":{"type":"Point","coordinates":[12.02735,57.742552]},"properties":{"name":"Nymånegatan","band":3,"modes":"bus","arr":["11E"],"off":[0,-0.8]}},{"type":"Feature","geometry":{"type":"Point","coordinates":[12.02735,57.742552]},"properties":{"line":"11E","mode":"bus","color":"#0059a9","colorDark":"#00294f","band":3,"off":[0,1.1]}},{"type":"Feature","geometry":{"type":"Point","coordinates":[11.953363,57.72069]},"properties":{"name":"Hjalmar Brantingsplatsen","band":3,"modes":"bus","arr":["47","99","135","137","141"],"off":[0,-0.8]}},{"type":"Feature","geometry":{"type":"Point","coordinates":[11.953363,57.72069]},"properties":{"line":"47","mode":"bus","color":"#0059a9","colorDark":"#00294f","band":3,"off":[-6.8,1.1]}},{"type":"Feature","geometry":{"type":"Point","coordinates":[11.953363,57.72069]},"properties":{"line":"99","mode":"bus","color":"#0059a9","colorDark":"#00294f","band":3,"off":[-3.4,1.1]}},{"type":"Feature","geometry":{"type":"Point","coordinates":[11.953363,57.72069]},"properties":{"line":"135","mode":"bus","color":"#0059a9","colorDark":"#00294f","band":3,"off":[0,1.1]}},{"type":"Feature","geometry":{"type":"Point","coordinates":[11.953363,57.72069]},"properties":{"line":"137","mode":"bus","color":"#0059a9","colorDark":"#00294f","band":3,"off":[3.4,1.1]}},{"type":"Feature","geometry":{"type":"Point","coordinates":[11.953363,57.72069]},"properties":{"line":"141","mode":"bus","color":"#0059a9","colorDark":"#00294f","band":3,"off":[6.8,1.1]}},{"type":"Feature","geometry":{"type":"Point","coordinates":[11.94036,57.742053]},"properties":{"name":"Grimbo","band":3,"modes":"bus","arr":["145"],"off":[0,-0.8]}},{"type":"Feature","geometry":{"type":"Point","coordinates":[11.94036,57.742053]},"properties":{"line":"145","mode":"bus","color":"#0059a9","colorDark":"#00294f","band":3,"off":[0,1.1]}},{"type":"Feature","geometry":{"type":"Point","coordinates":[11.917405,57.752168]},"properties":{"name":"Hinnebäcksgatan","band":3,"modes":"bus","arr":["17","44","145"],"off":[0,-0.8]}},{"type":"Feature","geometry":{"type":"Point","coordinates":[11.917405,57.752168]},"properties":{"line":"17","mode":"bus","color":"#0059a9","colorDark":"#00294f","band":3,"off":[-3.4,1.1]}},{"type":"Feature","geometry":{"type":"Point","coordinates":[11.917405,57.752168]},"properties":{"line":"44","mode":"bus","color":"#0059a9","colorDark":"#00294f","band":3,"off":[0,1.1]}},{"type":"Feature","geometry":{"type":"Point","coordinates":[11.917405,57.752168]},"properties":{"line":"145","mode":"bus","color":"#0059a9","colorDark":"#00294f","band":3,"off":[3.4,1.1]}},{"type":"Feature","geometry":{"type":"Point","coordinates":[11.970843,57.709117]},"properties":{"name":"Nils Ericsonsplatsen","band":3,"modes":"bus","arr":["29","128","129"],"off":[0,-0.8]}},{"type":"Feature","geometry":{"type":"Point","coordinates":[11.970843,57.709117]},"properties":{"line":"29","mode":"bus","color":"#0059a9","colorDark":"#00294f","band":3,"off":[-3.4,1.1]}},{"type":"Feature","geometry":{"type":"Point","coordinates":[11.970843,57.709117]},"properties":{"line":"128","mode":"bus","color":"#0059a9","colorDark":"#00294f","band":3,"off":[0,1.1]}},{"type":"Feature","geometry":{"type":"Point","coordinates":[11.970843,57.709117]},"properties":{"line":"129","mode":"bus","color":"#0059a9","colorDark":"#00294f","band":3,"off":[3.4,1.1]}},{"type":"Feature","geometry":{"type":"Point","coordinates":[11.975176,57.708659]},"properties":{"name":"Drottningtorget","band":3,"modes":"bus","arr":["141"],"off":[0,-0.8]}},{"type":"Feature","geometry":{"type":"Point","coordinates":[11.975176,57.708659]},"properties":{"line":"141","mode":"bus","color":"#0059a9","colorDark":"#00294f","band":3,"off":[0,1.1]}},{"type":"Feature","geometry":{"type":"Point","coordinates":[12.017491,57.680747]},"properties":{"name":"Kallebäcks Källa","band":3,"modes":"bus","arr":["18","86"],"off":[0,-0.8]}},{"type":"Feature","geometry":{"type":"Point","coordinates":[12.017491,57.680747]},"properties":{"line":"18","mode":"bus","color":"#0059a9","colorDark":"#00294f","band":3,"off":[-1.7,1.1]}},{"type":"Feature","geometry":{"type":"Point","coordinates":[12.017491,57.680747]},"properties":{"line":"86","mode":"bus","color":"#0059a9","colorDark":"#00294f","band":3,"off":[1.7,1.1]}},{"type":"Feature","geometry":{"type":"Point","coordinates":[11.986776,57.757735]},"properties":{"name":"Körkarlens gata","band":3,"modes":"bus","arr":["18","46","47","142"],"off":[0,-0.8]}},{"type":"Feature","geometry":{"type":"Point","coordinates":[11.986776,57.757735]},"properties":{"line":"18","mode":"bus","color":"#0059a9","colorDark":"#00294f","band":3,"off":[-5.1,1.1]}},{"type":"Feature","geometry":{"type":"Point","coordinates":[11.986776,57.757735]},"properties":{"line":"46","mode":"bus","color":"#0059a9","colorDark":"#00294f","band":3,"off":[-1.7,1.1]}},{"type":"Feature","geometry":{"type":"Point","coordinates":[11.986776,57.757735]},"properties":{"line":"47","mode":"bus","color":"#0059a9","colorDark":"#00294f","band":3,"off":[1.7,1.1]}},{"type":"Feature","geometry":{"type":"Point","coordinates":[11.986776,57.757735]},"properties":{"line":"142","mode":"bus","color":"#0059a9","colorDark":"#00294f","band":3,"off":[5.1,1.1]}},{"type":"Feature","geometry":{"type":"Point","coordinates":[12.004852,57.690469]},"properties":{"name":"Skårs Kyrka","band":3,"modes":"bus","arr":["62"],"off":[0,-0.8]}},{"type":"Feature","geometry":{"type":"Point","coordinates":[12.004852,57.690469]},"properties":{"line":"62","mode":"bus","color":"#0059a9","colorDark":"#00294f","band":3,"off":[0,1.1]}},{"type":"Feature","geometry":{"type":"Point","coordinates":[11.936013,57.673866]},"properties":{"name":"Marklandsgatan","band":3,"modes":"bus","arr":["19","65","82","84","95","758"],"off":[0,-0.8]}},{"type":"Feature","geometry":{"type":"Point","coordinates":[11.936013,57.673866]},"properties":{"line":"19","mode":"bus","color":"#0059a9","colorDark":"#00294f","band":3,"off":[-6.8,1.1]}},{"type":"Feature","geometry":{"type":"Point","coordinates":[11.936013,57.673866]},"properties":{"line":"65","mode":"bus","color":"#0059a9","colorDark":"#00294f","band":3,"off":[-3.4,1.1]}},{"type":"Feature","geometry":{"type":"Point","coordinates":[11.936013,57.673866]},"properties":{"line":"82","mode":"bus","color":"#0059a9","colorDark":"#00294f","band":3,"off":[0,1.1]}},{"type":"Feature","geometry":{"type":"Point","coordinates":[11.936013,57.673866]},"properties":{"line":"84","mode":"bus","color":"#0059a9","colorDark":"#00294f","band":3,"off":[3.4,1.1]}},{"type":"Feature","geometry":{"type":"Point","coordinates":[11.936013,57.673866]},"properties":{"line":"95","mode":"bus","color":"#0059a9","colorDark":"#00294f","band":3,"off":[6.8,1.1]}},{"type":"Feature","geometry":{"type":"Point","coordinates":[11.936013,57.673866]},"properties":{"line":"758","mode":"bus","color":"#0059a9","colorDark":"#00294f","band":3,"off":[0,3.1]}},{"type":"Feature","geometry":{"type":"Point","coordinates":[11.945386,57.712018]},"properties":{"name":"Pumpgatan","band":3,"modes":"bus","arr":["35","37","199"],"off":[0,-0.8]}},{"type":"Feature","geometry":{"type":"Point","coordinates":[11.945386,57.712018]},"properties":{"line":"35","mode":"bus","color":"#0059a9","colorDark":"#00294f","band":3,"off":[-3.4,1.1]}},{"type":"Feature","geometry":{"type":"Point","coordinates":[11.945386,57.712018]},"properties":{"line":"37","mode":"bus","color":"#0059a9","colorDark":"#00294f","band":3,"off":[0,1.1]}},{"type":"Feature","geometry":{"type":"Point","coordinates":[11.945386,57.712018]},"properties":{"line":"199","mode":"bus","color":"#0059a9","colorDark":"#00294f","band":3,"off":[3.4,1.1]}},{"type":"Feature","geometry":{"type":"Point","coordinates":[11.9986,57.774585]},"properties":{"name":"Bäckebol Norra","band":3,"modes":"bus","arr":["19"],"off":[0,-0.8]}},{"type":"Feature","geometry":{"type":"Point","coordinates":[11.9986,57.774585]},"properties":{"line":"19","mode":"bus","color":"#0059a9","colorDark":"#00294f","band":3,"off":[0,1.1]}},{"type":"Feature","geometry":{"type":"Point","coordinates":[11.976925,57.707985]},"properties":{"name":"Polhemsplatsen","band":3,"modes":"bus","arr":["20","22","69","101","LERS"],"off":[0,-0.8]}},{"type":"Feature","geometry":{"type":"Point","coordinates":[11.976925,57.707985]},"properties":{"name":"Åkareplatsen","band":3,"modes":"bus","arr":["20","22","69","101","LERS"],"off":[0,-1.9]}},{"type":"Feature","geometry":{"type":"Point","coordinates":[11.976925,57.707985]},"properties":{"line":"20","mode":"bus","color":"#0059a9","colorDark":"#00294f","band":3,"off":[-6.8,1.1]}},{"type":"Feature","geometry":{"type":"Point","coordinates":[11.976925,57.707985]},"properties":{"line":"22","mode":"bus","color":"#0059a9","colorDark":"#00294f","band":3,"off":[-3.4,1.1]}},{"type":"Feature","geometry":{"type":"Point","coordinates":[11.976925,57.707985]},"properties":{"line":"69","mode":"bus","color":"#0059a9","colorDark":"#00294f","band":3,"off":[0,1.1]}},{"type":"Feature","geometry":{"type":"Point","coordinates":[11.976925,57.707985]},"properties":{"line":"101","mode":"bus","color":"#0059a9","colorDark":"#00294f","band":3,"off":[3.4,1.1]}},{"type":"Feature","geometry":{"type":"Point","coordinates":[11.976925,57.707985]},"properties":{"line":"LERS","mode":"bus","color":"#0059a9","colorDark":"#00294f","band":3,"off":[6.8,1.1]}},{"type":"Feature","geometry":{"type":"Point","coordinates":[12.070365,57.761988]},"properties":{"name":"Merkuriusgatan","band":3,"modes":"bus","arr":["21"],"off":[0,-0.8]}},{"type":"Feature","geometry":{"type":"Point","coordinates":[12.070365,57.761988]},"properties":{"line":"21","mode":"bus","color":"#0059a9","colorDark":"#00294f","band":3,"off":[0,1.1]}},{"type":"Feature","geometry":{"type":"Point","coordinates":[11.909944,57.716201]},"properties":{"name":"Eketrägatan","band":3,"modes":"bus","arr":["21","27","30","32","34","44","X76"],"off":[0,-0.8]}},{"type":"Feature","geometry":{"type":"Point","coordinates":[11.909944,57.716201]},"properties":{"line":"21","mode":"bus","color":"#0059a9","colorDark":"#00294f","band":3,"off":[-6.8,1.1]}},{"type":"Feature","geometry":{"type":"Point","coordinates":[11.909944,57.716201]},"properties":{"line":"27","mode":"bus","color":"#0059a9","colorDark":"#00294f","band":3,"off":[-3.4,1.1]}},{"type":"Feature","geometry":{"type":"Point","coordinates":[11.909944,57.716201]},"properties":{"line":"30","mode":"bus","color":"#0059a9","colorDark":"#00294f","band":3,"off":[0,1.1]}},{"type":"Feature","geometry":{"type":"Point","coordinates":[11.909944,57.716201]},"properties":{"line":"32","mode":"bus","color":"#0059a9","colorDark":"#00294f","band":3,"off":[3.4,1.1]}},{"type":"Feature","geometry":{"type":"Point","coordinates":[11.909944,57.716201]},"properties":{"line":"34","mode":"bus","color":"#0059a9","colorDark":"#00294f","band":3,"off":[6.8,1.1]}},{"type":"Feature","geometry":{"type":"Point","coordinates":[11.909944,57.716201]},"properties":{"line":"44","mode":"bus","color":"#0059a9","colorDark":"#00294f","band":3,"off":[-1.7,3.1]}},{"type":"Feature","geometry":{"type":"Point","coordinates":[11.909944,57.716201]},"properties":{"line":"X76","mode":"bus","color":"#0059a9","colorDark":"#00294f","band":3,"off":[1.7,3.1]}},{"type":"Feature","geometry":{"type":"Point","coordinates":[12.173604,57.745374]},"properties":{"name":"Jons väg","band":3,"modes":"bus","arr":["518","519"],"off":[0,-0.8]}},{"type":"Feature","geometry":{"type":"Point","coordinates":[12.173604,57.745374]},"properties":{"line":"518","mode":"bus","color":"#0059a9","colorDark":"#00294f","band":3,"off":[-1.7,1.1]}},{"type":"Feature","geometry":{"type":"Point","coordinates":[12.173604,57.745374]},"properties":{"line":"519","mode":"bus","color":"#0059a9","colorDark":"#00294f","band":3,"off":[1.7,1.1]}},{"type":"Feature","geometry":{"type":"Point","coordinates":[12.529199,57.927184]},"properties":{"name":"Alingsåsterminalen","band":3,"modes":"bus","arr":["22"],"off":[0,-0.8]}},{"type":"Feature","geometry":{"type":"Point","coordinates":[12.529199,57.927184]},"properties":{"line":"22","mode":"bus","color":"#0059a9","colorDark":"#00294f","band":3,"off":[0,1.1]}},{"type":"Feature","geometry":{"type":"Point","coordinates":[12.02334,57.630801]},"properties":{"name":"Peppareds torg","band":3,"modes":"bus","arr":["25"],"off":[0,-0.8]}},{"type":"Feature","geometry":{"type":"Point","coordinates":[12.02334,57.630801]},"properties":{"line":"25","mode":"bus","color":"#0059a9","colorDark":"#00294f","band":3,"off":[0,1.1]}},{"type":"Feature","geometry":{"type":"Point","coordinates":[11.952846,57.689624]},"properties":{"name":"Linnéplatsen","band":3,"modes":"bus","arr":["63","757"],"off":[0,-0.8]}},{"type":"Feature","geometry":{"type":"Point","coordinates":[11.952846,57.689624]},"properties":{"line":"63","mode":"bus","color":"#0059a9","colorDark":"#00294f","band":3,"off":[-1.7,1.1]}},{"type":"Feature","geometry":{"type":"Point","coordinates":[11.952846,57.689624]},"properties":{"line":"757","mode":"bus","color":"#0059a9","colorDark":"#00294f","band":3,"off":[1.7,1.1]}},{"type":"Feature","geometry":{"type":"Point","coordinates":[11.886564,57.733091]},"properties":{"name":"Svarte Mosse","band":3,"modes":"bus","arr":["25"],"off":[0,-0.8]}},{"type":"Feature","geometry":{"type":"Point","coordinates":[11.886564,57.733091]},"properties":{"line":"25","mode":"bus","color":"#0059a9","colorDark":"#00294f","band":3,"off":[0,1.1]}},{"type":"Feature","geometry":{"type":"Point","coordinates":[12.017154,57.656492]},"properties":{"name":"Mölndals Innerstad","band":3,"modes":"bus","arr":["755","757","759","764"],"off":[0,-0.8]}},{"type":"Feature","geometry":{"type":"Point","coordinates":[12.017154,57.656492]},"properties":{"line":"755","mode":"bus","color":"#0059a9","colorDark":"#00294f","band":3,"off":[-5.1,1.1]}},{"type":"Feature","geometry":{"type":"Point","coordinates":[12.017154,57.656492]},"properties":{"line":"757","mode":"bus","color":"#0059a9","colorDark":"#00294f","band":3,"off":[-1.7,1.1]}},{"type":"Feature","geometry":{"type":"Point","coordinates":[12.017154,57.656492]},"properties":{"line":"759","mode":"bus","color":"#0059a9","colorDark":"#00294f","band":3,"off":[1.7,1.1]}},{"type":"Feature","geometry":{"type":"Point","coordinates":[12.017154,57.656492]},"properties":{"line":"764","mode":"bus","color":"#0059a9","colorDark":"#00294f","band":3,"off":[5.1,1.1]}},{"type":"Feature","geometry":{"type":"Point","coordinates":[11.842654,57.712635]},"properties":{"name":"Sörredsmotet","band":3,"modes":"bus","arr":["27","32","139"],"off":[0,-0.8]}},{"type":"Feature","geometry":{"type":"Point","coordinates":[11.842654,57.712635]},"properties":{"line":"27","mode":"bus","color":"#0059a9","colorDark":"#00294f","band":3,"off":[-3.4,1.1]}},{"type":"Feature","geometry":{"type":"Point","coordinates":[11.842654,57.712635]},"properties":{"line":"32","mode":"bus","color":"#0059a9","colorDark":"#00294f","band":3,"off":[0,1.1]}},{"type":"Feature","geometry":{"type":"Point","coordinates":[11.842654,57.712635]},"properties":{"line":"139","mode":"bus","color":"#0059a9","colorDark":"#00294f","band":3,"off":[3.4,1.1]}},{"type":"Feature","geometry":{"type":"Point","coordinates":[11.840989,57.716746]},"properties":{"name":"Volvo Torslanda TK","band":3,"modes":"bus","arr":["145","179"],"off":[0,-0.8]}},{"type":"Feature","geometry":{"type":"Point","coordinates":[11.840989,57.716746]},"properties":{"line":"145","mode":"bus","color":"#0059a9","colorDark":"#00294f","band":3,"off":[-1.7,1.1]}},{"type":"Feature","geometry":{"type":"Point","coordinates":[11.840989,57.716746]},"properties":{"line":"179","mode":"bus","color":"#0059a9","colorDark":"#00294f","band":3,"off":[1.7,1.1]}},{"type":"Feature","geometry":{"type":"Point","coordinates":[11.849809,57.723404]},"properties":{"name":"Volvohallen","band":3,"modes":"bus","arr":["159","190"],"off":[0,-0.8]}},{"type":"Feature","geometry":{"type":"Point","coordinates":[11.849809,57.723404]},"properties":{"line":"159","mode":"bus","color":"#0059a9","colorDark":"#00294f","band":3,"off":[-1.7,1.1]}},{"type":"Feature","geometry":{"type":"Point","coordinates":[11.849809,57.723404]},"properties":{"line":"190","mode":"bus","color":"#0059a9","colorDark":"#00294f","band":3,"off":[1.7,1.1]}},{"type":"Feature","geometry":{"type":"Point","coordinates":[11.866169,57.727955]},"properties":{"name":"Volvo Torslanda PVH","band":3,"modes":"bus","arr":["X77"],"off":[0,-0.8]}},{"type":"Feature","geometry":{"type":"Point","coordinates":[11.866169,57.727955]},"properties":{"line":"X77","mode":"bus","color":"#0059a9","colorDark":"#00294f","band":3,"off":[0,1.1]}},{"type":"Feature","geometry":{"type":"Point","coordinates":[11.862463,57.721867]},"properties":{"name":"Volvo Torslanda RA","band":3,"modes":"bus","arr":["127","180"],"off":[0,-0.8]}},{"type":"Feature","geometry":{"type":"Point","coordinates":[11.862463,57.721867]},"properties":{"line":"127","mode":"bus","color":"#0059a9","colorDark":"#00294f","band":3,"off":[-1.7,1.1]}},{"type":"Feature","geometry":{"type":"Point","coordinates":[11.862463,57.721867]},"properties":{"line":"180","mode":"bus","color":"#0059a9","colorDark":"#00294f","band":3,"off":[1.7,1.1]}},{"type":"Feature","geometry":{"type":"Point","coordinates":[11.839706,57.711329]},"properties":{"name":"Sörredsmotet","band":3,"modes":"bus","arr":["27","32","139","142"],"off":[0,-0.8]}},{"type":"Feature","geometry":{"type":"Point","coordinates":[11.839706,57.711329]},"properties":{"line":"27","mode":"bus","color":"#0059a9","colorDark":"#00294f","band":3,"off":[-5.1,1.1]}},{"type":"Feature","geometry":{"type":"Point","coordinates":[11.839706,57.711329]},"properties":{"line":"32","mode":"bus","color":"#0059a9","colorDark":"#00294f","band":3,"off":[-1.7,1.1]}},{"type":"Feature","geometry":{"type":"Point","coordinates":[11.839706,57.711329]},"properties":{"line":"139","mode":"bus","color":"#0059a9","colorDark":"#00294f","band":3,"off":[1.7,1.1]}},{"type":"Feature","geometry":{"type":"Point","coordinates":[11.839706,57.711329]},"properties":{"line":"142","mode":"bus","color":"#0059a9","colorDark":"#00294f","band":3,"off":[5.1,1.1]}},{"type":"Feature","geometry":{"type":"Point","coordinates":[11.779368,57.709981]},"properties":{"name":"Amhult Resecentrum","band":3,"modes":"bus","arr":["29","X90"],"off":[0,-0.8]}},{"type":"Feature","geometry":{"type":"Point","coordinates":[11.779368,57.709981]},"properties":{"line":"29","mode":"bus","color":"#0059a9","colorDark":"#00294f","band":3,"off":[-1.7,1.1]}},{"type":"Feature","geometry":{"type":"Point","coordinates":[11.779368,57.709981]},"properties":{"line":"X90","mode":"bus","color":"#0059a9","colorDark":"#00294f","band":3,"off":[1.7,1.1]}},{"type":"Feature","geometry":{"type":"Point","coordinates":[11.782713,57.714753]},"properties":{"name":"Torslandakrysset","band":3,"modes":"bus","arr":["129"],"off":[0,-0.8]}},{"type":"Feature","geometry":{"type":"Point","coordinates":[11.782713,57.714753]},"properties":{"line":"129","mode":"bus","color":"#0059a9","colorDark":"#00294f","band":3,"off":[0,1.1]}},{"type":"Feature","geometry":{"type":"Point","coordinates":[11.972173,57.709965]},"properties":{"name":"Nils Ericson Terminalen","band":3,"modes":"bus","arr":["29","59","128","129","290","291","FLYG","KV21","X40"],"off":[0,-0.8]}},{"type":"Feature","geometry":{"type":"Point","coordinates":[11.972173,57.709965]},"properties":{"line":"29","mode":"bus","color":"#0059a9","colorDark":"#00294f","band":3,"off":[-6.8,1.1]}},{"type":"Feature","geometry":{"type":"Point","coordinates":[11.972173,57.709965]},"properties":{"line":"59","mode":"bus","color":"#0059a9","colorDark":"#00294f","band":3,"off":[-3.4,1.1]}},{"type":"Feature","geometry":{"type":"Point","coordinates":[11.972173,57.709965]},"properties":{"line":"128","mode":"bus","color":"#0059a9","colorDark":"#00294f","band":3,"off":[0,1.1]}},{"type":"Feature","geometry":{"type":"Point","coordinates":[11.972173,57.709965]},"properties":{"line":"129","mode":"bus","color":"#0059a9","colorDark":"#00294f","band":3,"off":[3.4,1.1]}},{"type":"Feature","geometry":{"type":"Point","coordinates":[11.972173,57.709965]},"properties":{"line":"290","mode":"bus","color":"#0059a9","colorDark":"#00294f","band":3,"off":[6.8,1.1]}},{"type":"Feature","geometry":{"type":"Point","coordinates":[11.972173,57.709965]},"properties":{"line":"291","mode":"bus","color":"#0059a9","colorDark":"#00294f","band":3,"off":[-5.1,3.1]}},{"type":"Feature","geometry":{"type":"Point","coordinates":[11.972173,57.709965]},"properties":{"line":"FLYG","mode":"bus","color":"#0059a9","colorDark":"#00294f","band":3,"off":[-1.7,3.1]}},{"type":"Feature","geometry":{"type":"Point","coordinates":[11.972173,57.709965]},"properties":{"line":"KV21","mode":"bus","color":"#0059a9","colorDark":"#00294f","band":3,"off":[1.7,3.1],"lbl":"21"}},{"type":"Feature","geometry":{"type":"Point","coordinates":[11.972173,57.709965]},"properties":{"line":"X40","mode":"bus","color":"#0059a9","colorDark":"#00294f","band":3,"off":[5.1,3.1]}},{"type":"Feature","geometry":{"type":"Point","coordinates":[11.910214,57.652183]},"properties":{"name":"Frölunda Torg Vändslinga","band":3,"modes":"tram,bus","arr":["8","30","83","86","89","90","91","92","93","94","95","97","99","185","751","X5"],"off":[0,-0.8]}},{"type":"Feature","geometry":{"type":"Point","coordinates":[11.910214,57.652183]},"properties":{"name":"Frölunda Torg","band":3,"modes":"tram,bus","arr":["8","30","83","86","89","90","91","92","93","94","95","97","99","185","751","X5"],"off":[0,-3]}},{"type":"Feature","geometry":{"type":"Point","coordinates":[11.910214,57.652183]},"properties":{"line":"8","mode":"tram","color":"#d6212b","colorDark":"#7c1116","band":3,"off":[-6.8,1.1]}},{"type":"Feature","geometry":{"type":"Point","coordinates":[11.910214,57.652183]},"properties":{"line":"30","mode":"bus","color":"#0059a9","colorDark":"#00294f","band":3,"off":[-3.4,1.1]}},{"type":"Feature","geometry":{"type":"Point","coordinates":[11.910214,57.652183]},"properties":{"line":"83","mode":"bus","color":"#0059a9","colorDark":"#00294f","band":3,"off":[0,1.1]}},{"type":"Feature","geometry":{"type":"Point","coordinates":[11.910214,57.652183]},"properties":{"line":"86","mode":"bus","color":"#0059a9","colorDark":"#00294f","band":3,"off":[3.4,1.1]}},{"type":"Feature","geometry":{"type":"Point","coordinates":[11.910214,57.652183]},"properties":{"line":"89","mode":"bus","color":"#0059a9","colorDark":"#00294f","band":3,"off":[6.8,1.1]}},{"type":"Feature","geometry":{"type":"Point","coordinates":[11.910214,57.652183]},"properties":{"line":"90","mode":"bus","color":"#0059a9","colorDark":"#00294f","band":3,"off":[-6.8,3.1]}},{"type":"Feature","geometry":{"type":"Point","coordinates":[11.910214,57.652183]},"properties":{"line":"91","mode":"bus","color":"#0059a9","colorDark":"#00294f","band":3,"off":[-3.4,3.1]}},{"type":"Feature","geometry":{"type":"Point","coordinates":[11.910214,57.652183]},"properties":{"line":"92","mode":"bus","color":"#0059a9","colorDark":"#00294f","band":3,"off":[0,3.1]}},{"type":"Feature","geometry":{"type":"Point","coordinates":[11.910214,57.652183]},"properties":{"line":"93","mode":"bus","color":"#0059a9","colorDark":"#00294f","band":3,"off":[3.4,3.1]}},{"type":"Feature","geometry":{"type":"Point","coordinates":[11.910214,57.652183]},"properties":{"line":"94","mode":"bus","color":"#0059a9","colorDark":"#00294f","band":3,"off":[6.8,3.1]}},{"type":"Feature","geometry":{"type":"Point","coordinates":[11.910214,57.652183]},"properties":{"line":"95","mode":"bus","color":"#0059a9","colorDark":"#00294f","band":3,"off":[-6.8,5.1]}},{"type":"Feature","geometry":{"type":"Point","coordinates":[11.910214,57.652183]},"properties":{"line":"97","mode":"bus","color":"#0059a9","colorDark":"#00294f","band":3,"off":[-3.4,5.1]}},{"type":"Feature","geometry":{"type":"Point","coordinates":[11.910214,57.652183]},"properties":{"line":"99","mode":"bus","color":"#0059a9","colorDark":"#00294f","band":3,"off":[0,5.1]}},{"type":"Feature","geometry":{"type":"Point","coordinates":[11.910214,57.652183]},"properties":{"line":"185","mode":"bus","color":"#0059a9","colorDark":"#00294f","band":3,"off":[3.4,5.1]}},{"type":"Feature","geometry":{"type":"Point","coordinates":[11.910214,57.652183]},"properties":{"line":"751","mode":"bus","color":"#0059a9","colorDark":"#00294f","band":3,"off":[6.8,5.1]}},{"type":"Feature","geometry":{"type":"Point","coordinates":[11.910214,57.652183]},"properties":{"line":"X5","mode":"bus","color":"#0059a9","colorDark":"#00294f","band":3,"off":[0,7.1]}},{"type":"Feature","geometry":{"type":"Point","coordinates":[11.825818,57.697976]},"properties":{"name":"Arendal Portal","band":3,"modes":"bus","arr":["128","148","184"],"off":[0,-0.8]}},{"type":"Feature","geometry":{"type":"Point","coordinates":[11.825818,57.697976]},"properties":{"line":"128","mode":"bus","color":"#0059a9","colorDark":"#00294f","band":3,"off":[-3.4,1.1]}},{"type":"Feature","geometry":{"type":"Point","coordinates":[11.825818,57.697976]},"properties":{"line":"148","mode":"bus","color":"#0059a9","colorDark":"#00294f","band":3,"off":[0,1.1]}},{"type":"Feature","geometry":{"type":"Point","coordinates":[11.825818,57.697976]},"properties":{"line":"184","mode":"bus","color":"#0059a9","colorDark":"#00294f","band":3,"off":[3.4,1.1]}},{"type":"Feature","geometry":{"type":"Point","coordinates":[11.821108,57.699447]},"properties":{"name":"Godsgatan","band":3,"modes":"bus","arr":["178"],"off":[0,-0.8]}},{"type":"Feature","geometry":{"type":"Point","coordinates":[11.821108,57.699447]},"properties":{"line":"178","mode":"bus","color":"#0059a9","colorDark":"#00294f","band":3,"off":[0,1.1]}},{"type":"Feature","geometry":{"type":"Point","coordinates":[11.735637,57.741949]},"properties":{"name":"Sillvik","band":3,"modes":"bus","arr":["33"],"off":[0,-0.8]}},{"type":"Feature","geometry":{"type":"Point","coordinates":[11.735637,57.741949]},"properties":{"line":"33","mode":"bus","color":"#0059a9","colorDark":"#00294f","band":3,"off":[0,1.1]}},{"type":"Feature","geometry":{"type":"Point","coordinates":[11.799798,57.737692]},"properties":{"name":"Lillebyvägen","band":3,"modes":"bus","arr":["33"],"off":[0,-0.8]}},{"type":"Feature","geometry":{"type":"Point","coordinates":[11.799798,57.737692]},"properties":{"line":"33","mode":"bus","color":"#0059a9","colorDark":"#00294f","band":3,"off":[0,1.1]}},{"type":"Feature","geometry":{"type":"Point","coordinates":[11.711723,57.704984]},"properties":{"name":"Hjuvik","band":3,"modes":"bus","arr":["34"],"off":[0,-0.8]}},{"type":"Feature","geometry":{"type":"Point","coordinates":[11.711723,57.704984]},"properties":{"line":"34","mode":"bus","color":"#0059a9","colorDark":"#00294f","band":3,"off":[0,1.1]}},{"type":"Feature","geometry":{"type":"Point","coordinates":[11.887204,57.776459]},"properties":{"name":"Säve Depå","band":3,"modes":"bus","arr":["35"],"off":[0,-0.8]}},{"type":"Feature","geometry":{"type":"Point","coordinates":[11.887204,57.776459]},"properties":{"line":"35","mode":"bus","color":"#0059a9","colorDark":"#00294f","band":3,"off":[0,1.1]}},{"type":"Feature","geometry":{"type":"Point","coordinates":[11.831365,57.757601]},"properties":{"name":"Skra Bro","band":3,"modes":"bus","arr":["36","38"],"off":[0,-0.8]}},{"type":"Feature","geometry":{"type":"Point","coordinates":[11.831365,57.757601]},"properties":{"line":"36","mode":"bus","color":"#0059a9","colorDark":"#00294f","band":3,"off":[-1.7,1.1]}},{"type":"Feature","geometry":{"type":"Point","coordinates":[11.831365,57.757601]},"properties":{"line":"38","mode":"bus","color":"#0059a9","colorDark":"#00294f","band":3,"off":[1.7,1.1]}},{"type":"Feature","geometry":{"type":"Point","coordinates":[11.9113,57.803548]},"properties":{"name":"Säve Station","band":3,"modes":"bus","arr":["36"],"off":[0,-0.8]}},{"type":"Feature","geometry":{"type":"Point","coordinates":[11.9113,57.803548]},"properties":{"line":"36","mode":"bus","color":"#0059a9","colorDark":"#00294f","band":3,"off":[0,1.1]}},{"type":"Feature","geometry":{"type":"Point","coordinates":[11.992271,57.799865]},"properties":{"name":"Klareberg","band":3,"modes":"bus","arr":["37","46","X2"],"off":[0,-0.8]}},{"type":"Feature","geometry":{"type":"Point","coordinates":[11.992271,57.799865]},"properties":{"line":"37","mode":"bus","color":"#0059a9","colorDark":"#00294f","band":3,"off":[-3.4,1.1]}},{"type":"Feature","geometry":{"type":"Point","coordinates":[11.992271,57.799865]},"properties":{"line":"46","mode":"bus","color":"#0059a9","colorDark":"#00294f","band":3,"off":[0,1.1]}},{"type":"Feature","geometry":{"type":"Point","coordinates":[11.992271,57.799865]},"properties":{"line":"X2","mode":"bus","color":"#0059a9","colorDark":"#00294f","band":3,"off":[3.4,1.1]}},{"type":"Feature","geometry":{"type":"Point","coordinates":[11.833404,57.788605]},"properties":{"name":"Kippholmen","band":3,"modes":"bus","arr":["38"],"off":[0,-0.8]}},{"type":"Feature","geometry":{"type":"Point","coordinates":[11.833404,57.788605]},"properties":{"line":"38","mode":"bus","color":"#0059a9","colorDark":"#00294f","band":3,"off":[0,1.1]}},{"type":"Feature","geometry":{"type":"Point","coordinates":[11.907789,57.697386]},"properties":{"name":"Bockkranen","band":3,"modes":"bus","arr":["42"],"off":[0,-0.8]}},{"type":"Feature","geometry":{"type":"Point","coordinates":[11.907789,57.697386]},"properties":{"line":"42","mode":"bus","color":"#0059a9","colorDark":"#00294f","band":3,"off":[0,1.1]}},{"type":"Feature","geometry":{"type":"Point","coordinates":[11.94979,57.766506]},"properties":{"name":"Skogome","band":3,"modes":"bus","arr":["42","43"],"off":[0,-0.8]}},{"type":"Feature","geometry":{"type":"Point","coordinates":[11.94979,57.766506]},"properties":{"line":"42","mode":"bus","color":"#0059a9","colorDark":"#00294f","band":3,"off":[-1.7,1.1]}},{"type":"Feature","geometry":{"type":"Point","coordinates":[11.94979,57.766506]},"properties":{"line":"43","mode":"bus","color":"#0059a9","colorDark":"#00294f","band":3,"off":[1.7,1.1]}},{"type":"Feature","geometry":{"type":"Point","coordinates":[12.058977,57.737296]},"properties":{"name":"Österlyckan","band":3,"modes":"bus","arr":["167"],"off":[0,-0.8]}},{"type":"Feature","geometry":{"type":"Point","coordinates":[12.058977,57.737296]},"properties":{"line":"167","mode":"bus","color":"#0059a9","colorDark":"#00294f","band":3,"off":[0,1.1]}},{"type":"Feature","geometry":{"type":"Point","coordinates":[11.994314,57.677589]},"properties":{"name":"Sörgårdsskolan","band":3,"modes":"bus","arr":["60"],"off":[0,-0.8]}},{"type":"Feature","geometry":{"type":"Point","coordinates":[11.994314,57.677589]},"properties":{"line":"60","mode":"bus","color":"#0059a9","colorDark":"#00294f","band":3,"off":[0,1.1]}},{"type":"Feature","geometry":{"type":"Point","coordinates":[11.969264,57.699543]},"properties":{"name":"Vasaplatsen","band":3,"modes":"bus","arr":["258"],"off":[0,-0.8]}},{"type":"Feature","geometry":{"type":"Point","coordinates":[11.969264,57.699543]},"properties":{"line":"258","mode":"bus","color":"#0059a9","colorDark":"#00294f","band":3,"off":[0,1.1]}},{"type":"Feature","geometry":{"type":"Point","coordinates":[11.942506,57.693584]},"properties":{"name":"Masthugget","band":3,"modes":"bus","arr":["61"],"off":[0,-0.8]}},{"type":"Feature","geometry":{"type":"Point","coordinates":[11.942506,57.693584]},"properties":{"line":"61","mode":"bus","color":"#0059a9","colorDark":"#00294f","band":3,"off":[0,1.1]}},{"type":"Feature","geometry":{"type":"Point","coordinates":[11.976594,57.703591]},"properties":{"name":"Heden","band":3,"modes":"bus","arr":["61","63","64","173","258","503","510","513","753","754","758"],"off":[0,-0.8]}},{"type":"Feature","geometry":{"type":"Point","coordinates":[11.976594,57.703591]},"properties":{"line":"61","mode":"bus","color":"#0059a9","colorDark":"#00294f","band":3,"off":[-6.8,1.1]}},{"type":"Feature","geometry":{"type":"Point","coordinates":[11.976594,57.703591]},"properties":{"line":"63","mode":"bus","color":"#0059a9","colorDark":"#00294f","band":3,"off":[-3.4,1.1]}},{"type":"Feature","geometry":{"type":"Point","coordinates":[11.976594,57.703591]},"properties":{"line":"64","mode":"bus","color":"#0059a9","colorDark":"#00294f","band":3,"off":[0,1.1]}},{"type":"Feature","geometry":{"type":"Point","coordinates":[11.976594,57.703591]},"properties":{"line":"173","mode":"bus","color":"#0059a9","colorDark":"#00294f","band":3,"off":[3.4,1.1]}},{"type":"Feature","geometry":{"type":"Point","coordinates":[11.976594,57.703591]},"properties":{"line":"258","mode":"bus","color":"#0059a9","colorDark":"#00294f","band":3,"off":[6.8,1.1]}},{"type":"Feature","geometry":{"type":"Point","coordinates":[11.976594,57.703591]},"properties":{"line":"503","mode":"bus","color":"#0059a9","colorDark":"#00294f","band":3,"off":[-6.8,3.1]}},{"type":"Feature","geometry":{"type":"Point","coordinates":[11.976594,57.703591]},"properties":{"line":"510","mode":"bus","color":"#0059a9","colorDark":"#00294f","band":3,"off":[-3.4,3.1]}},{"type":"Feature","geometry":{"type":"Point","coordinates":[11.976594,57.703591]},"properties":{"line":"513","mode":"bus","color":"#0059a9","colorDark":"#00294f","band":3,"off":[0,3.1]}},{"type":"Feature","geometry":{"type":"Point","coordinates":[11.976594,57.703591]},"properties":{"line":"753","mode":"bus","color":"#0059a9","colorDark":"#00294f","band":3,"off":[3.4,3.1]}},{"type":"Feature","geometry":{"type":"Point","coordinates":[11.976594,57.703591]},"properties":{"line":"754","mode":"bus","color":"#0059a9","colorDark":"#00294f","band":3,"off":[6.8,3.1]}},{"type":"Feature","geometry":{"type":"Point","coordinates":[11.976594,57.703591]},"properties":{"line":"758","mode":"bus","color":"#0059a9","colorDark":"#00294f","band":3,"off":[0,5.1]}},{"type":"Feature","geometry":{"type":"Point","coordinates":[11.912466,57.673272]},"properties":{"name":"Fyrktorget","band":3,"modes":"bus","arr":["64"],"off":[0,-0.8]}},{"type":"Feature","geometry":{"type":"Point","coordinates":[11.912466,57.673272]},"properties":{"line":"64","mode":"bus","color":"#0059a9","colorDark":"#00294f","band":3,"off":[0,1.1]}},{"type":"Feature","geometry":{"type":"Point","coordinates":[11.915923,57.670918]},"properties":{"name":"Gerdas gård","band":3,"modes":"bus","arr":["65"],"off":[0,-0.8]}},{"type":"Feature","geometry":{"type":"Point","coordinates":[11.915923,57.670918]},"properties":{"line":"65","mode":"bus","color":"#0059a9","colorDark":"#00294f","band":3,"off":[0,1.1]}},{"type":"Feature","geometry":{"type":"Point","coordinates":[11.99432,57.699519]},"properties":{"name":"Liseberg Station","band":3,"modes":"bus","arr":["69"],"off":[0,-0.8]}},{"type":"Feature","geometry":{"type":"Point","coordinates":[11.99432,57.699519]},"properties":{"line":"69","mode":"bus","color":"#0059a9","colorDark":"#00294f","band":3,"off":[0,1.1]}},{"type":"Feature","geometry":{"type":"Point","coordinates":[12.045921,57.772154]},"properties":{"name":"Eriksbo Östergärde","band":3,"modes":"bus","arr":["71","78"],"off":[0,-0.8]}},{"type":"Feature","geometry":{"type":"Point","coordinates":[12.045921,57.772154]},"properties":{"line":"71","mode":"bus","color":"#0059a9","colorDark":"#00294f","band":3,"off":[-1.7,1.1]}},{"type":"Feature","geometry":{"type":"Point","coordinates":[12.045921,57.772154]},"properties":{"line":"78","mode":"bus","color":"#0059a9","colorDark":"#00294f","band":3,"off":[1.7,1.1]}},{"type":"Feature","geometry":{"type":"Point","coordinates":[12.049308,57.772529]},"properties":{"name":"Angereds Storåsväg","band":3,"modes":"bus","arr":["179"],"off":[0,-0.8]}},{"type":"Feature","geometry":{"type":"Point","coordinates":[12.049308,57.772529]},"properties":{"line":"179","mode":"bus","color":"#0059a9","colorDark":"#00294f","band":3,"off":[0,1.1]}},{"type":"Feature","geometry":{"type":"Point","coordinates":[12.024386,57.800873]},"properties":{"name":"Peppargatan","band":3,"modes":"bus","arr":["73"],"off":[0,-0.8]}},{"type":"Feature","geometry":{"type":"Point","coordinates":[12.024386,57.800873]},"properties":{"line":"73","mode":"bus","color":"#0059a9","colorDark":"#00294f","band":3,"off":[0,1.1]}},{"type":"Feature","geometry":{"type":"Point","coordinates":[12.104961,57.738312]},"properties":{"name":"Partille centrum","band":3,"modes":"bus","arr":["74","510","511","512","513","514","515","516","517","518","519","X1"],"off":[0,-0.8]}},{"type":"Feature","geometry":{"type":"Point","coordinates":[12.104961,57.738312]},"properties":{"line":"74","mode":"bus","color":"#0059a9","colorDark":"#00294f","band":3,"off":[-6.8,1.1]}},{"type":"Feature","geometry":{"type":"Point","coordinates":[12.104961,57.738312]},"properties":{"line":"510","mode":"bus","color":"#0059a9","colorDark":"#00294f","band":3,"off":[-3.4,1.1]}},{"type":"Feature","geometry":{"type":"Point","coordinates":[12.104961,57.738312]},"properties":{"line":"511","mode":"bus","color":"#0059a9","colorDark":"#00294f","band":3,"off":[0,1.1]}},{"type":"Feature","geometry":{"type":"Point","coordinates":[12.104961,57.738312]},"properties":{"line":"512","mode":"bus","color":"#0059a9","colorDark":"#00294f","band":3,"off":[3.4,1.1]}},{"type":"Feature","geometry":{"type":"Point","coordinates":[12.104961,57.738312]},"properties":{"line":"513","mode":"bus","color":"#0059a9","colorDark":"#00294f","band":3,"off":[6.8,1.1]}},{"type":"Feature","geometry":{"type":"Point","coordinates":[12.104961,57.738312]},"properties":{"line":"514","mode":"bus","color":"#0059a9","colorDark":"#00294f","band":3,"off":[-6.8,3.1]}},{"type":"Feature","geometry":{"type":"Point","coordinates":[12.104961,57.738312]},"properties":{"line":"515","mode":"bus","color":"#0059a9","colorDark":"#00294f","band":3,"off":[-3.4,3.1]}},{"type":"Feature","geometry":{"type":"Point","coordinates":[12.104961,57.738312]},"properties":{"line":"516","mode":"bus","color":"#0059a9","colorDark":"#00294f","band":3,"off":[0,3.1]}},{"type":"Feature","geometry":{"type":"Point","coordinates":[12.104961,57.738312]},"properties":{"line":"517","mode":"bus","color":"#0059a9","colorDark":"#00294f","band":3,"off":[3.4,3.1]}},{"type":"Feature","geometry":{"type":"Point","coordinates":[12.104961,57.738312]},"properties":{"line":"518","mode":"bus","color":"#0059a9","colorDark":"#00294f","band":3,"off":[6.8,3.1]}},{"type":"Feature","geometry":{"type":"Point","coordinates":[12.104961,57.738312]},"properties":{"line":"519","mode":"bus","color":"#0059a9","colorDark":"#00294f","band":3,"off":[-1.7,5.1]}},{"type":"Feature","geometry":{"type":"Point","coordinates":[12.104961,57.738312]},"properties":{"line":"X1","mode":"bus","color":"#0059a9","colorDark":"#00294f","band":3,"off":[1.7,5.1]}},{"type":"Feature","geometry":{"type":"Point","coordinates":[12.03369,57.820947]},"properties":{"name":"Persiljegatan","band":3,"modes":"bus","arr":["75","77","X77"],"off":[0,-0.8]}},{"type":"Feature","geometry":{"type":"Point","coordinates":[12.03369,57.820947]},"properties":{"line":"75","mode":"bus","color":"#0059a9","colorDark":"#00294f","band":3,"off":[-3.4,1.1]}},{"type":"Feature","geometry":{"type":"Point","coordinates":[12.03369,57.820947]},"properties":{"line":"77","mode":"bus","color":"#0059a9","colorDark":"#00294f","band":3,"off":[0,1.1]}},{"type":"Feature","geometry":{"type":"Point","coordinates":[12.03369,57.820947]},"properties":{"line":"X77","mode":"bus","color":"#0059a9","colorDark":"#00294f","band":3,"off":[3.4,1.1]}},{"type":"Feature","geometry":{"type":"Point","coordinates":[12.068574,57.804925]},"properties":{"name":"Rannebergen Centrum","band":3,"modes":"bus","arr":["178","X76"],"off":[0,-0.8]}},{"type":"Feature","geometry":{"type":"Point","coordinates":[12.068574,57.804925]},"properties":{"line":"178","mode":"bus","color":"#0059a9","colorDark":"#00294f","band":3,"off":[-1.7,1.1]}},{"type":"Feature","geometry":{"type":"Point","coordinates":[12.068574,57.804925]},"properties":{"line":"X76","mode":"bus","color":"#0059a9","colorDark":"#00294f","band":3,"off":[1.7,1.1]}},{"type":"Feature","geometry":{"type":"Point","coordinates":[12.067313,57.800889]},"properties":{"name":"Fjällsyran","band":3,"modes":"bus","arr":["178","X76"],"off":[0,-0.8]}},{"type":"Feature","geometry":{"type":"Point","coordinates":[12.067313,57.800889]},"properties":{"line":"178","mode":"bus","color":"#0059a9","colorDark":"#00294f","band":3,"off":[-1.7,1.1]}},{"type":"Feature","geometry":{"type":"Point","coordinates":[12.067313,57.800889]},"properties":{"line":"X76","mode":"bus","color":"#0059a9","colorDark":"#00294f","band":3,"off":[1.7,1.1]}},{"type":"Feature","geometry":{"type":"Point","coordinates":[11.920867,57.59688]},"properties":{"name":"Lillövägen","band":3,"modes":"bus","arr":["82","258"],"off":[0,-0.8]}},{"type":"Feature","geometry":{"type":"Point","coordinates":[11.920867,57.59688]},"properties":{"line":"82","mode":"bus","color":"#0059a9","colorDark":"#00294f","band":3,"off":[-1.7,1.1]}},{"type":"Feature","geometry":{"type":"Point","coordinates":[11.920867,57.59688]},"properties":{"line":"258","mode":"bus","color":"#0059a9","colorDark":"#00294f","band":3,"off":[1.7,1.1]}},{"type":"Feature","geometry":{"type":"Point","coordinates":[11.964641,57.629942]},"properties":{"name":"Askims Svartmosse","band":3,"modes":"bus","arr":["83","84"],"off":[0,-0.8]}},{"type":"Feature","geometry":{"type":"Point","coordinates":[11.964641,57.629942]},"properties":{"line":"83","mode":"bus","color":"#0059a9","colorDark":"#00294f","band":3,"off":[-1.7,1.1]}},{"type":"Feature","geometry":{"type":"Point","coordinates":[11.964641,57.629942]},"properties":{"line":"84","mode":"bus","color":"#0059a9","colorDark":"#00294f","band":3,"off":[1.7,1.1]}},{"type":"Feature","geometry":{"type":"Point","coordinates":[11.940553,57.588464]},"properties":{"name":"Skintebo","band":3,"modes":"bus","arr":["89"],"off":[0,-0.8]}},{"type":"Feature","geometry":{"type":"Point","coordinates":[11.940553,57.588464]},"properties":{"line":"89","mode":"bus","color":"#0059a9","colorDark":"#00294f","band":3,"off":[0,1.1]}},{"type":"Feature","geometry":{"type":"Point","coordinates":[11.93942,57.617336]},"properties":{"name":"Hovås Nedre","band":3,"modes":"bus","arr":["180","184"],"off":[0,-0.8]}},{"type":"Feature","geometry":{"type":"Point","coordinates":[11.93942,57.617336]},"properties":{"line":"180","mode":"bus","color":"#0059a9","colorDark":"#00294f","band":3,"off":[-1.7,1.1]}},{"type":"Feature","geometry":{"type":"Point","coordinates":[11.93942,57.617336]},"properties":{"line":"184","mode":"bus","color":"#0059a9","colorDark":"#00294f","band":3,"off":[1.7,1.1]}},{"type":"Feature","geometry":{"type":"Point","coordinates":[11.949153,57.701354]},"properties":{"name":"Järnvågen","band":3,"modes":"bus","arr":["90","91","193","194","196","197"],"off":[0,-0.8]}},{"type":"Feature","geometry":{"type":"Point","coordinates":[11.949153,57.701354]},"properties":{"line":"90","mode":"bus","color":"#0059a9","colorDark":"#00294f","band":3,"off":[-6.8,1.1]}},{"type":"Feature","geometry":{"type":"Point","coordinates":[11.949153,57.701354]},"properties":{"line":"91","mode":"bus","color":"#0059a9","colorDark":"#00294f","band":3,"off":[-3.4,1.1]}},{"type":"Feature","geometry":{"type":"Point","coordinates":[11.949153,57.701354]},"properties":{"line":"193","mode":"bus","color":"#0059a9","colorDark":"#00294f","band":3,"off":[0,1.1]}},{"type":"Feature","geometry":{"type":"Point","coordinates":[11.949153,57.701354]},"properties":{"line":"194","mode":"bus","color":"#0059a9","colorDark":"#00294f","band":3,"off":[3.4,1.1]}},{"type":"Feature","geometry":{"type":"Point","coordinates":[11.949153,57.701354]},"properties":{"line":"196","mode":"bus","color":"#0059a9","colorDark":"#00294f","band":3,"off":[6.8,1.1]}},{"type":"Feature","geometry":{"type":"Point","coordinates":[11.949153,57.701354]},"properties":{"line":"197","mode":"bus","color":"#0059a9","colorDark":"#00294f","band":3,"off":[0,3.1]}},{"type":"Feature","geometry":{"type":"Point","coordinates":[11.871425,57.647864]},"properties":{"name":"Aprikosgatan","band":3,"modes":"bus","arr":["194"],"off":[0,-0.8]}},{"type":"Feature","geometry":{"type":"Point","coordinates":[11.871425,57.647864]},"properties":{"line":"194","mode":"bus","color":"#0059a9","colorDark":"#00294f","band":3,"off":[0,1.1]}},{"type":"Feature","geometry":{"type":"Point","coordinates":[11.90011,57.619686]},"properties":{"name":"Näsbovägen","band":3,"modes":"bus","arr":["92","93","94","193"],"off":[0,-0.8]}},{"type":"Feature","geometry":{"type":"Point","coordinates":[11.90011,57.619686]},"properties":{"line":"92","mode":"bus","color":"#0059a9","colorDark":"#00294f","band":3,"off":[-5.1,1.1]}},{"type":"Feature","geometry":{"type":"Point","coordinates":[11.90011,57.619686]},"properties":{"line":"93","mode":"bus","color":"#0059a9","colorDark":"#00294f","band":3,"off":[-1.7,1.1]}},{"type":"Feature","geometry":{"type":"Point","coordinates":[11.90011,57.619686]},"properties":{"line":"94","mode":"bus","color":"#0059a9","colorDark":"#00294f","band":3,"off":[1.7,1.1]}},{"type":"Feature","geometry":{"type":"Point","coordinates":[11.90011,57.619686]},"properties":{"line":"193","mode":"bus","color":"#0059a9","colorDark":"#00294f","band":3,"off":[5.1,1.1]}},{"type":"Feature","geometry":{"type":"Point","coordinates":[11.897168,57.634696]},"properties":{"name":"Åkered","band":3,"modes":"bus","arr":["196"],"off":[0,-0.8]}},{"type":"Feature","geometry":{"type":"Point","coordinates":[11.897168,57.634696]},"properties":{"line":"196","mode":"bus","color":"#0059a9","colorDark":"#00294f","band":3,"off":[0,1.1]}},{"type":"Feature","geometry":{"type":"Point","coordinates":[11.853211,57.648842]},"properties":{"name":"Fiskebäcks Småbåtshamn","band":3,"modes":"bus","arr":["97","197"],"off":[0,-0.8]}},{"type":"Feature","geometry":{"type":"Point","coordinates":[11.853211,57.648842]},"properties":{"line":"97","mode":"bus","color":"#0059a9","colorDark":"#00294f","band":3,"off":[-1.7,1.1]}},{"type":"Feature","geometry":{"type":"Point","coordinates":[11.853211,57.648842]},"properties":{"line":"197","mode":"bus","color":"#0059a9","colorDark":"#00294f","band":3,"off":[1.7,1.1]}},{"type":"Feature","geometry":{"type":"Point","coordinates":[12.570438,57.667706]},"properties":{"name":"Bollebygd station","band":3,"modes":"bus","arr":["101","611"],"off":[0,-0.8]}},{"type":"Feature","geometry":{"type":"Point","coordinates":[12.570438,57.667706]},"properties":{"line":"101","mode":"bus","color":"#0059a9","colorDark":"#00294f","band":3,"off":[-1.7,1.1]}},{"type":"Feature","geometry":{"type":"Point","coordinates":[12.570438,57.667706]},"properties":{"line":"611","mode":"bus","color":"#0059a9","colorDark":"#00294f","band":3,"off":[1.7,1.1]}},{"type":"Feature","geometry":{"type":"Point","coordinates":[11.966572,57.706738]},"properties":{"name":"Brunnsparken","band":3,"modes":"bus","arr":["114"],"off":[0,-0.8]}},{"type":"Feature","geometry":{"type":"Point","coordinates":[11.966572,57.706738]},"properties":{"line":"114","mode":"bus","color":"#0059a9","colorDark":"#00294f","band":3,"off":[0,1.1]}},{"type":"Feature","geometry":{"type":"Point","coordinates":[11.84326,57.660855]},"properties":{"name":"Saltholmen","band":3,"modes":"bus","arr":["114"],"off":[0,-0.8]}},{"type":"Feature","geometry":{"type":"Point","coordinates":[11.84326,57.660855]},"properties":{"line":"114","mode":"bus","color":"#0059a9","colorDark":"#00294f","band":3,"off":[0,1.1]}},{"type":"Feature","geometry":{"type":"Point","coordinates":[11.752138,57.728701]},"properties":{"name":"Hornkamsgatan","band":3,"modes":"bus","arr":["131","X1"],"off":[0,-0.8]}},{"type":"Feature","geometry":{"type":"Point","coordinates":[11.752138,57.728701]},"properties":{"line":"131","mode":"bus","color":"#0059a9","colorDark":"#00294f","band":3,"off":[-1.7,1.1]}},{"type":"Feature","geometry":{"type":"Point","coordinates":[11.752138,57.728701]},"properties":{"line":"X1","mode":"bus","color":"#0059a9","colorDark":"#00294f","band":3,"off":[1.7,1.1]}},{"type":"Feature","geometry":{"type":"Point","coordinates":[11.86415,57.776927]},"properties":{"name":"Säve Flygplats","band":3,"modes":"bus","arr":["135"],"off":[0,-0.8]}},{"type":"Feature","geometry":{"type":"Point","coordinates":[11.86415,57.776927]},"properties":{"line":"135","mode":"bus","color":"#0059a9","colorDark":"#00294f","band":3,"off":[0,1.1]}},{"type":"Feature","geometry":{"type":"Point","coordinates":[11.792782,57.844194]},"properties":{"name":"Kärna bussterminal","band":3,"modes":"bus","arr":["137","303","305","313","915","922","923","926","930"],"off":[0,-0.8]}},{"type":"Feature","geometry":{"type":"Point","coordinates":[11.792782,57.844194]},"properties":{"line":"137","mode":"bus","color":"#0059a9","colorDark":"#00294f","band":3,"off":[-6.8,1.1]}},{"type":"Feature","geometry":{"type":"Point","coordinates":[11.792782,57.844194]},"properties":{"line":"303","mode":"bus","color":"#0059a9","colorDark":"#00294f","band":3,"off":[-3.4,1.1]}},{"type":"Feature","geometry":{"type":"Point","coordinates":[11.792782,57.844194]},"properties":{"line":"305","mode":"bus","color":"#0059a9","colorDark":"#00294f","band":3,"off":[0,1.1]}},{"type":"Feature","geometry":{"type":"Point","coordinates":[11.792782,57.844194]},"properties":{"line":"313","mode":"bus","color":"#0059a9","colorDark":"#00294f","band":3,"off":[3.4,1.1]}},{"type":"Feature","geometry":{"type":"Point","coordinates":[11.792782,57.844194]},"properties":{"line":"915","mode":"bus","color":"#0059a9","colorDark":"#00294f","band":3,"off":[6.8,1.1]}},{"type":"Feature","geometry":{"type":"Point","coordinates":[11.792782,57.844194]},"properties":{"line":"922","mode":"bus","color":"#0059a9","colorDark":"#00294f","band":3,"off":[-5.1,3.1]}},{"type":"Feature","geometry":{"type":"Point","coordinates":[11.792782,57.844194]},"properties":{"line":"923","mode":"bus","color":"#0059a9","colorDark":"#00294f","band":3,"off":[-1.7,3.1]}},{"type":"Feature","geometry":{"type":"Point","coordinates":[11.792782,57.844194]},"properties":{"line":"926","mode":"bus","color":"#0059a9","colorDark":"#00294f","band":3,"off":[1.7,3.1]}},{"type":"Feature","geometry":{"type":"Point","coordinates":[11.792782,57.844194]},"properties":{"line":"930","mode":"bus","color":"#0059a9","colorDark":"#00294f","band":3,"off":[5.1,3.1]}},{"type":"Feature","geometry":{"type":"Point","coordinates":[11.844927,57.731706]},"properties":{"name":"IAC Group","band":3,"modes":"bus","arr":["139","142"],"off":[0,-0.8]}},{"type":"Feature","geometry":{"type":"Point","coordinates":[11.844927,57.731706]},"properties":{"line":"139","mode":"bus","color":"#0059a9","colorDark":"#00294f","band":3,"off":[-1.7,1.1]}},{"type":"Feature","geometry":{"type":"Point","coordinates":[11.844927,57.731706]},"properties":{"line":"142","mode":"bus","color":"#0059a9","colorDark":"#00294f","band":3,"off":[1.7,1.1]}},{"type":"Feature","geometry":{"type":"Point","coordinates":[11.891903,57.755539]},"properties":{"name":"Volvo Tuve L B","band":3,"modes":"bus","arr":["141"],"off":[0,-0.8]}},{"type":"Feature","geometry":{"type":"Point","coordinates":[11.891903,57.755539]},"properties":{"line":"141","mode":"bus","color":"#0059a9","colorDark":"#00294f","band":3,"off":[0,1.1]}},{"type":"Feature","geometry":{"type":"Point","coordinates":[11.884234,57.756311]},"properties":{"name":"Volvo Tuve L A","band":3,"modes":"bus","arr":["141","190"],"off":[0,-0.8]}},{"type":"Feature","geometry":{"type":"Point","coordinates":[11.884234,57.756311]},"properties":{"line":"141","mode":"bus","color":"#0059a9","colorDark":"#00294f","band":3,"off":[-1.7,1.1]}},{"type":"Feature","geometry":{"type":"Point","coordinates":[11.884234,57.756311]},"properties":{"line":"190","mode":"bus","color":"#0059a9","colorDark":"#00294f","band":3,"off":[1.7,1.1]}},{"type":"Feature","geometry":{"type":"Point","coordinates":[11.87203,57.735162]},"properties":{"name":"Hisingen Logistikpark","band":3,"modes":"bus","arr":["142"],"off":[0,-0.8]}},{"type":"Feature","geometry":{"type":"Point","coordinates":[11.87203,57.735162]},"properties":{"line":"142","mode":"bus","color":"#0059a9","colorDark":"#00294f","band":3,"off":[0,1.1]}},{"type":"Feature","geometry":{"type":"Point","coordinates":[11.841248,57.721844]},"properties":{"name":"Volvo Torslanda TA","band":3,"modes":"bus","arr":["185"],"off":[0,-0.8]}},{"type":"Feature","geometry":{"type":"Point","coordinates":[11.841248,57.721844]},"properties":{"line":"185","mode":"bus","color":"#0059a9","colorDark":"#00294f","band":3,"off":[0,1.1]}},{"type":"Feature","geometry":{"type":"Point","coordinates":[11.938388,57.659341]},"properties":{"name":"Beatrice Lesslies Gata","band":3,"modes":"bus","arr":["199"],"off":[0,-0.8]}},{"type":"Feature","geometry":{"type":"Point","coordinates":[11.938388,57.659341]},"properties":{"line":"199","mode":"bus","color":"#0059a9","colorDark":"#00294f","band":3,"off":[0,1.1]}},{"type":"Feature","geometry":{"type":"Point","coordinates":[11.642138,57.743813]},"properties":{"name":"Burö färjeläge","band":3,"modes":"bus","arr":["290","OC1"],"off":[0,-0.8]}},{"type":"Feature","geometry":{"type":"Point","coordinates":[11.642138,57.743813]},"properties":{"line":"290","mode":"bus","color":"#0059a9","colorDark":"#00294f","band":3,"off":[-1.7,1.1]}},{"type":"Feature","geometry":{"type":"Point","coordinates":[11.642138,57.743813]},"properties":{"line":"OC1","mode":"bus","color":"#0059a9","colorDark":"#00294f","band":3,"off":[1.7,1.1],"lbl":"1"}},{"type":"Feature","geometry":{"type":"Point","coordinates":[11.654866,57.67294]},"properties":{"name":"Fotö","band":3,"modes":"bus","arr":["291"],"off":[0,-0.8]}},{"type":"Feature","geometry":{"type":"Point","coordinates":[11.654866,57.67294]},"properties":{"line":"291","mode":"bus","color":"#0059a9","colorDark":"#00294f","band":3,"off":[0,1.1]}},{"type":"Feature","geometry":{"type":"Point","coordinates":[11.968319,57.871778]},"properties":{"name":"Kungälv resecentrum","band":3,"modes":"bus","arr":["302","303","307","308","309","319","401","KV2","KV3","X4"],"off":[0,-0.8]}},{"type":"Feature","geometry":{"type":"Point","coordinates":[11.968319,57.871778]},"properties":{"line":"302","mode":"bus","color":"#0059a9","colorDark":"#00294f","band":3,"off":[-6.8,1.1]}},{"type":"Feature","geometry":{"type":"Point","coordinates":[11.968319,57.871778]},"properties":{"line":"303","mode":"bus","color":"#0059a9","colorDark":"#00294f","band":3,"off":[-3.4,1.1]}},{"type":"Feature","geometry":{"type":"Point","coordinates":[11.968319,57.871778]},"properties":{"line":"307","mode":"bus","color":"#0059a9","colorDark":"#00294f","band":3,"off":[0,1.1]}},{"type":"Feature","geometry":{"type":"Point","coordinates":[11.968319,57.871778]},"properties":{"line":"308","mode":"bus","color":"#0059a9","colorDark":"#00294f","band":3,"off":[3.4,1.1]}},{"type":"Feature","geometry":{"type":"Point","coordinates":[11.968319,57.871778]},"properties":{"line":"309","mode":"bus","color":"#0059a9","colorDark":"#00294f","band":3,"off":[6.8,1.1]}},{"type":"Feature","geometry":{"type":"Point","coordinates":[11.968319,57.871778]},"properties":{"line":"319","mode":"bus","color":"#0059a9","colorDark":"#00294f","band":3,"off":[-6.8,3.1]}},{"type":"Feature","geometry":{"type":"Point","coordinates":[11.968319,57.871778]},"properties":{"line":"401","mode":"bus","color":"#0059a9","colorDark":"#00294f","band":3,"off":[-3.4,3.1]}},{"type":"Feature","geometry":{"type":"Point","coordinates":[11.968319,57.871778]},"properties":{"line":"KV2","mode":"bus","color":"#0059a9","colorDark":"#00294f","band":3,"off":[0,3.1],"lbl":"2"}},{"type":"Feature","geometry":{"type":"Point","coordinates":[11.968319,57.871778]},"properties":{"line":"KV3","mode":"bus","color":"#0059a9","colorDark":"#00294f","band":3,"off":[3.4,3.1],"lbl":"3"}},{"type":"Feature","geometry":{"type":"Point","coordinates":[11.968319,57.871778]},"properties":{"line":"X4","mode":"bus","color":"#0059a9","colorDark":"#00294f","band":3,"off":[6.8,3.1]}},{"type":"Feature","geometry":{"type":"Point","coordinates":[11.903833,57.874676]},"properties":{"name":"Guddeby","band":3,"modes":"bus","arr":["920"],"off":[0,-0.8]}},{"type":"Feature","geometry":{"type":"Point","coordinates":[11.903833,57.874676]},"properties":{"line":"920","mode":"bus","color":"#0059a9","colorDark":"#00294f","band":3,"off":[0,1.1]}},{"type":"Feature","geometry":{"type":"Point","coordinates":[11.813429,57.896409]},"properties":{"name":"Vävra övre","band":3,"modes":"bus","arr":["910","927"],"off":[0,-0.8]}},{"type":"Feature","geometry":{"type":"Point","coordinates":[11.813429,57.896409]},"properties":{"line":"910","mode":"bus","color":"#0059a9","colorDark":"#00294f","band":3,"off":[-1.7,1.1]}},{"type":"Feature","geometry":{"type":"Point","coordinates":[11.813429,57.896409]},"properties":{"line":"927","mode":"bus","color":"#0059a9","colorDark":"#00294f","band":3,"off":[1.7,1.1]}},{"type":"Feature","geometry":{"type":"Point","coordinates":[11.787629,57.892109]},"properties":{"name":"Lökeberg","band":3,"modes":"bus","arr":["923"],"off":[0,-0.8]}},{"type":"Feature","geometry":{"type":"Point","coordinates":[11.787629,57.892109]},"properties":{"line":"923","mode":"bus","color":"#0059a9","colorDark":"#00294f","band":3,"off":[0,1.1]}},{"type":"Feature","geometry":{"type":"Point","coordinates":[11.589236,57.88672]},"properties":{"name":"Marstrands färjeläge","band":3,"modes":"bus","arr":["302"],"off":[0,-0.8]}},{"type":"Feature","geometry":{"type":"Point","coordinates":[11.589236,57.88672]},"properties":{"line":"302","mode":"bus","color":"#0059a9","colorDark":"#00294f","band":3,"off":[0,1.1]}},{"type":"Feature","geometry":{"type":"Point","coordinates":[11.750865,57.890891]},"properties":{"name":"Gethagen","band":3,"modes":"bus","arr":["927"],"off":[0,-0.8]}},{"type":"Feature","geometry":{"type":"Point","coordinates":[11.750865,57.890891]},"properties":{"line":"927","mode":"bus","color":"#0059a9","colorDark":"#00294f","band":3,"off":[0,1.1]}},{"type":"Feature","geometry":{"type":"Point","coordinates":[11.847383,57.857339]},"properties":{"name":"Trädal östra","band":3,"modes":"bus","arr":["922"],"off":[0,-0.8]}},{"type":"Feature","geometry":{"type":"Point","coordinates":[11.847383,57.857339]},"properties":{"line":"922","mode":"bus","color":"#0059a9","colorDark":"#00294f","band":3,"off":[0,1.1]}},{"type":"Feature","geometry":{"type":"Point","coordinates":[11.713143,57.90001]},"properties":{"name":"Tjuvkilshuvud","band":3,"modes":"bus","arr":["305"],"off":[0,-0.8]}},{"type":"Feature","geometry":{"type":"Point","coordinates":[11.713143,57.90001]},"properties":{"line":"305","mode":"bus","color":"#0059a9","colorDark":"#00294f","band":3,"off":[0,1.1]}},{"type":"Feature","geometry":{"type":"Point","coordinates":[11.926992,57.904978]},"properties":{"name":"Kareby skola","band":3,"modes":"bus","arr":["911","912","913","917","925"],"off":[0,-0.8]}},{"type":"Feature","geometry":{"type":"Point","coordinates":[11.926992,57.904978]},"properties":{"line":"911","mode":"bus","color":"#0059a9","colorDark":"#00294f","band":3,"off":[-6.8,1.1]}},{"type":"Feature","geometry":{"type":"Point","coordinates":[11.926992,57.904978]},"properties":{"line":"912","mode":"bus","color":"#0059a9","colorDark":"#00294f","band":3,"off":[-3.4,1.1]}},{"type":"Feature","geometry":{"type":"Point","coordinates":[11.926992,57.904978]},"properties":{"line":"913","mode":"bus","color":"#0059a9","colorDark":"#00294f","band":3,"off":[0,1.1]}},{"type":"Feature","geometry":{"type":"Point","coordinates":[11.926992,57.904978]},"properties":{"line":"917","mode":"bus","color":"#0059a9","colorDark":"#00294f","band":3,"off":[3.4,1.1]}},{"type":"Feature","geometry":{"type":"Point","coordinates":[11.926992,57.904978]},"properties":{"line":"925","mode":"bus","color":"#0059a9","colorDark":"#00294f","band":3,"off":[6.8,1.1]}},{"type":"Feature","geometry":{"type":"Point","coordinates":[12.031726,57.924399]},"properties":{"name":"Diseröds centrum","band":3,"modes":"bus","arr":["307","914","918"],"off":[0,-0.8]}},{"type":"Feature","geometry":{"type":"Point","coordinates":[12.031726,57.924399]},"properties":{"line":"307","mode":"bus","color":"#0059a9","colorDark":"#00294f","band":3,"off":[-3.4,1.1]}},{"type":"Feature","geometry":{"type":"Point","coordinates":[12.031726,57.924399]},"properties":{"line":"914","mode":"bus","color":"#0059a9","colorDark":"#00294f","band":3,"off":[0,1.1]}},{"type":"Feature","geometry":{"type":"Point","coordinates":[12.031726,57.924399]},"properties":{"line":"918","mode":"bus","color":"#0059a9","colorDark":"#00294f","band":3,"off":[3.4,1.1]}},{"type":"Feature","geometry":{"type":"Point","coordinates":[11.924583,57.904977]},"properties":{"name":"Kareby korsväg","band":3,"modes":"bus","arr":["925"],"off":[0,-0.8]}},{"type":"Feature","geometry":{"type":"Point","coordinates":[11.924583,57.904977]},"properties":{"line":"925","mode":"bus","color":"#0059a9","colorDark":"#00294f","band":3,"off":[0,1.1]}},{"type":"Feature","geometry":{"type":"Point","coordinates":[12.013022,57.96117]},"properties":{"name":"Grandalen","band":3,"modes":"bus","arr":["308"],"off":[0,-0.8]}},{"type":"Feature","geometry":{"type":"Point","coordinates":[12.013022,57.96117]},"properties":{"line":"308","mode":"bus","color":"#0059a9","colorDark":"#00294f","band":3,"off":[0,1.1]}},{"type":"Feature","geometry":{"type":"Point","coordinates":[11.971698,57.871815]},"properties":{"name":"Isbadet Oasen","band":3,"modes":"bus","arr":["309","914"],"off":[0,-0.8]}},{"type":"Feature","geometry":{"type":"Point","coordinates":[11.971698,57.871815]},"properties":{"line":"309","mode":"bus","color":"#0059a9","colorDark":"#00294f","band":3,"off":[-1.7,1.1]}},{"type":"Feature","geometry":{"type":"Point","coordinates":[11.971698,57.871815]},"properties":{"line":"914","mode":"bus","color":"#0059a9","colorDark":"#00294f","band":3,"off":[1.7,1.1]}},{"type":"Feature","geometry":{"type":"Point","coordinates":[11.848776,57.906752]},"properties":{"name":"Restads vägskäl","band":3,"modes":"bus","arr":["911"],"off":[0,-0.8]}},{"type":"Feature","geometry":{"type":"Point","coordinates":[11.848776,57.906752]},"properties":{"line":"911","mode":"bus","color":"#0059a9","colorDark":"#00294f","band":3,"off":[0,1.1]}},{"type":"Feature","geometry":{"type":"Point","coordinates":[11.762467,57.951434]},"properties":{"name":"Aröd Jacobsvägen","band":3,"modes":"bus","arr":["309"],"off":[0,-0.8]}},{"type":"Feature","geometry":{"type":"Point","coordinates":[11.762467,57.951434]},"properties":{"line":"309","mode":"bus","color":"#0059a9","colorDark":"#00294f","band":3,"off":[0,1.1]}},{"type":"Feature","geometry":{"type":"Point","coordinates":[11.918894,57.912037]},"properties":{"name":"Myrebackavägen","band":3,"modes":"bus","arr":["912"],"off":[0,-0.8]}},{"type":"Feature","geometry":{"type":"Point","coordinates":[11.918894,57.912037]},"properties":{"line":"912","mode":"bus","color":"#0059a9","colorDark":"#00294f","band":3,"off":[0,1.1]}},{"type":"Feature","geometry":{"type":"Point","coordinates":[11.905735,57.926879]},"properties":{"name":"Lundby","band":3,"modes":"bus","arr":["925"],"off":[0,-0.8]}},{"type":"Feature","geometry":{"type":"Point","coordinates":[11.905735,57.926879]},"properties":{"line":"925","mode":"bus","color":"#0059a9","colorDark":"#00294f","band":3,"off":[0,1.1]}},{"type":"Feature","geometry":{"type":"Point","coordinates":[11.847719,57.947935]},"properties":{"name":"Bräcke","band":3,"modes":"bus","arr":["319"],"off":[0,-0.8]}},{"type":"Feature","geometry":{"type":"Point","coordinates":[11.847719,57.947935]},"properties":{"line":"319","mode":"bus","color":"#0059a9","colorDark":"#00294f","band":3,"off":[0,1.1]}},{"type":"Feature","geometry":{"type":"Point","coordinates":[11.85085,57.943711]},"properties":{"name":"Kode station","band":3,"modes":"bus","arr":["903"],"off":[0,-0.8]}},{"type":"Feature","geometry":{"type":"Point","coordinates":[11.85085,57.943711]},"properties":{"line":"903","mode":"bus","color":"#0059a9","colorDark":"#00294f","band":3,"off":[0,1.1]}},{"type":"Feature","geometry":{"type":"Point","coordinates":[12.044339,57.892891]},"properties":{"name":"Nödinge station","band":3,"modes":"bus","arr":["402","403","404","415"],"off":[0,-0.8]}},{"type":"Feature","geometry":{"type":"Point","coordinates":[12.044339,57.892891]},"properties":{"line":"402","mode":"bus","color":"#0059a9","colorDark":"#00294f","band":3,"off":[-5.1,1.1]}},{"type":"Feature","geometry":{"type":"Point","coordinates":[12.044339,57.892891]},"properties":{"line":"403","mode":"bus","color":"#0059a9","colorDark":"#00294f","band":3,"off":[-1.7,1.1]}},{"type":"Feature","geometry":{"type":"Point","coordinates":[12.044339,57.892891]},"properties":{"line":"404","mode":"bus","color":"#0059a9","colorDark":"#00294f","band":3,"off":[1.7,1.1]}},{"type":"Feature","geometry":{"type":"Point","coordinates":[12.044339,57.892891]},"properties":{"line":"415","mode":"bus","color":"#0059a9","colorDark":"#00294f","band":3,"off":[5.1,1.1]}},{"type":"Feature","geometry":{"type":"Point","coordinates":[12.037483,57.851058]},"properties":{"name":"Jennylund","band":3,"modes":"bus","arr":["402"],"off":[0,-0.8]}},{"type":"Feature","geometry":{"type":"Point","coordinates":[12.037483,57.851058]},"properties":{"line":"402","mode":"bus","color":"#0059a9","colorDark":"#00294f","band":3,"off":[0,1.1]}},{"type":"Feature","geometry":{"type":"Point","coordinates":[12.063087,57.918773]},"properties":{"name":"Nol station","band":3,"modes":"bus","arr":["413"],"off":[0,-0.8]}},{"type":"Feature","geometry":{"type":"Point","coordinates":[12.063087,57.918773]},"properties":{"line":"413","mode":"bus","color":"#0059a9","colorDark":"#00294f","band":3,"off":[0,1.1]}},{"type":"Feature","geometry":{"type":"Point","coordinates":[12.194921,57.892457]},"properties":{"name":"Ryds missionshus","band":3,"modes":"bus","arr":["413"],"off":[0,-0.8]}},{"type":"Feature","geometry":{"type":"Point","coordinates":[12.194921,57.892457]},"properties":{"line":"413","mode":"bus","color":"#0059a9","colorDark":"#00294f","band":3,"off":[0,1.1]}},{"type":"Feature","geometry":{"type":"Point","coordinates":[12.098984,57.872361]},"properties":{"name":"Bönabo","band":3,"modes":"bus","arr":["415"],"off":[0,-0.8]}},{"type":"Feature","geometry":{"type":"Point","coordinates":[12.098984,57.872361]},"properties":{"line":"415","mode":"bus","color":"#0059a9","colorDark":"#00294f","band":3,"off":[0,1.1]}},{"type":"Feature","geometry":{"type":"Point","coordinates":[12.151165,57.742971]},"properties":{"name":"Stärtered","band":3,"modes":"bus","arr":["501"],"off":[0,-0.8]}},{"type":"Feature","geometry":{"type":"Point","coordinates":[12.151165,57.742971]},"properties":{"line":"501","mode":"bus","color":"#0059a9","colorDark":"#00294f","band":3,"off":[0,1.1]}},{"type":"Feature","geometry":{"type":"Point","coordinates":[12.127087,57.724912]},"properties":{"name":"Furulund","band":3,"modes":"bus","arr":["502"],"off":[0,-0.8]}},{"type":"Feature","geometry":{"type":"Point","coordinates":[12.127087,57.724912]},"properties":{"line":"502","mode":"bus","color":"#0059a9","colorDark":"#00294f","band":3,"off":[0,1.1]}},{"type":"Feature","geometry":{"type":"Point","coordinates":[12.128401,57.72491]},"properties":{"name":"Furulunds centrum","band":3,"modes":"bus","arr":["502","517"],"off":[0,-0.8]}},{"type":"Feature","geometry":{"type":"Point","coordinates":[12.128401,57.72491]},"properties":{"line":"502","mode":"bus","color":"#0059a9","colorDark":"#00294f","band":3,"off":[-1.7,1.1]}},{"type":"Feature","geometry":{"type":"Point","coordinates":[12.128401,57.72491]},"properties":{"line":"517","mode":"bus","color":"#0059a9","colorDark":"#00294f","band":3,"off":[1.7,1.1]}},{"type":"Feature","geometry":{"type":"Point","coordinates":[12.132859,57.720511]},"properties":{"name":"Fritidsvägen","band":3,"modes":"bus","arr":["503"],"off":[0,-0.8]}},{"type":"Feature","geometry":{"type":"Point","coordinates":[12.132859,57.720511]},"properties":{"line":"503","mode":"bus","color":"#0059a9","colorDark":"#00294f","band":3,"off":[0,1.1]}},{"type":"Feature","geometry":{"type":"Point","coordinates":[12.213453,57.686247]},"properties":{"name":"Landvetter resecentrum","band":3,"modes":"bus","arr":["511","620","X6"],"off":[0,-0.8]}},{"type":"Feature","geometry":{"type":"Point","coordinates":[12.213453,57.686247]},"properties":{"line":"511","mode":"bus","color":"#0059a9","colorDark":"#00294f","band":3,"off":[-3.4,1.1]}},{"type":"Feature","geometry":{"type":"Point","coordinates":[12.213453,57.686247]},"properties":{"line":"620","mode":"bus","color":"#0059a9","colorDark":"#00294f","band":3,"off":[0,1.1]}},{"type":"Feature","geometry":{"type":"Point","coordinates":[12.213453,57.686247]},"properties":{"line":"X6","mode":"bus","color":"#0059a9","colorDark":"#00294f","band":3,"off":[3.4,1.1]}},{"type":"Feature","geometry":{"type":"Point","coordinates":[12.205782,57.700849]},"properties":{"name":"Önneröd","band":3,"modes":"bus","arr":["612"],"off":[0,-0.8]}},{"type":"Feature","geometry":{"type":"Point","coordinates":[12.205782,57.700849]},"properties":{"line":"612","mode":"bus","color":"#0059a9","colorDark":"#00294f","band":3,"off":[0,1.1]}},{"type":"Feature","geometry":{"type":"Point","coordinates":[11.994805,57.698062]},"properties":{"name":"Liseberg Station","band":3,"modes":"bus","arr":["512"],"off":[0,-0.8]}},{"type":"Feature","geometry":{"type":"Point","coordinates":[11.994805,57.698062]},"properties":{"line":"512","mode":"bus","color":"#0059a9","colorDark":"#00294f","band":3,"off":[0,1.1]}},{"type":"Feature","geometry":{"type":"Point","coordinates":[12.070652,57.71765]},"properties":{"name":"Ljungkullen","band":3,"modes":"bus","arr":["X5"],"off":[0,-0.8]}},{"type":"Feature","geometry":{"type":"Point","coordinates":[12.070652,57.71765]},"properties":{"line":"X5","mode":"bus","color":"#0059a9","colorDark":"#00294f","band":3,"off":[0,1.1]}},{"type":"Feature","geometry":{"type":"Point","coordinates":[12.117267,57.657291]},"properties":{"name":"Mölnlycke resecentrum","band":3,"modes":"bus","arr":["516","601","611","751","HA1","HA3","X90"],"off":[0,-0.8]}},{"type":"Feature","geometry":{"type":"Point","coordinates":[12.117267,57.657291]},"properties":{"line":"516","mode":"bus","color":"#0059a9","colorDark":"#00294f","band":3,"off":[-6.8,1.1]}},{"type":"Feature","geometry":{"type":"Point","coordinates":[12.117267,57.657291]},"properties":{"line":"601","mode":"bus","color":"#0059a9","colorDark":"#00294f","band":3,"off":[-3.4,1.1]}},{"type":"Feature","geometry":{"type":"Point","coordinates":[12.117267,57.657291]},"properties":{"line":"611","mode":"bus","color":"#0059a9","colorDark":"#00294f","band":3,"off":[0,1.1]}},{"type":"Feature","geometry":{"type":"Point","coordinates":[12.117267,57.657291]},"properties":{"line":"751","mode":"bus","color":"#0059a9","colorDark":"#00294f","band":3,"off":[3.4,1.1]}},{"type":"Feature","geometry":{"type":"Point","coordinates":[12.117267,57.657291]},"properties":{"line":"HA1","mode":"bus","color":"#0059a9","colorDark":"#00294f","band":3,"off":[6.8,1.1],"lbl":"1"}},{"type":"Feature","geometry":{"type":"Point","coordinates":[12.117267,57.657291]},"properties":{"line":"HA3","mode":"bus","color":"#0059a9","colorDark":"#00294f","band":3,"off":[-1.7,3.1],"lbl":"3"}},{"type":"Feature","geometry":{"type":"Point","coordinates":[12.117267,57.657291]},"properties":{"line":"X90","mode":"bus","color":"#0059a9","colorDark":"#00294f","band":3,"off":[1.7,3.1]}},{"type":"Feature","geometry":{"type":"Point","coordinates":[12.27172,57.769585]},"properties":{"name":"Lerum station","band":3,"modes":"bus","arr":["529","531","534","536","537","538","539"],"off":[0,-0.8]}},{"type":"Feature","geometry":{"type":"Point","coordinates":[12.27172,57.769585]},"properties":{"line":"529","mode":"bus","color":"#0059a9","colorDark":"#00294f","band":3,"off":[-6.8,1.1]}},{"type":"Feature","geometry":{"type":"Point","coordinates":[12.27172,57.769585]},"properties":{"line":"531","mode":"bus","color":"#0059a9","colorDark":"#00294f","band":3,"off":[-3.4,1.1]}},{"type":"Feature","geometry":{"type":"Point","coordinates":[12.27172,57.769585]},"properties":{"line":"534","mode":"bus","color":"#0059a9","colorDark":"#00294f","band":3,"off":[0,1.1]}},{"type":"Feature","geometry":{"type":"Point","coordinates":[12.27172,57.769585]},"properties":{"line":"536","mode":"bus","color":"#0059a9","colorDark":"#00294f","band":3,"off":[3.4,1.1]}},{"type":"Feature","geometry":{"type":"Point","coordinates":[12.27172,57.769585]},"properties":{"line":"537","mode":"bus","color":"#0059a9","colorDark":"#00294f","band":3,"off":[6.8,1.1]}},{"type":"Feature","geometry":{"type":"Point","coordinates":[12.27172,57.769585]},"properties":{"line":"538","mode":"bus","color":"#0059a9","colorDark":"#00294f","band":3,"off":[-1.7,3.1]}},{"type":"Feature","geometry":{"type":"Point","coordinates":[12.27172,57.769585]},"properties":{"line":"539","mode":"bus","color":"#0059a9","colorDark":"#00294f","band":3,"off":[1.7,3.1]}},{"type":"Feature","geometry":{"type":"Point","coordinates":[12.272746,57.783478]},"properties":{"name":"Hallsås","band":3,"modes":"bus","arr":["530","535"],"off":[0,-0.8]}},{"type":"Feature","geometry":{"type":"Point","coordinates":[12.272746,57.783478]},"properties":{"line":"530","mode":"bus","color":"#0059a9","colorDark":"#00294f","band":3,"off":[-1.7,1.1]}},{"type":"Feature","geometry":{"type":"Point","coordinates":[12.272746,57.783478]},"properties":{"line":"535","mode":"bus","color":"#0059a9","colorDark":"#00294f","band":3,"off":[1.7,1.1]}},{"type":"Feature","geometry":{"type":"Point","coordinates":[12.242279,57.753971]},"properties":{"name":"Aspen station","band":3,"modes":"bus","arr":["530"],"off":[0,-0.8]}},{"type":"Feature","geometry":{"type":"Point","coordinates":[12.242279,57.753971]},"properties":{"line":"530","mode":"bus","color":"#0059a9","colorDark":"#00294f","band":3,"off":[0,1.1]}},{"type":"Feature","geometry":{"type":"Point","coordinates":[12.36122,57.809505]},"properties":{"name":"Floda station","band":3,"modes":"bus","arr":["531","537"],"off":[0,-0.8]}},{"type":"Feature","geometry":{"type":"Point","coordinates":[12.36122,57.809505]},"properties":{"line":"531","mode":"bus","color":"#0059a9","colorDark":"#00294f","band":3,"off":[-1.7,1.1]}},{"type":"Feature","geometry":{"type":"Point","coordinates":[12.36122,57.809505]},"properties":{"line":"537","mode":"bus","color":"#0059a9","colorDark":"#00294f","band":3,"off":[1.7,1.1]}},{"type":"Feature","geometry":{"type":"Point","coordinates":[12.287182,57.739207]},"properties":{"name":"Häckenvägen","band":3,"modes":"bus","arr":["535"],"off":[0,-0.8]}},{"type":"Feature","geometry":{"type":"Point","coordinates":[12.287182,57.739207]},"properties":{"line":"535","mode":"bus","color":"#0059a9","colorDark":"#00294f","band":3,"off":[0,1.1]}},{"type":"Feature","geometry":{"type":"Point","coordinates":[12.164397,57.804083]},"properties":{"name":"Olofstorp Västra","band":3,"modes":"bus","arr":["536"],"off":[0,-0.8]}},{"type":"Feature","geometry":{"type":"Point","coordinates":[12.164397,57.804083]},"properties":{"line":"536","mode":"bus","color":"#0059a9","colorDark":"#00294f","band":3,"off":[0,1.1]}},{"type":"Feature","geometry":{"type":"Point","coordinates":[12.231566,57.774707]},"properties":{"name":"Aspenäsgården","band":3,"modes":"bus","arr":["539"],"off":[0,-0.8]}},{"type":"Feature","geometry":{"type":"Point","coordinates":[12.231566,57.774707]},"properties":{"line":"539","mode":"bus","color":"#0059a9","colorDark":"#00294f","band":3,"off":[0,1.1]}},{"type":"Feature","geometry":{"type":"Point","coordinates":[12.177661,57.632396]},"properties":{"name":"Djurstensvägen","band":3,"modes":"bus","arr":["601"],"off":[0,-0.8]}},{"type":"Feature","geometry":{"type":"Point","coordinates":[12.177661,57.632396]},"properties":{"line":"601","mode":"bus","color":"#0059a9","colorDark":"#00294f","band":3,"off":[0,1.1]}},{"type":"Feature","geometry":{"type":"Point","coordinates":[12.15693,57.64961]},"properties":{"name":"Höga hallar","band":3,"modes":"bus","arr":["X4"],"off":[0,-0.8]}},{"type":"Feature","geometry":{"type":"Point","coordinates":[12.15693,57.64961]},"properties":{"line":"X4","mode":"bus","color":"#0059a9","colorDark":"#00294f","band":3,"off":[0,1.1]}},{"type":"Feature","geometry":{"type":"Point","coordinates":[12.123603,57.647441]},"properties":{"name":"Stenhuggarevägen","band":3,"modes":"bus","arr":["HA2"],"off":[0,-0.8]}},{"type":"Feature","geometry":{"type":"Point","coordinates":[12.123603,57.647441]},"properties":{"line":"HA2","mode":"bus","color":"#0059a9","colorDark":"#00294f","band":3,"off":[0,1.1],"lbl":"2"}},{"type":"Feature","geometry":{"type":"Point","coordinates":[12.295415,57.667461]},"properties":{"name":"Landvetter flygplats","band":3,"modes":"bus","arr":["612","FLYG"],"off":[0,-0.8]}},{"type":"Feature","geometry":{"type":"Point","coordinates":[12.295415,57.667461]},"properties":{"line":"612","mode":"bus","color":"#0059a9","colorDark":"#00294f","band":3,"off":[-1.7,1.1]}},{"type":"Feature","geometry":{"type":"Point","coordinates":[12.295415,57.667461]},"properties":{"line":"FLYG","mode":"bus","color":"#0059a9","colorDark":"#00294f","band":3,"off":[1.7,1.1]}},{"type":"Feature","geometry":{"type":"Point","coordinates":[12.254103,57.606044]},"properties":{"name":"Inseros","band":3,"modes":"bus","arr":["620","762","763"],"off":[0,-0.8]}},{"type":"Feature","geometry":{"type":"Point","coordinates":[12.254103,57.606044]},"properties":{"line":"620","mode":"bus","color":"#0059a9","colorDark":"#00294f","band":3,"off":[-3.4,1.1]}},{"type":"Feature","geometry":{"type":"Point","coordinates":[12.254103,57.606044]},"properties":{"line":"762","mode":"bus","color":"#0059a9","colorDark":"#00294f","band":3,"off":[0,1.1]}},{"type":"Feature","geometry":{"type":"Point","coordinates":[12.254103,57.606044]},"properties":{"line":"763","mode":"bus","color":"#0059a9","colorDark":"#00294f","band":3,"off":[3.4,1.1]}},{"type":"Feature","geometry":{"type":"Point","coordinates":[12.268662,57.58762]},"properties":{"name":"Röshult","band":3,"modes":"bus","arr":["717"],"off":[0,-0.8]}},{"type":"Feature","geometry":{"type":"Point","coordinates":[12.268662,57.58762]},"properties":{"line":"717","mode":"bus","color":"#0059a9","colorDark":"#00294f","band":3,"off":[0,1.1]}},{"type":"Feature","geometry":{"type":"Point","coordinates":[11.925138,57.545916]},"properties":{"name":"Kullaviks hamn","band":3,"modes":"bus","arr":["720","X3"],"off":[0,-0.8]}},{"type":"Feature","geometry":{"type":"Point","coordinates":[11.925138,57.545916]},"properties":{"line":"720","mode":"bus","color":"#0059a9","colorDark":"#00294f","band":3,"off":[-1.7,1.1]}},{"type":"Feature","geometry":{"type":"Point","coordinates":[11.925138,57.545916]},"properties":{"line":"X3","mode":"bus","color":"#0059a9","colorDark":"#00294f","band":3,"off":[1.7,1.1]}},{"type":"Feature","geometry":{"type":"Point","coordinates":[12.080542,57.57555]},"properties":{"name":"Lindome station","band":3,"modes":"bus","arr":["735","761","762","763","766"],"off":[0,-0.8]}},{"type":"Feature","geometry":{"type":"Point","coordinates":[12.080542,57.57555]},"properties":{"line":"735","mode":"bus","color":"#0059a9","colorDark":"#00294f","band":3,"off":[-6.8,1.1]}},{"type":"Feature","geometry":{"type":"Point","coordinates":[12.080542,57.57555]},"properties":{"line":"761","mode":"bus","color":"#0059a9","colorDark":"#00294f","band":3,"off":[-3.4,1.1]}},{"type":"Feature","geometry":{"type":"Point","coordinates":[12.080542,57.57555]},"properties":{"line":"762","mode":"bus","color":"#0059a9","colorDark":"#00294f","band":3,"off":[0,1.1]}},{"type":"Feature","geometry":{"type":"Point","coordinates":[12.080542,57.57555]},"properties":{"line":"763","mode":"bus","color":"#0059a9","colorDark":"#00294f","band":3,"off":[3.4,1.1]}},{"type":"Feature","geometry":{"type":"Point","coordinates":[12.080542,57.57555]},"properties":{"line":"766","mode":"bus","color":"#0059a9","colorDark":"#00294f","band":3,"off":[6.8,1.1]}},{"type":"Feature","geometry":{"type":"Point","coordinates":[12.019187,57.655631]},"properties":{"name":"Mölndals bro","band":3,"modes":"bus","arr":["753","754","760","761"],"off":[0,-0.8]}},{"type":"Feature","geometry":{"type":"Point","coordinates":[12.019187,57.655631]},"properties":{"line":"753","mode":"bus","color":"#0059a9","colorDark":"#00294f","band":3,"off":[-5.1,1.1]}},{"type":"Feature","geometry":{"type":"Point","coordinates":[12.019187,57.655631]},"properties":{"line":"754","mode":"bus","color":"#0059a9","colorDark":"#00294f","band":3,"off":[-1.7,1.1]}},{"type":"Feature","geometry":{"type":"Point","coordinates":[12.019187,57.655631]},"properties":{"line":"760","mode":"bus","color":"#0059a9","colorDark":"#00294f","band":3,"off":[1.7,1.1]}},{"type":"Feature","geometry":{"type":"Point","coordinates":[12.019187,57.655631]},"properties":{"line":"761","mode":"bus","color":"#0059a9","colorDark":"#00294f","band":3,"off":[5.1,1.1]}},{"type":"Feature","geometry":{"type":"Point","coordinates":[12.026212,57.605778]},"properties":{"name":"Kålleredgården","band":3,"modes":"bus","arr":["755","765"],"off":[0,-0.8]}},{"type":"Feature","geometry":{"type":"Point","coordinates":[12.026212,57.605778]},"properties":{"line":"755","mode":"bus","color":"#0059a9","colorDark":"#00294f","band":3,"off":[-1.7,1.1]}},{"type":"Feature","geometry":{"type":"Point","coordinates":[12.026212,57.605778]},"properties":{"line":"765","mode":"bus","color":"#0059a9","colorDark":"#00294f","band":3,"off":[1.7,1.1]}},{"type":"Feature","geometry":{"type":"Point","coordinates":[12.00232,57.628643]},"properties":{"name":"Årsringsgatan","band":3,"modes":"bus","arr":["759"],"off":[0,-0.8]}},{"type":"Feature","geometry":{"type":"Point","coordinates":[12.00232,57.628643]},"properties":{"line":"759","mode":"bus","color":"#0059a9","colorDark":"#00294f","band":3,"off":[0,1.1]}},{"type":"Feature","geometry":{"type":"Point","coordinates":[12.106668,57.574727]},"properties":{"name":"Varvsvägen","band":3,"modes":"bus","arr":["760"],"off":[0,-0.8]}},{"type":"Feature","geometry":{"type":"Point","coordinates":[12.106668,57.574727]},"properties":{"line":"760","mode":"bus","color":"#0059a9","colorDark":"#00294f","band":3,"off":[0,1.1]}},{"type":"Feature","geometry":{"type":"Point","coordinates":[12.105515,57.618591]},"properties":{"name":"Tulebohöjd","band":3,"modes":"bus","arr":["764","765"],"off":[0,-0.8]}},{"type":"Feature","geometry":{"type":"Point","coordinates":[12.105515,57.618591]},"properties":{"line":"764","mode":"bus","color":"#0059a9","colorDark":"#00294f","band":3,"off":[-1.7,1.1]}},{"type":"Feature","geometry":{"type":"Point","coordinates":[12.105515,57.618591]},"properties":{"line":"765","mode":"bus","color":"#0059a9","colorDark":"#00294f","band":3,"off":[1.7,1.1]}},{"type":"Feature","geometry":{"type":"Point","coordinates":[12.056113,57.571988]},"properties":{"name":"Västra Fageredsvägen","band":3,"modes":"bus","arr":["766"],"off":[0,-0.8]}},{"type":"Feature","geometry":{"type":"Point","coordinates":[12.056113,57.571988]},"properties":{"line":"766","mode":"bus","color":"#0059a9","colorDark":"#00294f","band":3,"off":[0,1.1]}},{"type":"Feature","geometry":{"type":"Point","coordinates":[11.918685,57.862852]},"properties":{"name":"Ytterby station","band":3,"modes":"bus","arr":["903","920","921","926","928","KV2"],"off":[0,-0.8]}},{"type":"Feature","geometry":{"type":"Point","coordinates":[11.918685,57.862852]},"properties":{"line":"903","mode":"bus","color":"#0059a9","colorDark":"#00294f","band":3,"off":[-6.8,1.1]}},{"type":"Feature","geometry":{"type":"Point","coordinates":[11.918685,57.862852]},"properties":{"line":"920","mode":"bus","color":"#0059a9","colorDark":"#00294f","band":3,"off":[-3.4,1.1]}},{"type":"Feature","geometry":{"type":"Point","coordinates":[11.918685,57.862852]},"properties":{"line":"921","mode":"bus","color":"#0059a9","colorDark":"#00294f","band":3,"off":[0,1.1]}},{"type":"Feature","geometry":{"type":"Point","coordinates":[11.918685,57.862852]},"properties":{"line":"926","mode":"bus","color":"#0059a9","colorDark":"#00294f","band":3,"off":[3.4,1.1]}},{"type":"Feature","geometry":{"type":"Point","coordinates":[11.918685,57.862852]},"properties":{"line":"928","mode":"bus","color":"#0059a9","colorDark":"#00294f","band":3,"off":[6.8,1.1]}},{"type":"Feature","geometry":{"type":"Point","coordinates":[11.918685,57.862852]},"properties":{"line":"KV2","mode":"bus","color":"#0059a9","colorDark":"#00294f","band":3,"off":[0,3.1],"lbl":"2"}},{"type":"Feature","geometry":{"type":"Point","coordinates":[11.82449,57.89595]},"properties":{"name":"Hålta skola","band":3,"modes":"bus","arr":["910","924","927"],"off":[0,-0.8]}},{"type":"Feature","geometry":{"type":"Point","coordinates":[11.82449,57.89595]},"properties":{"line":"910","mode":"bus","color":"#0059a9","colorDark":"#00294f","band":3,"off":[-3.4,1.1]}},{"type":"Feature","geometry":{"type":"Point","coordinates":[11.82449,57.89595]},"properties":{"line":"924","mode":"bus","color":"#0059a9","colorDark":"#00294f","band":3,"off":[0,1.1]}},{"type":"Feature","geometry":{"type":"Point","coordinates":[11.82449,57.89595]},"properties":{"line":"927","mode":"bus","color":"#0059a9","colorDark":"#00294f","band":3,"off":[3.4,1.1]}},{"type":"Feature","geometry":{"type":"Point","coordinates":[11.931865,57.919324]},"properties":{"name":"Ringby","band":3,"modes":"bus","arr":["925"],"off":[0,-0.8]}},{"type":"Feature","geometry":{"type":"Point","coordinates":[11.931865,57.919324]},"properties":{"line":"925","mode":"bus","color":"#0059a9","colorDark":"#00294f","band":3,"off":[0,1.1]}},{"type":"Feature","geometry":{"type":"Point","coordinates":[11.909135,57.925598]},"properties":{"name":"Lundby södra","band":3,"modes":"bus","arr":["912"],"off":[0,-0.8]}},{"type":"Feature","geometry":{"type":"Point","coordinates":[11.909135,57.925598]},"properties":{"line":"912","mode":"bus","color":"#0059a9","colorDark":"#00294f","band":3,"off":[0,1.1]}},{"type":"Feature","geometry":{"type":"Point","coordinates":[11.905156,57.893346]},"properties":{"name":"Bollestad","band":3,"modes":"bus","arr":["913"],"off":[0,-0.8]}},{"type":"Feature","geometry":{"type":"Point","coordinates":[11.905156,57.893346]},"properties":{"line":"913","mode":"bus","color":"#0059a9","colorDark":"#00294f","band":3,"off":[0,1.1]}},{"type":"Feature","geometry":{"type":"Point","coordinates":[12.041773,57.907335]},"properties":{"name":"Dösebacka","band":3,"modes":"bus","arr":["914"],"off":[0,-0.8]}},{"type":"Feature","geometry":{"type":"Point","coordinates":[12.041773,57.907335]},"properties":{"line":"914","mode":"bus","color":"#0059a9","colorDark":"#00294f","band":3,"off":[0,1.1]}},{"type":"Feature","geometry":{"type":"Point","coordinates":[11.950123,57.893313]},"properties":{"name":"Ullstorp","band":3,"modes":"bus","arr":["917","KV1"],"off":[0,-0.8]}},{"type":"Feature","geometry":{"type":"Point","coordinates":[11.950123,57.893313]},"properties":{"line":"917","mode":"bus","color":"#0059a9","colorDark":"#00294f","band":3,"off":[-1.7,1.1]}},{"type":"Feature","geometry":{"type":"Point","coordinates":[11.950123,57.893313]},"properties":{"line":"KV1","mode":"bus","color":"#0059a9","colorDark":"#00294f","band":3,"off":[1.7,1.1],"lbl":"1"}},{"type":"Feature","geometry":{"type":"Point","coordinates":[11.972758,57.894578]},"properties":{"name":"Håltet","band":3,"modes":"bus","arr":["917"],"off":[0,-0.8]}},{"type":"Feature","geometry":{"type":"Point","coordinates":[11.972758,57.894578]},"properties":{"line":"917","mode":"bus","color":"#0059a9","colorDark":"#00294f","band":3,"off":[0,1.1]}},{"type":"Feature","geometry":{"type":"Point","coordinates":[12.024713,57.899399]},"properties":{"name":"Rörmossen","band":3,"modes":"bus","arr":["918"],"off":[0,-0.8]}},{"type":"Feature","geometry":{"type":"Point","coordinates":[12.024713,57.899399]},"properties":{"line":"918","mode":"bus","color":"#0059a9","colorDark":"#00294f","band":3,"off":[0,1.1]}},{"type":"Feature","geometry":{"type":"Point","coordinates":[12.011851,57.89586]},"properties":{"name":"Rörmossen södra","band":3,"modes":"bus","arr":["918"],"off":[0,-0.8]}},{"type":"Feature","geometry":{"type":"Point","coordinates":[12.011851,57.89586]},"properties":{"line":"918","mode":"bus","color":"#0059a9","colorDark":"#00294f","band":3,"off":[0,1.1]}},{"type":"Feature","geometry":{"type":"Point","coordinates":[11.838043,57.798828]},"properties":{"name":"Korseberget","band":3,"modes":"bus","arr":["921"],"off":[0,-0.8]}},{"type":"Feature","geometry":{"type":"Point","coordinates":[11.838043,57.798828]},"properties":{"line":"921","mode":"bus","color":"#0059a9","colorDark":"#00294f","band":3,"off":[0,1.1]}},{"type":"Feature","geometry":{"type":"Point","coordinates":[11.826669,57.809036]},"properties":{"name":"Västra Röd","band":3,"modes":"bus","arr":["921"],"off":[0,-0.8]}},{"type":"Feature","geometry":{"type":"Point","coordinates":[11.826669,57.809036]},"properties":{"line":"921","mode":"bus","color":"#0059a9","colorDark":"#00294f","band":3,"off":[0,1.1]}},{"type":"Feature","geometry":{"type":"Point","coordinates":[11.710182,57.865916]},"properties":{"name":"Tofta herrgård","band":3,"modes":"bus","arr":["926"],"off":[0,-0.8]}},{"type":"Feature","geometry":{"type":"Point","coordinates":[11.710182,57.865916]},"properties":{"line":"926","mode":"bus","color":"#0059a9","colorDark":"#00294f","band":3,"off":[0,1.1]}},{"type":"Feature","geometry":{"type":"Point","coordinates":[11.769608,57.890684]},"properties":{"name":"Gullbringa västra","band":3,"modes":"bus","arr":["924"],"off":[0,-0.8]}},{"type":"Feature","geometry":{"type":"Point","coordinates":[11.769608,57.890684]},"properties":{"line":"924","mode":"bus","color":"#0059a9","colorDark":"#00294f","band":3,"off":[0,1.1]}},{"type":"Feature","geometry":{"type":"Point","coordinates":[11.764974,57.877864]},"properties":{"name":"Kulperöd","band":3,"modes":"bus","arr":["924"],"off":[0,-0.8]}},{"type":"Feature","geometry":{"type":"Point","coordinates":[11.764974,57.877864]},"properties":{"line":"924","mode":"bus","color":"#0059a9","colorDark":"#00294f","band":3,"off":[0,1.1]}},{"type":"Feature","geometry":{"type":"Point","coordinates":[11.865866,57.833497]},"properties":{"name":"Kanehall","band":3,"modes":"bus","arr":["928"],"off":[0,-0.8]}},{"type":"Feature","geometry":{"type":"Point","coordinates":[11.865866,57.833497]},"properties":{"line":"928","mode":"bus","color":"#0059a9","colorDark":"#00294f","band":3,"off":[0,1.1]}},{"type":"Feature","geometry":{"type":"Point","coordinates":[11.855087,57.872877]},"properties":{"name":"Vena berg","band":3,"modes":"bus","arr":["928"],"off":[0,-0.8]}},{"type":"Feature","geometry":{"type":"Point","coordinates":[11.855087,57.872877]},"properties":{"line":"928","mode":"bus","color":"#0059a9","colorDark":"#00294f","band":3,"off":[0,1.1]}},{"type":"Feature","geometry":{"type":"Point","coordinates":[11.702363,57.837737]},"properties":{"name":"Sundhammar","band":3,"modes":"bus","arr":["930"],"off":[0,-0.8]}},{"type":"Feature","geometry":{"type":"Point","coordinates":[11.702363,57.837737]},"properties":{"line":"930","mode":"bus","color":"#0059a9","colorDark":"#00294f","band":3,"off":[0,1.1]}},{"type":"Feature","geometry":{"type":"Point","coordinates":[12.138122,57.657769]},"properties":{"name":"Häggvägen","band":3,"modes":"bus","arr":["HA1"],"off":[0,-0.8]}},{"type":"Feature","geometry":{"type":"Point","coordinates":[12.138122,57.657769]},"properties":{"line":"HA1","mode":"bus","color":"#0059a9","colorDark":"#00294f","band":3,"off":[0,1.1],"lbl":"1"}},{"type":"Feature","geometry":{"type":"Point","coordinates":[12.13355,57.662281]},"properties":{"name":"Strandvägen","band":3,"modes":"bus","arr":["HA2"],"off":[0,-0.8]}},{"type":"Feature","geometry":{"type":"Point","coordinates":[12.13355,57.662281]},"properties":{"line":"HA2","mode":"bus","color":"#0059a9","colorDark":"#00294f","band":3,"off":[0,1.1],"lbl":"2"}},{"type":"Feature","geometry":{"type":"Point","coordinates":[12.078841,57.67417]},"properties":{"name":"Delsjökärrvägen","band":3,"modes":"bus","arr":["HA3"],"off":[0,-0.8]}},{"type":"Feature","geometry":{"type":"Point","coordinates":[12.078841,57.67417]},"properties":{"line":"HA3","mode":"bus","color":"#0059a9","colorDark":"#00294f","band":3,"off":[0,1.1],"lbl":"3"}},{"type":"Feature","geometry":{"type":"Point","coordinates":[12.101704,57.492398]},"properties":{"name":"Basunen","band":3,"modes":"bus","arr":["KB1"],"off":[0,-0.8]}},{"type":"Feature","geometry":{"type":"Point","coordinates":[12.101704,57.492398]},"properties":{"line":"KB1","mode":"bus","color":"#0059a9","colorDark":"#00294f","band":3,"off":[0,1.1],"lbl":"1"}},{"type":"Feature","geometry":{"type":"Point","coordinates":[11.910902,57.862549]},"properties":{"name":"Hällebergsgatan","band":3,"modes":"bus","arr":["KV1"],"off":[0,-0.8]}},{"type":"Feature","geometry":{"type":"Point","coordinates":[11.910902,57.862549]},"properties":{"line":"KV1","mode":"bus","color":"#0059a9","colorDark":"#00294f","band":3,"off":[0,1.1],"lbl":"1"}},{"type":"Feature","geometry":{"type":"Point","coordinates":[12.014029,57.825255]},"properties":{"name":"Surte station","band":3,"modes":"bus","arr":["KV21"],"off":[0,-0.8]}},{"type":"Feature","geometry":{"type":"Point","coordinates":[12.014029,57.825255]},"properties":{"line":"KV21","mode":"bus","color":"#0059a9","colorDark":"#00294f","band":3,"off":[0,1.1],"lbl":"21"}},{"type":"Feature","geometry":{"type":"Point","coordinates":[12.298782,57.837067]},"properties":{"name":"Gråbo busstation","band":3,"modes":"bus","arr":["LE526","LE527","X3"],"off":[0,-0.8]}},{"type":"Feature","geometry":{"type":"Point","coordinates":[12.298782,57.837067]},"properties":{"line":"LE526","mode":"bus","color":"#0059a9","colorDark":"#00294f","band":3,"off":[-3.4,1.1],"lbl":"526"}},{"type":"Feature","geometry":{"type":"Point","coordinates":[12.298782,57.837067]},"properties":{"line":"LE527","mode":"bus","color":"#0059a9","colorDark":"#00294f","band":3,"off":[0,1.1],"lbl":"527"}},{"type":"Feature","geometry":{"type":"Point","coordinates":[12.298782,57.837067]},"properties":{"line":"X3","mode":"bus","color":"#0059a9","colorDark":"#00294f","band":3,"off":[3.4,1.1]}},{"type":"Feature","geometry":{"type":"Point","coordinates":[12.284103,57.853437]},"properties":{"name":"Annesjövägen","band":3,"modes":"bus","arr":["LE526"],"off":[0,-0.8]}},{"type":"Feature","geometry":{"type":"Point","coordinates":[12.284103,57.853437]},"properties":{"line":"LE526","mode":"bus","color":"#0059a9","colorDark":"#00294f","band":3,"off":[0,1.1],"lbl":"526"}},{"type":"Feature","geometry":{"type":"Point","coordinates":[12.206613,57.859014]},"properties":{"name":"Tolsjöhult","band":3,"modes":"bus","arr":["LE527"],"off":[0,-0.8]}},{"type":"Feature","geometry":{"type":"Point","coordinates":[12.206613,57.859014]},"properties":{"line":"LE527","mode":"bus","color":"#0059a9","colorDark":"#00294f","band":3,"off":[0,1.1],"lbl":"527"}},{"type":"Feature","geometry":{"type":"Point","coordinates":[12.417911,57.818811]},"properties":{"name":"Nääs fabriker","band":3,"modes":"bus","arr":["LERS"],"off":[0,-0.8]}},{"type":"Feature","geometry":{"type":"Point","coordinates":[12.417911,57.818811]},"properties":{"line":"LERS","mode":"bus","color":"#0059a9","colorDark":"#00294f","band":3,"off":[0,1.1]}},{"type":"Feature","geometry":{"type":"Point","coordinates":[11.665698,57.698694]},"properties":{"name":"Hönö färjeläge","band":3,"modes":"bus","arr":["OC1","OC2"],"off":[0,-0.8]}},{"type":"Feature","geometry":{"type":"Point","coordinates":[11.665698,57.698694]},"properties":{"line":"OC1","mode":"bus","color":"#0059a9","colorDark":"#00294f","band":3,"off":[-1.7,1.1],"lbl":"1"}},{"type":"Feature","geometry":{"type":"Point","coordinates":[11.665698,57.698694]},"properties":{"line":"OC2","mode":"bus","color":"#0059a9","colorDark":"#00294f","band":3,"off":[1.7,1.1],"lbl":"2"}},{"type":"Feature","geometry":{"type":"Point","coordinates":[11.684848,57.711958]},"properties":{"name":"Framnäs","band":3,"modes":"bus","arr":["OC3"],"off":[0,-0.8]}},{"type":"Feature","geometry":{"type":"Point","coordinates":[11.684848,57.711958]},"properties":{"line":"OC3","mode":"bus","color":"#0059a9","colorDark":"#00294f","band":3,"off":[0,1.1],"lbl":"3"}},{"type":"Feature","geometry":{"type":"Point","coordinates":[11.682148,57.732884]},"properties":{"name":"Equmeniakyrkan","band":3,"modes":"bus","arr":["OC3"],"off":[0,-0.8]}},{"type":"Feature","geometry":{"type":"Point","coordinates":[11.682148,57.732884]},"properties":{"line":"OC3","mode":"bus","color":"#0059a9","colorDark":"#00294f","band":3,"off":[0,1.1],"lbl":"3"}},{"type":"Feature","geometry":{"type":"Point","coordinates":[11.948016,57.561937]},"properties":{"name":"Snipen","band":3,"modes":"bus","arr":["X2"],"off":[0,-0.8]}},{"type":"Feature","geometry":{"type":"Point","coordinates":[11.948016,57.561937]},"properties":{"line":"X2","mode":"bus","color":"#0059a9","colorDark":"#00294f","band":3,"off":[0,1.1]}},{"type":"Feature","geometry":{"type":"Point","coordinates":[11.964809,57.520892]},"properties":{"name":"Särö centrum","band":3,"modes":"bus","arr":["X3"],"off":[0,-0.8]}},{"type":"Feature","geometry":{"type":"Point","coordinates":[11.964809,57.520892]},"properties":{"line":"X3","mode":"bus","color":"#0059a9","colorDark":"#00294f","band":3,"off":[0,1.1]}},{"type":"Feature","geometry":{"type":"Point","coordinates":[11.702673,57.708649]},"properties":{"name":"Lilla Varholmen","band":3,"modes":"bus","arr":["X6"],"off":[0,-0.8]}},{"type":"Feature","geometry":{"type":"Point","coordinates":[11.702673,57.708649]},"properties":{"line":"X6","mode":"bus","color":"#0059a9","colorDark":"#00294f","band":3,"off":[0,1.1]}},{"type":"Feature","geometry":{"type":"Point","coordinates":[11.970221,57.876848]},"properties":{"name":"Kungälvs sjukhus södra","band":3,"modes":"bus","arr":["X40"],"off":[0,-0.8]}},{"type":"Feature","geometry":{"type":"Point","coordinates":[11.970221,57.876848]},"properties":{"line":"X40","mode":"bus","color":"#0059a9","colorDark":"#00294f","band":3,"off":[0,1.1]}},{"type":"Feature","geometry":{"type":"Point","coordinates":[11.901761,57.64187]},"properties":{"name":"Opaltorget","band":3,"modes":"tram","arr":["1","7"],"off":[0,-0.8]}},{"type":"Feature","geometry":{"type":"Point","coordinates":[11.901761,57.64187]},"properties":{"line":"1","mode":"tram","color":"#d6212b","colorDark":"#7c1116","band":3,"off":[-1.7,1.1]}},{"type":"Feature","geometry":{"type":"Point","coordinates":[11.901761,57.64187]},"properties":{"line":"7","mode":"tram","color":"#d6212b","colorDark":"#7c1116","band":3,"off":[1.7,1.1]}},{"type":"Feature","geometry":{"type":"Point","coordinates":[11.892719,57.726993]},"properties":{"name":"Väderilsgatan","band":3,"modes":"tram","arr":["2"],"off":[0,-0.8]}},{"type":"Feature","geometry":{"type":"Point","coordinates":[11.892719,57.726993]},"properties":{"line":"2","mode":"tram","color":"#d6212b","colorDark":"#7c1116","band":3,"off":[0,1.1]}},{"type":"Feature","geometry":{"type":"Point","coordinates":[11.900477,57.680424]},"properties":{"name":"Kungssten Vändslinga","band":3,"modes":"tram","arr":["2","9"],"off":[0,-0.8]}},{"type":"Feature","geometry":{"type":"Point","coordinates":[11.900477,57.680424]},"properties":{"line":"2","mode":"tram","color":"#d6212b","colorDark":"#7c1116","band":3,"off":[-1.7,1.1]}},{"type":"Feature","geometry":{"type":"Point","coordinates":[11.900477,57.680424]},"properties":{"line":"9","mode":"tram","color":"#d6212b","colorDark":"#7c1116","band":3,"off":[1.7,1.1]}},{"type":"Feature","geometry":{"type":"Point","coordinates":[12.02263,57.70988]},"properties":{"name":"Virginsgatan","band":3,"modes":"tram","arr":["3"],"off":[0,-0.8]}},{"type":"Feature","geometry":{"type":"Point","coordinates":[12.02263,57.70988]},"properties":{"line":"3","mode":"tram","color":"#d6212b","colorDark":"#7c1116","band":3,"off":[0,1.1]}},{"type":"Feature","geometry":{"type":"Point","coordinates":[11.911983,57.689318]},"properties":{"name":"Vagnhallen Majorna","band":3,"modes":"tram","arr":["X"],"off":[0,-0.8]}},{"type":"Feature","geometry":{"type":"Point","coordinates":[11.911983,57.689318]},"properties":{"line":"X","mode":"tram","color":"#d6212b","colorDark":"#7c1116","band":3,"off":[0,1.1]}},{"type":"Feature","geometry":{"type":"Point","coordinates":[11.912864,57.688897]},"properties":{"name":"Vagnhallen Majorna DEPÅ","band":3,"modes":"tram","arr":["3"],"off":[0,-0.8]}},{"type":"Feature","geometry":{"type":"Point","coordinates":[11.912864,57.688897]},"properties":{"line":"3","mode":"tram","color":"#d6212b","colorDark":"#7c1116","band":3,"off":[0,1.1]}},{"type":"Feature","geometry":{"type":"Point","coordinates":[12.01754,57.654608]},"properties":{"name":"Mölndals Innerstad","band":3,"modes":"tram","arr":["4","12"],"off":[0,-0.8]}},{"type":"Feature","geometry":{"type":"Point","coordinates":[12.01754,57.654608]},"properties":{"line":"4","mode":"tram","color":"#d6212b","colorDark":"#7c1116","band":3,"off":[-1.7,1.1]}},{"type":"Feature","geometry":{"type":"Point","coordinates":[12.01754,57.654608]},"properties":{"line":"12","mode":"tram","color":"#d6212b","colorDark":"#7c1116","band":3,"off":[1.7,1.1]}},{"type":"Feature","geometry":{"type":"Point","coordinates":[11.895858,57.736921]},"properties":{"name":"Varmfrontsgatan","band":3,"modes":"tram","arr":["5","6"],"off":[0,-0.8]}},{"type":"Feature","geometry":{"type":"Point","coordinates":[11.895858,57.736921]},"properties":{"line":"5","mode":"tram","color":"#d6212b","colorDark":"#7c1116","band":3,"off":[-1.7,1.1]}},{"type":"Feature","geometry":{"type":"Point","coordinates":[11.895858,57.736921]},"properties":{"line":"6","mode":"tram","color":"#d6212b","colorDark":"#7c1116","band":3,"off":[1.7,1.1]}},{"type":"Feature","geometry":{"type":"Point","coordinates":[12.041003,57.761411]},"properties":{"name":"Aprilgatan","band":3,"modes":"tram","arr":["6"],"off":[0,-0.8]}},{"type":"Feature","geometry":{"type":"Point","coordinates":[12.041003,57.761411]},"properties":{"line":"6","mode":"tram","color":"#d6212b","colorDark":"#7c1116","band":3,"off":[0,1.1]}},{"type":"Feature","geometry":{"type":"Point","coordinates":[12.071508,57.750993]},"properties":{"name":"Komettorget","band":3,"modes":"tram","arr":["7","11","X","X#2"],"off":[0,-0.8]}},{"type":"Feature","geometry":{"type":"Point","coordinates":[12.071508,57.750993]},"properties":{"line":"7","mode":"tram","color":"#d6212b","colorDark":"#7c1116","band":3,"off":[-5.1,1.1]}},{"type":"Feature","geometry":{"type":"Point","coordinates":[12.071508,57.750993]},"properties":{"line":"11","mode":"tram","color":"#d6212b","colorDark":"#7c1116","band":3,"off":[-1.7,1.1]}},{"type":"Feature","geometry":{"type":"Point","coordinates":[12.071508,57.750993]},"properties":{"line":"X","mode":"tram","color":"#d6212b","colorDark":"#7c1116","band":3,"off":[1.7,1.1]}},{"type":"Feature","geometry":{"type":"Point","coordinates":[12.071508,57.750993]},"properties":{"line":"X#2","mode":"tram","color":"#d6212b","colorDark":"#7c1116","band":3,"off":[5.1,1.1],"lbl":"X"}},{"type":"Feature","geometry":{"type":"Point","coordinates":[11.934817,57.707392]},"properties":{"name":"Lindholmen","band":3,"modes":"tram","arr":["10","12"],"off":[0,-0.8]}},{"type":"Feature","geometry":{"type":"Point","coordinates":[11.934817,57.707392]},"properties":{"line":"10","mode":"tram","color":"#d6212b","colorDark":"#7c1116","band":3,"off":[-1.7,1.1]}},{"type":"Feature","geometry":{"type":"Point","coordinates":[11.934817,57.707392]},"properties":{"line":"12","mode":"tram","color":"#d6212b","colorDark":"#7c1116","band":3,"off":[1.7,1.1]}},{"type":"Feature","geometry":{"type":"Point","coordinates":[11.975272,57.680868]},"properties":{"name":"Doktor Sydows Gata","band":3,"modes":"tram","arr":["10"],"off":[0,-0.8]}},{"type":"Feature","geometry":{"type":"Point","coordinates":[11.975272,57.680868]},"properties":{"line":"10","mode":"tram","color":"#d6212b","colorDark":"#7c1116","band":3,"off":[0,1.1]}},{"type":"Feature","geometry":{"type":"Point","coordinates":[11.846438,57.660548]},"properties":{"name":"Saltholmen","band":3,"modes":"tram","arr":["11","13","X"],"off":[0,-0.8]}},{"type":"Feature","geometry":{"type":"Point","coordinates":[11.846438,57.660548]},"properties":{"line":"11","mode":"tram","color":"#d6212b","colorDark":"#7c1116","band":3,"off":[-3.4,1.1]}},{"type":"Feature","geometry":{"type":"Point","coordinates":[11.846438,57.660548]},"properties":{"line":"13","mode":"tram","color":"#d6212b","colorDark":"#7c1116","band":3,"off":[0,1.1]}},{"type":"Feature","geometry":{"type":"Point","coordinates":[11.846438,57.660548]},"properties":{"line":"X","mode":"tram","color":"#d6212b","colorDark":"#7c1116","band":3,"off":[3.4,1.1]}},{"type":"Feature","geometry":{"type":"Point","coordinates":[11.972952,57.707817]},"properties":{"name":"Drottningtorget","band":3,"modes":"tram","arr":["13"],"off":[0,-0.8]}},{"type":"Feature","geometry":{"type":"Point","coordinates":[11.972952,57.707817]},"properties":{"line":"13","mode":"tram","color":"#d6212b","colorDark":"#7c1116","band":3,"off":[0,1.1]}},{"type":"Feature","geometry":{"type":"Point","coordinates":[12.047166,57.722459]},"properties":{"name":"Östra Sjukhuset","band":4,"modes":"bus","arr":["1E","17","514"],"off":[0,-0.8]}},{"type":"Feature","geometry":{"type":"Point","coordinates":[12.047166,57.722459]},"properties":{"line":"1E","mode":"bus","color":"#0059a9","colorDark":"#00294f","band":4,"off":[-3.4,1.1]}},{"type":"Feature","geometry":{"type":"Point","coordinates":[12.047166,57.722459]},"properties":{"line":"17","mode":"bus","color":"#0059a9","colorDark":"#00294f","band":4,"off":[0,1.1]}},{"type":"Feature","geometry":{"type":"Point","coordinates":[12.047166,57.722459]},"properties":{"line":"514","mode":"bus","color":"#0059a9","colorDark":"#00294f","band":4,"off":[3.4,1.1]}},{"type":"Feature","geometry":{"type":"Point","coordinates":[12.004403,57.716307]},"properties":{"name":"Redbergsplatsen","band":4,"modes":"bus","arr":["1E","60","62"],"off":[0,-0.8]}},{"type":"Feature","geometry":{"type":"Point","coordinates":[12.004403,57.716307]},"properties":{"line":"1E","mode":"bus","color":"#0059a9","colorDark":"#00294f","band":4,"off":[-3.4,1.1]}},{"type":"Feature","geometry":{"type":"Point","coordinates":[12.004403,57.716307]},"properties":{"line":"60","mode":"bus","color":"#0059a9","colorDark":"#00294f","band":4,"off":[0,1.1]}},{"type":"Feature","geometry":{"type":"Point","coordinates":[12.004403,57.716307]},"properties":{"line":"62","mode":"bus","color":"#0059a9","colorDark":"#00294f","band":4,"off":[3.4,1.1]}},{"type":"Feature","geometry":{"type":"Point","coordinates":[11.934669,57.694812]},"properties":{"name":"Fjällgatan","band":4,"modes":"bus","arr":["3E"],"off":[0,-0.8]}},{"type":"Feature","geometry":{"type":"Point","coordinates":[11.934669,57.694812]},"properties":{"line":"3E","mode":"bus","color":"#0059a9","colorDark":"#00294f","band":4,"off":[0,1.1]}},{"type":"Feature","geometry":{"type":"Point","coordinates":[11.953728,57.700605]},"properties":{"name":"Järntorget","band":4,"modes":"bus","arr":["3E","190"],"off":[0,-0.8]}},{"type":"Feature","geometry":{"type":"Point","coordinates":[11.953728,57.700605]},"properties":{"line":"3E","mode":"bus","color":"#0059a9","colorDark":"#00294f","band":4,"off":[-1.7,1.1]}},{"type":"Feature","geometry":{"type":"Point","coordinates":[11.953728,57.700605]},"properties":{"line":"190","mode":"bus","color":"#0059a9","colorDark":"#00294f","band":4,"off":[1.7,1.1]}},{"type":"Feature","geometry":{"type":"Point","coordinates":[12.079256,57.490465]},"properties":{"name":"Kungsbacka station","band":4,"modes":"bus","arr":["4","20","717","720","735"],"off":[0,-0.8]}},{"type":"Feature","geometry":{"type":"Point","coordinates":[12.079256,57.490465]},"properties":{"line":"4","mode":"bus","color":"#0059a9","colorDark":"#00294f","band":4,"off":[-6.8,1.1]}},{"type":"Feature","geometry":{"type":"Point","coordinates":[12.079256,57.490465]},"properties":{"line":"20","mode":"bus","color":"#0059a9","colorDark":"#00294f","band":4,"off":[-3.4,1.1]}},{"type":"Feature","geometry":{"type":"Point","coordinates":[12.079256,57.490465]},"properties":{"line":"717","mode":"bus","color":"#0059a9","colorDark":"#00294f","band":4,"off":[0,1.1]}},{"type":"Feature","geometry":{"type":"Point","coordinates":[12.079256,57.490465]},"properties":{"line":"720","mode":"bus","color":"#0059a9","colorDark":"#00294f","band":4,"off":[3.4,1.1]}},{"type":"Feature","geometry":{"type":"Point","coordinates":[12.079256,57.490465]},"properties":{"line":"735","mode":"bus","color":"#0059a9","colorDark":"#00294f","band":4,"off":[6.8,1.1]}},{"type":"Feature","geometry":{"type":"Point","coordinates":[12.082598,57.513454]},"properties":{"name":"Hede station","band":4,"modes":"bus","arr":["4","5","KB1"],"off":[0,-0.8]}},{"type":"Feature","geometry":{"type":"Point","coordinates":[12.082598,57.513454]},"properties":{"line":"4","mode":"bus","color":"#0059a9","colorDark":"#00294f","band":4,"off":[-3.4,1.1]}},{"type":"Feature","geometry":{"type":"Point","coordinates":[12.082598,57.513454]},"properties":{"line":"5","mode":"bus","color":"#0059a9","colorDark":"#00294f","band":4,"off":[0,1.1]}},{"type":"Feature","geometry":{"type":"Point","coordinates":[12.082598,57.513454]},"properties":{"line":"KB1","mode":"bus","color":"#0059a9","colorDark":"#00294f","band":4,"off":[3.4,1.1],"lbl":"1"}},{"type":"Feature","geometry":{"type":"Point","coordinates":[12.048919,57.795497]},"properties":{"name":"Angered Centrum","band":4,"modes":"tram,bus","arr":["4","4E","8","9","40","71","73","74","75","76","77","148","179","401","X#2"],"off":[0,-0.8]}},{"type":"Feature","geometry":{"type":"Point","coordinates":[12.048919,57.795497]},"properties":{"line":"4","mode":"tram","color":"#d6212b","colorDark":"#7c1116","band":4,"off":[-6.8,1.1]}},{"type":"Feature","geometry":{"type":"Point","coordinates":[12.048919,57.795497]},"properties":{"line":"4E","mode":"bus","color":"#0059a9","colorDark":"#00294f","band":4,"off":[-3.4,1.1]}},{"type":"Feature","geometry":{"type":"Point","coordinates":[12.048919,57.795497]},"properties":{"line":"8","mode":"tram","color":"#d6212b","colorDark":"#7c1116","band":4,"off":[0,1.1]}},{"type":"Feature","geometry":{"type":"Point","coordinates":[12.048919,57.795497]},"properties":{"line":"9","mode":"tram","color":"#d6212b","colorDark":"#7c1116","band":4,"off":[3.4,1.1]}},{"type":"Feature","geometry":{"type":"Point","coordinates":[12.048919,57.795497]},"properties":{"line":"40","mode":"bus","color":"#0059a9","colorDark":"#00294f","band":4,"off":[6.8,1.1]}},{"type":"Feature","geometry":{"type":"Point","coordinates":[12.048919,57.795497]},"properties":{"line":"71","mode":"bus","color":"#0059a9","colorDark":"#00294f","band":4,"off":[-6.8,3.1]}},{"type":"Feature","geometry":{"type":"Point","coordinates":[12.048919,57.795497]},"properties":{"line":"73","mode":"bus","color":"#0059a9","colorDark":"#00294f","band":4,"off":[-3.4,3.1]}},{"type":"Feature","geometry":{"type":"Point","coordinates":[12.048919,57.795497]},"properties":{"line":"74","mode":"bus","color":"#0059a9","colorDark":"#00294f","band":4,"off":[0,3.1]}},{"type":"Feature","geometry":{"type":"Point","coordinates":[12.048919,57.795497]},"properties":{"line":"75","mode":"bus","color":"#0059a9","colorDark":"#00294f","band":4,"off":[3.4,3.1]}},{"type":"Feature","geometry":{"type":"Point","coordinates":[12.048919,57.795497]},"properties":{"line":"76","mode":"bus","color":"#0059a9","colorDark":"#00294f","band":4,"off":[6.8,3.1]}},{"type":"Feature","geometry":{"type":"Point","coordinates":[12.048919,57.795497]},"properties":{"line":"77","mode":"bus","color":"#0059a9","colorDark":"#00294f","band":4,"off":[-6.8,5.1]}},{"type":"Feature","geometry":{"type":"Point","coordinates":[12.048919,57.795497]},"properties":{"line":"148","mode":"bus","color":"#0059a9","colorDark":"#00294f","band":4,"off":[-3.4,5.1]}},{"type":"Feature","geometry":{"type":"Point","coordinates":[12.048919,57.795497]},"properties":{"line":"179","mode":"bus","color":"#0059a9","colorDark":"#00294f","band":4,"off":[0,5.1]}},{"type":"Feature","geometry":{"type":"Point","coordinates":[12.048919,57.795497]},"properties":{"line":"401","mode":"bus","color":"#0059a9","colorDark":"#00294f","band":4,"off":[3.4,5.1]}},{"type":"Feature","geometry":{"type":"Point","coordinates":[12.048919,57.795497]},"properties":{"line":"X#2","mode":"tram","color":"#d6212b","colorDark":"#7c1116","band":4,"off":[6.8,5.1],"lbl":"X"}},{"type":"Feature","geometry":{"type":"Point","coordinates":[12.003389,57.72789]},"properties":{"name":"Gamlestads Torg","band":4,"modes":"bus","arr":["4E","6E","56","59","78","127","131","159","167","168","515"],"off":[0,-0.8]}},{"type":"Feature","geometry":{"type":"Point","coordinates":[12.003389,57.72789]},"properties":{"line":"4E","mode":"bus","color":"#0059a9","colorDark":"#00294f","band":4,"off":[-6.8,1.1]}},{"type":"Feature","geometry":{"type":"Point","coordinates":[12.003389,57.72789]},"properties":{"line":"6E","mode":"bus","color":"#0059a9","colorDark":"#00294f","band":4,"off":[-3.4,1.1]}},{"type":"Feature","geometry":{"type":"Point","coordinates":[12.003389,57.72789]},"properties":{"line":"56","mode":"bus","color":"#0059a9","colorDark":"#00294f","band":4,"off":[0,1.1]}},{"type":"Feature","geometry":{"type":"Point","coordinates":[12.003389,57.72789]},"properties":{"line":"59","mode":"bus","color":"#0059a9","colorDark":"#00294f","band":4,"off":[3.4,1.1]}},{"type":"Feature","geometry":{"type":"Point","coordinates":[12.003389,57.72789]},"properties":{"line":"78","mode":"bus","color":"#0059a9","colorDark":"#00294f","band":4,"off":[6.8,1.1]}},{"type":"Feature","geometry":{"type":"Point","coordinates":[12.003389,57.72789]},"properties":{"line":"127","mode":"bus","color":"#0059a9","colorDark":"#00294f","band":4,"off":[-6.8,3.1]}},{"type":"Feature","geometry":{"type":"Point","coordinates":[12.003389,57.72789]},"properties":{"line":"131","mode":"bus","color":"#0059a9","colorDark":"#00294f","band":4,"off":[-3.4,3.1]}},{"type":"Feature","geometry":{"type":"Point","coordinates":[12.003389,57.72789]},"properties":{"line":"159","mode":"bus","color":"#0059a9","colorDark":"#00294f","band":4,"off":[0,3.1]}},{"type":"Feature","geometry":{"type":"Point","coordinates":[12.003389,57.72789]},"properties":{"line":"167","mode":"bus","color":"#0059a9","colorDark":"#00294f","band":4,"off":[3.4,3.1]}},{"type":"Feature","geometry":{"type":"Point","coordinates":[12.003389,57.72789]},"properties":{"line":"168","mode":"bus","color":"#0059a9","colorDark":"#00294f","band":4,"off":[6.8,3.1]}},{"type":"Feature","geometry":{"type":"Point","coordinates":[12.003389,57.72789]},"properties":{"line":"515","mode":"bus","color":"#0059a9","colorDark":"#00294f","band":4,"off":[0,5.1]}},{"type":"Feature","geometry":{"type":"Point","coordinates":[11.990468,57.712832]},"properties":{"name":"Svingeln","band":4,"modes":"bus","arr":["6E","40","43","501","502"],"off":[0,-0.8]}},{"type":"Feature","geometry":{"type":"Point","coordinates":[11.990468,57.712832]},"properties":{"line":"6E","mode":"bus","color":"#0059a9","colorDark":"#00294f","band":4,"off":[-6.8,1.1]}},{"type":"Feature","geometry":{"type":"Point","coordinates":[11.990468,57.712832]},"properties":{"line":"40","mode":"bus","color":"#0059a9","colorDark":"#00294f","band":4,"off":[-3.4,1.1]}},{"type":"Feature","geometry":{"type":"Point","coordinates":[11.990468,57.712832]},"properties":{"line":"43","mode":"bus","color":"#0059a9","colorDark":"#00294f","band":4,"off":[0,1.1]}},{"type":"Feature","geometry":{"type":"Point","coordinates":[11.990468,57.712832]},"properties":{"line":"501","mode":"bus","color":"#0059a9","colorDark":"#00294f","band":4,"off":[3.4,1.1]}},{"type":"Feature","geometry":{"type":"Point","coordinates":[11.990468,57.712832]},"properties":{"line":"502","mode":"bus","color":"#0059a9","colorDark":"#00294f","band":4,"off":[6.8,1.1]}},{"type":"Feature","geometry":{"type":"Point","coordinates":[12.072353,57.750572]},"properties":{"name":"Komettorget","band":4,"modes":"bus","arr":["11E","56"],"off":[0,-0.8]}},{"type":"Feature","geometry":{"type":"Point","coordinates":[12.072353,57.750572]},"properties":{"line":"11E","mode":"bus","color":"#0059a9","colorDark":"#00294f","band":4,"off":[-1.7,1.1]}},{"type":"Feature","geometry":{"type":"Point","coordinates":[12.072353,57.750572]},"properties":{"line":"56","mode":"bus","color":"#0059a9","colorDark":"#00294f","band":4,"off":[1.7,1.1]}},{"type":"Feature","geometry":{"type":"Point","coordinates":[12.072435,57.757101]},"properties":{"name":"Rymdtorget Buss","band":4,"modes":"bus","arr":["159"],"off":[0,-0.8]}},{"type":"Feature","geometry":{"type":"Point","coordinates":[12.072435,57.757101]},"properties":{"line":"159","mode":"bus","color":"#0059a9","colorDark":"#00294f","band":4,"off":[0,1.1]}},{"type":"Feature","geometry":{"type":"Point","coordinates":[12.051076,57.760881]},"properties":{"name":"Gärdsås Torg","band":4,"modes":"bus","arr":["57"],"off":[0,-0.8]}},{"type":"Feature","geometry":{"type":"Point","coordinates":[12.051076,57.760881]},"properties":{"line":"57","mode":"bus","color":"#0059a9","colorDark":"#00294f","band":4,"off":[0,1.1]}},{"type":"Feature","geometry":{"type":"Point","coordinates":[12.02735,57.742552]},"properties":{"name":"Nymånegatan","band":4,"modes":"bus","arr":["11E"],"off":[0,-0.8]}},{"type":"Feature","geometry":{"type":"Point","coordinates":[12.02735,57.742552]},"properties":{"line":"11E","mode":"bus","color":"#0059a9","colorDark":"#00294f","band":4,"off":[0,1.1]}},{"type":"Feature","geometry":{"type":"Point","coordinates":[11.953363,57.72069]},"properties":{"name":"Hjalmar Brantingsplatsen","band":4,"modes":"bus","arr":["47","99","135","137","141"],"off":[0,-0.8]}},{"type":"Feature","geometry":{"type":"Point","coordinates":[11.953363,57.72069]},"properties":{"line":"47","mode":"bus","color":"#0059a9","colorDark":"#00294f","band":4,"off":[-6.8,1.1]}},{"type":"Feature","geometry":{"type":"Point","coordinates":[11.953363,57.72069]},"properties":{"line":"99","mode":"bus","color":"#0059a9","colorDark":"#00294f","band":4,"off":[-3.4,1.1]}},{"type":"Feature","geometry":{"type":"Point","coordinates":[11.953363,57.72069]},"properties":{"line":"135","mode":"bus","color":"#0059a9","colorDark":"#00294f","band":4,"off":[0,1.1]}},{"type":"Feature","geometry":{"type":"Point","coordinates":[11.953363,57.72069]},"properties":{"line":"137","mode":"bus","color":"#0059a9","colorDark":"#00294f","band":4,"off":[3.4,1.1]}},{"type":"Feature","geometry":{"type":"Point","coordinates":[11.953363,57.72069]},"properties":{"line":"141","mode":"bus","color":"#0059a9","colorDark":"#00294f","band":4,"off":[6.8,1.1]}},{"type":"Feature","geometry":{"type":"Point","coordinates":[11.94036,57.742053]},"properties":{"name":"Grimbo","band":4,"modes":"bus","arr":["145"],"off":[0,-0.8]}},{"type":"Feature","geometry":{"type":"Point","coordinates":[11.94036,57.742053]},"properties":{"line":"145","mode":"bus","color":"#0059a9","colorDark":"#00294f","band":4,"off":[0,1.1]}},{"type":"Feature","geometry":{"type":"Point","coordinates":[11.917405,57.752168]},"properties":{"name":"Hinnebäcksgatan","band":4,"modes":"bus","arr":["17","44","145"],"off":[0,-0.8]}},{"type":"Feature","geometry":{"type":"Point","coordinates":[11.917405,57.752168]},"properties":{"line":"17","mode":"bus","color":"#0059a9","colorDark":"#00294f","band":4,"off":[-3.4,1.1]}},{"type":"Feature","geometry":{"type":"Point","coordinates":[11.917405,57.752168]},"properties":{"line":"44","mode":"bus","color":"#0059a9","colorDark":"#00294f","band":4,"off":[0,1.1]}},{"type":"Feature","geometry":{"type":"Point","coordinates":[11.917405,57.752168]},"properties":{"line":"145","mode":"bus","color":"#0059a9","colorDark":"#00294f","band":4,"off":[3.4,1.1]}},{"type":"Feature","geometry":{"type":"Point","coordinates":[11.970843,57.709117]},"properties":{"name":"Nils Ericsonsplatsen","band":4,"modes":"bus","arr":["29","128","129"],"off":[0,-0.8]}},{"type":"Feature","geometry":{"type":"Point","coordinates":[11.970843,57.709117]},"properties":{"line":"29","mode":"bus","color":"#0059a9","colorDark":"#00294f","band":4,"off":[-3.4,1.1]}},{"type":"Feature","geometry":{"type":"Point","coordinates":[11.970843,57.709117]},"properties":{"line":"128","mode":"bus","color":"#0059a9","colorDark":"#00294f","band":4,"off":[0,1.1]}},{"type":"Feature","geometry":{"type":"Point","coordinates":[11.970843,57.709117]},"properties":{"line":"129","mode":"bus","color":"#0059a9","colorDark":"#00294f","band":4,"off":[3.4,1.1]}},{"type":"Feature","geometry":{"type":"Point","coordinates":[11.975176,57.708659]},"properties":{"name":"Drottningtorget","band":4,"modes":"bus","arr":["141"],"off":[0,-0.8]}},{"type":"Feature","geometry":{"type":"Point","coordinates":[11.975176,57.708659]},"properties":{"line":"141","mode":"bus","color":"#0059a9","colorDark":"#00294f","band":4,"off":[0,1.1]}},{"type":"Feature","geometry":{"type":"Point","coordinates":[12.017491,57.680747]},"properties":{"name":"Kallebäcks Källa","band":4,"modes":"bus","arr":["18","86"],"off":[0,-0.8]}},{"type":"Feature","geometry":{"type":"Point","coordinates":[12.017491,57.680747]},"properties":{"line":"18","mode":"bus","color":"#0059a9","colorDark":"#00294f","band":4,"off":[-1.7,1.1]}},{"type":"Feature","geometry":{"type":"Point","coordinates":[12.017491,57.680747]},"properties":{"line":"86","mode":"bus","color":"#0059a9","colorDark":"#00294f","band":4,"off":[1.7,1.1]}},{"type":"Feature","geometry":{"type":"Point","coordinates":[11.986776,57.757735]},"properties":{"name":"Körkarlens gata","band":4,"modes":"bus","arr":["18","46","47","142"],"off":[0,-0.8]}},{"type":"Feature","geometry":{"type":"Point","coordinates":[11.986776,57.757735]},"properties":{"line":"18","mode":"bus","color":"#0059a9","colorDark":"#00294f","band":4,"off":[-5.1,1.1]}},{"type":"Feature","geometry":{"type":"Point","coordinates":[11.986776,57.757735]},"properties":{"line":"46","mode":"bus","color":"#0059a9","colorDark":"#00294f","band":4,"off":[-1.7,1.1]}},{"type":"Feature","geometry":{"type":"Point","coordinates":[11.986776,57.757735]},"properties":{"line":"47","mode":"bus","color":"#0059a9","colorDark":"#00294f","band":4,"off":[1.7,1.1]}},{"type":"Feature","geometry":{"type":"Point","coordinates":[11.986776,57.757735]},"properties":{"line":"142","mode":"bus","color":"#0059a9","colorDark":"#00294f","band":4,"off":[5.1,1.1]}},{"type":"Feature","geometry":{"type":"Point","coordinates":[12.004852,57.690469]},"properties":{"name":"Skårs Kyrka","band":4,"modes":"bus","arr":["62"],"off":[0,-0.8]}},{"type":"Feature","geometry":{"type":"Point","coordinates":[12.004852,57.690469]},"properties":{"line":"62","mode":"bus","color":"#0059a9","colorDark":"#00294f","band":4,"off":[0,1.1]}},{"type":"Feature","geometry":{"type":"Point","coordinates":[11.936013,57.673866]},"properties":{"name":"Marklandsgatan","band":4,"modes":"bus","arr":["19","65","82","84","95","758"],"off":[0,-0.8]}},{"type":"Feature","geometry":{"type":"Point","coordinates":[11.936013,57.673866]},"properties":{"line":"19","mode":"bus","color":"#0059a9","colorDark":"#00294f","band":4,"off":[-6.8,1.1]}},{"type":"Feature","geometry":{"type":"Point","coordinates":[11.936013,57.673866]},"properties":{"line":"65","mode":"bus","color":"#0059a9","colorDark":"#00294f","band":4,"off":[-3.4,1.1]}},{"type":"Feature","geometry":{"type":"Point","coordinates":[11.936013,57.673866]},"properties":{"line":"82","mode":"bus","color":"#0059a9","colorDark":"#00294f","band":4,"off":[0,1.1]}},{"type":"Feature","geometry":{"type":"Point","coordinates":[11.936013,57.673866]},"properties":{"line":"84","mode":"bus","color":"#0059a9","colorDark":"#00294f","band":4,"off":[3.4,1.1]}},{"type":"Feature","geometry":{"type":"Point","coordinates":[11.936013,57.673866]},"properties":{"line":"95","mode":"bus","color":"#0059a9","colorDark":"#00294f","band":4,"off":[6.8,1.1]}},{"type":"Feature","geometry":{"type":"Point","coordinates":[11.936013,57.673866]},"properties":{"line":"758","mode":"bus","color":"#0059a9","colorDark":"#00294f","band":4,"off":[0,3.1]}},{"type":"Feature","geometry":{"type":"Point","coordinates":[11.945386,57.712018]},"properties":{"name":"Pumpgatan","band":4,"modes":"bus","arr":["35","37","199"],"off":[0,-0.8]}},{"type":"Feature","geometry":{"type":"Point","coordinates":[11.945386,57.712018]},"properties":{"line":"35","mode":"bus","color":"#0059a9","colorDark":"#00294f","band":4,"off":[-3.4,1.1]}},{"type":"Feature","geometry":{"type":"Point","coordinates":[11.945386,57.712018]},"properties":{"line":"37","mode":"bus","color":"#0059a9","colorDark":"#00294f","band":4,"off":[0,1.1]}},{"type":"Feature","geometry":{"type":"Point","coordinates":[11.945386,57.712018]},"properties":{"line":"199","mode":"bus","color":"#0059a9","colorDark":"#00294f","band":4,"off":[3.4,1.1]}},{"type":"Feature","geometry":{"type":"Point","coordinates":[11.9986,57.774585]},"properties":{"name":"Bäckebol Norra","band":4,"modes":"bus","arr":["19"],"off":[0,-0.8]}},{"type":"Feature","geometry":{"type":"Point","coordinates":[11.9986,57.774585]},"properties":{"line":"19","mode":"bus","color":"#0059a9","colorDark":"#00294f","band":4,"off":[0,1.1]}},{"type":"Feature","geometry":{"type":"Point","coordinates":[11.976176,57.707926]},"properties":{"name":"Åkareplatsen","band":4,"modes":"bus","arr":["20","22","101","LERS"],"off":[0,-0.8]}},{"type":"Feature","geometry":{"type":"Point","coordinates":[11.976176,57.707926]},"properties":{"line":"20","mode":"bus","color":"#0059a9","colorDark":"#00294f","band":4,"off":[-5.1,1.1]}},{"type":"Feature","geometry":{"type":"Point","coordinates":[11.976176,57.707926]},"properties":{"line":"22","mode":"bus","color":"#0059a9","colorDark":"#00294f","band":4,"off":[-1.7,1.1]}},{"type":"Feature","geometry":{"type":"Point","coordinates":[11.976176,57.707926]},"properties":{"line":"101","mode":"bus","color":"#0059a9","colorDark":"#00294f","band":4,"off":[1.7,1.1]}},{"type":"Feature","geometry":{"type":"Point","coordinates":[11.976176,57.707926]},"properties":{"line":"LERS","mode":"bus","color":"#0059a9","colorDark":"#00294f","band":4,"off":[5.1,1.1]}},{"type":"Feature","geometry":{"type":"Point","coordinates":[12.070365,57.761988]},"properties":{"name":"Merkuriusgatan","band":4,"modes":"bus","arr":["21"],"off":[0,-0.8]}},{"type":"Feature","geometry":{"type":"Point","coordinates":[12.070365,57.761988]},"properties":{"line":"21","mode":"bus","color":"#0059a9","colorDark":"#00294f","band":4,"off":[0,1.1]}},{"type":"Feature","geometry":{"type":"Point","coordinates":[11.909944,57.716201]},"properties":{"name":"Eketrägatan","band":4,"modes":"bus","arr":["21","27","30","32","34","44","X76"],"off":[0,-0.8]}},{"type":"Feature","geometry":{"type":"Point","coordinates":[11.909944,57.716201]},"properties":{"line":"21","mode":"bus","color":"#0059a9","colorDark":"#00294f","band":4,"off":[-6.8,1.1]}},{"type":"Feature","geometry":{"type":"Point","coordinates":[11.909944,57.716201]},"properties":{"line":"27","mode":"bus","color":"#0059a9","colorDark":"#00294f","band":4,"off":[-3.4,1.1]}},{"type":"Feature","geometry":{"type":"Point","coordinates":[11.909944,57.716201]},"properties":{"line":"30","mode":"bus","color":"#0059a9","colorDark":"#00294f","band":4,"off":[0,1.1]}},{"type":"Feature","geometry":{"type":"Point","coordinates":[11.909944,57.716201]},"properties":{"line":"32","mode":"bus","color":"#0059a9","colorDark":"#00294f","band":4,"off":[3.4,1.1]}},{"type":"Feature","geometry":{"type":"Point","coordinates":[11.909944,57.716201]},"properties":{"line":"34","mode":"bus","color":"#0059a9","colorDark":"#00294f","band":4,"off":[6.8,1.1]}},{"type":"Feature","geometry":{"type":"Point","coordinates":[11.909944,57.716201]},"properties":{"line":"44","mode":"bus","color":"#0059a9","colorDark":"#00294f","band":4,"off":[-1.7,3.1]}},{"type":"Feature","geometry":{"type":"Point","coordinates":[11.909944,57.716201]},"properties":{"line":"X76","mode":"bus","color":"#0059a9","colorDark":"#00294f","band":4,"off":[1.7,3.1]}},{"type":"Feature","geometry":{"type":"Point","coordinates":[12.173604,57.745374]},"properties":{"name":"Jons väg","band":4,"modes":"bus","arr":["518","519"],"off":[0,-0.8]}},{"type":"Feature","geometry":{"type":"Point","coordinates":[12.173604,57.745374]},"properties":{"line":"518","mode":"bus","color":"#0059a9","colorDark":"#00294f","band":4,"off":[-1.7,1.1]}},{"type":"Feature","geometry":{"type":"Point","coordinates":[12.173604,57.745374]},"properties":{"line":"519","mode":"bus","color":"#0059a9","colorDark":"#00294f","band":4,"off":[1.7,1.1]}},{"type":"Feature","geometry":{"type":"Point","coordinates":[12.529199,57.927184]},"properties":{"name":"Alingsåsterminalen","band":4,"modes":"bus","arr":["22"],"off":[0,-0.8]}},{"type":"Feature","geometry":{"type":"Point","coordinates":[12.529199,57.927184]},"properties":{"line":"22","mode":"bus","color":"#0059a9","colorDark":"#00294f","band":4,"off":[0,1.1]}},{"type":"Feature","geometry":{"type":"Point","coordinates":[12.02334,57.630801]},"properties":{"name":"Peppareds torg","band":4,"modes":"bus","arr":["25"],"off":[0,-0.8]}},{"type":"Feature","geometry":{"type":"Point","coordinates":[12.02334,57.630801]},"properties":{"line":"25","mode":"bus","color":"#0059a9","colorDark":"#00294f","band":4,"off":[0,1.1]}},{"type":"Feature","geometry":{"type":"Point","coordinates":[11.952846,57.689624]},"properties":{"name":"Linnéplatsen","band":4,"modes":"bus","arr":["63","757"],"off":[0,-0.8]}},{"type":"Feature","geometry":{"type":"Point","coordinates":[11.952846,57.689624]},"properties":{"line":"63","mode":"bus","color":"#0059a9","colorDark":"#00294f","band":4,"off":[-1.7,1.1]}},{"type":"Feature","geometry":{"type":"Point","coordinates":[11.952846,57.689624]},"properties":{"line":"757","mode":"bus","color":"#0059a9","colorDark":"#00294f","band":4,"off":[1.7,1.1]}},{"type":"Feature","geometry":{"type":"Point","coordinates":[11.886564,57.733091]},"properties":{"name":"Svarte Mosse","band":4,"modes":"bus","arr":["25"],"off":[0,-0.8]}},{"type":"Feature","geometry":{"type":"Point","coordinates":[11.886564,57.733091]},"properties":{"line":"25","mode":"bus","color":"#0059a9","colorDark":"#00294f","band":4,"off":[0,1.1]}},{"type":"Feature","geometry":{"type":"Point","coordinates":[12.017154,57.656492]},"properties":{"name":"Mölndals Innerstad","band":4,"modes":"bus","arr":["755","757","759","764"],"off":[0,-0.8]}},{"type":"Feature","geometry":{"type":"Point","coordinates":[12.017154,57.656492]},"properties":{"line":"755","mode":"bus","color":"#0059a9","colorDark":"#00294f","band":4,"off":[-5.1,1.1]}},{"type":"Feature","geometry":{"type":"Point","coordinates":[12.017154,57.656492]},"properties":{"line":"757","mode":"bus","color":"#0059a9","colorDark":"#00294f","band":4,"off":[-1.7,1.1]}},{"type":"Feature","geometry":{"type":"Point","coordinates":[12.017154,57.656492]},"properties":{"line":"759","mode":"bus","color":"#0059a9","colorDark":"#00294f","band":4,"off":[1.7,1.1]}},{"type":"Feature","geometry":{"type":"Point","coordinates":[12.017154,57.656492]},"properties":{"line":"764","mode":"bus","color":"#0059a9","colorDark":"#00294f","band":4,"off":[5.1,1.1]}},{"type":"Feature","geometry":{"type":"Point","coordinates":[11.842654,57.712635]},"properties":{"name":"Sörredsmotet","band":4,"modes":"bus","arr":["27","32","139"],"off":[0,-0.8]}},{"type":"Feature","geometry":{"type":"Point","coordinates":[11.842654,57.712635]},"properties":{"line":"27","mode":"bus","color":"#0059a9","colorDark":"#00294f","band":4,"off":[-3.4,1.1]}},{"type":"Feature","geometry":{"type":"Point","coordinates":[11.842654,57.712635]},"properties":{"line":"32","mode":"bus","color":"#0059a9","colorDark":"#00294f","band":4,"off":[0,1.1]}},{"type":"Feature","geometry":{"type":"Point","coordinates":[11.842654,57.712635]},"properties":{"line":"139","mode":"bus","color":"#0059a9","colorDark":"#00294f","band":4,"off":[3.4,1.1]}},{"type":"Feature","geometry":{"type":"Point","coordinates":[11.840989,57.716746]},"properties":{"name":"Volvo Torslanda TK","band":4,"modes":"bus","arr":["145","179"],"off":[0,-0.8]}},{"type":"Feature","geometry":{"type":"Point","coordinates":[11.840989,57.716746]},"properties":{"line":"145","mode":"bus","color":"#0059a9","colorDark":"#00294f","band":4,"off":[-1.7,1.1]}},{"type":"Feature","geometry":{"type":"Point","coordinates":[11.840989,57.716746]},"properties":{"line":"179","mode":"bus","color":"#0059a9","colorDark":"#00294f","band":4,"off":[1.7,1.1]}},{"type":"Feature","geometry":{"type":"Point","coordinates":[11.849809,57.723404]},"properties":{"name":"Volvohallen","band":4,"modes":"bus","arr":["159","190"],"off":[0,-0.8]}},{"type":"Feature","geometry":{"type":"Point","coordinates":[11.849809,57.723404]},"properties":{"line":"159","mode":"bus","color":"#0059a9","colorDark":"#00294f","band":4,"off":[-1.7,1.1]}},{"type":"Feature","geometry":{"type":"Point","coordinates":[11.849809,57.723404]},"properties":{"line":"190","mode":"bus","color":"#0059a9","colorDark":"#00294f","band":4,"off":[1.7,1.1]}},{"type":"Feature","geometry":{"type":"Point","coordinates":[11.866169,57.727955]},"properties":{"name":"Volvo Torslanda PVH","band":4,"modes":"bus","arr":["X77"],"off":[0,-0.8]}},{"type":"Feature","geometry":{"type":"Point","coordinates":[11.866169,57.727955]},"properties":{"line":"X77","mode":"bus","color":"#0059a9","colorDark":"#00294f","band":4,"off":[0,1.1]}},{"type":"Feature","geometry":{"type":"Point","coordinates":[11.862463,57.721867]},"properties":{"name":"Volvo Torslanda RA","band":4,"modes":"bus","arr":["127","180"],"off":[0,-0.8]}},{"type":"Feature","geometry":{"type":"Point","coordinates":[11.862463,57.721867]},"properties":{"line":"127","mode":"bus","color":"#0059a9","colorDark":"#00294f","band":4,"off":[-1.7,1.1]}},{"type":"Feature","geometry":{"type":"Point","coordinates":[11.862463,57.721867]},"properties":{"line":"180","mode":"bus","color":"#0059a9","colorDark":"#00294f","band":4,"off":[1.7,1.1]}},{"type":"Feature","geometry":{"type":"Point","coordinates":[11.839706,57.711329]},"properties":{"name":"Sörredsmotet","band":4,"modes":"bus","arr":["27","32","139","142"],"off":[0,-0.8]}},{"type":"Feature","geometry":{"type":"Point","coordinates":[11.839706,57.711329]},"properties":{"line":"27","mode":"bus","color":"#0059a9","colorDark":"#00294f","band":4,"off":[-5.1,1.1]}},{"type":"Feature","geometry":{"type":"Point","coordinates":[11.839706,57.711329]},"properties":{"line":"32","mode":"bus","color":"#0059a9","colorDark":"#00294f","band":4,"off":[-1.7,1.1]}},{"type":"Feature","geometry":{"type":"Point","coordinates":[11.839706,57.711329]},"properties":{"line":"139","mode":"bus","color":"#0059a9","colorDark":"#00294f","band":4,"off":[1.7,1.1]}},{"type":"Feature","geometry":{"type":"Point","coordinates":[11.839706,57.711329]},"properties":{"line":"142","mode":"bus","color":"#0059a9","colorDark":"#00294f","band":4,"off":[5.1,1.1]}},{"type":"Feature","geometry":{"type":"Point","coordinates":[11.779368,57.709981]},"properties":{"name":"Amhult Resecentrum","band":4,"modes":"bus","arr":["29","X90"],"off":[0,-0.8]}},{"type":"Feature","geometry":{"type":"Point","coordinates":[11.779368,57.709981]},"properties":{"line":"29","mode":"bus","color":"#0059a9","colorDark":"#00294f","band":4,"off":[-1.7,1.1]}},{"type":"Feature","geometry":{"type":"Point","coordinates":[11.779368,57.709981]},"properties":{"line":"X90","mode":"bus","color":"#0059a9","colorDark":"#00294f","band":4,"off":[1.7,1.1]}},{"type":"Feature","geometry":{"type":"Point","coordinates":[11.782713,57.714753]},"properties":{"name":"Torslandakrysset","band":4,"modes":"bus","arr":["129"],"off":[0,-0.8]}},{"type":"Feature","geometry":{"type":"Point","coordinates":[11.782713,57.714753]},"properties":{"line":"129","mode":"bus","color":"#0059a9","colorDark":"#00294f","band":4,"off":[0,1.1]}},{"type":"Feature","geometry":{"type":"Point","coordinates":[11.972173,57.709965]},"properties":{"name":"Nils Ericson Terminalen","band":4,"modes":"bus","arr":["29","59","128","129","290","291","FLYG","KV21","X40"],"off":[0,-0.8]}},{"type":"Feature","geometry":{"type":"Point","coordinates":[11.972173,57.709965]},"properties":{"line":"29","mode":"bus","color":"#0059a9","colorDark":"#00294f","band":4,"off":[-6.8,1.1]}},{"type":"Feature","geometry":{"type":"Point","coordinates":[11.972173,57.709965]},"properties":{"line":"59","mode":"bus","color":"#0059a9","colorDark":"#00294f","band":4,"off":[-3.4,1.1]}},{"type":"Feature","geometry":{"type":"Point","coordinates":[11.972173,57.709965]},"properties":{"line":"128","mode":"bus","color":"#0059a9","colorDark":"#00294f","band":4,"off":[0,1.1]}},{"type":"Feature","geometry":{"type":"Point","coordinates":[11.972173,57.709965]},"properties":{"line":"129","mode":"bus","color":"#0059a9","colorDark":"#00294f","band":4,"off":[3.4,1.1]}},{"type":"Feature","geometry":{"type":"Point","coordinates":[11.972173,57.709965]},"properties":{"line":"290","mode":"bus","color":"#0059a9","colorDark":"#00294f","band":4,"off":[6.8,1.1]}},{"type":"Feature","geometry":{"type":"Point","coordinates":[11.972173,57.709965]},"properties":{"line":"291","mode":"bus","color":"#0059a9","colorDark":"#00294f","band":4,"off":[-5.1,3.1]}},{"type":"Feature","geometry":{"type":"Point","coordinates":[11.972173,57.709965]},"properties":{"line":"FLYG","mode":"bus","color":"#0059a9","colorDark":"#00294f","band":4,"off":[-1.7,3.1]}},{"type":"Feature","geometry":{"type":"Point","coordinates":[11.972173,57.709965]},"properties":{"line":"KV21","mode":"bus","color":"#0059a9","colorDark":"#00294f","band":4,"off":[1.7,3.1],"lbl":"21"}},{"type":"Feature","geometry":{"type":"Point","coordinates":[11.972173,57.709965]},"properties":{"line":"X40","mode":"bus","color":"#0059a9","colorDark":"#00294f","band":4,"off":[5.1,3.1]}},{"type":"Feature","geometry":{"type":"Point","coordinates":[11.909715,57.65211]},"properties":{"name":"Frölunda Torg","band":4,"modes":"bus","arr":["30","83","86","89","90","91","92","93","94","95","97","99","185","751","X5"],"off":[0,-0.8]}},{"type":"Feature","geometry":{"type":"Point","coordinates":[11.909715,57.65211]},"properties":{"line":"30","mode":"bus","color":"#0059a9","colorDark":"#00294f","band":4,"off":[-6.8,1.1]}},{"type":"Feature","geometry":{"type":"Point","coordinates":[11.909715,57.65211]},"properties":{"line":"83","mode":"bus","color":"#0059a9","colorDark":"#00294f","band":4,"off":[-3.4,1.1]}},{"type":"Feature","geometry":{"type":"Point","coordinates":[11.909715,57.65211]},"properties":{"line":"86","mode":"bus","color":"#0059a9","colorDark":"#00294f","band":4,"off":[0,1.1]}},{"type":"Feature","geometry":{"type":"Point","coordinates":[11.909715,57.65211]},"properties":{"line":"89","mode":"bus","color":"#0059a9","colorDark":"#00294f","band":4,"off":[3.4,1.1]}},{"type":"Feature","geometry":{"type":"Point","coordinates":[11.909715,57.65211]},"properties":{"line":"90","mode":"bus","color":"#0059a9","colorDark":"#00294f","band":4,"off":[6.8,1.1]}},{"type":"Feature","geometry":{"type":"Point","coordinates":[11.909715,57.65211]},"properties":{"line":"91","mode":"bus","color":"#0059a9","colorDark":"#00294f","band":4,"off":[-6.8,3.1]}},{"type":"Feature","geometry":{"type":"Point","coordinates":[11.909715,57.65211]},"properties":{"line":"92","mode":"bus","color":"#0059a9","colorDark":"#00294f","band":4,"off":[-3.4,3.1]}},{"type":"Feature","geometry":{"type":"Point","coordinates":[11.909715,57.65211]},"properties":{"line":"93","mode":"bus","color":"#0059a9","colorDark":"#00294f","band":4,"off":[0,3.1]}},{"type":"Feature","geometry":{"type":"Point","coordinates":[11.909715,57.65211]},"properties":{"line":"94","mode":"bus","color":"#0059a9","colorDark":"#00294f","band":4,"off":[3.4,3.1]}},{"type":"Feature","geometry":{"type":"Point","coordinates":[11.909715,57.65211]},"properties":{"line":"95","mode":"bus","color":"#0059a9","colorDark":"#00294f","band":4,"off":[6.8,3.1]}},{"type":"Feature","geometry":{"type":"Point","coordinates":[11.909715,57.65211]},"properties":{"line":"97","mode":"bus","color":"#0059a9","colorDark":"#00294f","band":4,"off":[-6.8,5.1]}},{"type":"Feature","geometry":{"type":"Point","coordinates":[11.909715,57.65211]},"properties":{"line":"99","mode":"bus","color":"#0059a9","colorDark":"#00294f","band":4,"off":[-3.4,5.1]}},{"type":"Feature","geometry":{"type":"Point","coordinates":[11.909715,57.65211]},"properties":{"line":"185","mode":"bus","color":"#0059a9","colorDark":"#00294f","band":4,"off":[0,5.1]}},{"type":"Feature","geometry":{"type":"Point","coordinates":[11.909715,57.65211]},"properties":{"line":"751","mode":"bus","color":"#0059a9","colorDark":"#00294f","band":4,"off":[3.4,5.1]}},{"type":"Feature","geometry":{"type":"Point","coordinates":[11.909715,57.65211]},"properties":{"line":"X5","mode":"bus","color":"#0059a9","colorDark":"#00294f","band":4,"off":[6.8,5.1]}},{"type":"Feature","geometry":{"type":"Point","coordinates":[11.825818,57.697976]},"properties":{"name":"Arendal Portal","band":4,"modes":"bus","arr":["128","148","184"],"off":[0,-0.8]}},{"type":"Feature","geometry":{"type":"Point","coordinates":[11.825818,57.697976]},"properties":{"line":"128","mode":"bus","color":"#0059a9","colorDark":"#00294f","band":4,"off":[-3.4,1.1]}},{"type":"Feature","geometry":{"type":"Point","coordinates":[11.825818,57.697976]},"properties":{"line":"148","mode":"bus","color":"#0059a9","colorDark":"#00294f","band":4,"off":[0,1.1]}},{"type":"Feature","geometry":{"type":"Point","coordinates":[11.825818,57.697976]},"properties":{"line":"184","mode":"bus","color":"#0059a9","colorDark":"#00294f","band":4,"off":[3.4,1.1]}},{"type":"Feature","geometry":{"type":"Point","coordinates":[11.821108,57.699447]},"properties":{"name":"Godsgatan","band":4,"modes":"bus","arr":["178"],"off":[0,-0.8]}},{"type":"Feature","geometry":{"type":"Point","coordinates":[11.821108,57.699447]},"properties":{"line":"178","mode":"bus","color":"#0059a9","colorDark":"#00294f","band":4,"off":[0,1.1]}},{"type":"Feature","geometry":{"type":"Point","coordinates":[11.735637,57.741949]},"properties":{"name":"Sillvik","band":4,"modes":"bus","arr":["33"],"off":[0,-0.8]}},{"type":"Feature","geometry":{"type":"Point","coordinates":[11.735637,57.741949]},"properties":{"line":"33","mode":"bus","color":"#0059a9","colorDark":"#00294f","band":4,"off":[0,1.1]}},{"type":"Feature","geometry":{"type":"Point","coordinates":[11.799798,57.737692]},"properties":{"name":"Lillebyvägen","band":4,"modes":"bus","arr":["33"],"off":[0,-0.8]}},{"type":"Feature","geometry":{"type":"Point","coordinates":[11.799798,57.737692]},"properties":{"line":"33","mode":"bus","color":"#0059a9","colorDark":"#00294f","band":4,"off":[0,1.1]}},{"type":"Feature","geometry":{"type":"Point","coordinates":[11.711723,57.704984]},"properties":{"name":"Hjuvik","band":4,"modes":"bus","arr":["34"],"off":[0,-0.8]}},{"type":"Feature","geometry":{"type":"Point","coordinates":[11.711723,57.704984]},"properties":{"line":"34","mode":"bus","color":"#0059a9","colorDark":"#00294f","band":4,"off":[0,1.1]}},{"type":"Feature","geometry":{"type":"Point","coordinates":[11.887204,57.776459]},"properties":{"name":"Säve Depå","band":4,"modes":"bus","arr":["35"],"off":[0,-0.8]}},{"type":"Feature","geometry":{"type":"Point","coordinates":[11.887204,57.776459]},"properties":{"line":"35","mode":"bus","color":"#0059a9","colorDark":"#00294f","band":4,"off":[0,1.1]}},{"type":"Feature","geometry":{"type":"Point","coordinates":[11.831365,57.757601]},"properties":{"name":"Skra Bro","band":4,"modes":"bus","arr":["36","38"],"off":[0,-0.8]}},{"type":"Feature","geometry":{"type":"Point","coordinates":[11.831365,57.757601]},"properties":{"line":"36","mode":"bus","color":"#0059a9","colorDark":"#00294f","band":4,"off":[-1.7,1.1]}},{"type":"Feature","geometry":{"type":"Point","coordinates":[11.831365,57.757601]},"properties":{"line":"38","mode":"bus","color":"#0059a9","colorDark":"#00294f","band":4,"off":[1.7,1.1]}},{"type":"Feature","geometry":{"type":"Point","coordinates":[11.9113,57.803548]},"properties":{"name":"Säve Station","band":4,"modes":"bus","arr":["36"],"off":[0,-0.8]}},{"type":"Feature","geometry":{"type":"Point","coordinates":[11.9113,57.803548]},"properties":{"line":"36","mode":"bus","color":"#0059a9","colorDark":"#00294f","band":4,"off":[0,1.1]}},{"type":"Feature","geometry":{"type":"Point","coordinates":[11.992271,57.799865]},"properties":{"name":"Klareberg","band":4,"modes":"bus","arr":["37","46","X2"],"off":[0,-0.8]}},{"type":"Feature","geometry":{"type":"Point","coordinates":[11.992271,57.799865]},"properties":{"line":"37","mode":"bus","color":"#0059a9","colorDark":"#00294f","band":4,"off":[-3.4,1.1]}},{"type":"Feature","geometry":{"type":"Point","coordinates":[11.992271,57.799865]},"properties":{"line":"46","mode":"bus","color":"#0059a9","colorDark":"#00294f","band":4,"off":[0,1.1]}},{"type":"Feature","geometry":{"type":"Point","coordinates":[11.992271,57.799865]},"properties":{"line":"X2","mode":"bus","color":"#0059a9","colorDark":"#00294f","band":4,"off":[3.4,1.1]}},{"type":"Feature","geometry":{"type":"Point","coordinates":[11.833404,57.788605]},"properties":{"name":"Kippholmen","band":4,"modes":"bus","arr":["38"],"off":[0,-0.8]}},{"type":"Feature","geometry":{"type":"Point","coordinates":[11.833404,57.788605]},"properties":{"line":"38","mode":"bus","color":"#0059a9","colorDark":"#00294f","band":4,"off":[0,1.1]}},{"type":"Feature","geometry":{"type":"Point","coordinates":[11.907789,57.697386]},"properties":{"name":"Bockkranen","band":4,"modes":"bus","arr":["42"],"off":[0,-0.8]}},{"type":"Feature","geometry":{"type":"Point","coordinates":[11.907789,57.697386]},"properties":{"line":"42","mode":"bus","color":"#0059a9","colorDark":"#00294f","band":4,"off":[0,1.1]}},{"type":"Feature","geometry":{"type":"Point","coordinates":[11.94979,57.766506]},"properties":{"name":"Skogome","band":4,"modes":"bus","arr":["42","43"],"off":[0,-0.8]}},{"type":"Feature","geometry":{"type":"Point","coordinates":[11.94979,57.766506]},"properties":{"line":"42","mode":"bus","color":"#0059a9","colorDark":"#00294f","band":4,"off":[-1.7,1.1]}},{"type":"Feature","geometry":{"type":"Point","coordinates":[11.94979,57.766506]},"properties":{"line":"43","mode":"bus","color":"#0059a9","colorDark":"#00294f","band":4,"off":[1.7,1.1]}},{"type":"Feature","geometry":{"type":"Point","coordinates":[12.058977,57.737296]},"properties":{"name":"Österlyckan","band":4,"modes":"bus","arr":["167"],"off":[0,-0.8]}},{"type":"Feature","geometry":{"type":"Point","coordinates":[12.058977,57.737296]},"properties":{"line":"167","mode":"bus","color":"#0059a9","colorDark":"#00294f","band":4,"off":[0,1.1]}},{"type":"Feature","geometry":{"type":"Point","coordinates":[11.994314,57.677589]},"properties":{"name":"Sörgårdsskolan","band":4,"modes":"bus","arr":["60"],"off":[0,-0.8]}},{"type":"Feature","geometry":{"type":"Point","coordinates":[11.994314,57.677589]},"properties":{"line":"60","mode":"bus","color":"#0059a9","colorDark":"#00294f","band":4,"off":[0,1.1]}},{"type":"Feature","geometry":{"type":"Point","coordinates":[11.969264,57.699543]},"properties":{"name":"Vasaplatsen","band":4,"modes":"bus","arr":["258"],"off":[0,-0.8]}},{"type":"Feature","geometry":{"type":"Point","coordinates":[11.969264,57.699543]},"properties":{"line":"258","mode":"bus","color":"#0059a9","colorDark":"#00294f","band":4,"off":[0,1.1]}},{"type":"Feature","geometry":{"type":"Point","coordinates":[11.942506,57.693584]},"properties":{"name":"Masthugget","band":4,"modes":"bus","arr":["61"],"off":[0,-0.8]}},{"type":"Feature","geometry":{"type":"Point","coordinates":[11.942506,57.693584]},"properties":{"line":"61","mode":"bus","color":"#0059a9","colorDark":"#00294f","band":4,"off":[0,1.1]}},{"type":"Feature","geometry":{"type":"Point","coordinates":[11.976594,57.703591]},"properties":{"name":"Heden","band":4,"modes":"bus","arr":["61","63","64","173","258","503","510","513","753","754","758"],"off":[0,-0.8]}},{"type":"Feature","geometry":{"type":"Point","coordinates":[11.976594,57.703591]},"properties":{"line":"61","mode":"bus","color":"#0059a9","colorDark":"#00294f","band":4,"off":[-6.8,1.1]}},{"type":"Feature","geometry":{"type":"Point","coordinates":[11.976594,57.703591]},"properties":{"line":"63","mode":"bus","color":"#0059a9","colorDark":"#00294f","band":4,"off":[-3.4,1.1]}},{"type":"Feature","geometry":{"type":"Point","coordinates":[11.976594,57.703591]},"properties":{"line":"64","mode":"bus","color":"#0059a9","colorDark":"#00294f","band":4,"off":[0,1.1]}},{"type":"Feature","geometry":{"type":"Point","coordinates":[11.976594,57.703591]},"properties":{"line":"173","mode":"bus","color":"#0059a9","colorDark":"#00294f","band":4,"off":[3.4,1.1]}},{"type":"Feature","geometry":{"type":"Point","coordinates":[11.976594,57.703591]},"properties":{"line":"258","mode":"bus","color":"#0059a9","colorDark":"#00294f","band":4,"off":[6.8,1.1]}},{"type":"Feature","geometry":{"type":"Point","coordinates":[11.976594,57.703591]},"properties":{"line":"503","mode":"bus","color":"#0059a9","colorDark":"#00294f","band":4,"off":[-6.8,3.1]}},{"type":"Feature","geometry":{"type":"Point","coordinates":[11.976594,57.703591]},"properties":{"line":"510","mode":"bus","color":"#0059a9","colorDark":"#00294f","band":4,"off":[-3.4,3.1]}},{"type":"Feature","geometry":{"type":"Point","coordinates":[11.976594,57.703591]},"properties":{"line":"513","mode":"bus","color":"#0059a9","colorDark":"#00294f","band":4,"off":[0,3.1]}},{"type":"Feature","geometry":{"type":"Point","coordinates":[11.976594,57.703591]},"properties":{"line":"753","mode":"bus","color":"#0059a9","colorDark":"#00294f","band":4,"off":[3.4,3.1]}},{"type":"Feature","geometry":{"type":"Point","coordinates":[11.976594,57.703591]},"properties":{"line":"754","mode":"bus","color":"#0059a9","colorDark":"#00294f","band":4,"off":[6.8,3.1]}},{"type":"Feature","geometry":{"type":"Point","coordinates":[11.976594,57.703591]},"properties":{"line":"758","mode":"bus","color":"#0059a9","colorDark":"#00294f","band":4,"off":[0,5.1]}},{"type":"Feature","geometry":{"type":"Point","coordinates":[11.912466,57.673272]},"properties":{"name":"Fyrktorget","band":4,"modes":"bus","arr":["64"],"off":[0,-0.8]}},{"type":"Feature","geometry":{"type":"Point","coordinates":[11.912466,57.673272]},"properties":{"line":"64","mode":"bus","color":"#0059a9","colorDark":"#00294f","band":4,"off":[0,1.1]}},{"type":"Feature","geometry":{"type":"Point","coordinates":[11.915923,57.670918]},"properties":{"name":"Gerdas gård","band":4,"modes":"bus","arr":["65"],"off":[0,-0.8]}},{"type":"Feature","geometry":{"type":"Point","coordinates":[11.915923,57.670918]},"properties":{"line":"65","mode":"bus","color":"#0059a9","colorDark":"#00294f","band":4,"off":[0,1.1]}},{"type":"Feature","geometry":{"type":"Point","coordinates":[11.99432,57.699519]},"properties":{"name":"Liseberg Station","band":4,"modes":"bus","arr":["69"],"off":[0,-0.8]}},{"type":"Feature","geometry":{"type":"Point","coordinates":[11.99432,57.699519]},"properties":{"line":"69","mode":"bus","color":"#0059a9","colorDark":"#00294f","band":4,"off":[0,1.1]}},{"type":"Feature","geometry":{"type":"Point","coordinates":[11.977673,57.708044]},"properties":{"name":"Polhemsplatsen","band":4,"modes":"bus","arr":["69"],"off":[0,-0.8]}},{"type":"Feature","geometry":{"type":"Point","coordinates":[11.977673,57.708044]},"properties":{"line":"69","mode":"bus","color":"#0059a9","colorDark":"#00294f","band":4,"off":[0,1.1]}},{"type":"Feature","geometry":{"type":"Point","coordinates":[12.045921,57.772154]},"properties":{"name":"Eriksbo Östergärde","band":4,"modes":"bus","arr":["71","78"],"off":[0,-0.8]}},{"type":"Feature","geometry":{"type":"Point","coordinates":[12.045921,57.772154]},"properties":{"line":"71","mode":"bus","color":"#0059a9","colorDark":"#00294f","band":4,"off":[-1.7,1.1]}},{"type":"Feature","geometry":{"type":"Point","coordinates":[12.045921,57.772154]},"properties":{"line":"78","mode":"bus","color":"#0059a9","colorDark":"#00294f","band":4,"off":[1.7,1.1]}},{"type":"Feature","geometry":{"type":"Point","coordinates":[12.049308,57.772529]},"properties":{"name":"Angereds Storåsväg","band":4,"modes":"bus","arr":["179"],"off":[0,-0.8]}},{"type":"Feature","geometry":{"type":"Point","coordinates":[12.049308,57.772529]},"properties":{"line":"179","mode":"bus","color":"#0059a9","colorDark":"#00294f","band":4,"off":[0,1.1]}},{"type":"Feature","geometry":{"type":"Point","coordinates":[12.024386,57.800873]},"properties":{"name":"Peppargatan","band":4,"modes":"bus","arr":["73"],"off":[0,-0.8]}},{"type":"Feature","geometry":{"type":"Point","coordinates":[12.024386,57.800873]},"properties":{"line":"73","mode":"bus","color":"#0059a9","colorDark":"#00294f","band":4,"off":[0,1.1]}},{"type":"Feature","geometry":{"type":"Point","coordinates":[12.104961,57.738312]},"properties":{"name":"Partille centrum","band":4,"modes":"bus","arr":["74","510","511","512","513","514","515","516","517","518","519","X1"],"off":[0,-0.8]}},{"type":"Feature","geometry":{"type":"Point","coordinates":[12.104961,57.738312]},"properties":{"line":"74","mode":"bus","color":"#0059a9","colorDark":"#00294f","band":4,"off":[-6.8,1.1]}},{"type":"Feature","geometry":{"type":"Point","coordinates":[12.104961,57.738312]},"properties":{"line":"510","mode":"bus","color":"#0059a9","colorDark":"#00294f","band":4,"off":[-3.4,1.1]}},{"type":"Feature","geometry":{"type":"Point","coordinates":[12.104961,57.738312]},"properties":{"line":"511","mode":"bus","color":"#0059a9","colorDark":"#00294f","band":4,"off":[0,1.1]}},{"type":"Feature","geometry":{"type":"Point","coordinates":[12.104961,57.738312]},"properties":{"line":"512","mode":"bus","color":"#0059a9","colorDark":"#00294f","band":4,"off":[3.4,1.1]}},{"type":"Feature","geometry":{"type":"Point","coordinates":[12.104961,57.738312]},"properties":{"line":"513","mode":"bus","color":"#0059a9","colorDark":"#00294f","band":4,"off":[6.8,1.1]}},{"type":"Feature","geometry":{"type":"Point","coordinates":[12.104961,57.738312]},"properties":{"line":"514","mode":"bus","color":"#0059a9","colorDark":"#00294f","band":4,"off":[-6.8,3.1]}},{"type":"Feature","geometry":{"type":"Point","coordinates":[12.104961,57.738312]},"properties":{"line":"515","mode":"bus","color":"#0059a9","colorDark":"#00294f","band":4,"off":[-3.4,3.1]}},{"type":"Feature","geometry":{"type":"Point","coordinates":[12.104961,57.738312]},"properties":{"line":"516","mode":"bus","color":"#0059a9","colorDark":"#00294f","band":4,"off":[0,3.1]}},{"type":"Feature","geometry":{"type":"Point","coordinates":[12.104961,57.738312]},"properties":{"line":"517","mode":"bus","color":"#0059a9","colorDark":"#00294f","band":4,"off":[3.4,3.1]}},{"type":"Feature","geometry":{"type":"Point","coordinates":[12.104961,57.738312]},"properties":{"line":"518","mode":"bus","color":"#0059a9","colorDark":"#00294f","band":4,"off":[6.8,3.1]}},{"type":"Feature","geometry":{"type":"Point","coordinates":[12.104961,57.738312]},"properties":{"line":"519","mode":"bus","color":"#0059a9","colorDark":"#00294f","band":4,"off":[-1.7,5.1]}},{"type":"Feature","geometry":{"type":"Point","coordinates":[12.104961,57.738312]},"properties":{"line":"X1","mode":"bus","color":"#0059a9","colorDark":"#00294f","band":4,"off":[1.7,5.1]}},{"type":"Feature","geometry":{"type":"Point","coordinates":[12.03369,57.820947]},"properties":{"name":"Persiljegatan","band":4,"modes":"bus","arr":["75","77","X77"],"off":[0,-0.8]}},{"type":"Feature","geometry":{"type":"Point","coordinates":[12.03369,57.820947]},"properties":{"line":"75","mode":"bus","color":"#0059a9","colorDark":"#00294f","band":4,"off":[-3.4,1.1]}},{"type":"Feature","geometry":{"type":"Point","coordinates":[12.03369,57.820947]},"properties":{"line":"77","mode":"bus","color":"#0059a9","colorDark":"#00294f","band":4,"off":[0,1.1]}},{"type":"Feature","geometry":{"type":"Point","coordinates":[12.03369,57.820947]},"properties":{"line":"X77","mode":"bus","color":"#0059a9","colorDark":"#00294f","band":4,"off":[3.4,1.1]}},{"type":"Feature","geometry":{"type":"Point","coordinates":[12.068574,57.804925]},"properties":{"name":"Rannebergen Centrum","band":4,"modes":"bus","arr":["178","X76"],"off":[0,-0.8]}},{"type":"Feature","geometry":{"type":"Point","coordinates":[12.068574,57.804925]},"properties":{"line":"178","mode":"bus","color":"#0059a9","colorDark":"#00294f","band":4,"off":[-1.7,1.1]}},{"type":"Feature","geometry":{"type":"Point","coordinates":[12.068574,57.804925]},"properties":{"line":"X76","mode":"bus","color":"#0059a9","colorDark":"#00294f","band":4,"off":[1.7,1.1]}},{"type":"Feature","geometry":{"type":"Point","coordinates":[12.067313,57.800889]},"properties":{"name":"Fjällsyran","band":4,"modes":"bus","arr":["178","X76"],"off":[0,-0.8]}},{"type":"Feature","geometry":{"type":"Point","coordinates":[12.067313,57.800889]},"properties":{"line":"178","mode":"bus","color":"#0059a9","colorDark":"#00294f","band":4,"off":[-1.7,1.1]}},{"type":"Feature","geometry":{"type":"Point","coordinates":[12.067313,57.800889]},"properties":{"line":"X76","mode":"bus","color":"#0059a9","colorDark":"#00294f","band":4,"off":[1.7,1.1]}},{"type":"Feature","geometry":{"type":"Point","coordinates":[11.920867,57.59688]},"properties":{"name":"Lillövägen","band":4,"modes":"bus","arr":["82","258"],"off":[0,-0.8]}},{"type":"Feature","geometry":{"type":"Point","coordinates":[11.920867,57.59688]},"properties":{"line":"82","mode":"bus","color":"#0059a9","colorDark":"#00294f","band":4,"off":[-1.7,1.1]}},{"type":"Feature","geometry":{"type":"Point","coordinates":[11.920867,57.59688]},"properties":{"line":"258","mode":"bus","color":"#0059a9","colorDark":"#00294f","band":4,"off":[1.7,1.1]}},{"type":"Feature","geometry":{"type":"Point","coordinates":[11.964641,57.629942]},"properties":{"name":"Askims Svartmosse","band":4,"modes":"bus","arr":["83","84"],"off":[0,-0.8]}},{"type":"Feature","geometry":{"type":"Point","coordinates":[11.964641,57.629942]},"properties":{"line":"83","mode":"bus","color":"#0059a9","colorDark":"#00294f","band":4,"off":[-1.7,1.1]}},{"type":"Feature","geometry":{"type":"Point","coordinates":[11.964641,57.629942]},"properties":{"line":"84","mode":"bus","color":"#0059a9","colorDark":"#00294f","band":4,"off":[1.7,1.1]}},{"type":"Feature","geometry":{"type":"Point","coordinates":[11.940553,57.588464]},"properties":{"name":"Skintebo","band":4,"modes":"bus","arr":["89"],"off":[0,-0.8]}},{"type":"Feature","geometry":{"type":"Point","coordinates":[11.940553,57.588464]},"properties":{"line":"89","mode":"bus","color":"#0059a9","colorDark":"#00294f","band":4,"off":[0,1.1]}},{"type":"Feature","geometry":{"type":"Point","coordinates":[11.93942,57.617336]},"properties":{"name":"Hovås Nedre","band":4,"modes":"bus","arr":["180","184"],"off":[0,-0.8]}},{"type":"Feature","geometry":{"type":"Point","coordinates":[11.93942,57.617336]},"properties":{"line":"180","mode":"bus","color":"#0059a9","colorDark":"#00294f","band":4,"off":[-1.7,1.1]}},{"type":"Feature","geometry":{"type":"Point","coordinates":[11.93942,57.617336]},"properties":{"line":"184","mode":"bus","color":"#0059a9","colorDark":"#00294f","band":4,"off":[1.7,1.1]}},{"type":"Feature","geometry":{"type":"Point","coordinates":[11.949153,57.701354]},"properties":{"name":"Järnvågen","band":4,"modes":"bus","arr":["90","91","193","194","196","197"],"off":[0,-0.8]}},{"type":"Feature","geometry":{"type":"Point","coordinates":[11.949153,57.701354]},"properties":{"line":"90","mode":"bus","color":"#0059a9","colorDark":"#00294f","band":4,"off":[-6.8,1.1]}},{"type":"Feature","geometry":{"type":"Point","coordinates":[11.949153,57.701354]},"properties":{"line":"91","mode":"bus","color":"#0059a9","colorDark":"#00294f","band":4,"off":[-3.4,1.1]}},{"type":"Feature","geometry":{"type":"Point","coordinates":[11.949153,57.701354]},"properties":{"line":"193","mode":"bus","color":"#0059a9","colorDark":"#00294f","band":4,"off":[0,1.1]}},{"type":"Feature","geometry":{"type":"Point","coordinates":[11.949153,57.701354]},"properties":{"line":"194","mode":"bus","color":"#0059a9","colorDark":"#00294f","band":4,"off":[3.4,1.1]}},{"type":"Feature","geometry":{"type":"Point","coordinates":[11.949153,57.701354]},"properties":{"line":"196","mode":"bus","color":"#0059a9","colorDark":"#00294f","band":4,"off":[6.8,1.1]}},{"type":"Feature","geometry":{"type":"Point","coordinates":[11.949153,57.701354]},"properties":{"line":"197","mode":"bus","color":"#0059a9","colorDark":"#00294f","band":4,"off":[0,3.1]}},{"type":"Feature","geometry":{"type":"Point","coordinates":[11.871425,57.647864]},"properties":{"name":"Aprikosgatan","band":4,"modes":"bus","arr":["194"],"off":[0,-0.8]}},{"type":"Feature","geometry":{"type":"Point","coordinates":[11.871425,57.647864]},"properties":{"line":"194","mode":"bus","color":"#0059a9","colorDark":"#00294f","band":4,"off":[0,1.1]}},{"type":"Feature","geometry":{"type":"Point","coordinates":[11.90011,57.619686]},"properties":{"name":"Näsbovägen","band":4,"modes":"bus","arr":["92","93","94","193"],"off":[0,-0.8]}},{"type":"Feature","geometry":{"type":"Point","coordinates":[11.90011,57.619686]},"properties":{"line":"92","mode":"bus","color":"#0059a9","colorDark":"#00294f","band":4,"off":[-5.1,1.1]}},{"type":"Feature","geometry":{"type":"Point","coordinates":[11.90011,57.619686]},"properties":{"line":"93","mode":"bus","color":"#0059a9","colorDark":"#00294f","band":4,"off":[-1.7,1.1]}},{"type":"Feature","geometry":{"type":"Point","coordinates":[11.90011,57.619686]},"properties":{"line":"94","mode":"bus","color":"#0059a9","colorDark":"#00294f","band":4,"off":[1.7,1.1]}},{"type":"Feature","geometry":{"type":"Point","coordinates":[11.90011,57.619686]},"properties":{"line":"193","mode":"bus","color":"#0059a9","colorDark":"#00294f","band":4,"off":[5.1,1.1]}},{"type":"Feature","geometry":{"type":"Point","coordinates":[11.897168,57.634696]},"properties":{"name":"Åkered","band":4,"modes":"bus","arr":["196"],"off":[0,-0.8]}},{"type":"Feature","geometry":{"type":"Point","coordinates":[11.897168,57.634696]},"properties":{"line":"196","mode":"bus","color":"#0059a9","colorDark":"#00294f","band":4,"off":[0,1.1]}},{"type":"Feature","geometry":{"type":"Point","coordinates":[11.853211,57.648842]},"properties":{"name":"Fiskebäcks Småbåtshamn","band":4,"modes":"bus","arr":["97","197"],"off":[0,-0.8]}},{"type":"Feature","geometry":{"type":"Point","coordinates":[11.853211,57.648842]},"properties":{"line":"97","mode":"bus","color":"#0059a9","colorDark":"#00294f","band":4,"off":[-1.7,1.1]}},{"type":"Feature","geometry":{"type":"Point","coordinates":[11.853211,57.648842]},"properties":{"line":"197","mode":"bus","color":"#0059a9","colorDark":"#00294f","band":4,"off":[1.7,1.1]}},{"type":"Feature","geometry":{"type":"Point","coordinates":[12.570438,57.667706]},"properties":{"name":"Bollebygd station","band":4,"modes":"bus","arr":["101","611"],"off":[0,-0.8]}},{"type":"Feature","geometry":{"type":"Point","coordinates":[12.570438,57.667706]},"properties":{"line":"101","mode":"bus","color":"#0059a9","colorDark":"#00294f","band":4,"off":[-1.7,1.1]}},{"type":"Feature","geometry":{"type":"Point","coordinates":[12.570438,57.667706]},"properties":{"line":"611","mode":"bus","color":"#0059a9","colorDark":"#00294f","band":4,"off":[1.7,1.1]}},{"type":"Feature","geometry":{"type":"Point","coordinates":[11.966572,57.706738]},"properties":{"name":"Brunnsparken","band":4,"modes":"bus","arr":["114"],"off":[0,-0.8]}},{"type":"Feature","geometry":{"type":"Point","coordinates":[11.966572,57.706738]},"properties":{"line":"114","mode":"bus","color":"#0059a9","colorDark":"#00294f","band":4,"off":[0,1.1]}},{"type":"Feature","geometry":{"type":"Point","coordinates":[11.84326,57.660855]},"properties":{"name":"Saltholmen","band":4,"modes":"bus","arr":["114"],"off":[0,-0.8]}},{"type":"Feature","geometry":{"type":"Point","coordinates":[11.84326,57.660855]},"properties":{"line":"114","mode":"bus","color":"#0059a9","colorDark":"#00294f","band":4,"off":[0,1.1]}},{"type":"Feature","geometry":{"type":"Point","coordinates":[11.752138,57.728701]},"properties":{"name":"Hornkamsgatan","band":4,"modes":"bus","arr":["131","X1"],"off":[0,-0.8]}},{"type":"Feature","geometry":{"type":"Point","coordinates":[11.752138,57.728701]},"properties":{"line":"131","mode":"bus","color":"#0059a9","colorDark":"#00294f","band":4,"off":[-1.7,1.1]}},{"type":"Feature","geometry":{"type":"Point","coordinates":[11.752138,57.728701]},"properties":{"line":"X1","mode":"bus","color":"#0059a9","colorDark":"#00294f","band":4,"off":[1.7,1.1]}},{"type":"Feature","geometry":{"type":"Point","coordinates":[11.86415,57.776927]},"properties":{"name":"Säve Flygplats","band":4,"modes":"bus","arr":["135"],"off":[0,-0.8]}},{"type":"Feature","geometry":{"type":"Point","coordinates":[11.86415,57.776927]},"properties":{"line":"135","mode":"bus","color":"#0059a9","colorDark":"#00294f","band":4,"off":[0,1.1]}},{"type":"Feature","geometry":{"type":"Point","coordinates":[11.792782,57.844194]},"properties":{"name":"Kärna bussterminal","band":4,"modes":"bus","arr":["137","303","305","313","915","922","923","926","930"],"off":[0,-0.8]}},{"type":"Feature","geometry":{"type":"Point","coordinates":[11.792782,57.844194]},"properties":{"line":"137","mode":"bus","color":"#0059a9","colorDark":"#00294f","band":4,"off":[-6.8,1.1]}},{"type":"Feature","geometry":{"type":"Point","coordinates":[11.792782,57.844194]},"properties":{"line":"303","mode":"bus","color":"#0059a9","colorDark":"#00294f","band":4,"off":[-3.4,1.1]}},{"type":"Feature","geometry":{"type":"Point","coordinates":[11.792782,57.844194]},"properties":{"line":"305","mode":"bus","color":"#0059a9","colorDark":"#00294f","band":4,"off":[0,1.1]}},{"type":"Feature","geometry":{"type":"Point","coordinates":[11.792782,57.844194]},"properties":{"line":"313","mode":"bus","color":"#0059a9","colorDark":"#00294f","band":4,"off":[3.4,1.1]}},{"type":"Feature","geometry":{"type":"Point","coordinates":[11.792782,57.844194]},"properties":{"line":"915","mode":"bus","color":"#0059a9","colorDark":"#00294f","band":4,"off":[6.8,1.1]}},{"type":"Feature","geometry":{"type":"Point","coordinates":[11.792782,57.844194]},"properties":{"line":"922","mode":"bus","color":"#0059a9","colorDark":"#00294f","band":4,"off":[-5.1,3.1]}},{"type":"Feature","geometry":{"type":"Point","coordinates":[11.792782,57.844194]},"properties":{"line":"923","mode":"bus","color":"#0059a9","colorDark":"#00294f","band":4,"off":[-1.7,3.1]}},{"type":"Feature","geometry":{"type":"Point","coordinates":[11.792782,57.844194]},"properties":{"line":"926","mode":"bus","color":"#0059a9","colorDark":"#00294f","band":4,"off":[1.7,3.1]}},{"type":"Feature","geometry":{"type":"Point","coordinates":[11.792782,57.844194]},"properties":{"line":"930","mode":"bus","color":"#0059a9","colorDark":"#00294f","band":4,"off":[5.1,3.1]}},{"type":"Feature","geometry":{"type":"Point","coordinates":[11.844927,57.731706]},"properties":{"name":"IAC Group","band":4,"modes":"bus","arr":["139","142"],"off":[0,-0.8]}},{"type":"Feature","geometry":{"type":"Point","coordinates":[11.844927,57.731706]},"properties":{"line":"139","mode":"bus","color":"#0059a9","colorDark":"#00294f","band":4,"off":[-1.7,1.1]}},{"type":"Feature","geometry":{"type":"Point","coordinates":[11.844927,57.731706]},"properties":{"line":"142","mode":"bus","color":"#0059a9","colorDark":"#00294f","band":4,"off":[1.7,1.1]}},{"type":"Feature","geometry":{"type":"Point","coordinates":[11.891903,57.755539]},"properties":{"name":"Volvo Tuve L B","band":4,"modes":"bus","arr":["141"],"off":[0,-0.8]}},{"type":"Feature","geometry":{"type":"Point","coordinates":[11.891903,57.755539]},"properties":{"line":"141","mode":"bus","color":"#0059a9","colorDark":"#00294f","band":4,"off":[0,1.1]}},{"type":"Feature","geometry":{"type":"Point","coordinates":[11.884234,57.756311]},"properties":{"name":"Volvo Tuve L A","band":4,"modes":"bus","arr":["141","190"],"off":[0,-0.8]}},{"type":"Feature","geometry":{"type":"Point","coordinates":[11.884234,57.756311]},"properties":{"line":"141","mode":"bus","color":"#0059a9","colorDark":"#00294f","band":4,"off":[-1.7,1.1]}},{"type":"Feature","geometry":{"type":"Point","coordinates":[11.884234,57.756311]},"properties":{"line":"190","mode":"bus","color":"#0059a9","colorDark":"#00294f","band":4,"off":[1.7,1.1]}},{"type":"Feature","geometry":{"type":"Point","coordinates":[11.87203,57.735162]},"properties":{"name":"Hisingen Logistikpark","band":4,"modes":"bus","arr":["142"],"off":[0,-0.8]}},{"type":"Feature","geometry":{"type":"Point","coordinates":[11.87203,57.735162]},"properties":{"line":"142","mode":"bus","color":"#0059a9","colorDark":"#00294f","band":4,"off":[0,1.1]}},{"type":"Feature","geometry":{"type":"Point","coordinates":[11.841248,57.721844]},"properties":{"name":"Volvo Torslanda TA","band":4,"modes":"bus","arr":["185"],"off":[0,-0.8]}},{"type":"Feature","geometry":{"type":"Point","coordinates":[11.841248,57.721844]},"properties":{"line":"185","mode":"bus","color":"#0059a9","colorDark":"#00294f","band":4,"off":[0,1.1]}},{"type":"Feature","geometry":{"type":"Point","coordinates":[11.938388,57.659341]},"properties":{"name":"Beatrice Lesslies Gata","band":4,"modes":"bus","arr":["199"],"off":[0,-0.8]}},{"type":"Feature","geometry":{"type":"Point","coordinates":[11.938388,57.659341]},"properties":{"line":"199","mode":"bus","color":"#0059a9","colorDark":"#00294f","band":4,"off":[0,1.1]}},{"type":"Feature","geometry":{"type":"Point","coordinates":[11.642138,57.743813]},"properties":{"name":"Burö färjeläge","band":4,"modes":"bus","arr":["290","OC1"],"off":[0,-0.8]}},{"type":"Feature","geometry":{"type":"Point","coordinates":[11.642138,57.743813]},"properties":{"line":"290","mode":"bus","color":"#0059a9","colorDark":"#00294f","band":4,"off":[-1.7,1.1]}},{"type":"Feature","geometry":{"type":"Point","coordinates":[11.642138,57.743813]},"properties":{"line":"OC1","mode":"bus","color":"#0059a9","colorDark":"#00294f","band":4,"off":[1.7,1.1],"lbl":"1"}},{"type":"Feature","geometry":{"type":"Point","coordinates":[11.654866,57.67294]},"properties":{"name":"Fotö","band":4,"modes":"bus","arr":["291"],"off":[0,-0.8]}},{"type":"Feature","geometry":{"type":"Point","coordinates":[11.654866,57.67294]},"properties":{"line":"291","mode":"bus","color":"#0059a9","colorDark":"#00294f","band":4,"off":[0,1.1]}},{"type":"Feature","geometry":{"type":"Point","coordinates":[11.968319,57.871778]},"properties":{"name":"Kungälv resecentrum","band":4,"modes":"bus","arr":["302","303","307","308","309","319","401","KV2","KV3","X4"],"off":[0,-0.8]}},{"type":"Feature","geometry":{"type":"Point","coordinates":[11.968319,57.871778]},"properties":{"line":"302","mode":"bus","color":"#0059a9","colorDark":"#00294f","band":4,"off":[-6.8,1.1]}},{"type":"Feature","geometry":{"type":"Point","coordinates":[11.968319,57.871778]},"properties":{"line":"303","mode":"bus","color":"#0059a9","colorDark":"#00294f","band":4,"off":[-3.4,1.1]}},{"type":"Feature","geometry":{"type":"Point","coordinates":[11.968319,57.871778]},"properties":{"line":"307","mode":"bus","color":"#0059a9","colorDark":"#00294f","band":4,"off":[0,1.1]}},{"type":"Feature","geometry":{"type":"Point","coordinates":[11.968319,57.871778]},"properties":{"line":"308","mode":"bus","color":"#0059a9","colorDark":"#00294f","band":4,"off":[3.4,1.1]}},{"type":"Feature","geometry":{"type":"Point","coordinates":[11.968319,57.871778]},"properties":{"line":"309","mode":"bus","color":"#0059a9","colorDark":"#00294f","band":4,"off":[6.8,1.1]}},{"type":"Feature","geometry":{"type":"Point","coordinates":[11.968319,57.871778]},"properties":{"line":"319","mode":"bus","color":"#0059a9","colorDark":"#00294f","band":4,"off":[-6.8,3.1]}},{"type":"Feature","geometry":{"type":"Point","coordinates":[11.968319,57.871778]},"properties":{"line":"401","mode":"bus","color":"#0059a9","colorDark":"#00294f","band":4,"off":[-3.4,3.1]}},{"type":"Feature","geometry":{"type":"Point","coordinates":[11.968319,57.871778]},"properties":{"line":"KV2","mode":"bus","color":"#0059a9","colorDark":"#00294f","band":4,"off":[0,3.1],"lbl":"2"}},{"type":"Feature","geometry":{"type":"Point","coordinates":[11.968319,57.871778]},"properties":{"line":"KV3","mode":"bus","color":"#0059a9","colorDark":"#00294f","band":4,"off":[3.4,3.1],"lbl":"3"}},{"type":"Feature","geometry":{"type":"Point","coordinates":[11.968319,57.871778]},"properties":{"line":"X4","mode":"bus","color":"#0059a9","colorDark":"#00294f","band":4,"off":[6.8,3.1]}},{"type":"Feature","geometry":{"type":"Point","coordinates":[11.903833,57.874676]},"properties":{"name":"Guddeby","band":4,"modes":"bus","arr":["920"],"off":[0,-0.8]}},{"type":"Feature","geometry":{"type":"Point","coordinates":[11.903833,57.874676]},"properties":{"line":"920","mode":"bus","color":"#0059a9","colorDark":"#00294f","band":4,"off":[0,1.1]}},{"type":"Feature","geometry":{"type":"Point","coordinates":[11.813429,57.896409]},"properties":{"name":"Vävra övre","band":4,"modes":"bus","arr":["910","927"],"off":[0,-0.8]}},{"type":"Feature","geometry":{"type":"Point","coordinates":[11.813429,57.896409]},"properties":{"line":"910","mode":"bus","color":"#0059a9","colorDark":"#00294f","band":4,"off":[-1.7,1.1]}},{"type":"Feature","geometry":{"type":"Point","coordinates":[11.813429,57.896409]},"properties":{"line":"927","mode":"bus","color":"#0059a9","colorDark":"#00294f","band":4,"off":[1.7,1.1]}},{"type":"Feature","geometry":{"type":"Point","coordinates":[11.787629,57.892109]},"properties":{"name":"Lökeberg","band":4,"modes":"bus","arr":["923"],"off":[0,-0.8]}},{"type":"Feature","geometry":{"type":"Point","coordinates":[11.787629,57.892109]},"properties":{"line":"923","mode":"bus","color":"#0059a9","colorDark":"#00294f","band":4,"off":[0,1.1]}},{"type":"Feature","geometry":{"type":"Point","coordinates":[11.589236,57.88672]},"properties":{"name":"Marstrands färjeläge","band":4,"modes":"bus","arr":["302"],"off":[0,-0.8]}},{"type":"Feature","geometry":{"type":"Point","coordinates":[11.589236,57.88672]},"properties":{"line":"302","mode":"bus","color":"#0059a9","colorDark":"#00294f","band":4,"off":[0,1.1]}},{"type":"Feature","geometry":{"type":"Point","coordinates":[11.750865,57.890891]},"properties":{"name":"Gethagen","band":4,"modes":"bus","arr":["927"],"off":[0,-0.8]}},{"type":"Feature","geometry":{"type":"Point","coordinates":[11.750865,57.890891]},"properties":{"line":"927","mode":"bus","color":"#0059a9","colorDark":"#00294f","band":4,"off":[0,1.1]}},{"type":"Feature","geometry":{"type":"Point","coordinates":[11.847383,57.857339]},"properties":{"name":"Trädal östra","band":4,"modes":"bus","arr":["922"],"off":[0,-0.8]}},{"type":"Feature","geometry":{"type":"Point","coordinates":[11.847383,57.857339]},"properties":{"line":"922","mode":"bus","color":"#0059a9","colorDark":"#00294f","band":4,"off":[0,1.1]}},{"type":"Feature","geometry":{"type":"Point","coordinates":[11.713143,57.90001]},"properties":{"name":"Tjuvkilshuvud","band":4,"modes":"bus","arr":["305"],"off":[0,-0.8]}},{"type":"Feature","geometry":{"type":"Point","coordinates":[11.713143,57.90001]},"properties":{"line":"305","mode":"bus","color":"#0059a9","colorDark":"#00294f","band":4,"off":[0,1.1]}},{"type":"Feature","geometry":{"type":"Point","coordinates":[11.926992,57.904978]},"properties":{"name":"Kareby skola","band":4,"modes":"bus","arr":["911","912","913","917","925"],"off":[0,-0.8]}},{"type":"Feature","geometry":{"type":"Point","coordinates":[11.926992,57.904978]},"properties":{"line":"911","mode":"bus","color":"#0059a9","colorDark":"#00294f","band":4,"off":[-6.8,1.1]}},{"type":"Feature","geometry":{"type":"Point","coordinates":[11.926992,57.904978]},"properties":{"line":"912","mode":"bus","color":"#0059a9","colorDark":"#00294f","band":4,"off":[-3.4,1.1]}},{"type":"Feature","geometry":{"type":"Point","coordinates":[11.926992,57.904978]},"properties":{"line":"913","mode":"bus","color":"#0059a9","colorDark":"#00294f","band":4,"off":[0,1.1]}},{"type":"Feature","geometry":{"type":"Point","coordinates":[11.926992,57.904978]},"properties":{"line":"917","mode":"bus","color":"#0059a9","colorDark":"#00294f","band":4,"off":[3.4,1.1]}},{"type":"Feature","geometry":{"type":"Point","coordinates":[11.926992,57.904978]},"properties":{"line":"925","mode":"bus","color":"#0059a9","colorDark":"#00294f","band":4,"off":[6.8,1.1]}},{"type":"Feature","geometry":{"type":"Point","coordinates":[12.031726,57.924399]},"properties":{"name":"Diseröds centrum","band":4,"modes":"bus","arr":["307","914","918"],"off":[0,-0.8]}},{"type":"Feature","geometry":{"type":"Point","coordinates":[12.031726,57.924399]},"properties":{"line":"307","mode":"bus","color":"#0059a9","colorDark":"#00294f","band":4,"off":[-3.4,1.1]}},{"type":"Feature","geometry":{"type":"Point","coordinates":[12.031726,57.924399]},"properties":{"line":"914","mode":"bus","color":"#0059a9","colorDark":"#00294f","band":4,"off":[0,1.1]}},{"type":"Feature","geometry":{"type":"Point","coordinates":[12.031726,57.924399]},"properties":{"line":"918","mode":"bus","color":"#0059a9","colorDark":"#00294f","band":4,"off":[3.4,1.1]}},{"type":"Feature","geometry":{"type":"Point","coordinates":[11.924583,57.904977]},"properties":{"name":"Kareby korsväg","band":4,"modes":"bus","arr":["925"],"off":[0,-0.8]}},{"type":"Feature","geometry":{"type":"Point","coordinates":[11.924583,57.904977]},"properties":{"line":"925","mode":"bus","color":"#0059a9","colorDark":"#00294f","band":4,"off":[0,1.1]}},{"type":"Feature","geometry":{"type":"Point","coordinates":[12.013022,57.96117]},"properties":{"name":"Grandalen","band":4,"modes":"bus","arr":["308"],"off":[0,-0.8]}},{"type":"Feature","geometry":{"type":"Point","coordinates":[12.013022,57.96117]},"properties":{"line":"308","mode":"bus","color":"#0059a9","colorDark":"#00294f","band":4,"off":[0,1.1]}},{"type":"Feature","geometry":{"type":"Point","coordinates":[11.971698,57.871815]},"properties":{"name":"Isbadet Oasen","band":4,"modes":"bus","arr":["309","914"],"off":[0,-0.8]}},{"type":"Feature","geometry":{"type":"Point","coordinates":[11.971698,57.871815]},"properties":{"line":"309","mode":"bus","color":"#0059a9","colorDark":"#00294f","band":4,"off":[-1.7,1.1]}},{"type":"Feature","geometry":{"type":"Point","coordinates":[11.971698,57.871815]},"properties":{"line":"914","mode":"bus","color":"#0059a9","colorDark":"#00294f","band":4,"off":[1.7,1.1]}},{"type":"Feature","geometry":{"type":"Point","coordinates":[11.848776,57.906752]},"properties":{"name":"Restads vägskäl","band":4,"modes":"bus","arr":["911"],"off":[0,-0.8]}},{"type":"Feature","geometry":{"type":"Point","coordinates":[11.848776,57.906752]},"properties":{"line":"911","mode":"bus","color":"#0059a9","colorDark":"#00294f","band":4,"off":[0,1.1]}},{"type":"Feature","geometry":{"type":"Point","coordinates":[11.762467,57.951434]},"properties":{"name":"Aröd Jacobsvägen","band":4,"modes":"bus","arr":["309"],"off":[0,-0.8]}},{"type":"Feature","geometry":{"type":"Point","coordinates":[11.762467,57.951434]},"properties":{"line":"309","mode":"bus","color":"#0059a9","colorDark":"#00294f","band":4,"off":[0,1.1]}},{"type":"Feature","geometry":{"type":"Point","coordinates":[11.918894,57.912037]},"properties":{"name":"Myrebackavägen","band":4,"modes":"bus","arr":["912"],"off":[0,-0.8]}},{"type":"Feature","geometry":{"type":"Point","coordinates":[11.918894,57.912037]},"properties":{"line":"912","mode":"bus","color":"#0059a9","colorDark":"#00294f","band":4,"off":[0,1.1]}},{"type":"Feature","geometry":{"type":"Point","coordinates":[11.905735,57.926879]},"properties":{"name":"Lundby","band":4,"modes":"bus","arr":["925"],"off":[0,-0.8]}},{"type":"Feature","geometry":{"type":"Point","coordinates":[11.905735,57.926879]},"properties":{"line":"925","mode":"bus","color":"#0059a9","colorDark":"#00294f","band":4,"off":[0,1.1]}},{"type":"Feature","geometry":{"type":"Point","coordinates":[11.847719,57.947935]},"properties":{"name":"Bräcke","band":4,"modes":"bus","arr":["319"],"off":[0,-0.8]}},{"type":"Feature","geometry":{"type":"Point","coordinates":[11.847719,57.947935]},"properties":{"line":"319","mode":"bus","color":"#0059a9","colorDark":"#00294f","band":4,"off":[0,1.1]}},{"type":"Feature","geometry":{"type":"Point","coordinates":[11.85085,57.943711]},"properties":{"name":"Kode station","band":4,"modes":"bus","arr":["903"],"off":[0,-0.8]}},{"type":"Feature","geometry":{"type":"Point","coordinates":[11.85085,57.943711]},"properties":{"line":"903","mode":"bus","color":"#0059a9","colorDark":"#00294f","band":4,"off":[0,1.1]}},{"type":"Feature","geometry":{"type":"Point","coordinates":[12.044339,57.892891]},"properties":{"name":"Nödinge station","band":4,"modes":"bus","arr":["402","403","404","415"],"off":[0,-0.8]}},{"type":"Feature","geometry":{"type":"Point","coordinates":[12.044339,57.892891]},"properties":{"line":"402","mode":"bus","color":"#0059a9","colorDark":"#00294f","band":4,"off":[-5.1,1.1]}},{"type":"Feature","geometry":{"type":"Point","coordinates":[12.044339,57.892891]},"properties":{"line":"403","mode":"bus","color":"#0059a9","colorDark":"#00294f","band":4,"off":[-1.7,1.1]}},{"type":"Feature","geometry":{"type":"Point","coordinates":[12.044339,57.892891]},"properties":{"line":"404","mode":"bus","color":"#0059a9","colorDark":"#00294f","band":4,"off":[1.7,1.1]}},{"type":"Feature","geometry":{"type":"Point","coordinates":[12.044339,57.892891]},"properties":{"line":"415","mode":"bus","color":"#0059a9","colorDark":"#00294f","band":4,"off":[5.1,1.1]}},{"type":"Feature","geometry":{"type":"Point","coordinates":[12.037483,57.851058]},"properties":{"name":"Jennylund","band":4,"modes":"bus","arr":["402"],"off":[0,-0.8]}},{"type":"Feature","geometry":{"type":"Point","coordinates":[12.037483,57.851058]},"properties":{"line":"402","mode":"bus","color":"#0059a9","colorDark":"#00294f","band":4,"off":[0,1.1]}},{"type":"Feature","geometry":{"type":"Point","coordinates":[12.063087,57.918773]},"properties":{"name":"Nol station","band":4,"modes":"bus","arr":["413"],"off":[0,-0.8]}},{"type":"Feature","geometry":{"type":"Point","coordinates":[12.063087,57.918773]},"properties":{"line":"413","mode":"bus","color":"#0059a9","colorDark":"#00294f","band":4,"off":[0,1.1]}},{"type":"Feature","geometry":{"type":"Point","coordinates":[12.194921,57.892457]},"properties":{"name":"Ryds missionshus","band":4,"modes":"bus","arr":["413"],"off":[0,-0.8]}},{"type":"Feature","geometry":{"type":"Point","coordinates":[12.194921,57.892457]},"properties":{"line":"413","mode":"bus","color":"#0059a9","colorDark":"#00294f","band":4,"off":[0,1.1]}},{"type":"Feature","geometry":{"type":"Point","coordinates":[12.098984,57.872361]},"properties":{"name":"Bönabo","band":4,"modes":"bus","arr":["415"],"off":[0,-0.8]}},{"type":"Feature","geometry":{"type":"Point","coordinates":[12.098984,57.872361]},"properties":{"line":"415","mode":"bus","color":"#0059a9","colorDark":"#00294f","band":4,"off":[0,1.1]}},{"type":"Feature","geometry":{"type":"Point","coordinates":[12.151165,57.742971]},"properties":{"name":"Stärtered","band":4,"modes":"bus","arr":["501"],"off":[0,-0.8]}},{"type":"Feature","geometry":{"type":"Point","coordinates":[12.151165,57.742971]},"properties":{"line":"501","mode":"bus","color":"#0059a9","colorDark":"#00294f","band":4,"off":[0,1.1]}},{"type":"Feature","geometry":{"type":"Point","coordinates":[12.127087,57.724912]},"properties":{"name":"Furulund","band":4,"modes":"bus","arr":["502"],"off":[0,-0.8]}},{"type":"Feature","geometry":{"type":"Point","coordinates":[12.127087,57.724912]},"properties":{"line":"502","mode":"bus","color":"#0059a9","colorDark":"#00294f","band":4,"off":[0,1.1]}},{"type":"Feature","geometry":{"type":"Point","coordinates":[12.128401,57.72491]},"properties":{"name":"Furulunds centrum","band":4,"modes":"bus","arr":["502","517"],"off":[0,-0.8]}},{"type":"Feature","geometry":{"type":"Point","coordinates":[12.128401,57.72491]},"properties":{"line":"502","mode":"bus","color":"#0059a9","colorDark":"#00294f","band":4,"off":[-1.7,1.1]}},{"type":"Feature","geometry":{"type":"Point","coordinates":[12.128401,57.72491]},"properties":{"line":"517","mode":"bus","color":"#0059a9","colorDark":"#00294f","band":4,"off":[1.7,1.1]}},{"type":"Feature","geometry":{"type":"Point","coordinates":[12.132859,57.720511]},"properties":{"name":"Fritidsvägen","band":4,"modes":"bus","arr":["503"],"off":[0,-0.8]}},{"type":"Feature","geometry":{"type":"Point","coordinates":[12.132859,57.720511]},"properties":{"line":"503","mode":"bus","color":"#0059a9","colorDark":"#00294f","band":4,"off":[0,1.1]}},{"type":"Feature","geometry":{"type":"Point","coordinates":[12.213453,57.686247]},"properties":{"name":"Landvetter resecentrum","band":4,"modes":"bus","arr":["511","620","X6"],"off":[0,-0.8]}},{"type":"Feature","geometry":{"type":"Point","coordinates":[12.213453,57.686247]},"properties":{"line":"511","mode":"bus","color":"#0059a9","colorDark":"#00294f","band":4,"off":[-3.4,1.1]}},{"type":"Feature","geometry":{"type":"Point","coordinates":[12.213453,57.686247]},"properties":{"line":"620","mode":"bus","color":"#0059a9","colorDark":"#00294f","band":4,"off":[0,1.1]}},{"type":"Feature","geometry":{"type":"Point","coordinates":[12.213453,57.686247]},"properties":{"line":"X6","mode":"bus","color":"#0059a9","colorDark":"#00294f","band":4,"off":[3.4,1.1]}},{"type":"Feature","geometry":{"type":"Point","coordinates":[12.205782,57.700849]},"properties":{"name":"Önneröd","band":4,"modes":"bus","arr":["612"],"off":[0,-0.8]}},{"type":"Feature","geometry":{"type":"Point","coordinates":[12.205782,57.700849]},"properties":{"line":"612","mode":"bus","color":"#0059a9","colorDark":"#00294f","band":4,"off":[0,1.1]}},{"type":"Feature","geometry":{"type":"Point","coordinates":[11.994805,57.698062]},"properties":{"name":"Liseberg Station","band":4,"modes":"bus","arr":["512"],"off":[0,-0.8]}},{"type":"Feature","geometry":{"type":"Point","coordinates":[11.994805,57.698062]},"properties":{"line":"512","mode":"bus","color":"#0059a9","colorDark":"#00294f","band":4,"off":[0,1.1]}},{"type":"Feature","geometry":{"type":"Point","coordinates":[12.070652,57.71765]},"properties":{"name":"Ljungkullen","band":4,"modes":"bus","arr":["X5"],"off":[0,-0.8]}},{"type":"Feature","geometry":{"type":"Point","coordinates":[12.070652,57.71765]},"properties":{"line":"X5","mode":"bus","color":"#0059a9","colorDark":"#00294f","band":4,"off":[0,1.1]}},{"type":"Feature","geometry":{"type":"Point","coordinates":[12.117267,57.657291]},"properties":{"name":"Mölnlycke resecentrum","band":4,"modes":"bus","arr":["516","601","611","751","HA1","HA3","X90"],"off":[0,-0.8]}},{"type":"Feature","geometry":{"type":"Point","coordinates":[12.117267,57.657291]},"properties":{"line":"516","mode":"bus","color":"#0059a9","colorDark":"#00294f","band":4,"off":[-6.8,1.1]}},{"type":"Feature","geometry":{"type":"Point","coordinates":[12.117267,57.657291]},"properties":{"line":"601","mode":"bus","color":"#0059a9","colorDark":"#00294f","band":4,"off":[-3.4,1.1]}},{"type":"Feature","geometry":{"type":"Point","coordinates":[12.117267,57.657291]},"properties":{"line":"611","mode":"bus","color":"#0059a9","colorDark":"#00294f","band":4,"off":[0,1.1]}},{"type":"Feature","geometry":{"type":"Point","coordinates":[12.117267,57.657291]},"properties":{"line":"751","mode":"bus","color":"#0059a9","colorDark":"#00294f","band":4,"off":[3.4,1.1]}},{"type":"Feature","geometry":{"type":"Point","coordinates":[12.117267,57.657291]},"properties":{"line":"HA1","mode":"bus","color":"#0059a9","colorDark":"#00294f","band":4,"off":[6.8,1.1],"lbl":"1"}},{"type":"Feature","geometry":{"type":"Point","coordinates":[12.117267,57.657291]},"properties":{"line":"HA3","mode":"bus","color":"#0059a9","colorDark":"#00294f","band":4,"off":[-1.7,3.1],"lbl":"3"}},{"type":"Feature","geometry":{"type":"Point","coordinates":[12.117267,57.657291]},"properties":{"line":"X90","mode":"bus","color":"#0059a9","colorDark":"#00294f","band":4,"off":[1.7,3.1]}},{"type":"Feature","geometry":{"type":"Point","coordinates":[12.27172,57.769585]},"properties":{"name":"Lerum station","band":4,"modes":"bus","arr":["529","531","534","536","537","538","539"],"off":[0,-0.8]}},{"type":"Feature","geometry":{"type":"Point","coordinates":[12.27172,57.769585]},"properties":{"line":"529","mode":"bus","color":"#0059a9","colorDark":"#00294f","band":4,"off":[-6.8,1.1]}},{"type":"Feature","geometry":{"type":"Point","coordinates":[12.27172,57.769585]},"properties":{"line":"531","mode":"bus","color":"#0059a9","colorDark":"#00294f","band":4,"off":[-3.4,1.1]}},{"type":"Feature","geometry":{"type":"Point","coordinates":[12.27172,57.769585]},"properties":{"line":"534","mode":"bus","color":"#0059a9","colorDark":"#00294f","band":4,"off":[0,1.1]}},{"type":"Feature","geometry":{"type":"Point","coordinates":[12.27172,57.769585]},"properties":{"line":"536","mode":"bus","color":"#0059a9","colorDark":"#00294f","band":4,"off":[3.4,1.1]}},{"type":"Feature","geometry":{"type":"Point","coordinates":[12.27172,57.769585]},"properties":{"line":"537","mode":"bus","color":"#0059a9","colorDark":"#00294f","band":4,"off":[6.8,1.1]}},{"type":"Feature","geometry":{"type":"Point","coordinates":[12.27172,57.769585]},"properties":{"line":"538","mode":"bus","color":"#0059a9","colorDark":"#00294f","band":4,"off":[-1.7,3.1]}},{"type":"Feature","geometry":{"type":"Point","coordinates":[12.27172,57.769585]},"properties":{"line":"539","mode":"bus","color":"#0059a9","colorDark":"#00294f","band":4,"off":[1.7,3.1]}},{"type":"Feature","geometry":{"type":"Point","coordinates":[12.272746,57.783478]},"properties":{"name":"Hallsås","band":4,"modes":"bus","arr":["530","535"],"off":[0,-0.8]}},{"type":"Feature","geometry":{"type":"Point","coordinates":[12.272746,57.783478]},"properties":{"line":"530","mode":"bus","color":"#0059a9","colorDark":"#00294f","band":4,"off":[-1.7,1.1]}},{"type":"Feature","geometry":{"type":"Point","coordinates":[12.272746,57.783478]},"properties":{"line":"535","mode":"bus","color":"#0059a9","colorDark":"#00294f","band":4,"off":[1.7,1.1]}},{"type":"Feature","geometry":{"type":"Point","coordinates":[12.242279,57.753971]},"properties":{"name":"Aspen station","band":4,"modes":"bus","arr":["530"],"off":[0,-0.8]}},{"type":"Feature","geometry":{"type":"Point","coordinates":[12.242279,57.753971]},"properties":{"line":"530","mode":"bus","color":"#0059a9","colorDark":"#00294f","band":4,"off":[0,1.1]}},{"type":"Feature","geometry":{"type":"Point","coordinates":[12.36122,57.809505]},"properties":{"name":"Floda station","band":4,"modes":"bus","arr":["531","537"],"off":[0,-0.8]}},{"type":"Feature","geometry":{"type":"Point","coordinates":[12.36122,57.809505]},"properties":{"line":"531","mode":"bus","color":"#0059a9","colorDark":"#00294f","band":4,"off":[-1.7,1.1]}},{"type":"Feature","geometry":{"type":"Point","coordinates":[12.36122,57.809505]},"properties":{"line":"537","mode":"bus","color":"#0059a9","colorDark":"#00294f","band":4,"off":[1.7,1.1]}},{"type":"Feature","geometry":{"type":"Point","coordinates":[12.287182,57.739207]},"properties":{"name":"Häckenvägen","band":4,"modes":"bus","arr":["535"],"off":[0,-0.8]}},{"type":"Feature","geometry":{"type":"Point","coordinates":[12.287182,57.739207]},"properties":{"line":"535","mode":"bus","color":"#0059a9","colorDark":"#00294f","band":4,"off":[0,1.1]}},{"type":"Feature","geometry":{"type":"Point","coordinates":[12.164397,57.804083]},"properties":{"name":"Olofstorp Västra","band":4,"modes":"bus","arr":["536"],"off":[0,-0.8]}},{"type":"Feature","geometry":{"type":"Point","coordinates":[12.164397,57.804083]},"properties":{"line":"536","mode":"bus","color":"#0059a9","colorDark":"#00294f","band":4,"off":[0,1.1]}},{"type":"Feature","geometry":{"type":"Point","coordinates":[12.231566,57.774707]},"properties":{"name":"Aspenäsgården","band":4,"modes":"bus","arr":["539"],"off":[0,-0.8]}},{"type":"Feature","geometry":{"type":"Point","coordinates":[12.231566,57.774707]},"properties":{"line":"539","mode":"bus","color":"#0059a9","colorDark":"#00294f","band":4,"off":[0,1.1]}},{"type":"Feature","geometry":{"type":"Point","coordinates":[12.177661,57.632396]},"properties":{"name":"Djurstensvägen","band":4,"modes":"bus","arr":["601"],"off":[0,-0.8]}},{"type":"Feature","geometry":{"type":"Point","coordinates":[12.177661,57.632396]},"properties":{"line":"601","mode":"bus","color":"#0059a9","colorDark":"#00294f","band":4,"off":[0,1.1]}},{"type":"Feature","geometry":{"type":"Point","coordinates":[12.15693,57.64961]},"properties":{"name":"Höga hallar","band":4,"modes":"bus","arr":["X4"],"off":[0,-0.8]}},{"type":"Feature","geometry":{"type":"Point","coordinates":[12.15693,57.64961]},"properties":{"line":"X4","mode":"bus","color":"#0059a9","colorDark":"#00294f","band":4,"off":[0,1.1]}},{"type":"Feature","geometry":{"type":"Point","coordinates":[12.123603,57.647441]},"properties":{"name":"Stenhuggarevägen","band":4,"modes":"bus","arr":["HA2"],"off":[0,-0.8]}},{"type":"Feature","geometry":{"type":"Point","coordinates":[12.123603,57.647441]},"properties":{"line":"HA2","mode":"bus","color":"#0059a9","colorDark":"#00294f","band":4,"off":[0,1.1],"lbl":"2"}},{"type":"Feature","geometry":{"type":"Point","coordinates":[12.295415,57.667461]},"properties":{"name":"Landvetter flygplats","band":4,"modes":"bus","arr":["612","FLYG"],"off":[0,-0.8]}},{"type":"Feature","geometry":{"type":"Point","coordinates":[12.295415,57.667461]},"properties":{"line":"612","mode":"bus","color":"#0059a9","colorDark":"#00294f","band":4,"off":[-1.7,1.1]}},{"type":"Feature","geometry":{"type":"Point","coordinates":[12.295415,57.667461]},"properties":{"line":"FLYG","mode":"bus","color":"#0059a9","colorDark":"#00294f","band":4,"off":[1.7,1.1]}},{"type":"Feature","geometry":{"type":"Point","coordinates":[12.254103,57.606044]},"properties":{"name":"Inseros","band":4,"modes":"bus","arr":["620","762","763"],"off":[0,-0.8]}},{"type":"Feature","geometry":{"type":"Point","coordinates":[12.254103,57.606044]},"properties":{"line":"620","mode":"bus","color":"#0059a9","colorDark":"#00294f","band":4,"off":[-3.4,1.1]}},{"type":"Feature","geometry":{"type":"Point","coordinates":[12.254103,57.606044]},"properties":{"line":"762","mode":"bus","color":"#0059a9","colorDark":"#00294f","band":4,"off":[0,1.1]}},{"type":"Feature","geometry":{"type":"Point","coordinates":[12.254103,57.606044]},"properties":{"line":"763","mode":"bus","color":"#0059a9","colorDark":"#00294f","band":4,"off":[3.4,1.1]}},{"type":"Feature","geometry":{"type":"Point","coordinates":[12.268662,57.58762]},"properties":{"name":"Röshult","band":4,"modes":"bus","arr":["717"],"off":[0,-0.8]}},{"type":"Feature","geometry":{"type":"Point","coordinates":[12.268662,57.58762]},"properties":{"line":"717","mode":"bus","color":"#0059a9","colorDark":"#00294f","band":4,"off":[0,1.1]}},{"type":"Feature","geometry":{"type":"Point","coordinates":[11.925138,57.545916]},"properties":{"name":"Kullaviks hamn","band":4,"modes":"bus","arr":["720","X3"],"off":[0,-0.8]}},{"type":"Feature","geometry":{"type":"Point","coordinates":[11.925138,57.545916]},"properties":{"line":"720","mode":"bus","color":"#0059a9","colorDark":"#00294f","band":4,"off":[-1.7,1.1]}},{"type":"Feature","geometry":{"type":"Point","coordinates":[11.925138,57.545916]},"properties":{"line":"X3","mode":"bus","color":"#0059a9","colorDark":"#00294f","band":4,"off":[1.7,1.1]}},{"type":"Feature","geometry":{"type":"Point","coordinates":[12.080542,57.57555]},"properties":{"name":"Lindome station","band":4,"modes":"bus","arr":["735","761","762","763","766"],"off":[0,-0.8]}},{"type":"Feature","geometry":{"type":"Point","coordinates":[12.080542,57.57555]},"properties":{"line":"735","mode":"bus","color":"#0059a9","colorDark":"#00294f","band":4,"off":[-6.8,1.1]}},{"type":"Feature","geometry":{"type":"Point","coordinates":[12.080542,57.57555]},"properties":{"line":"761","mode":"bus","color":"#0059a9","colorDark":"#00294f","band":4,"off":[-3.4,1.1]}},{"type":"Feature","geometry":{"type":"Point","coordinates":[12.080542,57.57555]},"properties":{"line":"762","mode":"bus","color":"#0059a9","colorDark":"#00294f","band":4,"off":[0,1.1]}},{"type":"Feature","geometry":{"type":"Point","coordinates":[12.080542,57.57555]},"properties":{"line":"763","mode":"bus","color":"#0059a9","colorDark":"#00294f","band":4,"off":[3.4,1.1]}},{"type":"Feature","geometry":{"type":"Point","coordinates":[12.080542,57.57555]},"properties":{"line":"766","mode":"bus","color":"#0059a9","colorDark":"#00294f","band":4,"off":[6.8,1.1]}},{"type":"Feature","geometry":{"type":"Point","coordinates":[12.019187,57.655631]},"properties":{"name":"Mölndals bro","band":4,"modes":"bus","arr":["753","754","760","761"],"off":[0,-0.8]}},{"type":"Feature","geometry":{"type":"Point","coordinates":[12.019187,57.655631]},"properties":{"line":"753","mode":"bus","color":"#0059a9","colorDark":"#00294f","band":4,"off":[-5.1,1.1]}},{"type":"Feature","geometry":{"type":"Point","coordinates":[12.019187,57.655631]},"properties":{"line":"754","mode":"bus","color":"#0059a9","colorDark":"#00294f","band":4,"off":[-1.7,1.1]}},{"type":"Feature","geometry":{"type":"Point","coordinates":[12.019187,57.655631]},"properties":{"line":"760","mode":"bus","color":"#0059a9","colorDark":"#00294f","band":4,"off":[1.7,1.1]}},{"type":"Feature","geometry":{"type":"Point","coordinates":[12.019187,57.655631]},"properties":{"line":"761","mode":"bus","color":"#0059a9","colorDark":"#00294f","band":4,"off":[5.1,1.1]}},{"type":"Feature","geometry":{"type":"Point","coordinates":[12.026212,57.605778]},"properties":{"name":"Kålleredgården","band":4,"modes":"bus","arr":["755","765"],"off":[0,-0.8]}},{"type":"Feature","geometry":{"type":"Point","coordinates":[12.026212,57.605778]},"properties":{"line":"755","mode":"bus","color":"#0059a9","colorDark":"#00294f","band":4,"off":[-1.7,1.1]}},{"type":"Feature","geometry":{"type":"Point","coordinates":[12.026212,57.605778]},"properties":{"line":"765","mode":"bus","color":"#0059a9","colorDark":"#00294f","band":4,"off":[1.7,1.1]}},{"type":"Feature","geometry":{"type":"Point","coordinates":[12.00232,57.628643]},"properties":{"name":"Årsringsgatan","band":4,"modes":"bus","arr":["759"],"off":[0,-0.8]}},{"type":"Feature","geometry":{"type":"Point","coordinates":[12.00232,57.628643]},"properties":{"line":"759","mode":"bus","color":"#0059a9","colorDark":"#00294f","band":4,"off":[0,1.1]}},{"type":"Feature","geometry":{"type":"Point","coordinates":[12.106668,57.574727]},"properties":{"name":"Varvsvägen","band":4,"modes":"bus","arr":["760"],"off":[0,-0.8]}},{"type":"Feature","geometry":{"type":"Point","coordinates":[12.106668,57.574727]},"properties":{"line":"760","mode":"bus","color":"#0059a9","colorDark":"#00294f","band":4,"off":[0,1.1]}},{"type":"Feature","geometry":{"type":"Point","coordinates":[12.105515,57.618591]},"properties":{"name":"Tulebohöjd","band":4,"modes":"bus","arr":["764","765"],"off":[0,-0.8]}},{"type":"Feature","geometry":{"type":"Point","coordinates":[12.105515,57.618591]},"properties":{"line":"764","mode":"bus","color":"#0059a9","colorDark":"#00294f","band":4,"off":[-1.7,1.1]}},{"type":"Feature","geometry":{"type":"Point","coordinates":[12.105515,57.618591]},"properties":{"line":"765","mode":"bus","color":"#0059a9","colorDark":"#00294f","band":4,"off":[1.7,1.1]}},{"type":"Feature","geometry":{"type":"Point","coordinates":[12.056113,57.571988]},"properties":{"name":"Västra Fageredsvägen","band":4,"modes":"bus","arr":["766"],"off":[0,-0.8]}},{"type":"Feature","geometry":{"type":"Point","coordinates":[12.056113,57.571988]},"properties":{"line":"766","mode":"bus","color":"#0059a9","colorDark":"#00294f","band":4,"off":[0,1.1]}},{"type":"Feature","geometry":{"type":"Point","coordinates":[11.918685,57.862852]},"properties":{"name":"Ytterby station","band":4,"modes":"bus","arr":["903","920","921","926","928","KV2"],"off":[0,-0.8]}},{"type":"Feature","geometry":{"type":"Point","coordinates":[11.918685,57.862852]},"properties":{"line":"903","mode":"bus","color":"#0059a9","colorDark":"#00294f","band":4,"off":[-6.8,1.1]}},{"type":"Feature","geometry":{"type":"Point","coordinates":[11.918685,57.862852]},"properties":{"line":"920","mode":"bus","color":"#0059a9","colorDark":"#00294f","band":4,"off":[-3.4,1.1]}},{"type":"Feature","geometry":{"type":"Point","coordinates":[11.918685,57.862852]},"properties":{"line":"921","mode":"bus","color":"#0059a9","colorDark":"#00294f","band":4,"off":[0,1.1]}},{"type":"Feature","geometry":{"type":"Point","coordinates":[11.918685,57.862852]},"properties":{"line":"926","mode":"bus","color":"#0059a9","colorDark":"#00294f","band":4,"off":[3.4,1.1]}},{"type":"Feature","geometry":{"type":"Point","coordinates":[11.918685,57.862852]},"properties":{"line":"928","mode":"bus","color":"#0059a9","colorDark":"#00294f","band":4,"off":[6.8,1.1]}},{"type":"Feature","geometry":{"type":"Point","coordinates":[11.918685,57.862852]},"properties":{"line":"KV2","mode":"bus","color":"#0059a9","colorDark":"#00294f","band":4,"off":[0,3.1],"lbl":"2"}},{"type":"Feature","geometry":{"type":"Point","coordinates":[11.82449,57.89595]},"properties":{"name":"Hålta skola","band":4,"modes":"bus","arr":["910","924","927"],"off":[0,-0.8]}},{"type":"Feature","geometry":{"type":"Point","coordinates":[11.82449,57.89595]},"properties":{"line":"910","mode":"bus","color":"#0059a9","colorDark":"#00294f","band":4,"off":[-3.4,1.1]}},{"type":"Feature","geometry":{"type":"Point","coordinates":[11.82449,57.89595]},"properties":{"line":"924","mode":"bus","color":"#0059a9","colorDark":"#00294f","band":4,"off":[0,1.1]}},{"type":"Feature","geometry":{"type":"Point","coordinates":[11.82449,57.89595]},"properties":{"line":"927","mode":"bus","color":"#0059a9","colorDark":"#00294f","band":4,"off":[3.4,1.1]}},{"type":"Feature","geometry":{"type":"Point","coordinates":[11.931865,57.919324]},"properties":{"name":"Ringby","band":4,"modes":"bus","arr":["925"],"off":[0,-0.8]}},{"type":"Feature","geometry":{"type":"Point","coordinates":[11.931865,57.919324]},"properties":{"line":"925","mode":"bus","color":"#0059a9","colorDark":"#00294f","band":4,"off":[0,1.1]}},{"type":"Feature","geometry":{"type":"Point","coordinates":[11.909135,57.925598]},"properties":{"name":"Lundby södra","band":4,"modes":"bus","arr":["912"],"off":[0,-0.8]}},{"type":"Feature","geometry":{"type":"Point","coordinates":[11.909135,57.925598]},"properties":{"line":"912","mode":"bus","color":"#0059a9","colorDark":"#00294f","band":4,"off":[0,1.1]}},{"type":"Feature","geometry":{"type":"Point","coordinates":[11.905156,57.893346]},"properties":{"name":"Bollestad","band":4,"modes":"bus","arr":["913"],"off":[0,-0.8]}},{"type":"Feature","geometry":{"type":"Point","coordinates":[11.905156,57.893346]},"properties":{"line":"913","mode":"bus","color":"#0059a9","colorDark":"#00294f","band":4,"off":[0,1.1]}},{"type":"Feature","geometry":{"type":"Point","coordinates":[12.041773,57.907335]},"properties":{"name":"Dösebacka","band":4,"modes":"bus","arr":["914"],"off":[0,-0.8]}},{"type":"Feature","geometry":{"type":"Point","coordinates":[12.041773,57.907335]},"properties":{"line":"914","mode":"bus","color":"#0059a9","colorDark":"#00294f","band":4,"off":[0,1.1]}},{"type":"Feature","geometry":{"type":"Point","coordinates":[11.950123,57.893313]},"properties":{"name":"Ullstorp","band":4,"modes":"bus","arr":["917","KV1"],"off":[0,-0.8]}},{"type":"Feature","geometry":{"type":"Point","coordinates":[11.950123,57.893313]},"properties":{"line":"917","mode":"bus","color":"#0059a9","colorDark":"#00294f","band":4,"off":[-1.7,1.1]}},{"type":"Feature","geometry":{"type":"Point","coordinates":[11.950123,57.893313]},"properties":{"line":"KV1","mode":"bus","color":"#0059a9","colorDark":"#00294f","band":4,"off":[1.7,1.1],"lbl":"1"}},{"type":"Feature","geometry":{"type":"Point","coordinates":[11.972758,57.894578]},"properties":{"name":"Håltet","band":4,"modes":"bus","arr":["917"],"off":[0,-0.8]}},{"type":"Feature","geometry":{"type":"Point","coordinates":[11.972758,57.894578]},"properties":{"line":"917","mode":"bus","color":"#0059a9","colorDark":"#00294f","band":4,"off":[0,1.1]}},{"type":"Feature","geometry":{"type":"Point","coordinates":[12.024713,57.899399]},"properties":{"name":"Rörmossen","band":4,"modes":"bus","arr":["918"],"off":[0,-0.8]}},{"type":"Feature","geometry":{"type":"Point","coordinates":[12.024713,57.899399]},"properties":{"line":"918","mode":"bus","color":"#0059a9","colorDark":"#00294f","band":4,"off":[0,1.1]}},{"type":"Feature","geometry":{"type":"Point","coordinates":[12.011851,57.89586]},"properties":{"name":"Rörmossen södra","band":4,"modes":"bus","arr":["918"],"off":[0,-0.8]}},{"type":"Feature","geometry":{"type":"Point","coordinates":[12.011851,57.89586]},"properties":{"line":"918","mode":"bus","color":"#0059a9","colorDark":"#00294f","band":4,"off":[0,1.1]}},{"type":"Feature","geometry":{"type":"Point","coordinates":[11.838043,57.798828]},"properties":{"name":"Korseberget","band":4,"modes":"bus","arr":["921"],"off":[0,-0.8]}},{"type":"Feature","geometry":{"type":"Point","coordinates":[11.838043,57.798828]},"properties":{"line":"921","mode":"bus","color":"#0059a9","colorDark":"#00294f","band":4,"off":[0,1.1]}},{"type":"Feature","geometry":{"type":"Point","coordinates":[11.826669,57.809036]},"properties":{"name":"Västra Röd","band":4,"modes":"bus","arr":["921"],"off":[0,-0.8]}},{"type":"Feature","geometry":{"type":"Point","coordinates":[11.826669,57.809036]},"properties":{"line":"921","mode":"bus","color":"#0059a9","colorDark":"#00294f","band":4,"off":[0,1.1]}},{"type":"Feature","geometry":{"type":"Point","coordinates":[11.710182,57.865916]},"properties":{"name":"Tofta herrgård","band":4,"modes":"bus","arr":["926"],"off":[0,-0.8]}},{"type":"Feature","geometry":{"type":"Point","coordinates":[11.710182,57.865916]},"properties":{"line":"926","mode":"bus","color":"#0059a9","colorDark":"#00294f","band":4,"off":[0,1.1]}},{"type":"Feature","geometry":{"type":"Point","coordinates":[11.769608,57.890684]},"properties":{"name":"Gullbringa västra","band":4,"modes":"bus","arr":["924"],"off":[0,-0.8]}},{"type":"Feature","geometry":{"type":"Point","coordinates":[11.769608,57.890684]},"properties":{"line":"924","mode":"bus","color":"#0059a9","colorDark":"#00294f","band":4,"off":[0,1.1]}},{"type":"Feature","geometry":{"type":"Point","coordinates":[11.764974,57.877864]},"properties":{"name":"Kulperöd","band":4,"modes":"bus","arr":["924"],"off":[0,-0.8]}},{"type":"Feature","geometry":{"type":"Point","coordinates":[11.764974,57.877864]},"properties":{"line":"924","mode":"bus","color":"#0059a9","colorDark":"#00294f","band":4,"off":[0,1.1]}},{"type":"Feature","geometry":{"type":"Point","coordinates":[11.865866,57.833497]},"properties":{"name":"Kanehall","band":4,"modes":"bus","arr":["928"],"off":[0,-0.8]}},{"type":"Feature","geometry":{"type":"Point","coordinates":[11.865866,57.833497]},"properties":{"line":"928","mode":"bus","color":"#0059a9","colorDark":"#00294f","band":4,"off":[0,1.1]}},{"type":"Feature","geometry":{"type":"Point","coordinates":[11.855087,57.872877]},"properties":{"name":"Vena berg","band":4,"modes":"bus","arr":["928"],"off":[0,-0.8]}},{"type":"Feature","geometry":{"type":"Point","coordinates":[11.855087,57.872877]},"properties":{"line":"928","mode":"bus","color":"#0059a9","colorDark":"#00294f","band":4,"off":[0,1.1]}},{"type":"Feature","geometry":{"type":"Point","coordinates":[11.702363,57.837737]},"properties":{"name":"Sundhammar","band":4,"modes":"bus","arr":["930"],"off":[0,-0.8]}},{"type":"Feature","geometry":{"type":"Point","coordinates":[11.702363,57.837737]},"properties":{"line":"930","mode":"bus","color":"#0059a9","colorDark":"#00294f","band":4,"off":[0,1.1]}},{"type":"Feature","geometry":{"type":"Point","coordinates":[12.138122,57.657769]},"properties":{"name":"Häggvägen","band":4,"modes":"bus","arr":["HA1"],"off":[0,-0.8]}},{"type":"Feature","geometry":{"type":"Point","coordinates":[12.138122,57.657769]},"properties":{"line":"HA1","mode":"bus","color":"#0059a9","colorDark":"#00294f","band":4,"off":[0,1.1],"lbl":"1"}},{"type":"Feature","geometry":{"type":"Point","coordinates":[12.13355,57.662281]},"properties":{"name":"Strandvägen","band":4,"modes":"bus","arr":["HA2"],"off":[0,-0.8]}},{"type":"Feature","geometry":{"type":"Point","coordinates":[12.13355,57.662281]},"properties":{"line":"HA2","mode":"bus","color":"#0059a9","colorDark":"#00294f","band":4,"off":[0,1.1],"lbl":"2"}},{"type":"Feature","geometry":{"type":"Point","coordinates":[12.078841,57.67417]},"properties":{"name":"Delsjökärrvägen","band":4,"modes":"bus","arr":["HA3"],"off":[0,-0.8]}},{"type":"Feature","geometry":{"type":"Point","coordinates":[12.078841,57.67417]},"properties":{"line":"HA3","mode":"bus","color":"#0059a9","colorDark":"#00294f","band":4,"off":[0,1.1],"lbl":"3"}},{"type":"Feature","geometry":{"type":"Point","coordinates":[12.101704,57.492398]},"properties":{"name":"Basunen","band":4,"modes":"bus","arr":["KB1"],"off":[0,-0.8]}},{"type":"Feature","geometry":{"type":"Point","coordinates":[12.101704,57.492398]},"properties":{"line":"KB1","mode":"bus","color":"#0059a9","colorDark":"#00294f","band":4,"off":[0,1.1],"lbl":"1"}},{"type":"Feature","geometry":{"type":"Point","coordinates":[11.910902,57.862549]},"properties":{"name":"Hällebergsgatan","band":4,"modes":"bus","arr":["KV1"],"off":[0,-0.8]}},{"type":"Feature","geometry":{"type":"Point","coordinates":[11.910902,57.862549]},"properties":{"line":"KV1","mode":"bus","color":"#0059a9","colorDark":"#00294f","band":4,"off":[0,1.1],"lbl":"1"}},{"type":"Feature","geometry":{"type":"Point","coordinates":[12.014029,57.825255]},"properties":{"name":"Surte station","band":4,"modes":"bus","arr":["KV21"],"off":[0,-0.8]}},{"type":"Feature","geometry":{"type":"Point","coordinates":[12.014029,57.825255]},"properties":{"line":"KV21","mode":"bus","color":"#0059a9","colorDark":"#00294f","band":4,"off":[0,1.1],"lbl":"21"}},{"type":"Feature","geometry":{"type":"Point","coordinates":[12.298782,57.837067]},"properties":{"name":"Gråbo busstation","band":4,"modes":"bus","arr":["LE526","LE527","X3"],"off":[0,-0.8]}},{"type":"Feature","geometry":{"type":"Point","coordinates":[12.298782,57.837067]},"properties":{"line":"LE526","mode":"bus","color":"#0059a9","colorDark":"#00294f","band":4,"off":[-3.4,1.1],"lbl":"526"}},{"type":"Feature","geometry":{"type":"Point","coordinates":[12.298782,57.837067]},"properties":{"line":"LE527","mode":"bus","color":"#0059a9","colorDark":"#00294f","band":4,"off":[0,1.1],"lbl":"527"}},{"type":"Feature","geometry":{"type":"Point","coordinates":[12.298782,57.837067]},"properties":{"line":"X3","mode":"bus","color":"#0059a9","colorDark":"#00294f","band":4,"off":[3.4,1.1]}},{"type":"Feature","geometry":{"type":"Point","coordinates":[12.284103,57.853437]},"properties":{"name":"Annesjövägen","band":4,"modes":"bus","arr":["LE526"],"off":[0,-0.8]}},{"type":"Feature","geometry":{"type":"Point","coordinates":[12.284103,57.853437]},"properties":{"line":"LE526","mode":"bus","color":"#0059a9","colorDark":"#00294f","band":4,"off":[0,1.1],"lbl":"526"}},{"type":"Feature","geometry":{"type":"Point","coordinates":[12.206613,57.859014]},"properties":{"name":"Tolsjöhult","band":4,"modes":"bus","arr":["LE527"],"off":[0,-0.8]}},{"type":"Feature","geometry":{"type":"Point","coordinates":[12.206613,57.859014]},"properties":{"line":"LE527","mode":"bus","color":"#0059a9","colorDark":"#00294f","band":4,"off":[0,1.1],"lbl":"527"}},{"type":"Feature","geometry":{"type":"Point","coordinates":[12.417911,57.818811]},"properties":{"name":"Nääs fabriker","band":4,"modes":"bus","arr":["LERS"],"off":[0,-0.8]}},{"type":"Feature","geometry":{"type":"Point","coordinates":[12.417911,57.818811]},"properties":{"line":"LERS","mode":"bus","color":"#0059a9","colorDark":"#00294f","band":4,"off":[0,1.1]}},{"type":"Feature","geometry":{"type":"Point","coordinates":[11.665698,57.698694]},"properties":{"name":"Hönö färjeläge","band":4,"modes":"bus","arr":["OC1","OC2"],"off":[0,-0.8]}},{"type":"Feature","geometry":{"type":"Point","coordinates":[11.665698,57.698694]},"properties":{"line":"OC1","mode":"bus","color":"#0059a9","colorDark":"#00294f","band":4,"off":[-1.7,1.1],"lbl":"1"}},{"type":"Feature","geometry":{"type":"Point","coordinates":[11.665698,57.698694]},"properties":{"line":"OC2","mode":"bus","color":"#0059a9","colorDark":"#00294f","band":4,"off":[1.7,1.1],"lbl":"2"}},{"type":"Feature","geometry":{"type":"Point","coordinates":[11.684848,57.711958]},"properties":{"name":"Framnäs","band":4,"modes":"bus","arr":["OC3"],"off":[0,-0.8]}},{"type":"Feature","geometry":{"type":"Point","coordinates":[11.684848,57.711958]},"properties":{"line":"OC3","mode":"bus","color":"#0059a9","colorDark":"#00294f","band":4,"off":[0,1.1],"lbl":"3"}},{"type":"Feature","geometry":{"type":"Point","coordinates":[11.682148,57.732884]},"properties":{"name":"Equmeniakyrkan","band":4,"modes":"bus","arr":["OC3"],"off":[0,-0.8]}},{"type":"Feature","geometry":{"type":"Point","coordinates":[11.682148,57.732884]},"properties":{"line":"OC3","mode":"bus","color":"#0059a9","colorDark":"#00294f","band":4,"off":[0,1.1],"lbl":"3"}},{"type":"Feature","geometry":{"type":"Point","coordinates":[11.948016,57.561937]},"properties":{"name":"Snipen","band":4,"modes":"bus","arr":["X2"],"off":[0,-0.8]}},{"type":"Feature","geometry":{"type":"Point","coordinates":[11.948016,57.561937]},"properties":{"line":"X2","mode":"bus","color":"#0059a9","colorDark":"#00294f","band":4,"off":[0,1.1]}},{"type":"Feature","geometry":{"type":"Point","coordinates":[11.964809,57.520892]},"properties":{"name":"Särö centrum","band":4,"modes":"bus","arr":["X3"],"off":[0,-0.8]}},{"type":"Feature","geometry":{"type":"Point","coordinates":[11.964809,57.520892]},"properties":{"line":"X3","mode":"bus","color":"#0059a9","colorDark":"#00294f","band":4,"off":[0,1.1]}},{"type":"Feature","geometry":{"type":"Point","coordinates":[11.702673,57.708649]},"properties":{"name":"Lilla Varholmen","band":4,"modes":"bus","arr":["X6"],"off":[0,-0.8]}},{"type":"Feature","geometry":{"type":"Point","coordinates":[11.702673,57.708649]},"properties":{"line":"X6","mode":"bus","color":"#0059a9","colorDark":"#00294f","band":4,"off":[0,1.1]}},{"type":"Feature","geometry":{"type":"Point","coordinates":[11.970221,57.876848]},"properties":{"name":"Kungälvs sjukhus södra","band":4,"modes":"bus","arr":["X40"],"off":[0,-0.8]}},{"type":"Feature","geometry":{"type":"Point","coordinates":[11.970221,57.876848]},"properties":{"line":"X40","mode":"bus","color":"#0059a9","colorDark":"#00294f","band":4,"off":[0,1.1]}},{"type":"Feature","geometry":{"type":"Point","coordinates":[12.048151,57.722356]},"properties":{"name":"Östra Sjukhuset","band":4,"modes":"tram","arr":["1","5"],"off":[0,-0.8]}},{"type":"Feature","geometry":{"type":"Point","coordinates":[12.048151,57.722356]},"properties":{"line":"1","mode":"tram","color":"#d6212b","colorDark":"#7c1116","band":4,"off":[-1.7,1.1]}},{"type":"Feature","geometry":{"type":"Point","coordinates":[12.048151,57.722356]},"properties":{"line":"5","mode":"tram","color":"#d6212b","colorDark":"#7c1116","band":4,"off":[1.7,1.1]}},{"type":"Feature","geometry":{"type":"Point","coordinates":[11.991259,57.713001]},"properties":{"name":"Svingeln","band":4,"modes":"tram","arr":["X"],"off":[0,-0.8]}},{"type":"Feature","geometry":{"type":"Point","coordinates":[11.991259,57.713001]},"properties":{"line":"X","mode":"tram","color":"#d6212b","colorDark":"#7c1116","band":4,"off":[0,1.1]}},{"type":"Feature","geometry":{"type":"Point","coordinates":[11.901761,57.64187]},"properties":{"name":"Opaltorget","band":4,"modes":"tram","arr":["1","7"],"off":[0,-0.8]}},{"type":"Feature","geometry":{"type":"Point","coordinates":[11.901761,57.64187]},"properties":{"line":"1","mode":"tram","color":"#d6212b","colorDark":"#7c1116","band":4,"off":[-1.7,1.1]}},{"type":"Feature","geometry":{"type":"Point","coordinates":[11.901761,57.64187]},"properties":{"line":"7","mode":"tram","color":"#d6212b","colorDark":"#7c1116","band":4,"off":[1.7,1.1]}},{"type":"Feature","geometry":{"type":"Point","coordinates":[11.892719,57.726993]},"properties":{"name":"Väderilsgatan","band":4,"modes":"tram","arr":["2"],"off":[0,-0.8]}},{"type":"Feature","geometry":{"type":"Point","coordinates":[11.892719,57.726993]},"properties":{"line":"2","mode":"tram","color":"#d6212b","colorDark":"#7c1116","band":4,"off":[0,1.1]}},{"type":"Feature","geometry":{"type":"Point","coordinates":[11.900477,57.680424]},"properties":{"name":"Kungssten Vändslinga","band":4,"modes":"tram","arr":["2","9"],"off":[0,-0.8]}},{"type":"Feature","geometry":{"type":"Point","coordinates":[11.900477,57.680424]},"properties":{"line":"2","mode":"tram","color":"#d6212b","colorDark":"#7c1116","band":4,"off":[-1.7,1.1]}},{"type":"Feature","geometry":{"type":"Point","coordinates":[11.900477,57.680424]},"properties":{"line":"9","mode":"tram","color":"#d6212b","colorDark":"#7c1116","band":4,"off":[1.7,1.1]}},{"type":"Feature","geometry":{"type":"Point","coordinates":[12.02263,57.70988]},"properties":{"name":"Virginsgatan","band":4,"modes":"tram","arr":["3"],"off":[0,-0.8]}},{"type":"Feature","geometry":{"type":"Point","coordinates":[12.02263,57.70988]},"properties":{"line":"3","mode":"tram","color":"#d6212b","colorDark":"#7c1116","band":4,"off":[0,1.1]}},{"type":"Feature","geometry":{"type":"Point","coordinates":[11.911983,57.689318]},"properties":{"name":"Vagnhallen Majorna","band":4,"modes":"tram","arr":["X"],"off":[0,-0.8]}},{"type":"Feature","geometry":{"type":"Point","coordinates":[11.911983,57.689318]},"properties":{"line":"X","mode":"tram","color":"#d6212b","colorDark":"#7c1116","band":4,"off":[0,1.1]}},{"type":"Feature","geometry":{"type":"Point","coordinates":[11.912864,57.688897]},"properties":{"name":"Vagnhallen Majorna DEPÅ","band":4,"modes":"tram","arr":["3"],"off":[0,-0.8]}},{"type":"Feature","geometry":{"type":"Point","coordinates":[11.912864,57.688897]},"properties":{"line":"3","mode":"tram","color":"#d6212b","colorDark":"#7c1116","band":4,"off":[0,1.1]}},{"type":"Feature","geometry":{"type":"Point","coordinates":[12.01754,57.654608]},"properties":{"name":"Mölndals Innerstad","band":4,"modes":"tram","arr":["4","12"],"off":[0,-0.8]}},{"type":"Feature","geometry":{"type":"Point","coordinates":[12.01754,57.654608]},"properties":{"line":"4","mode":"tram","color":"#d6212b","colorDark":"#7c1116","band":4,"off":[-1.7,1.1]}},{"type":"Feature","geometry":{"type":"Point","coordinates":[12.01754,57.654608]},"properties":{"line":"12","mode":"tram","color":"#d6212b","colorDark":"#7c1116","band":4,"off":[1.7,1.1]}},{"type":"Feature","geometry":{"type":"Point","coordinates":[11.895858,57.736921]},"properties":{"name":"Varmfrontsgatan","band":4,"modes":"tram","arr":["5","6"],"off":[0,-0.8]}},{"type":"Feature","geometry":{"type":"Point","coordinates":[11.895858,57.736921]},"properties":{"line":"5","mode":"tram","color":"#d6212b","colorDark":"#7c1116","band":4,"off":[-1.7,1.1]}},{"type":"Feature","geometry":{"type":"Point","coordinates":[11.895858,57.736921]},"properties":{"line":"6","mode":"tram","color":"#d6212b","colorDark":"#7c1116","band":4,"off":[1.7,1.1]}},{"type":"Feature","geometry":{"type":"Point","coordinates":[12.041003,57.761411]},"properties":{"name":"Aprilgatan","band":4,"modes":"tram","arr":["6"],"off":[0,-0.8]}},{"type":"Feature","geometry":{"type":"Point","coordinates":[12.041003,57.761411]},"properties":{"line":"6","mode":"tram","color":"#d6212b","colorDark":"#7c1116","band":4,"off":[0,1.1]}},{"type":"Feature","geometry":{"type":"Point","coordinates":[12.071508,57.750993]},"properties":{"name":"Komettorget","band":4,"modes":"tram","arr":["7","11","X","X#2"],"off":[0,-0.8]}},{"type":"Feature","geometry":{"type":"Point","coordinates":[12.071508,57.750993]},"properties":{"line":"7","mode":"tram","color":"#d6212b","colorDark":"#7c1116","band":4,"off":[-5.1,1.1]}},{"type":"Feature","geometry":{"type":"Point","coordinates":[12.071508,57.750993]},"properties":{"line":"11","mode":"tram","color":"#d6212b","colorDark":"#7c1116","band":4,"off":[-1.7,1.1]}},{"type":"Feature","geometry":{"type":"Point","coordinates":[12.071508,57.750993]},"properties":{"line":"X","mode":"tram","color":"#d6212b","colorDark":"#7c1116","band":4,"off":[1.7,1.1]}},{"type":"Feature","geometry":{"type":"Point","coordinates":[12.071508,57.750993]},"properties":{"line":"X#2","mode":"tram","color":"#d6212b","colorDark":"#7c1116","band":4,"off":[5.1,1.1],"lbl":"X"}},{"type":"Feature","geometry":{"type":"Point","coordinates":[11.910713,57.652256]},"properties":{"name":"Frölunda Torg Vändslinga","band":4,"modes":"tram","arr":["8"],"off":[0,-0.8]}},{"type":"Feature","geometry":{"type":"Point","coordinates":[11.910713,57.652256]},"properties":{"line":"8","mode":"tram","color":"#d6212b","colorDark":"#7c1116","band":4,"off":[0,1.1]}},{"type":"Feature","geometry":{"type":"Point","coordinates":[11.934817,57.707392]},"properties":{"name":"Lindholmen","band":4,"modes":"tram","arr":["10","12"],"off":[0,-0.8]}},{"type":"Feature","geometry":{"type":"Point","coordinates":[11.934817,57.707392]},"properties":{"line":"10","mode":"tram","color":"#d6212b","colorDark":"#7c1116","band":4,"off":[-1.7,1.1]}},{"type":"Feature","geometry":{"type":"Point","coordinates":[11.934817,57.707392]},"properties":{"line":"12","mode":"tram","color":"#d6212b","colorDark":"#7c1116","band":4,"off":[1.7,1.1]}},{"type":"Feature","geometry":{"type":"Point","coordinates":[11.975272,57.680868]},"properties":{"name":"Doktor Sydows Gata","band":4,"modes":"tram","arr":["10"],"off":[0,-0.8]}},{"type":"Feature","geometry":{"type":"Point","coordinates":[11.975272,57.680868]},"properties":{"line":"10","mode":"tram","color":"#d6212b","colorDark":"#7c1116","band":4,"off":[0,1.1]}},{"type":"Feature","geometry":{"type":"Point","coordinates":[11.846438,57.660548]},"properties":{"name":"Saltholmen","band":4,"modes":"tram","arr":["11","13","X"],"off":[0,-0.8]}},{"type":"Feature","geometry":{"type":"Point","coordinates":[11.846438,57.660548]},"properties":{"line":"11","mode":"tram","color":"#d6212b","colorDark":"#7c1116","band":4,"off":[-3.4,1.1]}},{"type":"Feature","geometry":{"type":"Point","coordinates":[11.846438,57.660548]},"properties":{"line":"13","mode":"tram","color":"#d6212b","colorDark":"#7c1116","band":4,"off":[0,1.1]}},{"type":"Feature","geometry":{"type":"Point","coordinates":[11.846438,57.660548]},"properties":{"line":"X","mode":"tram","color":"#d6212b","colorDark":"#7c1116","band":4,"off":[3.4,1.1]}},{"type":"Feature","geometry":{"type":"Point","coordinates":[11.972952,57.707817]},"properties":{"name":"Drottningtorget","band":4,"modes":"tram","arr":["13"],"off":[0,-0.8]}},{"type":"Feature","geometry":{"type":"Point","coordinates":[11.972952,57.707817]},"properties":{"line":"13","mode":"tram","color":"#d6212b","colorDark":"#7c1116","band":4,"off":[0,1.1]}}]}