{"type":"FeatureCollection","features":[{"type":"Feature","properties":{"mode":"bus","n":5,"arr":["4","5","20","717","KB1"],"lines":"4, 5, 20, 717, 1"},"geometry":{"type":"LineString","coordinates":[[12.081037,57.514325],[12.081174,57.514294],[12.081256,57.514199],[12.081221,57.514146],[12.081194,57.514121],[12.08115,57.514105],[12.081067,57.514085],[12.081008,57.514078],[12.08095,57.514086],[12.0809,57.514099],[12.080851,57.514118],[12.080821,57.514147],[12.080783,57.514207],[12.080845,57.514284],[12.081037,57.514325]]}},{"type":"Feature","properties":{"mode":"bus","n":5,"arr":["4","5","20","717","KB1"],"lines":"4, 5, 20, 717, 1"},"geometry":{"type":"LineString","coordinates":[[12.081256,57.514199],[12.081948,57.514145],[12.083395,57.513923],[12.083506,57.513826],[12.083468,57.513682]]}},{"type":"Feature","properties":{"mode":"bus","n":5,"arr":["4","5","20","717","KB1"],"lines":"4, 5, 20, 717, 1"},"geometry":{"type":"LineString","coordinates":[[12.082514,57.513467],[12.081599,57.513617],[12.081564,57.513627],[12.081546,57.513643],[12.081543,57.513664],[12.081632,57.514054],[12.08156,57.514187]]}},{"type":"Feature","properties":{"mode":"bus","n":5,"arr":["4","20","717","720","KB1"],"lines":"4, 20, 717, 720, 1"},"geometry":{"type":"LineString","coordinates":[[12.079077,57.490995],[12.07897,57.491025],[12.078935,57.49104],[12.078915,57.491062],[12.078892,57.491108],[12.078965,57.491178],[12.079097,57.4912]]}},{"type":"Feature","properties":{"mode":"bus","n":11,"arr":["4E","40","71","73","74","75","76","77","148","179","401"],"lines":"4E, 40, 71, 73, 74, 75, 76, 77, 148, 179, 401"},"geometry":{"type":"LineString","coordinates":[[12.046918,57.796129],[12.046946,57.796072],[12.046961,57.796055],[12.046985,57.796042],[12.047018,57.796035],[12.048424,57.795858]]}},{"type":"Feature","properties":{"mode":"bus","n":11,"arr":["4E","40","71","73","74","75","76","77","148","179","401"],"lines":"4E, 40, 71, 73, 74, 75, 76, 77, 148, 179, 401"},"geometry":{"type":"LineString","coordinates":[[12.046676,57.79617],[12.046531,57.796091],[12.046529,57.796029],[12.046586,57.795976],[12.046583,57.795878],[12.046125,57.794965],[12.045945,57.794771],[12.045793,57.794716]]}},{"type":"Feature","properties":{"mode":"bus","n":11,"arr":["4E","40","71","73","74","75","76","77","148","179","401"],"lines":"4E, 40, 71, 73, 74, 75, 76, 77, 148, 179, 401"},"geometry":{"type":"LineString","coordinates":[[12.045775,57.794565],[12.045902,57.794514],[12.045959,57.7945],[12.046022,57.794501],[12.046498,57.794559],[12.047065,57.794528],[12.047548,57.794398],[12.047902,57.794157]]}},{"type":"Feature","properties":{"mode":"bus","n":11,"arr":["4E","40","71","73","74","75","76","77","148","179","401"],"lines":"4E, 40, 71, 73, 74, 75, 76, 77, 148, 179, 401"},"geometry":{"type":"LineString","coordinates":[[12.048531,57.794828],[12.048179,57.79433],[12.048018,57.794222]]}},{"type":"Feature","properties":{"mode":"bus","n":7,"arr":["4E","71","73","74","148","179","401"],"lines":"4E, 71, 73, 74, 148, 179, 401"},"geometry":{"type":"LineString","coordinates":[[12.046676,57.79617],[12.046809,57.79617],[12.046918,57.796129]]}},{"type":"Feature","properties":{"mode":"bus","n":8,"arr":["4E","40","71","74","75","76","77","401"],"lines":"4E, 40, 71, 74, 75, 76, 77, 401"},"geometry":{"type":"LineString","coordinates":[[12.045793,57.794716],[12.045751,57.794668],[12.045775,57.794565]]}},{"type":"Feature","properties":{"mode":"bus","n":5,"arr":["4E","71","74","179","401"],"lines":"4E, 71, 74, 179, 401"},"geometry":{"type":"LineString","coordinates":[[12.048018,57.794222],[12.048859,57.793489],[12.049061,57.793389],[12.04911,57.793373],[12.049167,57.79337],[12.049281,57.793378],[12.049411,57.79334],[12.049486,57.793256],[12.049481,57.793208],[12.049446,57.793165],[12.049324,57.793111],[12.049182,57.793102],[12.049053,57.793135],[12.048942,57.793126],[12.047491,57.792799],[12.047142,57.792671],[12.047002,57.792555],[12.046897,57.792303],[12.046879,57.791717],[12.046819,57.791535],[12.045553,57.789944],[12.045435,57.789674],[12.045313,57.788974],[12.045181,57.788766],[12.044795,57.788379],[12.04479,57.78837],[12.044793,57.788361],[12.044806,57.788354],[12.044854,57.788334],[12.044911,57.788266]]}},{"type":"Feature","properties":{"mode":"bus","n":5,"arr":["4E","71","74","179","401"],"lines":"4E, 71, 74, 179, 401"},"geometry":{"type":"LineString","coordinates":[[12.044776,57.788136],[12.044676,57.788124],[12.044555,57.78814]]}},{"type":"Feature","properties":{"mode":"bus","n":5,"arr":["4E","71","78","179","X3"],"lines":"4E, 71, 78, 179, X3"},"geometry":{"type":"LineString","coordinates":[[12.022529,57.768169],[12.021226,57.768142],[12.020334,57.76806],[12.019939,57.768065],[12.019811,57.768036],[12.019728,57.76798],[12.019703,57.767915],[12.01937,57.767667],[12.019229,57.767461],[12.019212,57.767278],[12.019243,57.767195],[12.019338,57.767049],[12.019467,57.766936]]}},{"type":"Feature","properties":{"mode":"bus","n":5,"arr":["6E","21","173","510","515"],"lines":"6E, 21, 173, 510, 515"},"geometry":{"type":"LineString","coordinates":[[12.008635,57.724073],[12.00867,57.72413],[12.008674,57.724152],[12.008658,57.724173],[12.008609,57.724209],[12.008352,57.724809],[12.008218,57.725261],[12.007807,57.726051],[12.00775,57.726512]]}},{"type":"Feature","properties":{"mode":"bus","n":5,"arr":["6E","21","173","510","515"],"lines":"6E, 21, 173, 510, 515"},"geometry":{"type":"LineString","coordinates":[[12.008262,57.724131],[12.008376,57.724157],[12.008428,57.724201],[12.00839,57.724414],[12.007991,57.725387],[12.007679,57.726032],[12.007581,57.726517]]}},{"type":"Feature","properties":{"mode":"bus","n":5,"arr":["6E","17","40","43","X3"],"lines":"6E, 17, 40, 43, X3"},"geometry":{"type":"LineString","coordinates":[[11.995858,57.714179],[11.995759,57.714265],[11.995638,57.714307],[11.995445,57.714321],[11.995349,57.714305]]}},{"type":"Feature","properties":{"mode":"bus","n":5,"arr":["6E","17","40","43","X3"],"lines":"6E, 17, 40, 43, X3"},"geometry":{"type":"LineString","coordinates":[[11.991583,57.713626],[11.991705,57.713643]]}},{"type":"Feature","properties":{"mode":"bus","n":6,"arr":["6E","21","173","510","513","515"],"lines":"6E, 21, 173, 510, 513, 515"},"geometry":{"type":"LineString","coordinates":[[12.009214,57.723072],[12.009278,57.723102]]}},{"type":"Feature","properties":{"mode":"bus","n":10,"arr":["6E","21","173","501","502","510","513","515","X1","X5"],"lines":"6E, 21, 173, 501, 502, 510, 513, 515, X1, X5"},"geometry":{"type":"LineString","coordinates":[[12.009228,57.723365],[12.0091,57.723398]]}},{"type":"Feature","properties":{"mode":"bus","n":5,"arr":["17","29","129","135","137"],"lines":"17, 29, 129, 135, 137"},"geometry":{"type":"LineString","coordinates":[[11.945862,57.727398],[11.946024,57.727316],[11.94606,57.727219],[11.945774,57.726873],[11.945678,57.726169],[11.945301,57.721028],[11.945506,57.720849],[11.945886,57.720752]]}},{"type":"Feature","properties":{"mode":"bus","n":5,"arr":["17","29","129","135","137"],"lines":"17, 29, 129, 135, 137"},"geometry":{"type":"LineString","coordinates":[[11.945502,57.727368],[11.945408,57.727294],[11.945391,57.727209],[11.945597,57.726935],[11.945601,57.726542],[11.945221,57.721904],[11.945088,57.720754]]}},{"type":"Feature","properties":{"mode":"bus","n":6,"arr":["17","35","37","135","137","145"],"lines":"17, 35, 37, 135, 137, 145"},"geometry":{"type":"LineString","coordinates":[[11.942026,57.734213],[11.942068,57.734298],[11.942137,57.736203],[11.942042,57.737235],[11.94177,57.738233],[11.940787,57.741007],[11.940659,57.741174],[11.940596,57.741371],[11.940597,57.741392],[11.940618,57.741411],[11.940675,57.741443],[11.940692,57.741542],[11.94047,57.741704],[11.94035,57.742085]]}},{"type":"Feature","properties":{"mode":"bus","n":6,"arr":["17","35","37","135","137","145"],"lines":"17, 35, 37, 135, 137, 145"},"geometry":{"type":"LineString","coordinates":[[11.938577,57.748282],[11.938767,57.747796],[11.938957,57.746888],[11.939174,57.744872],[11.939294,57.744341],[11.939917,57.742457],[11.940267,57.741684],[11.940223,57.741486],[11.940349,57.74139],[11.940405,57.741293],[11.94106,57.739578],[11.941838,57.73722],[11.941924,57.736582],[11.941815,57.734791],[11.941858,57.734581],[11.941854,57.734516],[11.941699,57.734321],[11.941687,57.734259]]}},{"type":"Feature","properties":{"mode":"bus","n":6,"arr":["17","35","37","135","137","145"],"lines":"17, 35, 37, 135, 137, 145"},"geometry":{"type":"LineString","coordinates":[[11.941727,57.734202],[11.941754,57.734188]]}},{"type":"Feature","properties":{"mode":"bus","n":6,"arr":["17","35","37","44","135","137"],"lines":"17, 35, 37, 44, 135, 137"},"geometry":{"type":"LineString","coordinates":[[11.93891,57.74826],[11.939054,57.748351]]}},{"type":"Feature","properties":{"mode":"bus","n":6,"arr":["17","35","37","44","135","137"],"lines":"17, 35, 37, 44, 135, 137"},"geometry":{"type":"LineString","coordinates":[[11.939023,57.748482],[11.93895,57.748525]]}},{"type":"Feature","properties":{"mode":"bus","n":6,"arr":["17","35","37","44","135","137"],"lines":"17, 35, 37, 44, 135, 137"},"geometry":{"type":"LineString","coordinates":[[11.938586,57.74852],[11.938551,57.748501]]}},{"type":"Feature","properties":{"mode":"bus","n":5,"arr":["17","35","37","135","137"],"lines":"17, 35, 37, 135, 137"},"geometry":{"type":"LineString","coordinates":[[11.939054,57.748351],[11.939067,57.748412],[11.939023,57.748482]]}},{"type":"Feature","properties":{"mode":"bus","n":5,"arr":["17","35","37","135","137"],"lines":"17, 35, 37, 135, 137"},"geometry":{"type":"LineString","coordinates":[[11.94035,57.742085],[11.93967,57.743723],[11.939416,57.744479],[11.939274,57.745339],[11.939148,57.747389],[11.93891,57.74826]]}},{"type":"Feature","properties":{"mode":"bus","n":7,"arr":["17","35","37","44","135","137","145"],"lines":"17, 35, 37, 44, 135, 137, 145"},"geometry":{"type":"LineString","coordinates":[[11.938518,57.748322],[11.938577,57.748282]]}},{"type":"Feature","properties":{"mode":"bus","n":9,"arr":["20","22","101","173","503","510","513","LERS","X3"],"lines":"20, 22, 101, 173, 503, 510, 513, LERS, X3"},"geometry":{"type":"LineString","coordinates":[[11.976965,57.708628],[11.977041,57.708679],[11.977149,57.708708]]}},{"type":"Feature","properties":{"mode":"bus","n":15,"arr":["17","20","21","22","101","173","503","510","513","LERS","X1","X3","X4","X5","X6"],"lines":"17, 20, 21, 22, 101, 173, 503, 510, 513, LERS, X1, X3, X4, X5, X6"},"geometry":{"type":"LineString","coordinates":[[11.976965,57.708628],[11.976935,57.708561],[11.976979,57.708478],[11.977067,57.708431],[11.977227,57.708408]]}},{"type":"Feature","properties":{"mode":"bus","n":15,"arr":["17","20","21","22","101","173","503","510","513","LERS","X1","X3","X4","X5","X6"],"lines":"17, 20, 21, 22, 101, 173, 503, 510, 513, LERS, X1, X3, X4, X5, X6"},"geometry":{"type":"LineString","coordinates":[[11.977433,57.708458],[11.977506,57.708553],[11.977449,57.708652]]}},{"type":"Feature","properties":{"mode":"bus","n":6,"arr":["17","21","22","LERS","X1","X5"],"lines":"17, 21, 22, LERS, X1, X5"},"geometry":{"type":"LineString","coordinates":[[11.977227,57.708408],[11.977433,57.708458]]}},{"type":"Feature","properties":{"mode":"bus","n":5,"arr":["18","19","42","44","142"],"lines":"18, 19, 42, 44, 142"},"geometry":{"type":"LineString","coordinates":[[11.954902,57.721205],[11.955155,57.721677],[11.955648,57.721927],[11.956005,57.722148],[11.956291,57.722382],[11.957937,57.72402],[11.958228,57.724421]]}},{"type":"Feature","properties":{"mode":"bus","n":5,"arr":["18","19","42","44","142"],"lines":"18, 19, 42, 44, 142"},"geometry":{"type":"LineString","coordinates":[[11.95875,57.724831],[11.959855,57.725909],[11.960411,57.726708],[11.960252,57.726895],[11.960179,57.72704],[11.959916,57.727127]]}},{"type":"Feature","properties":{"mode":"bus","n":5,"arr":["18","19","43","44","142"],"lines":"18, 19, 43, 44, 142"},"geometry":{"type":"LineString","coordinates":[[11.978493,57.755978],[11.978894,57.755627],[11.979924,57.755023],[11.98041,57.75464],[11.980677,57.754346],[11.980818,57.754016],[11.981272,57.752185],[11.981347,57.751736],[11.98129,57.75166],[11.981129,57.750637],[11.981141,57.750447],[11.981079,57.750233],[11.980497,57.74947],[11.980297,57.74933],[11.980301,57.749236],[11.980212,57.748972],[11.979854,57.748504],[11.979516,57.748115],[11.979112,57.747788],[11.978857,57.747666],[11.978833,57.747575]]}},{"type":"Feature","properties":{"mode":"bus","n":6,"arr":["18","19","44","46","47","142"],"lines":"18, 19, 44, 46, 47, 142"},"geometry":{"type":"LineString","coordinates":[[11.987164,57.758012],[11.987062,57.758059],[11.98693,57.758069],[11.986822,57.758043],[11.986749,57.757993]]}},{"type":"Feature","properties":{"mode":"bus","n":7,"arr":["18","19","40","44","46","47","142"],"lines":"18, 19, 40, 44, 46, 47, 142"},"geometry":{"type":"LineString","coordinates":[[11.986973,57.757817],[11.987114,57.757844]]}},{"type":"Feature","properties":{"mode":"bus","n":5,"arr":["18","19","40","44","142"],"lines":"18, 19, 40, 44, 142"},"geometry":{"type":"LineString","coordinates":[[11.987114,57.757844],[11.987201,57.757928],[11.987164,57.758012]]}},{"type":"Feature","properties":{"mode":"bus","n":5,"arr":["18","19","40","44","142"],"lines":"18, 19, 40, 44, 142"},"geometry":{"type":"LineString","coordinates":[[11.987566,57.757671],[11.987212,57.757638],[11.987052,57.757651],[11.986986,57.757687],[11.986973,57.757817]]}},{"type":"Feature","properties":{"mode":"bus","n":5,"arr":["19","64","180","184","185"],"lines":"19, 64, 180, 184, 185"},"geometry":{"type":"LineString","coordinates":[[11.930062,57.676212],[11.932104,57.676679],[11.932767,57.676863],[11.933376,57.677067],[11.933663,57.677126],[11.93378,57.677109],[11.933824,57.677097],[11.933855,57.677077],[11.933901,57.677031],[11.933885,57.676974],[11.933927,57.67691],[11.934123,57.676038],[11.934491,57.675329],[11.935028,57.674476],[11.935532,57.673937],[11.935917,57.673577]]}},{"type":"Feature","properties":{"mode":"bus","n":5,"arr":["19","64","180","184","185"],"lines":"19, 64, 180, 184, 185"},"geometry":{"type":"LineString","coordinates":[[11.924512,57.674895],[11.923366,57.674771],[11.922851,57.674746],[11.922191,57.674752],[11.921398,57.674811],[11.920249,57.674982]]}},{"type":"Feature","properties":{"mode":"bus","n":5,"arr":["19","40","44","46","47"],"lines":"19, 40, 44, 46, 47"},"geometry":{"type":"LineString","coordinates":[[11.988887,57.757957],[11.988776,57.757997],[11.988749,57.758025],[11.988738,57.758033],[11.988723,57.758036],[11.988705,57.758034],[11.988474,57.757991],[11.987939,57.757958],[11.987789,57.757916],[11.987114,57.757844]]}},{"type":"Feature","properties":{"mode":"bus","n":7,"arr":["19","21","35","37","42","199","X1"],"lines":"19, 21, 35, 37, 42, 199, X1"},"geometry":{"type":"LineString","coordinates":[[11.924739,57.709434],[11.925033,57.709394],[11.929389,57.7081],[11.930146,57.707901],[11.930819,57.707797],[11.933654,57.707795],[11.934246,57.707746],[11.934306,57.707748],[11.934355,57.707768],[11.934443,57.707824],[11.934781,57.707888],[11.934906,57.707876],[11.935152,57.707797],[11.936907,57.707828],[11.937065,57.70785],[11.937431,57.708012],[11.943752,57.711611],[11.943803,57.711629],[11.943865,57.711632],[11.944022,57.711619],[11.944204,57.711541],[11.944312,57.711524],[11.944439,57.711534],[11.944702,57.711629]]}},{"type":"Feature","properties":{"mode":"bus","n":7,"arr":["19","21","35","37","42","199","X1"],"lines":"19, 21, 35, 37, 42, 199, X1"},"geometry":{"type":"LineString","coordinates":[[11.933828,57.707726],[11.934731,57.707611],[11.93711,57.707617],[11.937555,57.707624],[11.937764,57.707652],[11.938042,57.707777],[11.938892,57.708324],[11.940715,57.709335],[11.94529,57.711964]]}},{"type":"Feature","properties":{"mode":"bus","n":5,"arr":["25","758","759","760","X90"],"lines":"25, 758, 759, 760, X90"},"geometry":{"type":"LineString","coordinates":[[12.018564,57.648042],[12.018539,57.647929],[12.018296,57.647776],[12.018057,57.647442]]}},{"type":"Feature","properties":{"mode":"bus","n":5,"arr":["25","758","759","760","X90"],"lines":"25, 758, 759, 760, X90"},"geometry":{"type":"LineString","coordinates":[[12.018521,57.641697],[12.018394,57.641748],[12.018361,57.641786],[12.018367,57.641868],[12.018449,57.641928],[12.018456,57.641968],[12.018375,57.642235],[12.017203,57.644235],[12.016912,57.644624],[12.016737,57.644717],[12.016716,57.644823],[12.016769,57.644889]]}},{"type":"Feature","properties":{"mode":"bus","n":5,"arr":["25","758","759","760","X90"],"lines":"25, 758, 759, 760, X90"},"geometry":{"type":"LineString","coordinates":[[12.017229,57.644642],[12.017346,57.644719],[12.017367,57.644818],[12.017217,57.644971],[12.017128,57.645117],[12.017039,57.645549]]}},{"type":"Feature","properties":{"mode":"bus","n":5,"arr":["25","758","759","760","X90"],"lines":"25, 758, 759, 760, X90"},"geometry":{"type":"LineString","coordinates":[[12.018833,57.641785],[12.018794,57.641743]]}},{"type":"Feature","properties":{"mode":"bus","n":5,"arr":["25","758","759","760","X90"],"lines":"25, 758, 759, 760, X90"},"geometry":{"type":"LineString","coordinates":[[12.018679,57.641947],[12.018796,57.6419]]}},{"type":"Feature","properties":{"mode":"bus","n":5,"arr":["25","758","759","760","X90"],"lines":"25, 758, 759, 760, X90"},"geometry":{"type":"LineString","coordinates":[[12.01816,57.648162],[12.018372,57.64816],[12.018533,57.648085]]}},{"type":"Feature","properties":{"mode":"bus","n":5,"arr":["25","758","759","760","X90"],"lines":"25, 758, 759, 760, X90"},"geometry":{"type":"LineString","coordinates":[[12.017469,57.648012],[12.017548,57.648037],[12.017842,57.648055],[12.017998,57.648093]]}},{"type":"Feature","properties":{"mode":"bus","n":6,"arr":["20","25","758","759","760","X90"],"lines":"20, 25, 758, 759, 760, X90"},"geometry":{"type":"LineString","coordinates":[[12.018533,57.648085],[12.018564,57.648042]]}},{"type":"Feature","properties":{"mode":"bus","n":6,"arr":["20","25","758","759","760","X90"],"lines":"20, 25, 758, 759, 760, X90"},"geometry":{"type":"LineString","coordinates":[[12.016769,57.644889],[12.016884,57.644944],[12.01694,57.645014],[12.017039,57.645549],[12.017184,57.645986],[12.018057,57.647442],[12.018038,57.647779],[12.017969,57.647947]]}},{"type":"Feature","properties":{"mode":"bus","n":7,"arr":["20","25","753","758","759","760","X90"],"lines":"20, 25, 753, 758, 759, 760, X90"},"geometry":{"type":"LineString","coordinates":[[12.017969,57.647947],[12.017967,57.648059],[12.018224,57.648213],[12.018269,57.648342],[12.018219,57.650054],[12.018081,57.651667],[12.017922,57.652083],[12.018028,57.652317],[12.017955,57.652866],[12.01783,57.653261],[12.017758,57.653388],[12.017605,57.653535]]}},{"type":"Feature","properties":{"mode":"bus","n":7,"arr":["20","25","753","758","759","760","X90"],"lines":"20, 25, 753, 758, 759, 760, X90"},"geometry":{"type":"LineString","coordinates":[[12.018015,57.653566],[12.017975,57.653411],[12.018003,57.653251],[12.018154,57.652456],[12.018295,57.652065]]}},{"type":"Feature","properties":{"mode":"bus","n":7,"arr":["20","25","753","758","759","760","X90"],"lines":"20, 25, 753, 758, 759, 760, X90"},"geometry":{"type":"LineString","coordinates":[[12.018256,57.651644],[12.018423,57.650261]]}},{"type":"Feature","properties":{"mode":"bus","n":9,"arr":["20","25","753","755","758","759","760","764","X90"],"lines":"20, 25, 753, 755, 758, 759, 760, 764, X90"},"geometry":{"type":"LineString","coordinates":[[12.01804,57.653903],[12.018123,57.653845],[12.018172,57.653726],[12.018149,57.653665],[12.018015,57.653566]]}},{"type":"Feature","properties":{"mode":"bus","n":9,"arr":["20","25","753","755","758","759","760","764","X90"],"lines":"20, 25, 753, 755, 758, 759, 760, 764, X90"},"geometry":{"type":"LineString","coordinates":[[12.017501,57.653913],[12.017673,57.653956]]}},{"type":"Feature","properties":{"mode":"bus","n":9,"arr":["20","25","753","755","758","759","760","764","X90"],"lines":"20, 25, 753, 755, 758, 759, 760, 764, X90"},"geometry":{"type":"LineString","coordinates":[[12.017605,57.653535],[12.017413,57.653619],[12.017358,57.653689],[12.017356,57.653787]]}},{"type":"Feature","properties":{"mode":"bus","n":5,"arr":["20","753","758","760","X90"],"lines":"20, 753, 758, 760, X90"},"geometry":{"type":"LineString","coordinates":[[12.017673,57.653956],[12.017844,57.653957],[12.01804,57.653903]]}},{"type":"Feature","properties":{"mode":"bus","n":7,"arr":["20","753","755","758","760","764","X90"],"lines":"20, 753, 755, 758, 760, 764, X90"},"geometry":{"type":"LineString","coordinates":[[12.015787,57.654861],[12.015866,57.654817],[12.01587,57.654726]]}},{"type":"Feature","properties":{"mode":"bus","n":7,"arr":["20","753","755","758","760","764","X90"],"lines":"20, 753, 755, 758, 760, 764, X90"},"geometry":{"type":"LineString","coordinates":[[12.015797,57.654679],[12.015774,57.654504],[12.015884,57.654266],[12.016118,57.654043],[12.016294,57.653973],[12.01649,57.653934],[12.017501,57.653913]]}},{"type":"Feature","properties":{"mode":"bus","n":8,"arr":["20","751","753","755","758","760","764","X90"],"lines":"20, 751, 753, 755, 758, 760, 764, X90"},"geometry":{"type":"LineString","coordinates":[[12.015565,57.654683],[12.015499,57.654731],[12.015491,57.654792],[12.015564,57.65484],[12.015609,57.65486],[12.015665,57.654867],[12.016052,57.65487],[12.016599,57.654965],[12.017237,57.655096],[12.018455,57.655404]]}},{"type":"Feature","properties":{"mode":"bus","n":8,"arr":["20","751","753","755","758","760","764","X90"],"lines":"20, 751, 753, 755, 758, 760, 764, X90"},"geometry":{"type":"LineString","coordinates":[[12.01587,57.654726],[12.015797,57.654679]]}},{"type":"Feature","properties":{"mode":"bus","n":7,"arr":["20","751","753","755","760","764","X90"],"lines":"20, 751, 753, 755, 760, 764, X90"},"geometry":{"type":"LineString","coordinates":[[12.015565,57.654683],[12.015705,57.654661],[12.015797,57.654679]]}},{"type":"Feature","properties":{"mode":"bus","n":8,"arr":["20","751","754","755","758","761","764","X90"],"lines":"20, 751, 754, 755, 758, 761, 764, X90"},"geometry":{"type":"LineString","coordinates":[[12.020989,57.656358],[12.020909,57.656243],[12.020826,57.656189],[12.019774,57.655824],[12.01976,57.655818],[12.019754,57.655813],[12.019755,57.655808],[12.019764,57.655804],[12.01978,57.6558],[12.019822,57.655793],[12.019871,57.65579],[12.019916,57.655799],[12.020897,57.656129],[12.021267,57.656191],[12.021347,57.656226],[12.021392,57.656287],[12.021365,57.656355],[12.020863,57.65661]]}},{"type":"Feature","properties":{"mode":"bus","n":8,"arr":["20","751","754","755","758","761","764","X90"],"lines":"20, 751, 754, 755, 758, 761, 764, X90"},"geometry":{"type":"LineString","coordinates":[[12.019249,57.655651],[12.01973,57.655809]]}},{"type":"Feature","properties":{"mode":"bus","n":6,"arr":["20","754","755","758","761","764"],"lines":"20, 754, 755, 758, 761, 764"},"geometry":{"type":"LineString","coordinates":[[12.020863,57.65661],[12.020357,57.656994],[12.020264,57.657173],[12.020239,57.6572],[12.020194,57.657218],[12.020094,57.657243]]}},{"type":"Feature","properties":{"mode":"bus","n":6,"arr":["20","754","755","758","761","764"],"lines":"20, 754, 755, 758, 761, 764"},"geometry":{"type":"LineString","coordinates":[[12.019935,57.657184],[12.019922,57.657155]]}},{"type":"Feature","properties":{"mode":"bus","n":6,"arr":["20","754","755","758","761","764"],"lines":"20, 754, 755, 758, 761, 764"},"geometry":{"type":"LineString","coordinates":[[12.020014,57.657063],[12.020261,57.656968],[12.020989,57.656358]]}},{"type":"Feature","properties":{"mode":"bus","n":5,"arr":["21","173","510","513","515"],"lines":"21, 173, 510, 513, 515"},"geometry":{"type":"LineString","coordinates":[[12.008711,57.723138],[12.008789,57.723084],[12.008958,57.72304],[12.009097,57.723043],[12.009214,57.723072]]}},{"type":"Feature","properties":{"mode":"bus","n":8,"arr":["21","173","501","502","510","513","X1","X5"],"lines":"21, 173, 501, 502, 510, 513, X1, X5"},"geometry":{"type":"LineString","coordinates":[[12.0091,57.723398],[12.008961,57.723401],[12.008828,57.723374]]}},{"type":"Feature","properties":{"mode":"bus","n":8,"arr":["21","173","501","502","510","513","X1","X5"],"lines":"21, 173, 501, 502, 510, 513, X1, X5"},"geometry":{"type":"LineString","coordinates":[[12.008194,57.723154],[12.007654,57.723029],[12.0068,57.722755],[12.006299,57.722637]]}},{"type":"Feature","properties":{"mode":"bus","n":6,"arr":["501","502","513","515","X1","X5"],"lines":"501, 502, 513, 515, X1, X5"},"geometry":{"type":"LineString","coordinates":[[12.008828,57.723374],[12.008729,57.723321]]}},{"type":"Feature","properties":{"mode":"bus","n":6,"arr":["501","502","513","515","X1","X5"],"lines":"501, 502, 513, 515, X1, X5"},"geometry":{"type":"LineString","coordinates":[[12.014017,57.724312],[12.013087,57.724147],[12.012429,57.724071],[12.011415,57.723888],[12.009499,57.723489],[12.009342,57.723439],[12.009228,57.723365]]}},{"type":"Feature","properties":{"mode":"bus","n":15,"arr":["22","74","501","502","503","510","511","512","513","514","515","516","517","519","X1"],"lines":"22, 74, 501, 502, 503, 510, 511, 512, 513, 514, 515, 516, 517, 519, X1"},"geometry":{"type":"LineString","coordinates":[[12.099962,57.737888],[12.099942,57.737856]]}},{"type":"Feature","properties":{"mode":"bus","n":6,"arr":["74","501","502","503","510","519"],"lines":"74, 501, 502, 503, 510, 519"},"geometry":{"type":"LineString","coordinates":[[12.099713,57.738109],[12.09959,57.738115]]}},{"type":"Feature","properties":{"mode":"bus","n":5,"arr":["74","501","502","503","510"],"lines":"74, 501, 502, 503, 510"},"geometry":{"type":"LineString","coordinates":[[12.09959,57.738115],[12.099429,57.738083],[12.099315,57.738014]]}},{"type":"Feature","properties":{"mode":"bus","n":7,"arr":["22","74","501","502","503","510","519"],"lines":"22, 74, 501, 502, 503, 510, 519"},"geometry":{"type":"LineString","coordinates":[[12.099315,57.738014],[12.099278,57.737914]]}},{"type":"Feature","properties":{"mode":"bus","n":11,"arr":["22","74","510","511","512","513","514","515","516","517","519"],"lines":"22, 74, 510, 511, 512, 513, 514, 515, 516, 517, 519"},"geometry":{"type":"LineString","coordinates":[[12.099599,57.737745],[12.099376,57.737801],[12.099278,57.737914]]}},{"type":"Feature","properties":{"mode":"bus","n":5,"arr":["22","501","502","511","519"],"lines":"22, 501, 502, 511, 519"},"geometry":{"type":"LineString","coordinates":[[12.103708,57.738921],[12.103637,57.738877],[12.103481,57.738858]]}},{"type":"Feature","properties":{"mode":"bus","n":5,"arr":["22","74","501","502","518"],"lines":"22, 74, 501, 502, 518"},"geometry":{"type":"LineString","coordinates":[[12.103725,57.738945],[12.103708,57.738921]]}},{"type":"Feature","properties":{"mode":"bus","n":15,"arr":["22","74","501","502","510","511","512","513","514","515","516","517","518","519","X1"],"lines":"22, 74, 501, 502, 510, 511, 512, 513, 514, 515, 516, 517, 518, 519, X1"},"geometry":{"type":"LineString","coordinates":[[12.103481,57.738858],[12.103372,57.738886]]}},{"type":"Feature","properties":{"mode":"bus","n":5,"arr":["22","529","530","535","LERS"],"lines":"22, 529, 530, 535, LERS"},"geometry":{"type":"LineString","coordinates":[[12.248485,57.752589],[12.248582,57.752599]]}},{"type":"Feature","properties":{"mode":"bus","n":5,"arr":["22","529","530","535","LERS"],"lines":"22, 529, 530, 535, LERS"},"geometry":{"type":"LineString","coordinates":[[12.248761,57.75273],[12.248748,57.752783],[12.248895,57.753193],[12.249122,57.753605]]}},{"type":"Feature","properties":{"mode":"bus","n":5,"arr":["22","529","530","535","LERS"],"lines":"22, 529, 530, 535, LERS"},"geometry":{"type":"LineString","coordinates":[[12.25422,57.757633],[12.253885,57.757425],[12.252296,57.756084],[12.251337,57.755315],[12.249122,57.753605],[12.248994,57.753538],[12.248808,57.753327],[12.248656,57.753007],[12.248572,57.752926],[12.248325,57.752862],[12.248246,57.752819],[12.24821,57.752703],[12.248066,57.752548],[12.24793,57.752462],[12.247567,57.752388],[12.247215,57.752368],[12.246962,57.752407],[12.245277,57.752884],[12.244935,57.752947],[12.244669,57.75295],[12.244346,57.752909],[12.244213,57.752877],[12.243965,57.752763]]}},{"type":"Feature","properties":{"mode":"bus","n":5,"arr":["22","529","530","535","LERS"],"lines":"22, 529, 530, 535, LERS"},"geometry":{"type":"LineString","coordinates":[[12.25422,57.757633],[12.254161,57.757712],[12.2542,57.757767],[12.254293,57.757793],[12.254338,57.757801],[12.254385,57.757797],[12.254425,57.75779],[12.254467,57.757777],[12.254495,57.757757],[12.254514,57.757736],[12.254526,57.757712],[12.254517,57.757687],[12.254496,57.75766],[12.254467,57.757637],[12.254421,57.757623],[12.254319,57.757607],[12.25422,57.757633]]}},{"type":"Feature","properties":{"mode":"bus","n":5,"arr":["22","529","530","535","LERS"],"lines":"22, 529, 530, 535, LERS"},"geometry":{"type":"LineString","coordinates":[[12.26077,57.762981],[12.260833,57.762948],[12.260857,57.76294],[12.260885,57.762939],[12.260941,57.762942],[12.261,57.762976],[12.261002,57.763022],[12.260949,57.763057],[12.260895,57.763062],[12.260868,57.763062],[12.260843,57.763055],[12.260794,57.763034],[12.260777,57.763023],[12.260771,57.763009],[12.26077,57.762981]]}},{"type":"Feature","properties":{"mode":"bus","n":5,"arr":["22","529","530","535","LERS"],"lines":"22, 529, 530, 535, LERS"},"geometry":{"type":"LineString","coordinates":[[12.254405,57.7578],[12.254526,57.757983],[12.254908,57.758352],[12.256899,57.760128],[12.257499,57.760622],[12.258955,57.761742],[12.259502,57.762106],[12.260699,57.762781],[12.260812,57.762865],[12.260855,57.762937]]}},{"type":"Feature","properties":{"mode":"bus","n":5,"arr":["29","35","37","129","145"],"lines":"29, 35, 37, 129, 145"},"geometry":{"type":"LineString","coordinates":[[11.93502,57.727675],[11.934997,57.727757],[11.935104,57.72785]]}},{"type":"Feature","properties":{"mode":"bus","n":7,"arr":["25","29","35","37","44","129","145"],"lines":"25, 29, 35, 37, 44, 129, 145"},"geometry":{"type":"LineString","coordinates":[[11.935424,57.727631],[11.935245,57.727597],[11.935076,57.727635],[11.93502,57.727675]]}},{"type":"Feature","properties":{"mode":"bus","n":7,"arr":["25","29","35","37","44","129","145"],"lines":"25, 29, 35, 37, 44, 129, 145"},"geometry":{"type":"LineString","coordinates":[[11.935461,57.72782],[11.935275,57.727875],[11.935104,57.72785]]}},{"type":"Feature","properties":{"mode":"bus","n":5,"arr":["25","35","37","44","145"],"lines":"25, 35, 37, 44, 145"},"geometry":{"type":"LineString","coordinates":[[11.935424,57.727631],[11.935514,57.727737],[11.935461,57.72782]]}},{"type":"Feature","properties":{"mode":"bus","n":5,"arr":["25","29","44","129","145"],"lines":"25, 29, 44, 129, 145"},"geometry":{"type":"LineString","coordinates":[[11.912149,57.735461],[11.913249,57.734488],[11.913948,57.733959],[11.919014,57.731052],[11.919246,57.73084],[11.919237,57.730777],[11.919288,57.73072],[11.919366,57.730687],[11.919512,57.730678],[11.91967,57.730638],[11.92007,57.730465],[11.920085,57.730459],[11.920094,57.730455],[11.920099,57.730455],[11.920098,57.730457],[11.920093,57.730463],[11.920082,57.730471],[11.919768,57.730695],[11.919694,57.730772],[11.919663,57.730867],[11.919589,57.730906],[11.919461,57.730924]]}},{"type":"Feature","properties":{"mode":"bus","n":5,"arr":["25","29","44","129","145"],"lines":"25, 29, 44, 129, 145"},"geometry":{"type":"LineString","coordinates":[[11.91187,57.735494],[11.911978,57.735462],[11.912036,57.735452],[11.912095,57.73546],[11.912149,57.735475],[11.912196,57.735496],[11.912215,57.735527],[11.912224,57.735573],[11.91222,57.735595],[11.912199,57.735614],[11.912145,57.735646],[11.912063,57.735661]]}},{"type":"Feature","properties":{"mode":"bus","n":5,"arr":["25","29","44","129","145"],"lines":"25, 29, 44, 129, 145"},"geometry":{"type":"LineString","coordinates":[[11.933355,57.7279],[11.928329,57.728161],[11.927454,57.728254],[11.924933,57.728668],[11.924343,57.728797],[11.923688,57.728974],[11.922145,57.729487],[11.921043,57.729951],[11.920122,57.730442]]}},{"type":"Feature","properties":{"mode":"bus","n":5,"arr":["25","29","129","141","145"],"lines":"25, 29, 129, 141, 145"},"geometry":{"type":"LineString","coordinates":[[11.903107,57.74002],[11.903041,57.740093],[11.903082,57.740163],[11.903172,57.740189],[11.903222,57.740197],[11.903273,57.740194],[11.903319,57.740185],[11.903364,57.740172],[11.903393,57.740149],[11.903435,57.740099],[11.903389,57.74003],[11.903305,57.740006],[11.903258,57.739998],[11.90321,57.740002],[11.903107,57.74002]]}},{"type":"Feature","properties":{"mode":"bus","n":7,"arr":["25","753","755","759","760","764","X90"],"lines":"25, 753, 755, 759, 760, 764, X90"},"geometry":{"type":"LineString","coordinates":[[12.017356,57.653787],[12.017501,57.653913]]}},{"type":"Feature","properties":{"mode":"bus","n":14,"arr":["27","127","139","142","148","159","178","180","185","190","X1","X6","X77","X90"],"lines":"27, 127, 139, 142, 148, 159, 178, 180, 185, 190, X1, X6, X77, X90"},"geometry":{"type":"LineString","coordinates":[[11.844115,57.71396],[11.844305,57.713995],[11.844529,57.713947],[11.844624,57.713844],[11.844577,57.713734],[11.844451,57.713673],[11.844329,57.713655],[11.84401,57.713485],[11.84371,57.713231],[11.842652,57.712634]]}},{"type":"Feature","properties":{"mode":"bus","n":14,"arr":["27","127","139","142","148","159","178","180","185","190","X1","X6","X77","X90"],"lines":"27, 127, 139, 142, 148, 159, 178, 180, 185, 190, X1, X6, X77, X90"},"geometry":{"type":"LineString","coordinates":[[11.84099,57.716828],[11.840978,57.715252],[11.841057,57.715182],[11.841181,57.715136],[11.841867,57.715115],[11.842075,57.715056],[11.842432,57.714783],[11.842826,57.714648],[11.843226,57.714444],[11.843355,57.71427],[11.843476,57.714178]]}},{"type":"Feature","properties":{"mode":"bus","n":13,"arr":["27","127","139","142","148","159","178","180","185","190","X6","X77","X90"],"lines":"27, 127, 139, 142, 148, 159, 178, 180, 185, 190, X6, X77, X90"},"geometry":{"type":"LineString","coordinates":[[11.843476,57.714178],[11.843542,57.714099],[11.843971,57.713902],[11.843999,57.713882],[11.844004,57.713857],[11.843992,57.713806],[11.844041,57.713733],[11.843979,57.713634],[11.843822,57.713466],[11.843498,57.713238],[11.84295,57.712917],[11.841778,57.712335]]}},{"type":"Feature","properties":{"mode":"bus","n":10,"arr":["27","127","139","145","148","178","180","X6","X77","X90"],"lines":"27, 127, 139, 145, 148, 178, 180, X6, X77, X90"},"geometry":{"type":"LineString","coordinates":[[11.850018,57.723546],[11.850331,57.72367],[11.850555,57.723801],[11.850619,57.72386],[11.850652,57.72388],[11.850699,57.723892],[11.850798,57.723905]]}},{"type":"Feature","properties":{"mode":"bus","n":12,"arr":["27","127","139","145","148","178","180","190","X1","X6","X77","X90"],"lines":"27, 127, 139, 145, 148, 178, 180, 190, X1, X6, X77, X90"},"geometry":{"type":"LineString","coordinates":[[11.85098,57.723757],[11.850859,57.723684],[11.850516,57.723639],[11.849712,57.723376]]}},{"type":"Feature","properties":{"mode":"bus","n":7,"arr":["27","145","178","190","X1","X6","X90"],"lines":"27, 145, 178, 190, X1, X6, X90"},"geometry":{"type":"LineString","coordinates":[[11.860978,57.721995],[11.860849,57.721927],[11.860729,57.721916],[11.860585,57.721947],[11.860507,57.72201]]}},{"type":"Feature","properties":{"mode":"bus","n":6,"arr":["27","145","178","190","X6","X90"],"lines":"27, 145, 178, 190, X6, X90"},"geometry":{"type":"LineString","coordinates":[[11.860898,57.722162],[11.860994,57.722084],[11.860978,57.721995]]}},{"type":"Feature","properties":{"mode":"bus","n":6,"arr":["27","145","178","X1","X6","X90"],"lines":"27, 145, 178, X1, X6, X90"},"geometry":{"type":"LineString","coordinates":[[11.860898,57.722162],[11.860709,57.722184]]}},{"type":"Feature","properties":{"mode":"bus","n":8,"arr":["27","128","131","141","142","145","199","X77"],"lines":"27, 128, 131, 141, 142, 145, 199, X77"},"geometry":{"type":"LineString","coordinates":[[11.89635,57.712885],[11.896422,57.71287]]}},{"type":"Feature","properties":{"mode":"bus","n":8,"arr":["27","128","131","141","142","145","199","X77"],"lines":"27, 128, 131, 141, 142, 145, 199, X77"},"geometry":{"type":"LineString","coordinates":[[11.896723,57.713147],[11.896622,57.713184]]}},{"type":"Feature","properties":{"mode":"bus","n":8,"arr":["27","128","131","141","142","145","199","X77"],"lines":"27, 128, 131, 141, 142, 145, 199, X77"},"geometry":{"type":"LineString","coordinates":[[11.896354,57.713179],[11.896236,57.713121],[11.896188,57.71304]]}},{"type":"Feature","properties":{"mode":"bus","n":6,"arr":["27","128","131","142","199","X77"],"lines":"27, 128, 131, 142, 199, X77"},"geometry":{"type":"LineString","coordinates":[[11.896622,57.713184],[11.896507,57.713198],[11.896354,57.713179]]}},{"type":"Feature","properties":{"mode":"bus","n":5,"arr":["29","129","141","148","179"],"lines":"29, 129, 141, 148, 179"},"geometry":{"type":"LineString","coordinates":[[11.873491,57.750319],[11.873552,57.750204],[11.873683,57.750133],[11.873859,57.750101],[11.874038,57.750113]]}},{"type":"Feature","properties":{"mode":"bus","n":5,"arr":["29","129","141","148","179"],"lines":"29, 129, 141, 148, 179"},"geometry":{"type":"LineString","coordinates":[[11.874291,57.750381],[11.874307,57.75033]]}},{"type":"Feature","properties":{"mode":"bus","n":5,"arr":["29","129","141","148","179"],"lines":"29, 129, 141, 148, 179"},"geometry":{"type":"LineString","coordinates":[[11.873761,57.750523],[11.873717,57.750513]]}},{"type":"Feature","properties":{"mode":"bus","n":5,"arr":["59","290","291","X6","X40"],"lines":"59, 290, 291, X6, X40"},"geometry":{"type":"LineString","coordinates":[[11.969379,57.711431],[11.969701,57.711294],[11.969735,57.711272],[11.969748,57.711245],[11.969752,57.711188]]}},{"type":"Feature","properties":{"mode":"bus","n":5,"arr":["29","59","129","KV21","X40"],"lines":"29, 59, 129, 21, X40"},"geometry":{"type":"LineString","coordinates":[[11.969895,57.711149],[11.969963,57.711174],[11.969983,57.711215]]}},{"type":"Feature","properties":{"mode":"bus","n":9,"arr":["29","59","128","129","290","KV21","X5","X6","X40"],"lines":"29, 59, 128, 129, 290, 21, X5, X6, X40"},"geometry":{"type":"LineString","coordinates":[[11.96968,57.711534],[11.969657,57.711482],[11.969695,57.711424],[11.969983,57.711215]]}},{"type":"Feature","properties":{"mode":"bus","n":12,"arr":["30","86","89","90","94","99","193","194","196","199","X5","X90"],"lines":"30, 86, 89, 90, 94, 99, 193, 194, 196, 199, X5, X90"},"geometry":{"type":"LineString","coordinates":[[11.904869,57.652888],[11.905022,57.652856],[11.905147,57.652794],[11.905336,57.652599]]}},{"type":"Feature","properties":{"mode":"bus","n":6,"arr":["30","90","91","97","197","X5"],"lines":"30, 90, 91, 97, 197, X5"},"geometry":{"type":"LineString","coordinates":[[11.89313,57.660869],[11.893123,57.660772]]}},{"type":"Feature","properties":{"mode":"bus","n":6,"arr":["30","90","91","97","197","X5"],"lines":"30, 90, 91, 97, 197, X5"},"geometry":{"type":"LineString","coordinates":[[11.892792,57.661329],[11.892616,57.661424]]}},{"type":"Feature","properties":{"mode":"bus","n":6,"arr":["30","90","91","97","197","X5"],"lines":"30, 90, 91, 97, 197, X5"},"geometry":{"type":"LineString","coordinates":[[11.891813,57.660576],[11.891942,57.660519]]}},{"type":"Feature","properties":{"mode":"bus","n":5,"arr":["30","90","91","184","190"],"lines":"30, 90, 91, 184, 190"},"geometry":{"type":"LineString","coordinates":[[11.901919,57.681165],[11.902104,57.681185],[11.902216,57.68115],[11.902268,57.681103],[11.902252,57.681039],[11.902232,57.681008],[11.902189,57.680985],[11.902078,57.680948]]}},{"type":"Feature","properties":{"mode":"bus","n":5,"arr":["30","90","91","184","190"],"lines":"30, 90, 91, 184, 190"},"geometry":{"type":"LineString","coordinates":[[11.902507,57.680916],[11.902276,57.681083]]}},{"type":"Feature","properties":{"mode":"bus","n":5,"arr":["30","90","91","184","190"],"lines":"30, 90, 91, 184, 190"},"geometry":{"type":"LineString","coordinates":[[11.902253,57.681122],[11.902321,57.681155],[11.902551,57.681437],[11.902553,57.68148]]}},{"type":"Feature","properties":{"mode":"bus","n":5,"arr":["30","90","91","184","190"],"lines":"30, 90, 91, 184, 190"},"geometry":{"type":"LineString","coordinates":[[11.901414,57.680939],[11.901516,57.681001],[11.901862,57.681132]]}},{"type":"Feature","properties":{"mode":"bus","n":6,"arr":["30","65","90","91","184","190"],"lines":"30, 65, 90, 91, 184, 190"},"geometry":{"type":"LineString","coordinates":[[11.901862,57.681132],[11.901919,57.681165]]}},{"type":"Feature","properties":{"mode":"bus","n":6,"arr":["30","65","90","91","184","190"],"lines":"30, 65, 90, 91, 184, 190"},"geometry":{"type":"LineString","coordinates":[[11.902002,57.68095],[11.902078,57.680948]]}},{"type":"Feature","properties":{"mode":"bus","n":6,"arr":["30","65","90","91","184","190"],"lines":"30, 65, 90, 91, 184, 190"},"geometry":{"type":"LineString","coordinates":[[11.900541,57.680602],[11.901414,57.680939]]}},{"type":"Feature","properties":{"mode":"bus","n":6,"arr":["30","65","90","91","184","190"],"lines":"30, 65, 90, 91, 184, 190"},"geometry":{"type":"LineString","coordinates":[[11.902553,57.68148],[11.903343,57.681967],[11.903929,57.682199],[11.904245,57.682241],[11.9052,57.682233],[11.905627,57.68226]]}},{"type":"Feature","properties":{"mode":"bus","n":6,"arr":["30","65","90","91","184","190"],"lines":"30, 65, 90, 91, 184, 190"},"geometry":{"type":"LineString","coordinates":[[11.900838,57.680715],[11.900853,57.680655],[11.900899,57.680625],[11.900916,57.680617],[11.900935,57.680616],[11.900956,57.68062],[11.901205,57.680701]]}},{"type":"Feature","properties":{"mode":"bus","n":5,"arr":["30","65","90","184","190"],"lines":"30, 65, 90, 184, 190"},"geometry":{"type":"LineString","coordinates":[[11.901414,57.680939],[11.901827,57.680988],[11.901846,57.680992],[11.901857,57.680999],[11.901861,57.681007],[11.901857,57.681018],[11.901827,57.681062],[11.901862,57.681132]]}},{"type":"Feature","properties":{"mode":"bus","n":5,"arr":["30","65","90","184","190"],"lines":"30, 65, 90, 184, 190"},"geometry":{"type":"LineString","coordinates":[[11.902553,57.68148],[11.902462,57.681456],[11.901919,57.681165]]}},{"type":"Feature","properties":{"mode":"bus","n":5,"arr":["30","90","91","97","X5"],"lines":"30, 90, 91, 97, X5"},"geometry":{"type":"LineString","coordinates":[[11.891429,57.661057],[11.891435,57.661146],[11.891535,57.661282],[11.891723,57.661395],[11.891879,57.661452],[11.892058,57.661483],[11.892248,57.661487],[11.892616,57.661424]]}},{"type":"Feature","properties":{"mode":"bus","n":9,"arr":["30","86","89","90","94","99","199","X5","X90"],"lines":"30, 86, 89, 90, 94, 99, 199, X5, X90"},"geometry":{"type":"LineString","coordinates":[[11.903828,57.652419],[11.903815,57.652396]]}},{"type":"Feature","properties":{"mode":"bus","n":9,"arr":["30","86","89","90","94","99","199","X5","X90"],"lines":"30, 86, 89, 90, 94, 99, 199, X5, X90"},"geometry":{"type":"LineString","coordinates":[[11.905921,57.652164],[11.906423,57.651953],[11.907089,57.651631],[11.907282,57.651593]]}},{"type":"Feature","properties":{"mode":"bus","n":7,"arr":["30","86","89","99","199","X5","X90"],"lines":"30, 86, 89, 99, 199, X5, X90"},"geometry":{"type":"LineString","coordinates":[[11.903815,57.652396],[11.904004,57.652162],[11.904361,57.652046]]}},{"type":"Feature","properties":{"mode":"bus","n":11,"arr":["30","86","89","90","94","99","194","196","199","X5","X90"],"lines":"30, 86, 89, 90, 94, 99, 194, 196, 199, X5, X90"},"geometry":{"type":"LineString","coordinates":[[11.904361,57.652046],[11.904427,57.652046]]}},{"type":"Feature","properties":{"mode":"bus","n":9,"arr":["30","90","94","99","194","196","199","X5","X90"],"lines":"30, 90, 94, 99, 194, 196, 199, X5, X90"},"geometry":{"type":"LineString","coordinates":[[11.905336,57.652599],[11.905236,57.65245],[11.905031,57.652264],[11.904669,57.652086],[11.904427,57.652046]]}},{"type":"Feature","properties":{"mode":"bus","n":9,"arr":["30","90","91","94","97","99","199","X5","X90"],"lines":"30, 90, 91, 94, 97, 99, 199, X5, X90"},"geometry":{"type":"LineString","coordinates":[[11.907511,57.651599],[11.907434,57.651597],[11.907194,57.65171],[11.906896,57.651908],[11.906766,57.652047],[11.906696,57.652368],[11.90656,57.652491],[11.906568,57.652593],[11.906525,57.652647],[11.906082,57.652906],[11.905938,57.65296]]}},{"type":"Feature","properties":{"mode":"bus","n":5,"arr":["32","128","148","178","184"],"lines":"32, 128, 148, 178, 184"},"geometry":{"type":"LineString","coordinates":[[11.816862,57.706211],[11.81688,57.706277],[11.816805,57.706356],[11.816696,57.706387],[11.816568,57.706385],[11.816438,57.706331],[11.816406,57.706232],[11.816206,57.706101],[11.815933,57.706046],[11.815604,57.706012],[11.814624,57.705992],[11.813324,57.705918],[11.812896,57.705854],[11.812237,57.705715],[11.811309,57.705443],[11.810463,57.705103],[11.810055,57.704876],[11.809752,57.704595],[11.809599,57.704341],[11.80955,57.703925],[11.809857,57.698876],[11.809959,57.697746]]}},{"type":"Feature","properties":{"mode":"bus","n":5,"arr":["32","128","148","178","184"],"lines":"32, 128, 148, 178, 184"},"geometry":{"type":"LineString","coordinates":[[11.816587,57.706136],[11.81667,57.706134],[11.816952,57.705991],[11.817356,57.705537],[11.817562,57.705041],[11.817653,57.704072],[11.817734,57.703803],[11.817986,57.703337],[11.818188,57.703082],[11.818742,57.702623],[11.819405,57.702305],[11.819874,57.702036],[11.820757,57.701451],[11.820944,57.701272],[11.820982,57.701194],[11.821044,57.700528],[11.821138,57.700271],[11.821148,57.700002],[11.821095,57.699727],[11.82112,57.699186]]}},{"type":"Feature","properties":{"mode":"bus","n":5,"arr":["32","128","148","178","184"],"lines":"32, 128, 148, 178, 184"},"geometry":{"type":"LineString","coordinates":[[11.810113,57.697608],[11.810138,57.697646],[11.810143,57.697667],[11.810132,57.697686],[11.810111,57.697708],[11.810083,57.697726],[11.810044,57.697736],[11.809996,57.697741],[11.80996,57.697742],[11.809927,57.697735],[11.809868,57.697715],[11.809846,57.697679],[11.809841,57.69766],[11.809852,57.697642],[11.809878,57.697615],[11.809902,57.697599],[11.809937,57.69759],[11.81001,57.697579],[11.810113,57.697608]]}},{"type":"Feature","properties":{"mode":"bus","n":5,"arr":["32","128","148","178","184"],"lines":"32, 128, 148, 178, 184"},"geometry":{"type":"LineString","coordinates":[[11.815719,57.697768],[11.815757,57.697716],[11.815786,57.697692],[11.81583,57.697677],[11.815878,57.697667],[11.815929,57.697662],[11.815978,57.697669],[11.816021,57.69768],[11.816062,57.697697],[11.816087,57.697721],[11.81612,57.697773],[11.816057,57.697842],[11.815923,57.697871],[11.815782,57.697842],[11.815741,57.697794],[11.815723,57.697779],[11.815698,57.69777],[11.815666,57.697767],[11.810151,57.697667]]}},{"type":"Feature","properties":{"mode":"bus","n":5,"arr":["32","128","148","178","184"],"lines":"32, 128, 148, 178, 184"},"geometry":{"type":"LineString","coordinates":[[11.815929,57.697656],[11.815973,57.697533],[11.816735,57.696885],[11.816758,57.696497],[11.816767,57.696477],[11.81679,57.696465],[11.816827,57.696462],[11.819124,57.6965],[11.819161,57.696505],[11.819183,57.696517],[11.819189,57.696537],[11.819127,57.697785],[11.819133,57.697805],[11.819155,57.697818],[11.819192,57.697823],[11.827401,57.698006],[11.827845,57.698032],[11.827985,57.698067],[11.828204,57.698152],[11.828229,57.698167],[11.828235,57.698184],[11.828219,57.698202],[11.828104,57.69829],[11.827862,57.698564],[11.82767,57.698935],[11.827619,57.699221],[11.827707,57.699688],[11.827948,57.700046],[11.828152,57.700257],[11.829407,57.701313],[11.829974,57.701702],[11.830649,57.702037],[11.831297,57.702275],[11.837655,57.703807]]}},{"type":"Feature","properties":{"mode":"bus","n":5,"arr":["32","128","148","178","184"],"lines":"32, 128, 148, 178, 184"},"geometry":{"type":"LineString","coordinates":[[11.827391,57.69806],[11.827401,57.698006]]}},{"type":"Feature","properties":{"mode":"bus","n":6,"arr":["32","34","148","184","290","X1"],"lines":"32, 34, 148, 184, 290, X1"},"geometry":{"type":"LineString","coordinates":[[11.860283,57.704011],[11.86001,57.704088],[11.859858,57.704105],[11.85955,57.704094]]}},{"type":"Feature","properties":{"mode":"bus","n":6,"arr":["34","131","290","X1","X6","X90"],"lines":"34, 131, 290, X1, X6, X90"},"geometry":{"type":"LineString","coordinates":[[11.814699,57.718478],[11.814147,57.718491],[11.813428,57.718468],[11.812584,57.718352],[11.805617,57.716668],[11.804566,57.71647],[11.803558,57.71635],[11.802758,57.716306],[11.80187,57.7163],[11.801258,57.716323],[11.800531,57.716383],[11.797173,57.716742],[11.796381,57.716784],[11.795891,57.716775],[11.795219,57.716723],[11.794559,57.716627],[11.793303,57.716325],[11.793242,57.716317],[11.79318,57.716324],[11.793007,57.716364],[11.79279,57.716332]]}},{"type":"Feature","properties":{"mode":"bus","n":6,"arr":["34","131","290","X1","X6","X90"],"lines":"34, 131, 290, X1, X6, X90"},"geometry":{"type":"LineString","coordinates":[[11.792638,57.716122],[11.792727,57.716037]]}},{"type":"Feature","properties":{"mode":"bus","n":6,"arr":["34","131","290","X1","X6","X90"],"lines":"34, 131, 290, X1, X6, X90"},"geometry":{"type":"LineString","coordinates":[[11.837936,57.713802],[11.836864,57.714178],[11.836376,57.714325],[11.834872,57.714686],[11.833189,57.71496],[11.828071,57.71564],[11.826583,57.715922],[11.825272,57.716311],[11.82215,57.717328]]}},{"type":"Feature","properties":{"mode":"bus","n":5,"arr":["40","75","76","77","X76"],"lines":"40, 75, 76, 77, X76"},"geometry":{"type":"LineString","coordinates":[[12.049722,57.798461],[12.049613,57.798498],[12.049484,57.798503],[12.049351,57.798466],[12.049284,57.798406]]}},{"type":"Feature","properties":{"mode":"bus","n":5,"arr":["40","75","76","77","X76"],"lines":"40, 75, 76, 77, X76"},"geometry":{"type":"LineString","coordinates":[[12.049784,57.798336],[12.049722,57.798274],[12.049612,57.798236],[12.049489,57.798231],[12.049376,57.798257]]}},{"type":"Feature","properties":{"mode":"bus","n":5,"arr":["82","83","84","86","751"],"lines":"82, 83, 84, 86, 751"},"geometry":{"type":"LineString","coordinates":[[11.939436,57.648422],[11.939603,57.648454],[11.939672,57.648506],[11.939689,57.648569],[11.93961,57.648654],[11.939483,57.648677],[11.939421,57.648682],[11.939361,57.648673],[11.93931,57.648658],[11.93926,57.648638],[11.93923,57.648608],[11.939213,57.648577],[11.939206,57.648544],[11.939226,57.648512],[11.939292,57.648449],[11.939436,57.648422]]}},{"type":"Feature","properties":{"mode":"bus","n":5,"arr":["83","84","95","185","751"],"lines":"83, 84, 95, 185, 751"},"geometry":{"type":"LineString","coordinates":[[11.929978,57.649717],[11.9301,57.64977],[11.930274,57.649773],[11.930401,57.649722],[11.930445,57.649623],[11.930344,57.649533],[11.930187,57.649507],[11.930032,57.649537],[11.929945,57.649612]]}},{"type":"Feature","properties":{"mode":"bus","n":6,"arr":["86","89","90","94","199","X90"],"lines":"86, 89, 90, 94, 199, X90"},"geometry":{"type":"LineString","coordinates":[[11.903828,57.652419],[11.903948,57.652571],[11.904189,57.652723],[11.904555,57.652828],[11.904869,57.652888]]}},{"type":"Feature","properties":{"mode":"bus","n":5,"arr":["90","91","97","197","X5"],"lines":"90, 91, 97, 197, X5"},"geometry":{"type":"LineString","coordinates":[[11.886429,57.658836],[11.886718,57.659],[11.888079,57.659515],[11.888552,57.659798],[11.888937,57.660119]]}},{"type":"Feature","properties":{"mode":"bus","n":5,"arr":["90","91","97","197","X5"],"lines":"90, 91, 97, 197, X5"},"geometry":{"type":"LineString","coordinates":[[11.887064,57.659036],[11.888418,57.659598],[11.888896,57.65971],[11.889332,57.659772],[11.889547,57.659778],[11.889699,57.659815],[11.88982,57.659877],[11.889909,57.659983],[11.890346,57.660271],[11.890645,57.660395],[11.891237,57.660592],[11.891467,57.660629],[11.891813,57.660576]]}},{"type":"Feature","properties":{"mode":"bus","n":5,"arr":["90","91","97","197","X5"],"lines":"90, 91, 97, 197, X5"},"geometry":{"type":"LineString","coordinates":[[11.893123,57.660772],[11.892958,57.660586],[11.892821,57.660516],[11.892654,57.660469],[11.892285,57.66045],[11.891942,57.660519]]}},{"type":"Feature","properties":{"mode":"bus","n":6,"arr":["128","131","141","142","199","X77"],"lines":"128, 131, 141, 142, 199, X77"},"geometry":{"type":"LineString","coordinates":[[11.896188,57.71304],[11.89624,57.712939],[11.89635,57.712885]]}},{"type":"Feature","properties":{"mode":"bus","n":5,"arr":["290","291","X1","X6","X90"],"lines":"290, 291, X1, X6, X90"},"geometry":{"type":"LineString","coordinates":[[11.783762,57.710064],[11.783962,57.709959],[11.784119,57.709791],[11.784125,57.709704],[11.784054,57.709625],[11.784035,57.70952],[11.784084,57.709429],[11.784188,57.709352],[11.784323,57.709302],[11.784543,57.709276],[11.784762,57.709303],[11.784936,57.709377],[11.785028,57.70947],[11.785046,57.709575],[11.785413,57.709966],[11.786803,57.710928],[11.792188,57.71483],[11.792636,57.715266],[11.792846,57.71541],[11.793129,57.715734],[11.793391,57.715957],[11.793737,57.716169],[11.794111,57.716336],[11.7946,57.716481],[11.795153,57.716594]]}},{"type":"Feature","properties":{"mode":"bus","n":9,"arr":["302","307","308","309","401","914","KV1","KV3","X4"],"lines":"302, 307, 308, 309, 401, 914, 1, 3, X4"},"geometry":{"type":"LineString","coordinates":[[11.975523,57.873809],[11.973833,57.873426],[11.973456,57.873378],[11.973296,57.873378],[11.973245,57.873372],[11.973206,57.873352],[11.973147,57.873304],[11.972929,57.873236],[11.972024,57.873022],[11.971377,57.872843],[11.97136,57.872839],[11.971351,57.872836],[11.971348,57.872834],[11.971352,57.872834],[11.971363,57.872836],[11.97138,57.872839],[11.971808,57.872921],[11.972932,57.873188],[11.973203,57.873229],[11.973313,57.873205],[11.973404,57.873216],[11.973489,57.873285]]}},{"type":"Feature","properties":{"mode":"bus","n":6,"arr":["302","303","903","920","KV1","KV2"],"lines":"302, 303, 903, 920, 1, 2"},"geometry":{"type":"LineString","coordinates":[[11.922909,57.862312],[11.923464,57.863017],[11.924898,57.865004],[11.924906,57.86503],[11.924891,57.865055],[11.924842,57.8651],[11.924854,57.86518],[11.924917,57.86523],[11.925051,57.865266],[11.925164,57.865263],[11.925291,57.86522]]}},{"type":"Feature","properties":{"mode":"bus","n":5,"arr":["302","303","920","KV1","KV2"],"lines":"302, 303, 920, 1, 2"},"geometry":{"type":"LineString","coordinates":[[11.924917,57.86503],[11.925035,57.864996],[11.925168,57.864998]]}},{"type":"Feature","properties":{"mode":"bus","n":5,"arr":["305","313","915","923","930"],"lines":"305, 313, 915, 923, 930"},"geometry":{"type":"LineString","coordinates":[[11.791343,57.84414],[11.791472,57.844138],[11.791563,57.844096],[11.791581,57.844017],[11.791748,57.843796]]}},{"type":"Feature","properties":{"mode":"bus","n":6,"arr":["305","313","915","923","926","930"],"lines":"305, 313, 915, 923, 926, 930"},"geometry":{"type":"LineString","coordinates":[[11.791225,57.844076],[11.791218,57.84406]]}},{"type":"Feature","properties":{"mode":"bus","n":6,"arr":["305","313","915","923","926","930"],"lines":"305, 313, 915, 923, 926, 930"},"geometry":{"type":"LineString","coordinates":[[11.791748,57.843796],[11.792485,57.843288]]}},{"type":"Feature","properties":{"mode":"bus","n":5,"arr":["305","313","923","926","930"],"lines":"305, 313, 923, 926, 930"},"geometry":{"type":"LineString","coordinates":[[11.791218,57.84406],[11.791269,57.84399],[11.79129,57.843972],[11.791324,57.843961],[11.791397,57.843947],[11.791748,57.843796]]}},{"type":"Feature","properties":{"mode":"bus","n":5,"arr":["307","309","319","917","KV1"],"lines":"307, 309, 319, 917, 1"},"geometry":{"type":"LineString","coordinates":[[11.949197,57.889281],[11.949244,57.889238]]}},{"type":"Feature","properties":{"mode":"bus","n":5,"arr":["307","309","319","917","KV1"],"lines":"307, 309, 319, 917, 1"},"geometry":{"type":"LineString","coordinates":[[11.948923,57.889321],[11.948831,57.889296],[11.948768,57.889243],[11.94875,57.88919],[11.948786,57.889125],[11.948871,57.889079],[11.948992,57.889059],[11.949184,57.889102]]}},{"type":"Feature","properties":{"mode":"bus","n":5,"arr":["502","503","511","512","516"],"lines":"502, 503, 511, 512, 516"},"geometry":{"type":"LineString","coordinates":[[12.12967,57.723716],[12.129126,57.723887],[12.128791,57.724026],[12.127015,57.72495]]}},{"type":"Feature","properties":{"mode":"bus","n":5,"arr":["513","515","LERS","X1","X5"],"lines":"513, 515, LERS, X1, X5"},"geometry":{"type":"LineString","coordinates":[[12.029507,57.725025],[12.025672,57.724448],[12.02539,57.72443],[12.024876,57.724449],[12.024282,57.724523],[12.024011,57.724511],[12.023766,57.724448],[12.023638,57.724385],[12.023203,57.724286],[12.022395,57.724294],[12.020658,57.724385],[12.0188,57.724415]]}},{"type":"Feature","properties":{"mode":"bus","n":6,"arr":["516","601","751","HA1","HA2","X90"],"lines":"516, 601, 751, 1, 2, X90"},"geometry":{"type":"LineString","coordinates":[[12.116604,57.657319],[12.116546,57.657349],[12.116428,57.657354],[12.116362,57.657329],[12.116342,57.657289],[12.116324,57.65727],[12.116293,57.657257],[12.116144,57.65722],[12.115509,57.657123],[12.114931,57.657068],[12.114574,57.657057],[12.114043,57.657065],[12.112431,57.657149],[12.112384,57.657158],[12.112353,57.657179],[12.11231,57.657228],[12.1122,57.657252],[12.11205,57.657223],[12.111607,57.657213],[12.110468,57.657273],[12.109235,57.657288],[12.108924,57.657267],[12.108507,57.657205],[12.108139,57.657246],[12.108018,57.657239],[12.10792,57.65719],[12.107905,57.65711],[12.108001,57.657046],[12.108154,57.657036]]}},{"type":"Feature","properties":{"mode":"bus","n":5,"arr":["516","751","HA1","HA2","X90"],"lines":"516, 751, 1, 2, X90"},"geometry":{"type":"LineString","coordinates":[[12.116331,57.657267],[12.116376,57.657231],[12.116405,57.657216],[12.116443,57.65721],[12.116523,57.657205]]}},{"type":"Feature","properties":{"mode":"bus","n":5,"arr":["516","751","HA1","HA2","X90"],"lines":"516, 751, 1, 2, X90"},"geometry":{"type":"LineString","coordinates":[[12.112376,57.657152],[12.112332,57.6571],[12.1123,57.657077],[12.112253,57.657064],[12.112206,57.657057],[12.112153,57.657056],[12.112105,57.657067],[12.11194,57.657133],[12.111825,57.657152],[12.110463,57.657223],[12.109669,57.657229],[12.109054,57.657199],[12.108541,57.657141],[12.108154,57.657036]]}},{"type":"Feature","properties":{"mode":"bus","n":9,"arr":["516","601","611","751","HA1","HA2","HA3","X4","X90"],"lines":"516, 601, 611, 751, 1, 2, 3, X4, X90"},"geometry":{"type":"LineString","coordinates":[[12.117557,57.656934],[12.116924,57.656786],[12.116895,57.656782],[12.116871,57.656784],[12.116851,57.656792],[12.116836,57.656805],[12.116542,57.65718],[12.116535,57.657196],[12.11654,57.657211],[12.116557,57.657225],[12.116594,57.657246],[12.116612,57.657262],[12.116614,57.657281],[12.116604,57.657319]]}},{"type":"Feature","properties":{"mode":"bus","n":9,"arr":["516","601","611","751","HA1","HA2","HA3","X4","X90"],"lines":"516, 601, 611, 751, 1, 2, 3, X4, X90"},"geometry":{"type":"LineString","coordinates":[[12.117949,57.657287],[12.117975,57.657241]]}},{"type":"Feature","properties":{"mode":"bus","n":9,"arr":["516","601","611","751","HA1","HA2","HA3","X4","X90"],"lines":"516, 601, 611, 751, 1, 2, 3, X4, X90"},"geometry":{"type":"LineString","coordinates":[[12.117267,57.657291],[12.11781,57.657405],[12.117844,57.657416],[12.117863,57.657432],[12.117866,57.657454],[12.117849,57.657547]]}},{"type":"Feature","properties":{"mode":"bus","n":5,"arr":["530","531","535","537","538"],"lines":"530, 531, 535, 537, 538"},"geometry":{"type":"LineString","coordinates":[[12.278621,57.777154],[12.278484,57.777147],[12.278361,57.77718]]}},{"type":"Feature","properties":{"mode":"bus","n":5,"arr":["530","531","535","537","538"],"lines":"530, 531, 535, 537, 538"},"geometry":{"type":"LineString","coordinates":[[12.278761,57.777317],[12.278773,57.777265]]}},{"type":"Feature","properties":{"mode":"bus","n":5,"arr":["530","531","535","537","538"],"lines":"530, 531, 535, 537, 538"},"geometry":{"type":"LineString","coordinates":[[12.278638,57.777392],[12.278483,57.777403],[12.278405,57.777387],[12.278287,57.777294],[12.27786,57.777174],[12.277593,57.777052],[12.277301,57.776845],[12.276815,57.775935],[12.276492,57.775609],[12.275829,57.775041],[12.275471,57.774783],[12.27536,57.77476],[12.275329,57.77475],[12.275308,57.774735],[12.275297,57.774717],[12.275283,57.774658],[12.275029,57.774324]]}},{"type":"Feature","properties":{"mode":"bus","n":5,"arr":["530","531","535","537","538"],"lines":"530, 531, 535, 537, 538"},"geometry":{"type":"LineString","coordinates":[[12.269202,57.771327],[12.269685,57.771359],[12.270011,57.77135],[12.27193,57.771219],[12.272717,57.771194],[12.273118,57.771246],[12.273451,57.771368],[12.273613,57.771459],[12.273732,57.771565],[12.273827,57.771763],[12.273993,57.773051],[12.274163,57.773415],[12.274477,57.773804],[12.275029,57.774324],[12.275427,57.774601],[12.275519,57.77462],[12.275558,57.774634],[12.275579,57.774658],[12.275606,57.774723]]}},{"type":"Feature","properties":{"mode":"bus","n":6,"arr":["530","531","535","537","538","539"],"lines":"530, 531, 535, 537, 538, 539"},"geometry":{"type":"LineString","coordinates":[[12.268892,57.771294],[12.268965,57.771229],[12.269058,57.771216],[12.26913,57.771234],[12.269163,57.771247],[12.269183,57.771266],[12.269195,57.771284],[12.269201,57.771306],[12.26919,57.771326],[12.269172,57.771345],[12.269146,57.771362],[12.26911,57.771372],[12.269027,57.771385],[12.268944,57.771364],[12.268892,57.771294]]}},{"type":"Feature","properties":{"mode":"bus","n":6,"arr":["530","531","535","537","538","539"],"lines":"530, 531, 535, 537, 538, 539"},"geometry":{"type":"LineString","coordinates":[[12.269021,57.770538],[12.268957,57.770528],[12.268926,57.77052],[12.268905,57.770506],[12.268876,57.770476],[12.268864,57.770452],[12.268876,57.770428],[12.268902,57.770401],[12.268925,57.770385],[12.268959,57.770376],[12.26903,57.770366],[12.26913,57.770393],[12.269159,57.770429],[12.269166,57.770449],[12.269157,57.770468],[12.269113,57.770519],[12.269053,57.770531],[12.269035,57.770537],[12.269025,57.770545],[12.269022,57.770556],[12.269058,57.771216]]}},{"type":"Feature","properties":{"mode":"bus","n":6,"arr":["530","531","535","537","538","539"],"lines":"530, 531, 535, 537, 538, 539"},"geometry":{"type":"LineString","coordinates":[[12.26892,57.770382],[12.268816,57.770327],[12.26797,57.770043]]}},{"type":"Feature","properties":{"mode":"bus","n":5,"arr":["611","751","HA2","HA3","X4"],"lines":"611, 751, 2, 3, X4"},"geometry":{"type":"LineString","coordinates":[[12.119242,57.657637],[12.119103,57.657636],[12.119049,57.657643],[12.119008,57.657662],[12.118944,57.657711]]}},{"type":"Feature","properties":{"mode":"bus","n":6,"arr":["601","611","751","HA2","HA3","X4"],"lines":"601, 611, 751, 2, 3, X4"},"geometry":{"type":"LineString","coordinates":[[12.119242,57.657637],[12.119325,57.657688],[12.119334,57.657755],[12.119267,57.657811],[12.119169,57.657827],[12.119117,57.657829],[12.119069,57.65782],[12.119028,57.657807],[12.118989,57.657789],[12.118968,57.657764],[12.118957,57.657739],[12.118934,57.657716],[12.118893,57.657701],[12.118542,57.65763],[12.117849,57.657547]]}},{"type":"Feature","properties":{"mode":"bus","n":5,"arr":["601","751","HA1","HA2","X90"],"lines":"601, 751, 1, 2, X90"},"geometry":{"type":"LineString","coordinates":[[12.108154,57.657036],[12.10821,57.656806],[12.108785,57.655896],[12.108836,57.655485],[12.108781,57.655299],[12.108283,57.654499],[12.108079,57.653818],[12.108026,57.653779],[12.107736,57.653179],[12.107633,57.653133],[12.107614,57.653119],[12.107607,57.653103],[12.107605,57.65307],[12.10767,57.65302]]}},{"type":"Feature","properties":{"mode":"bus","n":6,"arr":["735","760","761","762","763","766"],"lines":"735, 760, 761, 762, 763, 766"},"geometry":{"type":"LineString","coordinates":[[12.08346,57.574221],[12.083401,57.574175],[12.08338,57.574149],[12.083381,57.574121],[12.083398,57.574077],[12.083421,57.57405],[12.083463,57.57403],[12.08356,57.574001],[12.083669,57.574017],[12.083721,57.57403],[12.083758,57.574053],[12.083783,57.574078],[12.083801,57.574107],[12.083796,57.574137],[12.083781,57.574165],[12.083754,57.574193],[12.083709,57.574212],[12.083597,57.574242],[12.083508,57.574228],[12.083478,57.574226],[12.083451,57.574231],[12.083427,57.574241],[12.082885,57.57457],[12.082169,57.574926],[12.080793,57.575728],[12.080743,57.575747],[12.080682,57.575748],[12.080078,57.575688],[12.079998,57.57566],[12.07996,57.575599],[12.079952,57.575567],[12.079969,57.575535],[12.080003,57.575499],[12.080027,57.575482],[12.080059,57.575476],[12.080098,57.575478],[12.080936,57.575628]]}},{"type":"Feature","properties":{"mode":"bus","n":5,"arr":["735","760","761","762","763"],"lines":"735, 760, 761, 762, 763"},"geometry":{"type":"LineString","coordinates":[[12.087038,57.575678],[12.087116,57.575653],[12.087159,57.575645],[12.087204,57.575648],[12.08729,57.575662],[12.087351,57.575721],[12.087332,57.575763],[12.087314,57.575783],[12.087283,57.575798],[12.087235,57.575812],[12.087192,57.57582],[12.087147,57.575817],[12.087063,57.575802],[12.087007,57.575743],[12.087027,57.575701],[12.087028,57.57568],[12.087007,57.575661],[12.086811,57.575557],[12.08379,57.574176]]}},{"type":"Feature","properties":{"mode":"bus","n":5,"arr":["735","760","761","762","763"],"lines":"735, 760, 761, 762, 763"},"geometry":{"type":"LineString","coordinates":[[12.087292,57.575803],[12.087554,57.575894],[12.089948,57.576976],[12.089963,57.576986],[12.089964,57.576996],[12.089953,57.577006],[12.089906,57.577037],[12.089877,57.577133],[12.089877,57.577793],[12.089906,57.57784],[12.08992,57.577854],[12.089941,57.577862],[12.089971,57.577864],[12.09041,57.577858]]}},{"type":"Feature","properties":{"mode":"bus","n":5,"arr":["1E","17","514","515","X5"],"lines":"1E, 17, 514, 515, X5"},"geometry":{"type":"LineString","coordinates":[[12.046794,57.722677],[12.046173,57.723157],[12.045804,57.723377],[12.045272,57.723642],[12.045249,57.723659],[12.045246,57.723677],[12.045263,57.723696],[12.045441,57.723822]]}},{"type":"Feature","properties":{"mode":"bus","n":5,"arr":["1E","17","514","515","X5"],"lines":"1E, 17, 514, 515, X5"},"geometry":{"type":"LineString","coordinates":[[12.049676,57.723531],[12.049679,57.722201],[12.049675,57.722185],[12.049662,57.722174],[12.049641,57.722168],[12.049612,57.722165],[12.048362,57.722174]]}},{"type":"Feature","properties":{"mode":"bus","n":5,"arr":["1E","6E","17","60","62"],"lines":"1E, 6E, 17, 60, 62"},"geometry":{"type":"LineString","coordinates":[[12.004758,57.716068],[12.005674,57.716401],[12.005727,57.716512],[12.00564,57.71664]]}},{"type":"Feature","properties":{"mode":"bus","n":12,"arr":["3E","90","91","114","193","194","196","197","290","291","X5","X6"],"lines":"3E, 90, 91, 114, 193, 194, 196, 197, 290, 291, X5, X6"},"geometry":{"type":"LineString","coordinates":[[11.933896,57.699859],[11.936001,57.699982],[11.937964,57.700212],[11.938624,57.700267],[11.941637,57.700372],[11.947141,57.700924],[11.947381,57.700902],[11.947761,57.700911],[11.949038,57.701007]]}},{"type":"Feature","properties":{"mode":"bus","n":6,"arr":["3E","114","290","291","X5","X6"],"lines":"3E, 114, 290, 291, X5, X6"},"geometry":{"type":"LineString","coordinates":[[11.949038,57.701007],[11.949874,57.701061],[11.9502,57.701112],[11.950688,57.701133]]}},{"type":"Feature","properties":{"mode":"bus","n":5,"arr":["3E","114","X2","X5","X6"],"lines":"3E, 114, X2, X5, X6"},"geometry":{"type":"LineString","coordinates":[[11.9536,57.700419],[11.953514,57.700385],[11.953464,57.700373],[11.95341,57.700372],[11.95226,57.700468],[11.951937,57.700503],[11.95166,57.700594],[11.951161,57.700928],[11.950981,57.701096],[11.950815,57.701623]]}},{"type":"Feature","properties":{"mode":"bus","n":6,"arr":["3E","61","114","X2","X5","X6"],"lines":"3E, 61, 114, X2, X5, X6"},"geometry":{"type":"LineString","coordinates":[[11.954062,57.701122],[11.9536,57.700419]]}},{"type":"Feature","properties":{"mode":"bus","n":6,"arr":["3E","114","290","X2","X5","X6"],"lines":"3E, 114, 290, X2, X5, X6"},"geometry":{"type":"LineString","coordinates":[[11.950815,57.701623],[11.950449,57.701598],[11.949855,57.701457],[11.949135,57.701352]]}},{"type":"Feature","properties":{"mode":"bus","n":8,"arr":["3E","90","91","114","290","X2","X5","X6"],"lines":"3E, 90, 91, 114, 290, X2, X5, X6"},"geometry":{"type":"LineString","coordinates":[[11.949135,57.701352],[11.947674,57.701158],[11.946773,57.701004],[11.946492,57.700931],[11.941577,57.700442],[11.938412,57.70033],[11.936161,57.700078],[11.933237,57.699899]]}},{"type":"Feature","properties":{"mode":"bus","n":5,"arr":["4","20","717","720","735"],"lines":"4, 20, 717, 720, 735"},"geometry":{"type":"LineString","coordinates":[[12.079586,57.491512],[12.079633,57.492005],[12.079554,57.492079],[12.079418,57.492123]]}},{"type":"Feature","properties":{"mode":"bus","n":5,"arr":["4","717","720","735","KB1"],"lines":"4, 717, 720, 735, 1"},"geometry":{"type":"LineString","coordinates":[[12.078976,57.489773],[12.079122,57.489772],[12.079226,57.4898]]}},{"type":"Feature","properties":{"mode":"bus","n":9,"arr":["4E","40","71","73","74","75","76","77","179"],"lines":"4E, 40, 71, 73, 74, 75, 76, 77, 179"},"geometry":{"type":"LineString","coordinates":[[12.04857,57.795624],[12.048687,57.795198],[12.048683,57.795097],[12.048531,57.794828]]}},{"type":"Feature","properties":{"mode":"bus","n":6,"arr":["4E","40","71","73","74","77"],"lines":"4E, 40, 71, 73, 74, 77"},"geometry":{"type":"LineString","coordinates":[[12.048424,57.795858],[12.048486,57.795853]]}},{"type":"Feature","properties":{"mode":"bus","n":5,"arr":["4E","59","127","131","168"],"lines":"4E, 59, 127, 131, 168"},"geometry":{"type":"LineString","coordinates":[[11.999795,57.730646],[12.000879,57.730387],[12.00123,57.730351]]}},{"type":"Feature","properties":{"mode":"bus","n":6,"arr":["4E","59","127","131","168","173"],"lines":"4E, 59, 127, 131, 168, 173"},"geometry":{"type":"LineString","coordinates":[[12.00123,57.730351],[12.001739,57.730232],[12.002161,57.730104],[12.004309,57.729408]]}},{"type":"Feature","properties":{"mode":"bus","n":11,"arr":["4E","6E","56","59","78","127","131","159","167","168","515"],"lines":"4E, 6E, 56, 59, 78, 127, 131, 159, 167, 168, 515"},"geometry":{"type":"LineString","coordinates":[[12.004309,57.729408],[12.004201,57.729324],[12.003901,57.72874],[12.003749,57.728201],[12.003629,57.728066],[12.003411,57.727907]]}},{"type":"Feature","properties":{"mode":"bus","n":8,"arr":["4E","6E","56","59","78","167","168","515"],"lines":"4E, 6E, 56, 59, 78, 167, 168, 515"},"geometry":{"type":"LineString","coordinates":[[12.003587,57.727949],[12.003787,57.72811],[12.00401,57.728412],[12.004126,57.728891],[12.004347,57.729302],[12.004309,57.729408]]}},{"type":"Feature","properties":{"mode":"bus","n":8,"arr":["4E","6E","56","78","159","167","173","515"],"lines":"4E, 6E, 56, 78, 159, 167, 173, 515"},"geometry":{"type":"LineString","coordinates":[[12.005576,57.729172],[12.005032,57.729195],[12.004309,57.729408]]}},{"type":"Feature","properties":{"mode":"bus","n":7,"arr":["4E","6E","78","159","167","173","515"],"lines":"4E, 6E, 78, 159, 167, 173, 515"},"geometry":{"type":"LineString","coordinates":[[12.005769,57.729197],[12.005576,57.729172]]}},{"type":"Feature","properties":{"mode":"bus","n":6,"arr":["4E","6E","78","167","173","515"],"lines":"4E, 6E, 78, 167, 173, 515"},"geometry":{"type":"LineString","coordinates":[[12.006428,57.729433],[12.006021,57.72926],[12.005769,57.729197]]}},{"type":"Feature","properties":{"mode":"bus","n":7,"arr":["4E","71","73","74","75","76","77"],"lines":"4E, 71, 73, 74, 75, 76, 77"},"geometry":{"type":"LineString","coordinates":[[12.049408,57.796438],[12.049455,57.796534]]}},{"type":"Feature","properties":{"mode":"bus","n":6,"arr":["4E","71","73","75","76","77"],"lines":"4E, 71, 73, 75, 76, 77"},"geometry":{"type":"LineString","coordinates":[[12.04936,57.796355],[12.049408,57.796438]]}},{"type":"Feature","properties":{"mode":"bus","n":5,"arr":["4E","73","75","76","77"],"lines":"4E, 73, 75, 76, 77"},"geometry":{"type":"LineString","coordinates":[[12.049305,57.796274],[12.04936,57.796355]]}},{"type":"Feature","properties":{"mode":"bus","n":5,"arr":["6E","56","78","167","515"],"lines":"6E, 56, 78, 167, 515"},"geometry":{"type":"LineString","coordinates":[[12.005032,57.729195],[12.005247,57.729101],[12.005651,57.729095],[12.006042,57.729162],[12.006297,57.729271]]}},{"type":"Feature","properties":{"mode":"bus","n":5,"arr":["6E","56","167","173","515"],"lines":"6E, 56, 167, 173, 515"},"geometry":{"type":"LineString","coordinates":[[12.00732,57.729246],[12.007482,57.729134]]}},{"type":"Feature","properties":{"mode":"bus","n":6,"arr":["6E","21","167","173","510","515"],"lines":"6E, 21, 167, 173, 510, 515"},"geometry":{"type":"LineString","coordinates":[[12.007581,57.726517],[12.007874,57.727671],[12.007882,57.727861],[12.007845,57.728411],[12.007575,57.728945]]}},{"type":"Feature","properties":{"mode":"bus","n":6,"arr":["6E","21","167","173","510","515"],"lines":"6E, 21, 167, 173, 510, 515"},"geometry":{"type":"LineString","coordinates":[[12.00775,57.726512],[12.007793,57.72678],[12.00815,57.727936]]}},{"type":"Feature","properties":{"mode":"bus","n":9,"arr":["6E","17","21","22","43","173","510","LERS","X5"],"lines":"6E, 17, 21, 22, 43, 173, 510, LERS, X5"},"geometry":{"type":"LineString","coordinates":[[11.99132,57.713619],[11.991437,57.713678]]}},{"type":"Feature","properties":{"mode":"bus","n":15,"arr":["6E","17","21","22","43","173","501","502","503","510","513","LERS","X1","X3","X5"],"lines":"6E, 17, 21, 22, 43, 173, 501, 502, 503, 510, 513, LERS, X1, X3, X5"},"geometry":{"type":"LineString","coordinates":[[11.99132,57.713619],[11.99094,57.713268]]}},{"type":"Feature","properties":{"mode":"bus","n":12,"arr":["6E","17","21","22","173","503","510","513","LERS","X1","X3","X5"],"lines":"6E, 17, 21, 22, 173, 503, 510, 513, LERS, X1, X3, X5"},"geometry":{"type":"LineString","coordinates":[[11.99094,57.713268],[11.990822,57.713123],[11.99044,57.712807]]}},{"type":"Feature","properties":{"mode":"bus","n":11,"arr":["17","21","22","173","503","510","513","LERS","X1","X3","X5"],"lines":"17, 21, 22, 173, 503, 510, 513, LERS, X1, X3, X5"},"geometry":{"type":"LineString","coordinates":[[11.99044,57.712807],[11.990338,57.712604],[11.990324,57.712486],[11.990266,57.712428],[11.989285,57.711949],[11.989102,57.711931],[11.988509,57.71203],[11.98826,57.711999],[11.987065,57.711355],[11.98646,57.711096],[11.985483,57.710789],[11.983646,57.710325],[11.983121,57.710102],[11.982405,57.709966],[11.981875,57.709969],[11.981536,57.709922],[11.977807,57.709218],[11.977336,57.709087]]}},{"type":"Feature","properties":{"mode":"bus","n":11,"arr":["17","21","22","173","503","510","513","LERS","X1","X3","X5"],"lines":"17, 21, 22, 173, 503, 510, 513, LERS, X1, X3, X5"},"geometry":{"type":"LineString","coordinates":[[11.977449,57.708652],[11.977343,57.70906],[11.977337,57.709071],[11.977326,57.709077],[11.977311,57.709078],[11.977291,57.709074],[11.977207,57.70905]]}},{"type":"Feature","properties":{"mode":"bus","n":5,"arr":["11E","21","57","74","159"],"lines":"11E, 21, 57, 74, 159"},"geometry":{"type":"LineString","coordinates":[[12.072436,57.75709],[12.072441,57.756959],[12.072499,57.756912],[12.072522,57.756898],[12.072552,57.756891],[12.072586,57.756889],[12.073445,57.756922]]}},{"type":"Feature","properties":{"mode":"bus","n":6,"arr":["17","21","X1","X4","X5","X6"],"lines":"17, 21, X1, X4, X5, X6"},"geometry":{"type":"LineString","coordinates":[[11.97663,57.708796],[11.976211,57.708732],[11.975795,57.708789],[11.975583,57.708796],[11.974091,57.708543],[11.973078,57.708346],[11.972866,57.708353],[11.972352,57.70845]]}},{"type":"Feature","properties":{"mode":"bus","n":6,"arr":["17","21","X1","X4","X5","X6"],"lines":"17, 21, X1, X4, X5, X6"},"geometry":{"type":"LineString","coordinates":[[11.975288,57.708675],[11.975472,57.708687],[11.97607,57.708653],[11.976671,57.708723]]}},{"type":"Feature","properties":{"mode":"bus","n":7,"arr":["17","21","FLYG","X1","X4","X5","X6"],"lines":"17, 21, FLYG, X1, X4, X5, X6"},"geometry":{"type":"LineString","coordinates":[[11.972352,57.70845],[11.972052,57.708503],[11.971705,57.708611],[11.971617,57.708641],[11.971524,57.708721]]}},{"type":"Feature","properties":{"mode":"bus","n":5,"arr":["17","21","FLYG","X1","X4"],"lines":"17, 21, FLYG, X1, X4"},"geometry":{"type":"LineString","coordinates":[[11.970823,57.709672],[11.971085,57.709466],[11.971405,57.708872],[11.971524,57.708721]]}},{"type":"Feature","properties":{"mode":"bus","n":5,"arr":["17","21","141","X1","X4"],"lines":"17, 21, 141, X1, X4"},"geometry":{"type":"LineString","coordinates":[[11.970667,57.709885],[11.970728,57.709845],[11.970823,57.709672]]}},{"type":"Feature","properties":{"mode":"bus","n":8,"arr":["17","21","29","128","129","141","X1","X4"],"lines":"17, 21, 29, 128, 129, 141, X1, X4"},"geometry":{"type":"LineString","coordinates":[[11.970531,57.711699],[11.970159,57.711168],[11.97012,57.710951],[11.970152,57.710807],[11.970667,57.709885]]}},{"type":"Feature","properties":{"mode":"bus","n":10,"arr":["17","18","21","25","29","128","129","141","X1","X4"],"lines":"17, 18, 21, 25, 29, 128, 129, 141, X1, X4"},"geometry":{"type":"LineString","coordinates":[[11.962123,57.719734],[11.962739,57.719566],[11.962967,57.719409],[11.963181,57.719175],[11.963641,57.718351],[11.964011,57.717952],[11.970647,57.712707],[11.9708,57.712492],[11.97084,57.712209],[11.970748,57.711952],[11.970531,57.711699]]}},{"type":"Feature","properties":{"mode":"bus","n":6,"arr":["17","18","21","25","X1","X4"],"lines":"17, 18, 21, 25, X1, X4"},"geometry":{"type":"LineString","coordinates":[[11.963288,57.718995],[11.963325,57.719096]]}},{"type":"Feature","properties":{"mode":"bus","n":10,"arr":["17","18","21","25","29","128","129","X1","X2","X4"],"lines":"17, 18, 21, 25, 29, 128, 129, X1, X2, X4"},"geometry":{"type":"LineString","coordinates":[[11.963325,57.719096],[11.962951,57.719493],[11.962622,57.719746],[11.962278,57.719952],[11.962017,57.72007],[11.96134,57.720304]]}},{"type":"Feature","properties":{"mode":"bus","n":13,"arr":["17","18","19","21","25","29","42","47","128","129","X1","X2","X4"],"lines":"17, 18, 19, 21, 25, 29, 42, 47, 128, 129, X1, X2, X4"},"geometry":{"type":"LineString","coordinates":[[11.96134,57.720304],[11.961041,57.720384],[11.960346,57.720448]]}},{"type":"Feature","properties":{"mode":"bus","n":11,"arr":["17","18","19","25","29","42","47","128","129","X2","X4"],"lines":"17, 18, 19, 25, 29, 42, 47, 128, 129, X2, X4"},"geometry":{"type":"LineString","coordinates":[[11.960346,57.720448],[11.959646,57.720488],[11.957707,57.720527],[11.95769,57.720529],[11.957679,57.720533],[11.957675,57.720539],[11.957675,57.720548],[11.957682,57.720566],[11.957682,57.720575],[11.957678,57.720581],[11.957667,57.720585],[11.95765,57.720587],[11.956273,57.720617],[11.95487,57.7206]]}},{"type":"Feature","properties":{"mode":"bus","n":12,"arr":["17","18","19","25","29","42","47","128","129","141","X2","X4"],"lines":"17, 18, 19, 25, 29, 42, 47, 128, 129, 141, X2, X4"},"geometry":{"type":"LineString","coordinates":[[11.954443,57.720613],[11.955445,57.720557],[11.955783,57.720483],[11.956258,57.720308],[11.956426,57.720288],[11.956999,57.720307],[11.957496,57.720286],[11.958157,57.720303],[11.959133,57.720271]]}},{"type":"Feature","properties":{"mode":"bus","n":10,"arr":["17","18","19","25","29","42","47","128","129","141"],"lines":"17, 18, 19, 25, 29, 42, 47, 128, 129, 141"},"geometry":{"type":"LineString","coordinates":[[11.95431,57.720619],[11.954443,57.720613]]}},{"type":"Feature","properties":{"mode":"bus","n":15,"arr":["17","18","19","25","29","42","44","47","128","129","131","141","142","X76","X77"],"lines":"17, 18, 19, 25, 29, 42, 44, 47, 128, 129, 131, 141, 142, X76, X77"},"geometry":{"type":"LineString","coordinates":[[11.953353,57.720691],[11.95431,57.720619]]}},{"type":"Feature","properties":{"mode":"bus","n":14,"arr":["17","18","19","25","29","42","44","128","129","131","141","142","X76","X77"],"lines":"17, 18, 19, 25, 29, 42, 44, 128, 129, 131, 141, 142, X76, X77"},"geometry":{"type":"LineString","coordinates":[[11.953063,57.720723],[11.953353,57.720691]]}},{"type":"Feature","properties":{"mode":"bus","n":10,"arr":["17","25","29","44","128","129","131","142","X76","X77"],"lines":"17, 25, 29, 44, 128, 129, 131, 142, X76, X77"},"geometry":{"type":"LineString","coordinates":[[11.952034,57.720811],[11.952574,57.720795],[11.953063,57.720723]]}},{"type":"Feature","properties":{"mode":"bus","n":14,"arr":["17","25","29","44","99","128","129","131","135","137","141","142","X76","X77"],"lines":"17, 25, 29, 44, 99, 128, 129, 131, 135, 137, 141, 142, X76, X77"},"geometry":{"type":"LineString","coordinates":[[11.945886,57.720752],[11.947219,57.720755],[11.94946,57.720807],[11.949773,57.720797],[11.95011,57.720826],[11.952034,57.720811]]}},{"type":"Feature","properties":{"mode":"bus","n":6,"arr":["17","29","99","129","135","137"],"lines":"17, 29, 99, 129, 135, 137"},"geometry":{"type":"LineString","coordinates":[[11.945088,57.720754],[11.944965,57.720363]]}},{"type":"Feature","properties":{"mode":"bus","n":12,"arr":["17","25","29","44","128","129","131","135","137","141","X76","X77"],"lines":"17, 25, 29, 44, 128, 129, 131, 135, 137, 141, X76, X77"},"geometry":{"type":"LineString","coordinates":[[11.944965,57.720363],[11.945862,57.720393]]}},{"type":"Feature","properties":{"mode":"bus","n":13,"arr":["17","25","29","44","99","128","129","131","135","137","141","X76","X77"],"lines":"17, 25, 29, 44, 99, 128, 129, 131, 135, 137, 141, X76, X77"},"geometry":{"type":"LineString","coordinates":[[11.945862,57.720393],[11.947938,57.72058],[11.948834,57.720614],[11.949518,57.720609],[11.950228,57.720652],[11.950968,57.720769],[11.952436,57.720731]]}},{"type":"Feature","properties":{"mode":"bus","n":10,"arr":["17","25","29","44","128","129","131","141","X76","X77"],"lines":"17, 25, 29, 44, 128, 129, 131, 141, X76, X77"},"geometry":{"type":"LineString","coordinates":[[11.952436,57.720731],[11.953063,57.720723]]}},{"type":"Feature","properties":{"mode":"bus","n":9,"arr":["17","18","25","29","128","129","141","X2","X4"],"lines":"17, 18, 25, 29, 128, 129, 141, X2, X4"},"geometry":{"type":"LineString","coordinates":[[11.959133,57.720271],[11.95961,57.720247],[11.960262,57.720171]]}},{"type":"Feature","properties":{"mode":"bus","n":11,"arr":["17","18","21","25","29","128","129","141","X1","X2","X4"],"lines":"17, 18, 21, 25, 29, 128, 129, 141, X1, X2, X4"},"geometry":{"type":"LineString","coordinates":[[11.960262,57.720171],[11.961064,57.72003],[11.962123,57.719734]]}},{"type":"Feature","properties":{"mode":"bus","n":6,"arr":["17","29","128","129","X1","X4"],"lines":"17, 29, 128, 129, X1, X4"},"geometry":{"type":"LineString","coordinates":[[11.970667,57.709885],[11.970681,57.709695],[11.970854,57.709078]]}},{"type":"Feature","properties":{"mode":"bus","n":7,"arr":["17","21","141","X1","X4","X5","X6"],"lines":"17, 21, 141, X1, X4, X5, X6"},"geometry":{"type":"LineString","coordinates":[[11.97232,57.708371],[11.972794,57.708286],[11.973122,57.708274],[11.973624,57.708356],[11.974321,57.70852],[11.975288,57.708675]]}},{"type":"Feature","properties":{"mode":"bus","n":10,"arr":["17","20","21","22","101","LERS","X1","X4","X5","X6"],"lines":"17, 20, 21, 22, 101, LERS, X1, X4, X5, X6"},"geometry":{"type":"LineString","coordinates":[[11.976671,57.708723],[11.976854,57.708681],[11.976965,57.708628]]}},{"type":"Feature","properties":{"mode":"bus","n":5,"arr":["17","503","513","X1","X3"],"lines":"17, 503, 513, X1, X3"},"geometry":{"type":"LineString","coordinates":[[11.990764,57.712962],[11.990567,57.712798],[11.990324,57.712486]]}},{"type":"Feature","properties":{"mode":"bus","n":7,"arr":["17","501","502","503","513","X1","X3"],"lines":"17, 501, 502, 503, 513, X1, X3"},"geometry":{"type":"LineString","coordinates":[[11.990958,57.713168],[11.990764,57.712962]]}},{"type":"Feature","properties":{"mode":"bus","n":8,"arr":["17","40","501","502","503","513","X1","X3"],"lines":"17, 40, 501, 502, 503, 513, X1, X3"},"geometry":{"type":"LineString","coordinates":[[11.991066,57.71326],[11.990958,57.713168]]}},{"type":"Feature","properties":{"mode":"bus","n":9,"arr":["17","40","43","501","502","503","513","X1","X3"],"lines":"17, 40, 43, 501, 502, 503, 513, X1, X3"},"geometry":{"type":"LineString","coordinates":[[11.991194,57.713371],[11.991066,57.71326]]}},{"type":"Feature","properties":{"mode":"bus","n":7,"arr":["18","101","512","754","FLYG","X4","X6"],"lines":"18, 101, 512, 754, FLYG, X4, X6"},"geometry":{"type":"LineString","coordinates":[[11.995179,57.69772],[11.996189,57.697778]]}},{"type":"Feature","properties":{"mode":"bus","n":5,"arr":["18","101","FLYG","X4","X6"],"lines":"18, 101, FLYG, X4, X6"},"geometry":{"type":"LineString","coordinates":[[11.994929,57.697707],[11.995179,57.69772]]}},{"type":"Feature","properties":{"mode":"bus","n":5,"arr":["18","61","101","X4","X6"],"lines":"18, 61, 101, X4, X6"},"geometry":{"type":"LineString","coordinates":[[11.987452,57.696928],[11.987387,57.696923]]}},{"type":"Feature","properties":{"mode":"bus","n":7,"arr":["18","19","42","44","131","X76","X77"],"lines":"18, 19, 42, 44, 131, X76, X77"},"geometry":{"type":"LineString","coordinates":[[11.953063,57.720723],[11.953131,57.720875],[11.953229,57.720934],[11.954063,57.721197],[11.954367,57.721212]]}},{"type":"Feature","properties":{"mode":"bus","n":8,"arr":["18","19","42","44","47","131","X76","X77"],"lines":"18, 19, 42, 44, 47, 131, X76, X77"},"geometry":{"type":"LineString","coordinates":[[11.954367,57.721212],[11.955007,57.721193]]}},{"type":"Feature","properties":{"mode":"bus","n":8,"arr":["18","19","42","44","131","142","X76","X77"],"lines":"18, 19, 42, 44, 131, 142, X76, X77"},"geometry":{"type":"LineString","coordinates":[[11.95431,57.720619],[11.954902,57.721205]]}},{"type":"Feature","properties":{"mode":"bus","n":6,"arr":["18","63","101","758","FLYG","X4"],"lines":"18, 63, 101, 758, FLYG, X4"},"geometry":{"type":"LineString","coordinates":[[11.987497,57.696898],[11.98743,57.696893]]}},{"type":"Feature","properties":{"mode":"bus","n":11,"arr":["19","65","82","84","95","180","184","185","758","X2","X3"],"lines":"19, 65, 82, 84, 95, 180, 184, 185, 758, X2, X3"},"geometry":{"type":"LineString","coordinates":[[11.93622,57.673694],[11.93574,57.674111]]}},{"type":"Feature","properties":{"mode":"bus","n":12,"arr":["19","64","65","82","84","95","180","184","185","758","X2","X3"],"lines":"19, 64, 65, 82, 84, 95, 180, 184, 185, 758, X2, X3"},"geometry":{"type":"LineString","coordinates":[[11.935744,57.673515],[11.93622,57.673694]]}},{"type":"Feature","properties":{"mode":"bus","n":12,"arr":["19","64","65","82","84","95","180","184","185","758","X2","X3"],"lines":"19, 64, 65, 82, 84, 95, 180, 184, 185, 758, X2, X3"},"geometry":{"type":"LineString","coordinates":[[11.936252,57.673713],[11.936442,57.673981]]}},{"type":"Feature","properties":{"mode":"bus","n":6,"arr":["19","64","180","184","185","X2"],"lines":"19, 64, 180, 184, 185, X2"},"geometry":{"type":"LineString","coordinates":[[11.921327,57.674742],[11.92227,57.674677],[11.922851,57.674676],[11.923685,57.674732],[11.924164,57.674805],[11.930062,57.676212],[11.932763,57.676759],[11.932968,57.676792],[11.933221,57.676797],[11.933498,57.676748],[11.9337,57.676616],[11.933963,57.676165],[11.934284,57.67544],[11.934874,57.674493],[11.9353,57.673976],[11.935744,57.673515]]}},{"type":"Feature","properties":{"mode":"bus","n":6,"arr":["19","64","65","180","184","185"],"lines":"19, 64, 65, 180, 184, 185"},"geometry":{"type":"LineString","coordinates":[[11.920249,57.674982],[11.919562,57.67513],[11.918447,57.675457]]}},{"type":"Feature","properties":{"mode":"bus","n":5,"arr":["19","65","180","184","185"],"lines":"19, 65, 180, 184, 185"},"geometry":{"type":"LineString","coordinates":[[11.918447,57.675457],[11.917604,57.675739],[11.91555,57.676552],[11.914329,57.677095],[11.913594,57.677468],[11.913223,57.677733],[11.912963,57.678022],[11.912444,57.67889],[11.912209,57.679156],[11.911891,57.679399],[11.911641,57.679549],[11.91117,57.679761],[11.910622,57.679924],[11.909738,57.680062],[11.90889,57.680102],[11.906733,57.680121],[11.906041,57.680161]]}},{"type":"Feature","properties":{"mode":"bus","n":6,"arr":["19","91","180","184","185","190"],"lines":"19, 91, 180, 184, 185, 190"},"geometry":{"type":"LineString","coordinates":[[11.905053,57.682417],[11.905025,57.682797]]}},{"type":"Feature","properties":{"mode":"bus","n":5,"arr":["19","180","184","185","190"],"lines":"19, 180, 184, 185, 190"},"geometry":{"type":"LineString","coordinates":[[11.905025,57.682797],[11.904803,57.684195]]}},{"type":"Feature","properties":{"mode":"bus","n":5,"arr":["19","180","184","185","190"],"lines":"19, 180, 184, 185, 190"},"geometry":{"type":"LineString","coordinates":[[11.903954,57.684191],[11.90392,57.683994],[11.903923,57.683467],[11.904128,57.68247],[11.904093,57.682313]]}},{"type":"Feature","properties":{"mode":"bus","n":8,"arr":["19","99","180","184","185","190","199","X90"],"lines":"19, 99, 180, 184, 185, 190, 199, X90"},"geometry":{"type":"LineString","coordinates":[[11.904803,57.684195],[11.90476,57.685154],[11.904602,57.685977],[11.904253,57.686743],[11.903771,57.687622]]}},{"type":"Feature","properties":{"mode":"bus","n":8,"arr":["19","99","180","184","185","190","199","X90"],"lines":"19, 99, 180, 184, 185, 190, 199, X90"},"geometry":{"type":"LineString","coordinates":[[11.903807,57.687223],[11.90412,57.68658],[11.904228,57.686031],[11.904198,57.685632],[11.904004,57.684722],[11.903954,57.684191]]}},{"type":"Feature","properties":{"mode":"bus","n":11,"arr":["19","30","99","180","184","185","190","199","290","X6","X90"],"lines":"19, 30, 99, 180, 184, 185, 190, 199, 290, X6, X90"},"geometry":{"type":"LineString","coordinates":[[11.903771,57.687622],[11.899349,57.694691],[11.898329,57.696055],[11.896048,57.698743]]}},{"type":"Feature","properties":{"mode":"bus","n":6,"arr":["19","21","35","37","42","99"],"lines":"19, 21, 35, 37, 42, 99"},"geometry":{"type":"LineString","coordinates":[[11.921695,57.706785],[11.92254,57.707328],[11.922702,57.707463],[11.922983,57.707789],[11.923218,57.707954],[11.923591,57.70837],[11.923686,57.708568],[11.924286,57.709283],[11.924515,57.709389],[11.924739,57.709434]]}},{"type":"Feature","properties":{"mode":"bus","n":5,"arr":["19","21","42","199","X1"],"lines":"19, 21, 42, 199, X1"},"geometry":{"type":"LineString","coordinates":[[11.94529,57.711964],[11.945482,57.712072]]}},{"type":"Feature","properties":{"mode":"bus","n":5,"arr":["19","21","42","47","X1"],"lines":"19, 21, 42, 47, X1"},"geometry":{"type":"LineString","coordinates":[[11.960765,57.719644],[11.960954,57.72076]]}},{"type":"Feature","properties":{"mode":"bus","n":6,"arr":["19","40","47","X40","X76","X77"],"lines":"19, 40, 47, X40, X76, X77"},"geometry":{"type":"LineString","coordinates":[[11.990403,57.758178],[11.990489,57.758132]]}},{"type":"Feature","properties":{"mode":"bus","n":6,"arr":["19","40","47","X40","X76","X77"],"lines":"19, 40, 47, X40, X76, X77"},"geometry":{"type":"LineString","coordinates":[[11.990706,57.75842],[11.990541,57.75841],[11.990425,57.758367]]}},{"type":"Feature","properties":{"mode":"bus","n":12,"arr":["19","30","99","180","184","185","190","199","290","291","X6","X90"],"lines":"19, 30, 99, 180, 184, 185, 190, 199, 290, 291, X6, X90"},"geometry":{"type":"LineString","coordinates":[[11.896174,57.698341],[11.898433,57.695622],[11.899167,57.694657],[11.903807,57.687223]]}},{"type":"Feature","properties":{"mode":"bus","n":7,"arr":["19","91","180","184","185","190","X2"],"lines":"19, 91, 180, 184, 185, 190, X2"},"geometry":{"type":"LineString","coordinates":[[11.904093,57.682313],[11.904093,57.682166],[11.904001,57.681875],[11.903872,57.681686],[11.903467,57.681277]]}},{"type":"Feature","properties":{"mode":"bus","n":6,"arr":["19","65","180","184","185","X2"],"lines":"19, 65, 180, 184, 185, X2"},"geometry":{"type":"LineString","coordinates":[[11.907226,57.680036],[11.908862,57.680022],[11.909622,57.679991],[11.910419,57.679878],[11.910766,57.679797],[11.911218,57.679636],[11.911716,57.679383],[11.912114,57.679074],[11.912317,57.678836],[11.912861,57.677927],[11.91306,57.677718],[11.913392,57.677454],[11.914412,57.676947],[11.915508,57.67646],[11.916943,57.675876],[11.918341,57.675377]]}},{"type":"Feature","properties":{"mode":"bus","n":7,"arr":["19","64","65","180","184","185","X2"],"lines":"19, 64, 65, 180, 184, 185, X2"},"geometry":{"type":"LineString","coordinates":[[11.918341,57.675377],[11.919513,57.675069],[11.920451,57.674869],[11.921327,57.674742]]}},{"type":"Feature","properties":{"mode":"bus","n":8,"arr":["19","64","84","95","180","184","185","X2"],"lines":"19, 64, 84, 95, 180, 184, 185, X2"},"geometry":{"type":"LineString","coordinates":[[11.93622,57.673694],[11.936252,57.673713]]}},{"type":"Feature","properties":{"mode":"bus","n":9,"arr":["19","64","82","180","184","185","758","X2","X3"],"lines":"19, 64, 82, 180, 184, 185, 758, X2, X3"},"geometry":{"type":"LineString","coordinates":[[11.936442,57.673981],[11.936553,57.674039],[11.936741,57.674236]]}},{"type":"Feature","properties":{"mode":"bus","n":7,"arr":["19","82","180","184","185","758","X2"],"lines":"19, 82, 180, 184, 185, 758, X2"},"geometry":{"type":"LineString","coordinates":[[11.936734,57.674319],[11.936741,57.674236]]}},{"type":"Feature","properties":{"mode":"bus","n":9,"arr":["19","65","82","84","95","180","184","185","758"],"lines":"19, 65, 82, 84, 95, 180, 184, 185, 758"},"geometry":{"type":"LineString","coordinates":[[11.935883,57.674306],[11.936573,57.674387],[11.93661,57.674388],[11.936641,57.674382],[11.936668,57.674368],[11.936734,57.674319]]}},{"type":"Feature","properties":{"mode":"bus","n":9,"arr":["19","65","82","84","95","180","184","185","758"],"lines":"19, 65, 82, 84, 95, 180, 184, 185, 758"},"geometry":{"type":"LineString","coordinates":[[11.93574,57.674111],[11.935696,57.674194],[11.935691,57.674215],[11.935701,57.674233],[11.935726,57.67425],[11.935815,57.674292]]}},{"type":"Feature","properties":{"mode":"bus","n":7,"arr":["19","65","82","180","184","185","758"],"lines":"19, 65, 82, 180, 184, 185, 758"},"geometry":{"type":"LineString","coordinates":[[11.935815,57.674292],[11.935883,57.674306]]}},{"type":"Feature","properties":{"mode":"bus","n":5,"arr":["20","755","761","764","765"],"lines":"20, 755, 761, 764, 765"},"geometry":{"type":"LineString","coordinates":[[12.049609,57.610541],[12.049451,57.610632],[12.049339,57.610756],[12.049184,57.61111],[12.0492,57.611231],[12.049244,57.611273],[12.049257,57.611281],[12.049271,57.611285],[12.049287,57.611284],[12.049304,57.611278],[12.049434,57.611216]]}},{"type":"Feature","properties":{"mode":"bus","n":8,"arr":["20","751","753","755","758","761","764","X90"],"lines":"20, 751, 753, 755, 758, 761, 764, X90"},"geometry":{"type":"LineString","coordinates":[[12.018455,57.655404],[12.019249,57.655651]]}},{"type":"Feature","properties":{"mode":"bus","n":7,"arr":["751","753","755","758","761","764","X90"],"lines":"751, 753, 755, 758, 761, 764, X90"},"geometry":{"type":"LineString","coordinates":[[12.019356,57.655847],[12.018555,57.655603]]}},{"type":"Feature","properties":{"mode":"bus","n":7,"arr":["751","754","755","758","761","764","X90"],"lines":"751, 754, 755, 758, 761, 764, X90"},"geometry":{"type":"LineString","coordinates":[[12.01973,57.655809],[12.019356,57.655847]]}},{"type":"Feature","properties":{"mode":"bus","n":7,"arr":["20","101","512","754","FLYG","X4","X6"],"lines":"20, 101, 512, 754, FLYG, X4, X6"},"geometry":{"type":"LineString","coordinates":[[11.996498,57.69629],[11.99674,57.695796],[11.997177,57.694516],[11.997373,57.694052],[11.998312,57.692148]]}},{"type":"Feature","properties":{"mode":"bus","n":7,"arr":["20","101","512","754","FLYG","X4","X6"],"lines":"20, 101, 512, 754, FLYG, X4, X6"},"geometry":{"type":"LineString","coordinates":[[11.996517,57.695687],[11.996958,57.694366],[11.998056,57.691895]]}},{"type":"Feature","properties":{"mode":"bus","n":9,"arr":["20","101","173","503","510","513","X3","X4","X6"],"lines":"20, 101, 173, 503, 510, 513, X3, X4, X6"},"geometry":{"type":"LineString","coordinates":[[11.9779,57.707598],[11.978339,57.707306]]}},{"type":"Feature","properties":{"mode":"bus","n":9,"arr":["20","101","173","503","510","513","X3","X4","X6"],"lines":"20, 101, 173, 503, 510, 513, X3, X4, X6"},"geometry":{"type":"LineString","coordinates":[[11.977433,57.708458],[11.977564,57.708298],[11.977664,57.708067]]}},{"type":"Feature","properties":{"mode":"bus","n":9,"arr":["20","101","173","503","510","513","X3","X4","X6"],"lines":"20, 101, 173, 503, 510, 513, X3, X4, X6"},"geometry":{"type":"LineString","coordinates":[[11.977227,57.708408],[11.977361,57.70828],[11.977497,57.707901]]}},{"type":"Feature","properties":{"mode":"bus","n":10,"arr":["20","69","101","173","503","510","513","X3","X4","X6"],"lines":"20, 69, 101, 173, 503, 510, 513, X3, X4, X6"},"geometry":{"type":"LineString","coordinates":[[11.977664,57.708067],[11.977804,57.707722],[11.9779,57.707598]]}},{"type":"Feature","properties":{"mode":"bus","n":10,"arr":["20","69","101","173","503","510","513","X3","X4","X6"],"lines":"20, 69, 101, 173, 503, 510, 513, X3, X4, X6"},"geometry":{"type":"LineString","coordinates":[[11.977497,57.707901],[11.977756,57.707246]]}},{"type":"Feature","properties":{"mode":"bus","n":11,"arr":["21","22","173","501","502","503","510","513","LERS","X1","X5"],"lines":"21, 22, 173, 501, 502, 503, 510, 513, LERS, X1, X5"},"geometry":{"type":"LineString","coordinates":[[12.006299,57.722637],[12.004923,57.72197],[12.003503,57.721142],[12.002619,57.720503],[12.001663,57.719862],[11.999811,57.718482],[11.999102,57.718055],[11.996184,57.716409],[11.993206,57.714835],[11.992644,57.714514],[11.992567,57.714445],[11.992548,57.714344]]}},{"type":"Feature","properties":{"mode":"bus","n":11,"arr":["21","22","173","501","502","503","510","513","LERS","X1","X5"],"lines":"21, 22, 173, 501, 502, 503, 510, 513, LERS, X1, X5"},"geometry":{"type":"LineString","coordinates":[[11.994541,57.715148],[11.994717,57.715306],[11.995685,57.715958],[11.99978,57.718284],[12.000656,57.718858],[12.001654,57.719679],[12.003404,57.720892],[12.004776,57.721732],[12.005456,57.722083],[12.006449,57.722495]]}},{"type":"Feature","properties":{"mode":"bus","n":12,"arr":["21","22","173","501","502","503","510","513","LERS","X1","X3","X5"],"lines":"21, 22, 173, 501, 502, 503, 510, 513, LERS, X1, X3, X5"},"geometry":{"type":"LineString","coordinates":[[11.992548,57.714344],[11.992022,57.714167],[11.991781,57.714031],[11.991473,57.713807],[11.99132,57.713619]]}},{"type":"Feature","properties":{"mode":"bus","n":8,"arr":["21","27","30","32","34","44","141","X76"],"lines":"21, 27, 30, 32, 34, 44, 141, X76"},"geometry":{"type":"LineString","coordinates":[[11.910124,57.715624],[11.910401,57.715616],[11.910439,57.715618],[11.910466,57.715629],[11.910484,57.715647],[11.91052,57.715708]]}},{"type":"Feature","properties":{"mode":"bus","n":5,"arr":["21","27","44","141","X76"],"lines":"21, 27, 44, 141, X76"},"geometry":{"type":"LineString","coordinates":[[11.909843,57.715858],[11.909919,57.715829],[11.910124,57.715624]]}},{"type":"Feature","properties":{"mode":"bus","n":5,"arr":["21","30","32","34","X76"],"lines":"21, 30, 32, 34, X76"},"geometry":{"type":"LineString","coordinates":[[11.909949,57.716232],[11.909889,57.715921],[11.909843,57.715858]]}},{"type":"Feature","properties":{"mode":"bus","n":7,"arr":["27","30","32","34","44","141","X76"],"lines":"27, 30, 32, 34, 44, 141, X76"},"geometry":{"type":"LineString","coordinates":[[11.91052,57.715708],[11.910636,57.715907]]}},{"type":"Feature","properties":{"mode":"bus","n":5,"arr":["21","141","X1","X4","X6"],"lines":"21, 141, X1, X4, X6"},"geometry":{"type":"LineString","coordinates":[[11.971439,57.708516],[11.972162,57.708396]]}},{"type":"Feature","properties":{"mode":"bus","n":6,"arr":["21","141","X1","X4","X5","X6"],"lines":"21, 141, X1, X4, X5, X6"},"geometry":{"type":"LineString","coordinates":[[11.972162,57.708396],[11.97232,57.708371]]}},{"type":"Feature","properties":{"mode":"bus","n":13,"arr":["21","22","40","43","173","501","502","503","510","513","LERS","X1","X5"],"lines":"21, 22, 40, 43, 173, 501, 502, 503, 510, 513, LERS, X1, X5"},"geometry":{"type":"LineString","coordinates":[[11.991437,57.713678],[11.991536,57.713806],[11.991893,57.714029],[11.992241,57.714146],[11.992505,57.714177],[11.992818,57.714177],[11.993684,57.714097],[11.993898,57.714113],[11.994078,57.714153],[11.994335,57.7143],[11.994434,57.714426],[11.994418,57.714909],[11.994541,57.715148]]}},{"type":"Feature","properties":{"mode":"bus","n":7,"arr":["22","501","502","503","LERS","X1","X5"],"lines":"22, 501, 502, 503, LERS, X1, X5"},"geometry":{"type":"LineString","coordinates":[[12.006449,57.722495],[12.007133,57.722706],[12.008115,57.722961],[12.010438,57.723357],[12.013075,57.723974]]}},{"type":"Feature","properties":{"mode":"bus","n":9,"arr":["22","501","502","503","513","515","LERS","X1","X5"],"lines":"22, 501, 502, 503, 513, 515, LERS, X1, X5"},"geometry":{"type":"LineString","coordinates":[[12.013075,57.723974],[12.01386,57.724131],[12.015669,57.724299],[12.016448,57.724327],[12.018222,57.724301]]}},{"type":"Feature","properties":{"mode":"bus","n":9,"arr":["22","501","502","503","513","515","LERS","X1","X5"],"lines":"22, 501, 502, 503, 513, 515, LERS, X1, X5"},"geometry":{"type":"LineString","coordinates":[[12.03073,57.72512],[12.032508,57.725476]]}},{"type":"Feature","properties":{"mode":"bus","n":9,"arr":["22","501","502","503","513","515","LERS","X1","X5"],"lines":"22, 501, 502, 503, 513, 515, LERS, X1, X5"},"geometry":{"type":"LineString","coordinates":[[12.032335,57.725552],[12.029507,57.725025]]}},{"type":"Feature","properties":{"mode":"bus","n":9,"arr":["22","501","502","503","513","515","LERS","X1","X5"],"lines":"22, 501, 502, 503, 513, 515, LERS, X1, X5"},"geometry":{"type":"LineString","coordinates":[[12.0188,57.724415],[12.016741,57.724497],[12.015347,57.724443],[12.014017,57.724312]]}},{"type":"Feature","properties":{"mode":"bus","n":5,"arr":["22","501","502","503","X1"],"lines":"22, 501, 502, 503, X1"},"geometry":{"type":"LineString","coordinates":[[12.018222,57.724301],[12.022107,57.724054],[12.023346,57.724028],[12.023943,57.724033],[12.024764,57.724075],[12.025879,57.724195],[12.026916,57.72436],[12.03073,57.72512]]}},{"type":"Feature","properties":{"mode":"bus","n":5,"arr":["22","501","502","503","X1"],"lines":"22, 501, 502, 503, X1"},"geometry":{"type":"LineString","coordinates":[[12.094976,57.735951],[12.095752,57.736066],[12.096157,57.73608],[12.096433,57.736018],[12.09705,57.735733]]}},{"type":"Feature","properties":{"mode":"bus","n":6,"arr":["22","501","502","503","LERS","X1"],"lines":"22, 501, 502, 503, LERS, X1"},"geometry":{"type":"LineString","coordinates":[[12.032508,57.725476],[12.03719,57.72643],[12.038072,57.726634],[12.041312,57.727548],[12.043574,57.728103]]}},{"type":"Feature","properties":{"mode":"bus","n":6,"arr":["22","501","502","503","LERS","X1"],"lines":"22, 501, 502, 503, LERS, X1"},"geometry":{"type":"LineString","coordinates":[[12.045072,57.728436],[12.051445,57.729832],[12.056321,57.730835],[12.057693,57.731095],[12.069827,57.733044],[12.071324,57.733262],[12.072778,57.73343],[12.074153,57.733557],[12.083707,57.73425],[12.086766,57.734584],[12.088902,57.734869],[12.090774,57.735165],[12.092117,57.735401],[12.094976,57.735951]]}},{"type":"Feature","properties":{"mode":"bus","n":6,"arr":["22","501","502","503","LERS","X1"],"lines":"22, 501, 502, 503, LERS, X1"},"geometry":{"type":"LineString","coordinates":[[12.094145,57.735921],[12.092036,57.735516],[12.089831,57.735134],[12.08748,57.734799],[12.085025,57.734512],[12.082089,57.73426],[12.07442,57.733709],[12.072844,57.733576],[12.071416,57.733417],[12.069857,57.733194],[12.063328,57.732146],[12.060155,57.731663],[12.056398,57.73102],[12.051457,57.730008],[12.044649,57.728493]]}},{"type":"Feature","properties":{"mode":"bus","n":7,"arr":["22","501","502","503","513","LERS","X1"],"lines":"22, 501, 502, 503, 513, LERS, X1"},"geometry":{"type":"LineString","coordinates":[[12.043574,57.728103],[12.045072,57.728436]]}},{"type":"Feature","properties":{"mode":"bus","n":7,"arr":["22","501","502","503","513","LERS","X1"],"lines":"22, 501, 502, 503, 513, LERS, X1"},"geometry":{"type":"LineString","coordinates":[[12.044649,57.728493],[12.042746,57.728082]]}},{"type":"Feature","properties":{"mode":"bus","n":8,"arr":["22","501","502","503","513","514","515","X1"],"lines":"22, 501, 502, 503, 513, 514, 515, X1"},"geometry":{"type":"LineString","coordinates":[[12.09705,57.735733],[12.09736,57.735804],[12.098899,57.73631],[12.100617,57.736646]]}},{"type":"Feature","properties":{"mode":"bus","n":7,"arr":["22","511","512","513","514","515","516"],"lines":"22, 511, 512, 513, 514, 515, 516"},"geometry":{"type":"LineString","coordinates":[[12.100753,57.736728],[12.100767,57.736766]]}},{"type":"Feature","properties":{"mode":"bus","n":11,"arr":["22","501","502","511","512","513","514","515","516","517","X1"],"lines":"22, 501, 502, 511, 512, 513, 514, 515, 516, 517, X1"},"geometry":{"type":"LineString","coordinates":[[12.100757,57.736873],[12.100767,57.736766]]}},{"type":"Feature","properties":{"mode":"bus","n":12,"arr":["22","501","502","503","511","512","513","514","515","516","517","X1"],"lines":"22, 501, 502, 503, 511, 512, 513, 514, 515, 516, 517, X1"},"geometry":{"type":"LineString","coordinates":[[12.099942,57.737856],[12.10007,57.737621],[12.100563,57.737126],[12.100757,57.736873]]}},{"type":"Feature","properties":{"mode":"bus","n":14,"arr":["22","74","501","502","510","511","512","513","514","515","516","517","519","X1"],"lines":"22, 74, 501, 502, 510, 511, 512, 513, 514, 515, 516, 517, 519, X1"},"geometry":{"type":"LineString","coordinates":[[12.103372,57.738886],[12.103091,57.738909],[12.102857,57.738879],[12.100474,57.738264],[12.100185,57.738083],[12.099962,57.737888]]}},{"type":"Feature","properties":{"mode":"bus","n":8,"arr":["22","511","512","513","514","515","516","517"],"lines":"22, 511, 512, 513, 514, 515, 516, 517"},"geometry":{"type":"LineString","coordinates":[[12.100473,57.736956],[12.099993,57.737538],[12.0998,57.737678],[12.099599,57.737745]]}},{"type":"Feature","properties":{"mode":"bus","n":10,"arr":["22","529","530","531","534","535","536","537","538","539"],"lines":"22, 529, 530, 531, 534, 535, 536, 537, 538, 539"},"geometry":{"type":"LineString","coordinates":[[12.269105,57.76887],[12.271558,57.769688],[12.271584,57.769694],[12.271607,57.769694],[12.271625,57.769687],[12.271639,57.769673],[12.271771,57.76949],[12.27177,57.769435],[12.271731,57.769393],[12.271714,57.76938],[12.271691,57.769374],[12.271663,57.769372],[12.271356,57.769388],[12.271303,57.769402],[12.271275,57.769406],[12.271248,57.769401],[12.270937,57.769302]]}},{"type":"Feature","properties":{"mode":"bus","n":10,"arr":["22","529","530","531","534","535","536","537","538","539"],"lines":"22, 529, 530, 531, 534, 535, 536, 537, 538, 539"},"geometry":{"type":"LineString","coordinates":[[12.27074,57.769261],[12.270548,57.769347]]}},{"type":"Feature","properties":{"mode":"bus","n":9,"arr":["22","529","530","531","534","535","536","537","539"],"lines":"22, 529, 530, 531, 534, 535, 536, 537, 539"},"geometry":{"type":"LineString","coordinates":[[12.270807,57.769264],[12.27074,57.769261]]}},{"type":"Feature","properties":{"mode":"bus","n":9,"arr":["22","529","530","531","534","535","536","538","539"],"lines":"22, 529, 530, 531, 534, 535, 536, 538, 539"},"geometry":{"type":"LineString","coordinates":[[12.270937,57.769302],[12.270807,57.769264]]}},{"type":"Feature","properties":{"mode":"bus","n":13,"arr":["22","501","502","503","510","511","512","513","514","515","516","517","519"],"lines":"22, 501, 502, 503, 510, 511, 512, 513, 514, 515, 516, 517, 519"},"geometry":{"type":"LineString","coordinates":[[12.099278,57.737914],[12.099044,57.737721],[12.099,57.737666],[12.098991,57.737558]]}},{"type":"Feature","properties":{"mode":"bus","n":6,"arr":["22","501","502","503","513","LERS"],"lines":"22, 501, 502, 503, 513, LERS"},"geometry":{"type":"LineString","coordinates":[[12.042746,57.728082],[12.040864,57.727684],[12.037998,57.726947],[12.037848,57.726877]]}},{"type":"Feature","properties":{"mode":"bus","n":8,"arr":["22","501","502","503","513","515","LERS","X5"],"lines":"22, 501, 502, 503, 513, 515, LERS, X5"},"geometry":{"type":"LineString","coordinates":[[12.037848,57.726877],[12.035355,57.726295],[12.03467,57.726105],[12.032335,57.725552]]}},{"type":"Feature","properties":{"mode":"bus","n":7,"arr":["22","173","503","510","513","LERS","X3"],"lines":"22, 173, 503, 510, 513, LERS, X3"},"geometry":{"type":"LineString","coordinates":[[11.977207,57.70905],[11.977154,57.708921],[11.977149,57.708708]]}},{"type":"Feature","properties":{"mode":"bus","n":6,"arr":["25","753","758","759","760","X90"],"lines":"25, 753, 758, 759, 760, X90"},"geometry":{"type":"LineString","coordinates":[[12.018423,57.650261],[12.018378,57.650161],[12.018284,57.650084],[12.017844,57.649927],[12.017703,57.649841],[12.017606,57.649741],[12.017436,57.648621],[12.017376,57.648549],[12.017425,57.648419],[12.017371,57.648179],[12.017469,57.648012]]}},{"type":"Feature","properties":{"mode":"bus","n":5,"arr":["25","63","64","258","757"],"lines":"25, 63, 64, 258, 757"},"geometry":{"type":"LineString","coordinates":[[11.963117,57.684225],[11.962908,57.684091],[11.962675,57.684003],[11.961993,57.683853],[11.961318,57.683758],[11.960325,57.683673],[11.957656,57.683949],[11.957238,57.684011],[11.956927,57.684131],[11.955014,57.68521],[11.954618,57.685874],[11.954608,57.686056],[11.954597,57.68608],[11.954565,57.686098],[11.954487,57.686126],[11.954293,57.686267],[11.95396,57.686383],[11.952949,57.686615],[11.952683,57.686712],[11.952446,57.686872],[11.952304,57.687151]]}},{"type":"Feature","properties":{"mode":"bus","n":5,"arr":["25","63","64","258","757"],"lines":"25, 63, 64, 258, 757"},"geometry":{"type":"LineString","coordinates":[[11.954556,57.685575],[11.95482,57.685235],[11.955063,57.685049],[11.956093,57.684509],[11.956939,57.684004],[11.957288,57.683876],[11.957621,57.683826],[11.958279,57.683804],[11.959145,57.683725],[11.959911,57.683634],[11.960595,57.683501],[11.960886,57.683488],[11.96117,57.683521],[11.962265,57.683761]]}},{"type":"Feature","properties":{"mode":"bus","n":5,"arr":["25","63","757","X2","X3"],"lines":"25, 63, 757, X2, X3"},"geometry":{"type":"LineString","coordinates":[[11.952393,57.687973],[11.952512,57.688431],[11.952451,57.688572],[11.952609,57.689018]]}},{"type":"Feature","properties":{"mode":"bus","n":5,"arr":["25","60","61","258","X3"],"lines":"25, 60, 61, 258, X3"},"geometry":{"type":"LineString","coordinates":[[11.967805,57.700924],[11.967773,57.700916],[11.967766,57.700913],[11.967763,57.70091],[11.967764,57.700907],[11.967769,57.700904],[11.968293,57.700635],[11.968657,57.700362]]}},{"type":"Feature","properties":{"mode":"bus","n":9,"arr":["25","44","99","128","131","141","142","X76","X77"],"lines":"25, 44, 99, 128, 131, 141, 142, X76, X77"},"geometry":{"type":"LineString","coordinates":[[11.945088,57.720754],[11.945886,57.720752]]}},{"type":"Feature","properties":{"mode":"bus","n":8,"arr":["25","44","128","131","141","142","X76","X77"],"lines":"25, 44, 128, 131, 141, 142, X76, X77"},"geometry":{"type":"LineString","coordinates":[[11.934532,57.7208],[11.935023,57.720904],[11.935442,57.720915],[11.943737,57.720745],[11.945088,57.720754]]}},{"type":"Feature","properties":{"mode":"bus","n":5,"arr":["25","35","37","44","X76"],"lines":"25, 35, 37, 44, X76"},"geometry":{"type":"LineString","coordinates":[[11.934333,57.720747],[11.934258,57.720221]]}},{"type":"Feature","properties":{"mode":"bus","n":6,"arr":["25","44","128","131","141","X77"],"lines":"25, 44, 128, 131, 141, X77"},"geometry":{"type":"LineString","coordinates":[[11.934258,57.720221],[11.935202,57.720293]]}},{"type":"Feature","properties":{"mode":"bus","n":7,"arr":["25","44","128","131","141","X76","X77"],"lines":"25, 44, 128, 131, 141, X76, X77"},"geometry":{"type":"LineString","coordinates":[[11.935202,57.720293],[11.93696,57.720618],[11.938091,57.720707],[11.941644,57.720634],[11.942782,57.720555],[11.944026,57.720433]]}},{"type":"Feature","properties":{"mode":"bus","n":6,"arr":["25","44","131","141","X76","X77"],"lines":"25, 44, 131, 141, X76, X77"},"geometry":{"type":"LineString","coordinates":[[11.944026,57.720433],[11.944199,57.720353],[11.94466,57.720292],[11.944845,57.720309],[11.944965,57.720363]]}},{"type":"Feature","properties":{"mode":"bus","n":13,"arr":["27","127","139","142","148","159","178","185","190","X1","X6","X77","X90"],"lines":"27, 127, 139, 142, 148, 159, 178, 185, 190, X1, X6, X77, X90"},"geometry":{"type":"LineString","coordinates":[[11.843476,57.714178],[11.844115,57.71396]]}},{"type":"Feature","properties":{"mode":"bus","n":16,"arr":["27","127","139","142","145","148","159","178","179","180","185","190","X1","X6","X77","X90"],"lines":"27, 127, 139, 142, 145, 148, 159, 178, 179, 180, 185, 190, X1, X6, X77, X90"},"geometry":{"type":"LineString","coordinates":[[11.84813,57.722539],[11.848086,57.722336],[11.848091,57.720533],[11.848032,57.719996],[11.848022,57.719976],[11.847999,57.719964],[11.847961,57.719961],[11.847312,57.719966],[11.84705,57.719923],[11.846876,57.719833],[11.846288,57.719416],[11.845858,57.719202],[11.845268,57.718982],[11.84471,57.718848],[11.843998,57.718776],[11.843187,57.71876],[11.841257,57.718771],[11.841198,57.718763],[11.841153,57.718741],[11.840871,57.718507],[11.84085,57.718419],[11.840938,57.718055],[11.84094,57.717753],[11.841006,57.717536],[11.84099,57.716828]]}},{"type":"Feature","properties":{"mode":"bus","n":11,"arr":["27","127","139","148","178","180","190","X1","X6","X77","X90"],"lines":"27, 127, 139, 148, 178, 180, 190, X1, X6, X77, X90"},"geometry":{"type":"LineString","coordinates":[[11.849113,57.723214],[11.848692,57.723039],[11.848459,57.722902],[11.848333,57.722795],[11.84813,57.722539]]}},{"type":"Feature","properties":{"mode":"bus","n":13,"arr":["27","127","139","145","148","159","178","180","190","X1","X6","X77","X90"],"lines":"27, 127, 139, 145, 148, 159, 178, 180, 190, X1, X6, X77, X90"},"geometry":{"type":"LineString","coordinates":[[11.849712,57.723376],[11.849113,57.723214]]}},{"type":"Feature","properties":{"mode":"bus","n":11,"arr":["27","127","145","148","178","180","190","X1","X6","X77","X90"],"lines":"27, 127, 145, 148, 178, 180, 190, X1, X6, X77, X90"},"geometry":{"type":"LineString","coordinates":[[11.85526,57.724276],[11.85483,57.724415],[11.854139,57.724563],[11.853532,57.72459],[11.853038,57.72455],[11.852797,57.724514],[11.852339,57.724384],[11.851481,57.72404],[11.85098,57.723757]]}},{"type":"Feature","properties":{"mode":"bus","n":8,"arr":["27","127","148","180","X1","X6","X77","X90"],"lines":"27, 127, 148, 180, X1, X6, X77, X90"},"geometry":{"type":"LineString","coordinates":[[11.866206,57.727936],[11.864818,57.728676],[11.86467,57.728716],[11.861636,57.728738],[11.86138,57.728721],[11.859959,57.727974],[11.859808,57.727931],[11.859579,57.727932],[11.859538,57.727928],[11.859505,57.727918],[11.859479,57.727901],[11.857178,57.725737],[11.856838,57.72549],[11.855949,57.724736],[11.85526,57.724276]]}},{"type":"Feature","properties":{"mode":"bus","n":7,"arr":["27","127","148","180","X1","X6","X90"],"lines":"27, 127, 148, 180, X1, X6, X90"},"geometry":{"type":"LineString","coordinates":[[11.867718,57.727116],[11.866206,57.727936]]}},{"type":"Feature","properties":{"mode":"bus","n":8,"arr":["27","127","178","180","190","X1","X6","X90"],"lines":"27, 127, 178, 180, 190, X1, X6, X90"},"geometry":{"type":"LineString","coordinates":[[11.867718,57.727116],[11.868525,57.726608],[11.868603,57.726476],[11.868601,57.726183],[11.867693,57.725018],[11.866686,57.723848],[11.865173,57.722179],[11.864934,57.722036],[11.86446,57.721878],[11.864006,57.721767],[11.863656,57.721717],[11.863069,57.721737],[11.862476,57.721863]]}},{"type":"Feature","properties":{"mode":"bus","n":6,"arr":["27","178","190","X1","X6","X90"],"lines":"27, 178, 190, X1, X6, X90"},"geometry":{"type":"LineString","coordinates":[[11.862476,57.721863],[11.86201,57.722038],[11.861581,57.722292],[11.861405,57.722335],[11.861168,57.722319],[11.860898,57.722162]]}},{"type":"Feature","properties":{"mode":"bus","n":5,"arr":["27","145","X1","X6","X90"],"lines":"27, 145, X1, X6, X90"},"geometry":{"type":"LineString","coordinates":[[11.860978,57.721995],[11.862437,57.721653],[11.863284,57.721294],[11.863531,57.721166],[11.863763,57.720974],[11.863883,57.720821],[11.863927,57.72062],[11.86382,57.720336],[11.8635,57.719862],[11.863529,57.719795],[11.862892,57.719032],[11.861535,57.717177],[11.861328,57.716844],[11.861003,57.716158],[11.860879,57.715479],[11.860913,57.715172],[11.861073,57.714571],[11.861281,57.714171],[11.861533,57.713841],[11.861842,57.713518],[11.862244,57.713172],[11.863174,57.71254],[11.866787,57.710702],[11.869312,57.709475]]}},{"type":"Feature","properties":{"mode":"bus","n":6,"arr":["27","128","131","141","199","X77"],"lines":"27, 128, 131, 141, 199, X77"},"geometry":{"type":"LineString","coordinates":[[11.897238,57.713076],[11.899451,57.713409],[11.903624,57.713987],[11.904593,57.714185],[11.905296,57.714394],[11.905963,57.714654],[11.906406,57.714874],[11.907383,57.715452],[11.907983,57.715741],[11.908688,57.716015],[11.909317,57.716187]]}},{"type":"Feature","properties":{"mode":"bus","n":8,"arr":["27","44","128","131","141","199","X76","X77"],"lines":"27, 44, 128, 131, 141, 199, X76, X77"},"geometry":{"type":"LineString","coordinates":[[11.909317,57.716187],[11.909765,57.716283],[11.910379,57.716521]]}},{"type":"Feature","properties":{"mode":"bus","n":5,"arr":["27","34","44","141","X76"],"lines":"27, 34, 44, 141, X76"},"geometry":{"type":"LineString","coordinates":[[11.910636,57.715907],[11.910964,57.716463]]}},{"type":"Feature","properties":{"mode":"bus","n":8,"arr":["27","128","131","141","142","199","X76","X77"],"lines":"27, 128, 131, 141, 142, 199, X76, X77"},"geometry":{"type":"LineString","coordinates":[[11.909014,57.71656],[11.909214,57.716646]]}},{"type":"Feature","properties":{"mode":"bus","n":7,"arr":["27","128","131","141","142","199","X77"],"lines":"27, 128, 131, 141, 142, 199, X77"},"geometry":{"type":"LineString","coordinates":[[11.909014,57.71656],[11.908531,57.716301],[11.906208,57.714888],[11.905456,57.714553],[11.90472,57.714313],[11.903977,57.714139],[11.903386,57.71404],[11.897336,57.713203],[11.896944,57.713152],[11.896723,57.713147]]}},{"type":"Feature","properties":{"mode":"bus","n":9,"arr":["27","127","145","148","178","180","X6","X77","X90"],"lines":"27, 127, 145, 148, 178, 180, X6, X77, X90"},"geometry":{"type":"LineString","coordinates":[[11.850798,57.723905],[11.851217,57.724021],[11.852213,57.724463],[11.852717,57.724595],[11.853266,57.724672],[11.853815,57.724677],[11.85418,57.72465],[11.85452,57.724599],[11.855389,57.724372]]}},{"type":"Feature","properties":{"mode":"bus","n":12,"arr":["27","127","139","145","148","159","178","180","190","X6","X77","X90"],"lines":"27, 127, 139, 145, 148, 159, 178, 180, 190, X6, X77, X90"},"geometry":{"type":"LineString","coordinates":[[11.848986,57.723319],[11.850018,57.723546]]}},{"type":"Feature","properties":{"mode":"bus","n":10,"arr":["27","127","139","148","178","180","190","X6","X77","X90"],"lines":"27, 127, 139, 148, 178, 180, 190, X6, X77, X90"},"geometry":{"type":"LineString","coordinates":[[11.847843,57.722546],[11.847942,57.722721],[11.848227,57.72302],[11.84856,57.723168],[11.848914,57.723269],[11.848986,57.723319]]}},{"type":"Feature","properties":{"mode":"bus","n":15,"arr":["27","127","139","142","145","148","159","178","179","180","185","190","X6","X77","X90"],"lines":"27, 127, 139, 142, 145, 148, 159, 178, 179, 180, 185, 190, X6, X77, X90"},"geometry":{"type":"LineString","coordinates":[[11.847843,57.722546],[11.847858,57.720404],[11.847826,57.719968]]}},{"type":"Feature","properties":{"mode":"bus","n":11,"arr":["27","127","139","142","148","159","178","180","185","190","X77"],"lines":"27, 127, 139, 142, 148, 159, 178, 180, 185, 190, X77"},"geometry":{"type":"LineString","coordinates":[[11.841778,57.712335],[11.840499,57.711752],[11.839751,57.711359]]}},{"type":"Feature","properties":{"mode":"bus","n":9,"arr":["32","127","148","159","178","180","185","190","X77"],"lines":"32, 127, 148, 159, 178, 180, 185, 190, X77"},"geometry":{"type":"LineString","coordinates":[[11.839751,57.711359],[11.839284,57.711015]]}},{"type":"Feature","properties":{"mode":"bus","n":5,"arr":["29","59","129","FLYG","X40"],"lines":"29, 59, 129, FLYG, X40"},"geometry":{"type":"LineString","coordinates":[[11.97174,57.709786],[11.971769,57.709721]]}},{"type":"Feature","properties":{"mode":"bus","n":6,"arr":["29","59","128","129","FLYG","X40"],"lines":"29, 59, 128, 129, FLYG, X40"},"geometry":{"type":"LineString","coordinates":[[11.971705,57.709855],[11.97174,57.709786]]}},{"type":"Feature","properties":{"mode":"bus","n":7,"arr":["29","59","128","129","290","FLYG","X40"],"lines":"29, 59, 128, 129, 290, FLYG, X40"},"geometry":{"type":"LineString","coordinates":[[11.971569,57.710081],[11.971705,57.709855]]}},{"type":"Feature","properties":{"mode":"bus","n":8,"arr":["29","59","128","129","290","FLYG","KV21","X40"],"lines":"29, 59, 128, 129, 290, FLYG, 21, X40"},"geometry":{"type":"LineString","coordinates":[[11.971191,57.710044],[11.971282,57.710259],[11.97133,57.710293],[11.971395,57.710302],[11.971416,57.710303],[11.971431,57.710298],[11.971441,57.710289],[11.971569,57.710081]]}},{"type":"Feature","properties":{"mode":"bus","n":8,"arr":["29","59","128","129","290","FLYG","KV21","X40"],"lines":"29, 59, 128, 129, 290, FLYG, 21, X40"},"geometry":{"type":"LineString","coordinates":[[11.971618,57.710411],[11.97143,57.710307]]}},{"type":"Feature","properties":{"mode":"bus","n":9,"arr":["29","59","128","129","290","291","FLYG","KV21","X40"],"lines":"29, 59, 128, 129, 290, 291, FLYG, 21, X40"},"geometry":{"type":"LineString","coordinates":[[11.970941,57.710045],[11.971191,57.710044]]}},{"type":"Feature","properties":{"mode":"bus","n":5,"arr":["29","129","290","291","KV21"],"lines":"29, 129, 290, 291, 21"},"geometry":{"type":"LineString","coordinates":[[11.969793,57.711017],[11.969898,57.710781],[11.969909,57.710767],[11.969926,57.710758],[11.969948,57.710756],[11.969976,57.71076],[11.970276,57.710826],[11.970355,57.710864],[11.970375,57.710871],[11.970391,57.710872],[11.970404,57.710866],[11.970413,57.710855],[11.970485,57.710716],[11.970823,57.71032],[11.970822,57.710097],[11.970827,57.710083],[11.970841,57.710071],[11.970864,57.710063],[11.970941,57.710045]]}},{"type":"Feature","properties":{"mode":"bus","n":10,"arr":["29","59","128","129","290","KV21","X2","X5","X6","X40"],"lines":"29, 59, 128, 129, 290, 21, X2, X5, X6, X40"},"geometry":{"type":"LineString","coordinates":[[11.96968,57.711534],[11.970328,57.711767]]}},{"type":"Feature","properties":{"mode":"bus","n":7,"arr":["29","59","128","129","KV21","X2","X40"],"lines":"29, 59, 128, 129, 21, X2, X40"},"geometry":{"type":"LineString","coordinates":[[11.970328,57.711767],[11.97128,57.712078],[11.971596,57.712148]]}},{"type":"Feature","properties":{"mode":"bus","n":12,"arr":["30","83","86","89","90","91","94","95","97","99","751","X5"],"lines":"30, 83, 86, 89, 90, 91, 94, 95, 97, 99, 751, X5"},"geometry":{"type":"LineString","coordinates":[[11.90999,57.652168],[11.909836,57.652172]]}},{"type":"Feature","properties":{"mode":"bus","n":14,"arr":["30","83","86","89","90","91","92","93","94","95","97","99","751","X5"],"lines":"30, 83, 86, 89, 90, 91, 92, 93, 94, 95, 97, 99, 751, X5"},"geometry":{"type":"LineString","coordinates":[[11.91014,57.652165],[11.90999,57.652168]]}},{"type":"Feature","properties":{"mode":"bus","n":16,"arr":["30","83","86","89","90","91","92","93","94","95","97","99","199","751","X5","X90"],"lines":"30, 83, 86, 89, 90, 91, 92, 93, 94, 95, 97, 99, 199, 751, X5, X90"},"geometry":{"type":"LineString","coordinates":[[11.910355,57.652158],[11.91014,57.652165]]}},{"type":"Feature","properties":{"mode":"bus","n":17,"arr":["30","83","86","89","90","91","92","93","94","95","97","99","185","199","751","X5","X90"],"lines":"30, 83, 86, 89, 90, 91, 92, 93, 94, 95, 97, 99, 185, 199, 751, X5, X90"},"geometry":{"type":"LineString","coordinates":[[11.907563,57.651639],[11.908319,57.651827],[11.909432,57.651814],[11.910223,57.651833],[11.91034,57.65186],[11.910501,57.651937],[11.910565,57.65201],[11.910515,57.652092],[11.91049,57.652116],[11.910448,57.652133],[11.910355,57.652158]]}},{"type":"Feature","properties":{"mode":"bus","n":12,"arr":["30","83","90","91","92","93","94","95","97","185","751","X5"],"lines":"30, 83, 90, 91, 92, 93, 94, 95, 97, 185, 751, X5"},"geometry":{"type":"LineString","coordinates":[[11.907511,57.651599],[11.907563,57.651639]]}},{"type":"Feature","properties":{"mode":"bus","n":16,"arr":["30","83","86","89","90","91","92","93","94","95","97","185","199","751","X5","X90"],"lines":"30, 83, 86, 89, 90, 91, 92, 93, 94, 95, 97, 185, 199, 751, X5, X90"},"geometry":{"type":"LineString","coordinates":[[11.907493,57.651571],[11.907511,57.651599]]}},{"type":"Feature","properties":{"mode":"bus","n":9,"arr":["83","86","89","92","93","95","185","199","751"],"lines":"83, 86, 89, 92, 93, 95, 185, 199, 751"},"geometry":{"type":"LineString","coordinates":[[11.907828,57.651315],[11.907558,57.651436],[11.907518,57.651462],[11.907502,57.651495],[11.907493,57.651571]]}},{"type":"Feature","properties":{"mode":"bus","n":6,"arr":["30","90","91","94","97","X5"],"lines":"30, 90, 91, 94, 97, X5"},"geometry":{"type":"LineString","coordinates":[[11.907434,57.651597],[11.907493,57.651571]]}},{"type":"Feature","properties":{"mode":"bus","n":10,"arr":["30","86","89","90","91","94","99","199","X5","X90"],"lines":"30, 86, 89, 90, 91, 94, 99, 199, X5, X90"},"geometry":{"type":"LineString","coordinates":[[11.907282,57.651593],[11.907434,57.651597]]}},{"type":"Feature","properties":{"mode":"bus","n":10,"arr":["30","86","89","90","94","99","193","199","X5","X90"],"lines":"30, 86, 89, 90, 94, 99, 193, 199, X5, X90"},"geometry":{"type":"LineString","coordinates":[[11.905336,57.652599],[11.905527,57.652396],[11.905921,57.652164]]}},{"type":"Feature","properties":{"mode":"bus","n":8,"arr":["30","99","193","194","196","199","X5","X90"],"lines":"30, 99, 193, 194, 196, 199, X5, X90"},"geometry":{"type":"LineString","coordinates":[[11.904869,57.652888],[11.903996,57.653144],[11.90305,57.653488],[11.900557,57.65469],[11.898599,57.655966],[11.897607,57.656649],[11.895955,57.657865],[11.8945,57.659042]]}},{"type":"Feature","properties":{"mode":"bus","n":7,"arr":["30","91","114","290","X2","X5","X6"],"lines":"30, 91, 114, 290, X2, X5, X6"},"geometry":{"type":"LineString","coordinates":[[11.911473,57.690341],[11.909139,57.688865]]}},{"type":"Feature","properties":{"mode":"bus","n":5,"arr":["30","91","290","X2","X6"],"lines":"30, 91, 290, X2, X6"},"geometry":{"type":"LineString","coordinates":[[11.909139,57.688865],[11.908762,57.688645],[11.907026,57.687436],[11.906516,57.687216],[11.906036,57.687117],[11.905675,57.687092],[11.903485,57.687213],[11.902755,57.687192],[11.902211,57.687125],[11.901835,57.687046],[11.901491,57.686946],[11.901025,57.686754],[11.900666,57.686535],[11.900438,57.686306],[11.900314,57.686009],[11.900324,57.685796],[11.90042,57.685581],[11.900637,57.685352],[11.900949,57.685167],[11.901381,57.685005]]}},{"type":"Feature","properties":{"mode":"bus","n":11,"arr":["30","91","114","193","194","196","197","290","291","X5","X6"],"lines":"30, 91, 114, 193, 194, 196, 197, 290, 291, X5, X6"},"geometry":{"type":"LineString","coordinates":[[11.909484,57.688879],[11.911111,57.689955]]}},{"type":"Feature","properties":{"mode":"bus","n":5,"arr":["30","99","199","X5","X90"],"lines":"30, 99, 199, X5, X90"},"geometry":{"type":"LineString","coordinates":[[11.894726,57.658653],[11.897484,57.656603],[11.898481,57.655915],[11.900583,57.654548],[11.900911,57.654233],[11.903828,57.652419]]}},{"type":"Feature","properties":{"mode":"bus","n":7,"arr":["30","90","94","99","199","X5","X90"],"lines":"30, 90, 94, 99, 199, X5, X90"},"geometry":{"type":"LineString","coordinates":[[11.905557,57.652904],[11.905312,57.652653]]}},{"type":"Feature","properties":{"mode":"bus","n":14,"arr":["83","86","89","90","91","92","93","97","99","185","199","751","X5","X90"],"lines":"83, 86, 89, 90, 91, 92, 93, 97, 99, 185, 199, 751, X5, X90"},"geometry":{"type":"LineString","coordinates":[[11.907511,57.651599],[11.907605,57.651596],[11.907652,57.651599],[11.90769,57.651614],[11.907848,57.651708]]}},{"type":"Feature","properties":{"mode":"bus","n":5,"arr":["32","178","X1","X6","X90"],"lines":"32, 178, X1, X6, X90"},"geometry":{"type":"LineString","coordinates":[[11.841784,57.712199],[11.840235,57.711488],[11.839818,57.711266],[11.839265,57.7109]]}},{"type":"Feature","properties":{"mode":"bus","n":13,"arr":["32","127","142","148","159","178","180","185","190","X1","X6","X77","X90"],"lines":"32, 127, 142, 148, 159, 178, 180, 185, 190, X1, X6, X77, X90"},"geometry":{"type":"LineString","coordinates":[[11.842652,57.712634],[11.841784,57.712199]]}},{"type":"Feature","properties":{"mode":"bus","n":7,"arr":["34","131","290","291","X1","X6","X90"],"lines":"34, 131, 290, 291, X1, X6, X90"},"geometry":{"type":"LineString","coordinates":[[11.795153,57.716594],[11.795958,57.716661],[11.796896,57.716647],[11.800769,57.716241],[11.801708,57.716184],[11.802585,57.71618],[11.803813,57.716254],[11.804969,57.716409],[11.805804,57.716579],[11.812568,57.718215],[11.813267,57.718319],[11.813752,57.718354],[11.814506,57.718362],[11.814984,57.718341]]}},{"type":"Feature","properties":{"mode":"bus","n":7,"arr":["34","131","290","291","X1","X6","X90"],"lines":"34, 131, 290, 291, X1, X6, X90"},"geometry":{"type":"LineString","coordinates":[[11.822378,57.717145],[11.825154,57.716227],[11.826502,57.71585],[11.827295,57.715671],[11.827985,57.715556],[11.833108,57.714868],[11.834424,57.71464],[11.835568,57.714402],[11.836676,57.714106],[11.837317,57.713883],[11.837815,57.713677]]}},{"type":"Feature","properties":{"mode":"bus","n":11,"arr":["34","127","131","148","159","180","185","190","290","291","X77"],"lines":"34, 127, 131, 148, 159, 180, 185, 190, 290, 291, X77"},"geometry":{"type":"LineString","coordinates":[[11.840568,57.711955],[11.842976,57.710412],[11.843621,57.710117],[11.845927,57.708334],[11.846814,57.707738],[11.84842,57.706841],[11.849402,57.706381],[11.850093,57.706097],[11.852312,57.705343],[11.854307,57.704621]]}},{"type":"Feature","properties":{"mode":"bus","n":11,"arr":["34","127","131","159","180","184","185","190","290","291","X77"],"lines":"34, 127, 131, 159, 180, 184, 185, 190, 290, 291, X77"},"geometry":{"type":"LineString","coordinates":[[11.864461,57.703843],[11.868828,57.70439],[11.87143,57.704612],[11.874006,57.704687],[11.877088,57.704648]]}},{"type":"Feature","properties":{"mode":"bus","n":14,"arr":["34","127","131","159","180","184","185","190","290","291","X1","X6","X77","X90"],"lines":"34, 127, 131, 159, 180, 184, 185, 190, 290, 291, X1, X6, X77, X90"},"geometry":{"type":"LineString","coordinates":[[11.877088,57.704648],[11.878578,57.704541],[11.881579,57.704212],[11.882527,57.704147],[11.883342,57.704129]]}},{"type":"Feature","properties":{"mode":"bus","n":6,"arr":["34","127","131","159","X1","X77"],"lines":"34, 127, 131, 159, X1, X77"},"geometry":{"type":"LineString","coordinates":[[11.883342,57.704129],[11.883578,57.704098],[11.885579,57.704093],[11.886499,57.704123],[11.886898,57.704177],[11.887274,57.704286],[11.888513,57.704723],[11.889381,57.705156],[11.889801,57.705421]]}},{"type":"Feature","properties":{"mode":"bus","n":5,"arr":["34","128","131","199","X77"],"lines":"34, 128, 131, 199, X77"},"geometry":{"type":"LineString","coordinates":[[11.890835,57.705978],[11.89113,57.706081],[11.891519,57.706309],[11.891626,57.706446],[11.891706,57.706669],[11.8917,57.706864],[11.891534,57.707135],[11.891323,57.707319],[11.890915,57.707601]]}},{"type":"Feature","properties":{"mode":"bus","n":6,"arr":["34","128","131","142","199","X77"],"lines":"34, 128, 131, 142, 199, X77"},"geometry":{"type":"LineString","coordinates":[[11.890491,57.707884],[11.889773,57.707472],[11.889631,57.707337],[11.889582,57.707122],[11.889679,57.70681],[11.889684,57.706646],[11.889628,57.706476],[11.88948,57.706275]]}},{"type":"Feature","properties":{"mode":"bus","n":7,"arr":["34","127","131","142","159","X1","X77"],"lines":"34, 127, 131, 142, 159, X1, X77"},"geometry":{"type":"LineString","coordinates":[[11.886515,57.70459],[11.885254,57.704397],[11.883572,57.704278]]}},{"type":"Feature","properties":{"mode":"bus","n":14,"arr":["34","127","131","142","159","180","184","185","190","290","X1","X6","X77","X90"],"lines":"34, 127, 131, 142, 159, 180, 184, 185, 190, 290, X1, X6, X77, X90"},"geometry":{"type":"LineString","coordinates":[[11.883572,57.704278],[11.882166,57.70437],[11.881661,57.704423],[11.880075,57.704682]]}},{"type":"Feature","properties":{"mode":"bus","n":12,"arr":["34","127","131","142","159","180","184","185","190","290","X1","X77"],"lines":"34, 127, 131, 142, 159, 180, 184, 185, 190, 290, X1, X77"},"geometry":{"type":"LineString","coordinates":[[11.880075,57.704682],[11.879792,57.704785],[11.878118,57.70524],[11.877242,57.705452],[11.876474,57.705573],[11.875931,57.705628],[11.875388,57.705658],[11.874483,57.705656],[11.873347,57.705557],[11.872427,57.705404],[11.872082,57.705326],[11.870493,57.704876],[11.869841,57.704721],[11.868661,57.704505],[11.864938,57.70402]]}},{"type":"Feature","properties":{"mode":"bus","n":12,"arr":["34","127","131","142","148","159","180","185","190","290","X1","X77"],"lines":"34, 127, 131, 142, 148, 159, 180, 185, 190, 290, X1, X77"},"geometry":{"type":"LineString","coordinates":[[11.85515,57.704506],[11.8541,57.704857],[11.849062,57.706675],[11.848057,57.707156],[11.847033,57.707769],[11.846466,57.70815],[11.844687,57.709451]]}},{"type":"Feature","properties":{"mode":"bus","n":6,"arr":["37","40","46","X2","X76","X77"],"lines":"37, 40, 46, X2, X76, X77"},"geometry":{"type":"LineString","coordinates":[[11.991663,57.800558],[11.991598,57.800432],[11.991583,57.800187],[11.991716,57.799916],[11.991843,57.799803]]}},{"type":"Feature","properties":{"mode":"bus","n":9,"arr":["37","40","46","148","178","179","X2","X76","X77"],"lines":"37, 40, 46, 148, 178, 179, X2, X76, X77"},"geometry":{"type":"LineString","coordinates":[[11.992618,57.800293],[11.991598,57.800432]]}},{"type":"Feature","properties":{"mode":"bus","n":7,"arr":["40","43","501","502","503","513","X1"],"lines":"40, 43, 501, 502, 503, 513, X1"},"geometry":{"type":"LineString","coordinates":[[11.991437,57.713678],[11.991194,57.713371]]}},{"type":"Feature","properties":{"mode":"bus","n":6,"arr":["40","43","X2","X4","X76","X77"],"lines":"40, 43, X2, X4, X76, X77"},"geometry":{"type":"LineString","coordinates":[[11.982857,57.728924],[11.983311,57.729648],[11.983789,57.730836]]}},{"type":"Feature","properties":{"mode":"bus","n":6,"arr":["40","148","178","179","X76","X77"],"lines":"40, 148, 178, 179, X76, X77"},"geometry":{"type":"LineString","coordinates":[[12.002666,57.799703],[12.000317,57.799706],[11.997624,57.799809],[11.995307,57.799982],[11.994067,57.800109],[11.992618,57.800293]]}},{"type":"Feature","properties":{"mode":"bus","n":6,"arr":["40","148","178","179","X76","X77"],"lines":"40, 148, 178, 179, X76, X77"},"geometry":{"type":"LineString","coordinates":[[12.03011,57.797885],[12.026311,57.798726],[12.024149,57.799161],[12.022651,57.799393],[12.021486,57.799519],[12.020131,57.799592],[12.019052,57.799612],[12.002666,57.799703],[11.99772,57.799897],[11.996204,57.799996],[11.99407,57.800197],[11.991663,57.800558]]}},{"type":"Feature","properties":{"mode":"bus","n":6,"arr":["40","148","178","179","X76","X77"],"lines":"40, 148, 178, 179, X76, X77"},"geometry":{"type":"LineString","coordinates":[[12.030866,57.797815],[12.030319,57.797887],[12.030154,57.797885],[12.030139,57.797885],[12.03013,57.797882],[12.030126,57.797878],[12.030129,57.797873],[12.030136,57.797866],[12.030185,57.797831],[12.030823,57.797717]]}},{"type":"Feature","properties":{"mode":"bus","n":7,"arr":["40","73","148","173","179","X76","X77"],"lines":"40, 73, 148, 173, 179, X76, X77"},"geometry":{"type":"LineString","coordinates":[[12.030823,57.797717],[12.03162,57.797647],[12.032281,57.797638]]}},{"type":"Feature","properties":{"mode":"bus","n":6,"arr":["40","73","148","179","X76","X77"],"lines":"40, 73, 148, 179, X76, X77"},"geometry":{"type":"LineString","coordinates":[[12.032281,57.797638],[12.033397,57.797702],[12.034305,57.797836],[12.034447,57.797889]]}},{"type":"Feature","properties":{"mode":"bus","n":6,"arr":["40","73","148","179","X76","X77"],"lines":"40, 73, 148, 179, X76, X77"},"geometry":{"type":"LineString","coordinates":[[12.042419,57.797158],[12.04181,57.797177],[12.041605,57.79716],[12.041188,57.797071],[12.040477,57.796848],[12.04025,57.796801],[12.039978,57.796773],[12.039705,57.796786],[12.039159,57.796894],[12.037197,57.797575],[12.036541,57.797739],[12.035646,57.797873],[12.03493,57.797913],[12.034447,57.797889],[12.034285,57.7979],[12.033383,57.797778],[12.032258,57.797735],[12.031548,57.797756],[12.030866,57.797815]]}},{"type":"Feature","properties":{"mode":"bus","n":7,"arr":["40","73","75","76","77","148","179"],"lines":"40, 73, 75, 76, 77, 148, 179"},"geometry":{"type":"LineString","coordinates":[[12.047902,57.794157],[12.048018,57.794222]]}},{"type":"Feature","properties":{"mode":"bus","n":7,"arr":["40","71","73","74","75","76","77"],"lines":"40, 71, 73, 74, 75, 76, 77"},"geometry":{"type":"LineString","coordinates":[[12.049482,57.796667],[12.049455,57.796534]]}},{"type":"Feature","properties":{"mode":"bus","n":5,"arr":["40","71","73","74","77"],"lines":"40, 71, 73, 74, 77"},"geometry":{"type":"LineString","coordinates":[[12.048486,57.795853],[12.04904,57.79658],[12.049219,57.796661],[12.049482,57.796667]]}},{"type":"Feature","properties":{"mode":"bus","n":6,"arr":["40","X2","X4","X40","X76","X77"],"lines":"40, X2, X4, X40, X76, X77"},"geometry":{"type":"LineString","coordinates":[[11.988751,57.744018],[11.985735,57.735451],[11.984749,57.733209],[11.983906,57.731771]]}},{"type":"Feature","properties":{"mode":"bus","n":5,"arr":["40","X2","X40","X76","X77"],"lines":"40, X2, X40, X76, X77"},"geometry":{"type":"LineString","coordinates":[[11.983906,57.731771],[11.983597,57.731315]]}},{"type":"Feature","properties":{"mode":"bus","n":6,"arr":["40","43","X2","X40","X76","X77"],"lines":"40, 43, X2, X40, X76, X77"},"geometry":{"type":"LineString","coordinates":[[11.983597,57.731315],[11.982735,57.729951]]}},{"type":"Feature","properties":{"mode":"bus","n":5,"arr":["46","148","178","179","X2"],"lines":"46, 148, 178, 179, X2"},"geometry":{"type":"LineString","coordinates":[[11.977252,57.801975],[11.977973,57.802056],[11.978118,57.802051],[11.97878,57.802119],[11.979705,57.802172],[11.980958,57.802171],[11.98211,57.802091],[11.983215,57.801952],[11.986668,57.801305],[11.988961,57.800921],[11.989267,57.800907],[11.991663,57.800558]]}},{"type":"Feature","properties":{"mode":"bus","n":6,"arr":["59","290","X2","X5","X6","X40"],"lines":"59, 290, X2, X5, X6, X40"},"geometry":{"type":"LineString","coordinates":[[11.969913,57.712242],[11.96886,57.71186]]}},{"type":"Feature","properties":{"mode":"bus","n":5,"arr":["59","X2","X5","X6","X40"],"lines":"59, X2, X5, X6, X40"},"geometry":{"type":"LineString","coordinates":[[11.96886,57.71186],[11.96721,57.711269]]}},{"type":"Feature","properties":{"mode":"bus","n":6,"arr":["59","290","291","X2","X6","X40"],"lines":"59, 290, 291, X2, X6, X40"},"geometry":{"type":"LineString","coordinates":[[11.969379,57.711431],[11.96962,57.711513]]}},{"type":"Feature","properties":{"mode":"bus","n":8,"arr":["59","128","290","FLYG","KV21","X5","X6","X40"],"lines":"59, 128, 290, FLYG, 21, X5, X6, X40"},"geometry":{"type":"LineString","coordinates":[[11.970941,57.710045],[11.970902,57.710166]]}},{"type":"Feature","properties":{"mode":"bus","n":7,"arr":["59","128","290","KV21","X5","X6","X40"],"lines":"59, 128, 290, 21, X5, X6, X40"},"geometry":{"type":"LineString","coordinates":[[11.969983,57.711215],[11.970516,57.710842],[11.970841,57.710415],[11.9709,57.7103],[11.970902,57.710166]]}},{"type":"Feature","properties":{"mode":"bus","n":6,"arr":["59","290","291","FLYG","KV21","X40"],"lines":"59, 290, 291, FLYG, 21, X40"},"geometry":{"type":"LineString","coordinates":[[11.971191,57.710044],[11.971357,57.709769]]}},{"type":"Feature","properties":{"mode":"bus","n":5,"arr":["60","61","64","258","753"],"lines":"60, 61, 64, 258, 753"},"geometry":{"type":"LineString","coordinates":[[11.969624,57.698766],[11.969675,57.698597]]}},{"type":"Feature","properties":{"mode":"bus","n":5,"arr":["60","61","64","258","753"],"lines":"60, 61, 64, 258, 753"},"geometry":{"type":"LineString","coordinates":[[11.973213,57.693585],[11.973161,57.693571]]}},{"type":"Feature","properties":{"mode":"bus","n":11,"arr":["61","63","101","173","503","510","513","754","758","X3","X4"],"lines":"61, 63, 101, 173, 503, 510, 513, 754, 758, X3, X4"},"geometry":{"type":"LineString","coordinates":[[11.977361,57.705064],[11.976795,57.704475],[11.97309,57.702838]]}},{"type":"Feature","properties":{"mode":"bus","n":12,"arr":["61","63","101","173","258","503","510","513","754","758","FLYG","X4"],"lines":"61, 63, 101, 173, 258, 503, 510, 513, 754, 758, FLYG, X4"},"geometry":{"type":"LineString","coordinates":[[11.973822,57.702455],[11.97309,57.702838]]}},{"type":"Feature","properties":{"mode":"bus","n":11,"arr":["61","63","64","173","503","510","513","753","754","758","X3"],"lines":"61, 63, 64, 173, 503, 510, 513, 753, 754, 758, X3"},"geometry":{"type":"LineString","coordinates":[[11.973822,57.702455],[11.974264,57.702621]]}},{"type":"Feature","properties":{"mode":"bus","n":14,"arr":["61","63","64","101","173","503","510","513","753","754","758","X3","X4","X6"],"lines":"61, 63, 64, 101, 173, 503, 510, 513, 753, 754, 758, X3, X4, X6"},"geometry":{"type":"LineString","coordinates":[[11.974264,57.702621],[11.976514,57.703558]]}},{"type":"Feature","properties":{"mode":"bus","n":12,"arr":["61","63","101","173","503","510","513","754","758","X3","X4","X6"],"lines":"61, 63, 101, 173, 503, 510, 513, 754, 758, X3, X4, X6"},"geometry":{"type":"LineString","coordinates":[[11.978501,57.70442],[11.978355,57.704324],[11.976514,57.703558]]}},{"type":"Feature","properties":{"mode":"bus","n":7,"arr":["61","63","64","258","753","754","758"],"lines":"61, 63, 64, 258, 753, 754, 758"},"geometry":{"type":"LineString","coordinates":[[11.975965,57.701478],[11.976096,57.701567],[11.976087,57.701651],[11.97526,57.702082],[11.975149,57.702252]]}},{"type":"Feature","properties":{"mode":"bus","n":9,"arr":["61","63","101","258","754","758","FLYG","X4","X6"],"lines":"61, 63, 101, 258, 754, 758, FLYG, X4, X6"},"geometry":{"type":"LineString","coordinates":[[11.975965,57.701478],[11.974106,57.702366]]}},{"type":"Feature","properties":{"mode":"bus","n":7,"arr":["61","63","101","754","758","X4","X6"],"lines":"61, 63, 101, 754, 758, X4, X6"},"geometry":{"type":"LineString","coordinates":[[11.974264,57.702621],[11.974087,57.702505],[11.974106,57.702366]]}},{"type":"Feature","properties":{"mode":"bus","n":5,"arr":["61","114","X2","X5","X6"],"lines":"61, 114, X2, X5, X6"},"geometry":{"type":"LineString","coordinates":[[11.957508,57.704698],[11.957481,57.704909],[11.957168,57.70541],[11.957159,57.705512],[11.957215,57.705619],[11.95785,57.705996],[11.958414,57.7062],[11.958727,57.70625],[11.958964,57.706242],[11.959344,57.70619]]}},{"type":"Feature","properties":{"mode":"bus","n":5,"arr":["61","114","X2","X5","X6"],"lines":"61, 114, X2, X5, X6"},"geometry":{"type":"LineString","coordinates":[[11.955435,57.703188],[11.955258,57.7027],[11.954983,57.702277]]}},{"type":"Feature","properties":{"mode":"bus","n":6,"arr":["64","101","753","FLYG","X4","X6"],"lines":"64, 101, 753, FLYG, X4, X6"},"geometry":{"type":"LineString","coordinates":[[11.975918,57.701445],[11.975965,57.701478]]}},{"type":"Feature","properties":{"mode":"bus","n":5,"arr":["64","65","84","95","185"],"lines":"64, 65, 84, 95, 185"},"geometry":{"type":"LineString","coordinates":[[11.936442,57.673981],[11.936734,57.674319]]}},{"type":"Feature","properties":{"mode":"bus","n":7,"arr":["65","82","180","184","758","X2","X3"],"lines":"65, 82, 180, 184, 758, X2, X3"},"geometry":{"type":"LineString","coordinates":[[11.936642,57.673147],[11.937026,57.67299],[11.938358,57.672527],[11.938714,57.672355],[11.938963,57.672189],[11.939147,57.672003],[11.939317,57.671631],[11.939316,57.671318],[11.939194,57.67088],[11.93884,57.670046]]}},{"type":"Feature","properties":{"mode":"bus","n":7,"arr":["65","82","180","184","758","X2","X3"],"lines":"65, 82, 180, 184, 758, X2, X3"},"geometry":{"type":"LineString","coordinates":[[11.935744,57.673515],[11.935889,57.673392],[11.936292,57.673151],[11.937617,57.672645],[11.937918,57.67249],[11.938086,57.672358],[11.938248,57.672154],[11.938323,57.671919],[11.938321,57.671724],[11.93818,57.671096]]}},{"type":"Feature","properties":{"mode":"bus","n":5,"arr":["65","82","758","X2","X3"],"lines":"65, 82, 758, X2, X3"},"geometry":{"type":"LineString","coordinates":[[11.936252,57.673713],[11.93638,57.673564],[11.936449,57.673308],[11.936642,57.673147]]}},{"type":"Feature","properties":{"mode":"bus","n":12,"arr":["74","510","511","512","513","514","515","516","517","518","519","X1"],"lines":"74, 510, 511, 512, 513, 514, 515, 516, 517, 518, 519, X1"},"geometry":{"type":"LineString","coordinates":[[12.103726,57.738701],[12.104062,57.738245],[12.104178,57.738146],[12.104222,57.738122],[12.104281,57.738114],[12.10455,57.73811],[12.105401,57.738268]]}},{"type":"Feature","properties":{"mode":"bus","n":12,"arr":["74","510","511","512","513","514","515","516","517","518","519","X1"],"lines":"74, 510, 511, 512, 513, 514, 515, 516, 517, 518, 519, X1"},"geometry":{"type":"LineString","coordinates":[[12.105595,57.738304],[12.105862,57.738355]]}},{"type":"Feature","properties":{"mode":"bus","n":12,"arr":["74","510","511","512","513","514","515","516","517","518","519","X1"],"lines":"74, 510, 511, 512, 513, 514, 515, 516, 517, 518, 519, X1"},"geometry":{"type":"LineString","coordinates":[[12.105983,57.738499],[12.106009,57.738528],[12.106086,57.738547],[12.106127,57.738552],[12.106169,57.738548],[12.10621,57.738539],[12.106246,57.738525],[12.106263,57.738503],[12.106285,57.738436],[12.106199,57.738356],[12.105099,57.738129],[12.104464,57.738023]]}},{"type":"Feature","properties":{"mode":"bus","n":11,"arr":["74","510","511","512","513","515","516","517","518","519","X1"],"lines":"74, 510, 511, 512, 513, 515, 516, 517, 518, 519, X1"},"geometry":{"type":"LineString","coordinates":[[12.105401,57.738268],[12.105595,57.738304]]}},{"type":"Feature","properties":{"mode":"bus","n":11,"arr":["74","510","511","512","513","514","515","516","518","519","X1"],"lines":"74, 510, 511, 512, 513, 514, 515, 516, 518, 519, X1"},"geometry":{"type":"LineString","coordinates":[[12.105862,57.738355],[12.105947,57.738411],[12.105983,57.738499]]}},{"type":"Feature","properties":{"mode":"bus","n":10,"arr":["74","510","512","513","514","515","516","517","518","X1"],"lines":"74, 510, 512, 513, 514, 515, 516, 517, 518, X1"},"geometry":{"type":"LineString","coordinates":[[12.103726,57.738701],[12.103481,57.738858]]}},{"type":"Feature","properties":{"mode":"bus","n":6,"arr":["83","92","93","95","185","751"],"lines":"83, 92, 93, 95, 185, 751"},"geometry":{"type":"LineString","coordinates":[[11.914833,57.649269],[11.914452,57.649231],[11.913924,57.649228],[11.913505,57.649264],[11.912943,57.649377],[11.910618,57.650216],[11.908635,57.650986]]}},{"type":"Feature","properties":{"mode":"bus","n":10,"arr":["83","86","89","92","93","95","185","199","751","X90"],"lines":"83, 86, 89, 92, 93, 95, 185, 199, 751, X90"},"geometry":{"type":"LineString","coordinates":[[11.907828,57.651315],[11.908635,57.650986]]}},{"type":"Feature","properties":{"mode":"bus","n":7,"arr":["83","86","89","91","95","97","751"],"lines":"83, 86, 89, 91, 95, 97, 751"},"geometry":{"type":"LineString","coordinates":[[11.909536,57.652181],[11.909377,57.652184]]}},{"type":"Feature","properties":{"mode":"bus","n":8,"arr":["83","86","89","91","95","97","751","X5"],"lines":"83, 86, 89, 91, 95, 97, 751, X5"},"geometry":{"type":"LineString","coordinates":[[11.909687,57.652178],[11.909536,57.652181]]}},{"type":"Feature","properties":{"mode":"bus","n":9,"arr":["83","86","89","91","95","97","99","751","X5"],"lines":"83, 86, 89, 91, 95, 97, 99, 751, X5"},"geometry":{"type":"LineString","coordinates":[[11.909836,57.652172],[11.909687,57.652178]]}},{"type":"Feature","properties":{"mode":"bus","n":7,"arr":["86","89","92","93","193","199","X90"],"lines":"86, 89, 92, 93, 193, 199, X90"},"geometry":{"type":"LineString","coordinates":[[11.909522,57.650399],[11.912515,57.6493],[11.914195,57.648739]]}},{"type":"Feature","properties":{"mode":"bus","n":6,"arr":["86","89","92","93","199","X90"],"lines":"86, 89, 92, 93, 199, X90"},"geometry":{"type":"LineString","coordinates":[[11.908635,57.650986],[11.908696,57.650903],[11.908804,57.650835],[11.909402,57.650553],[11.909522,57.650399]]}},{"type":"Feature","properties":{"mode":"bus","n":5,"arr":["86","89","99","199","X90"],"lines":"86, 89, 99, 199, X90"},"geometry":{"type":"LineString","coordinates":[[11.907434,57.651597],[11.907563,57.651639]]}},{"type":"Feature","properties":{"mode":"bus","n":6,"arr":["89","180","184","258","X2","X3"],"lines":"89, 180, 184, 258, X2, X3"},"geometry":{"type":"LineString","coordinates":[[11.939414,57.617346],[11.937934,57.619738],[11.93721,57.620808],[11.936451,57.622024],[11.935323,57.623937],[11.934831,57.62488],[11.93225,57.63022],[11.93189,57.631155],[11.931736,57.631925],[11.9316,57.634688],[11.931691,57.635871],[11.931955,57.637524],[11.932217,57.642214],[11.932155,57.642943],[11.93192,57.643736],[11.931836,57.644131],[11.93184,57.644311],[11.931909,57.644687],[11.932414,57.645561],[11.932475,57.645789],[11.932467,57.646029],[11.932392,57.646235],[11.932129,57.646549]]}},{"type":"Feature","properties":{"mode":"bus","n":6,"arr":["89","180","184","258","X2","X3"],"lines":"89, 180, 184, 258, X2, X3"},"geometry":{"type":"LineString","coordinates":[[11.931253,57.644314],[11.93147,57.644075],[11.931701,57.643667],[11.931988,57.642972],[11.932064,57.642455],[11.931826,57.638028],[11.931732,57.637132],[11.931551,57.636058],[11.93144,57.634709],[11.931578,57.631979],[11.931745,57.631106],[11.932134,57.630068],[11.935334,57.623597],[11.936849,57.621087],[11.938319,57.618854],[11.939428,57.616964]]}},{"type":"Feature","properties":{"mode":"bus","n":7,"arr":["90","91","114","290","X2","X5","X6"],"lines":"90, 91, 114, 290, X2, X5, X6"},"geometry":{"type":"LineString","coordinates":[[11.933237,57.699899],[11.932246,57.699756],[11.931456,57.699553],[11.930476,57.699189],[11.928805,57.698465],[11.928192,57.698227],[11.926463,57.697625],[11.925712,57.697408],[11.924558,57.697113],[11.92349,57.69688],[11.922647,57.696732],[11.922,57.696572],[11.921163,57.69629],[11.920216,57.695905]]}},{"type":"Feature","properties":{"mode":"bus","n":5,"arr":["90","99","199","X5","X90"],"lines":"90, 99, 199, X5, X90"},"geometry":{"type":"LineString","coordinates":[[11.905938,57.65296],[11.905729,57.652951],[11.905557,57.652904]]}},{"type":"Feature","properties":{"mode":"bus","n":11,"arr":["90","91","114","193","194","196","197","290","291","X5","X6"],"lines":"90, 91, 114, 193, 194, 196, 197, 290, 291, X5, X6"},"geometry":{"type":"LineString","coordinates":[[11.920962,57.69611],[11.921631,57.696355],[11.922354,57.696574],[11.924032,57.6969],[11.925236,57.69719],[11.926543,57.697555],[11.928281,57.698162],[11.928897,57.6984],[11.930554,57.69912],[11.931524,57.699479],[11.931935,57.699591],[11.932865,57.699767],[11.933896,57.699859]]}},{"type":"Feature","properties":{"mode":"bus","n":6,"arr":["91","114","290","X2","X5","X6"],"lines":"91, 114, 290, X2, X5, X6"},"geometry":{"type":"LineString","coordinates":[[11.920216,57.695905],[11.919248,57.695428],[11.918352,57.694885],[11.91394,57.691902],[11.91281,57.691163],[11.911473,57.690341]]}},{"type":"Feature","properties":{"mode":"bus","n":7,"arr":["91","114","193","194","196","197","X5"],"lines":"91, 114, 193, 194, 196, 197, X5"},"geometry":{"type":"LineString","coordinates":[[11.906868,57.686819],[11.907995,57.687772],[11.909149,57.688656],[11.909484,57.688879]]}},{"type":"Feature","properties":{"mode":"bus","n":10,"arr":["91","114","193","194","196","197","290","291","X5","X6"],"lines":"91, 114, 193, 194, 196, 197, 290, 291, X5, X6"},"geometry":{"type":"LineString","coordinates":[[11.911111,57.689955],[11.914062,57.691854],[11.916209,57.693278],[11.918717,57.69499],[11.919551,57.695471],[11.92044,57.695901],[11.920962,57.69611]]}},{"type":"Feature","properties":{"mode":"bus","n":5,"arr":["99","114","199","X5","X90"],"lines":"99, 114, 199, X5, X90"},"geometry":{"type":"LineString","coordinates":[[11.900097,57.67967],[11.898958,57.679286],[11.897954,57.678804]]}},{"type":"Feature","properties":{"mode":"bus","n":6,"arr":["99","193","194","196","199","X90"],"lines":"99, 193, 194, 196, 199, X90"},"geometry":{"type":"LineString","coordinates":[[11.8945,57.659042],[11.893277,57.660116],[11.892723,57.660664],[11.892109,57.661353],[11.891539,57.662105],[11.890834,57.663285]]}},{"type":"Feature","properties":{"mode":"bus","n":8,"arr":["99","193","194","196","197","199","X5","X90"],"lines":"99, 193, 194, 196, 197, 199, X5, X90"},"geometry":{"type":"LineString","coordinates":[[11.890834,57.663285],[11.889981,57.665039],[11.88977,57.665516],[11.889549,57.666162],[11.889481,57.66662],[11.889532,57.667337],[11.889648,57.667791],[11.88981,57.668196],[11.89012,57.668746],[11.890503,57.669223],[11.890992,57.669736],[11.89275,57.671284],[11.893265,57.671783],[11.894106,57.672785],[11.894661,57.673628],[11.894979,57.674223],[11.895348,57.675041],[11.895667,57.676275],[11.895835,57.676704],[11.896007,57.677003],[11.896599,57.677719],[11.897038,57.678102],[11.897369,57.678322]]}},{"type":"Feature","properties":{"mode":"bus","n":9,"arr":["99","114","193","194","196","197","199","X5","X90"],"lines":"99, 114, 193, 194, 196, 197, 199, X5, X90"},"geometry":{"type":"LineString","coordinates":[[11.897369,57.678322],[11.89814,57.678764],[11.898678,57.679007],[11.899681,57.679384],[11.902405,57.680296],[11.903631,57.68075],[11.90409,57.681017],[11.904244,57.681159]]}},{"type":"Feature","properties":{"mode":"bus","n":5,"arr":["101","512","FLYG","X4","X6"],"lines":"101, 512, FLYG, X4, X6"},"geometry":{"type":"LineString","coordinates":[[12.026339,57.676965],[12.028434,57.676352],[12.029242,57.676176],[12.030728,57.675934],[12.032269,57.675785],[12.033192,57.675802],[12.034265,57.675874],[12.035657,57.676038],[12.037957,57.676354],[12.039149,57.676463],[12.040551,57.676516],[12.042355,57.676465],[12.046612,57.676077],[12.048758,57.675911],[12.052362,57.675669],[12.057927,57.675365],[12.060361,57.675172],[12.061869,57.675012],[12.063678,57.674782],[12.06682,57.674294],[12.069102,57.673972],[12.070133,57.673848],[12.072666,57.673604],[12.075217,57.673453],[12.07658,57.673406],[12.080985,57.673348]]}},{"type":"Feature","properties":{"mode":"bus","n":5,"arr":["101","512","FLYG","X4","X6"],"lines":"101, 512, FLYG, X4, X6"},"geometry":{"type":"LineString","coordinates":[[12.000639,57.689876],[12.000944,57.689688],[12.001677,57.689309],[12.002324,57.689075],[12.003197,57.688867],[12.004678,57.688636],[12.005463,57.688476],[12.006064,57.688319],[12.007272,57.687943],[12.008592,57.687438]]}},{"type":"Feature","properties":{"mode":"bus","n":5,"arr":["101","512","FLYG","X4","X6"],"lines":"101, 512, FLYG, X4, X6"},"geometry":{"type":"LineString","coordinates":[[12.000914,57.689063],[12.002083,57.68883],[12.004283,57.688581],[12.005011,57.688457],[12.005915,57.688252],[12.006948,57.687941],[12.007994,57.687561],[12.009042,57.687107],[12.009742,57.686735]]}},{"type":"Feature","properties":{"mode":"bus","n":5,"arr":["101","512","FLYG","X4","X6"],"lines":"101, 512, FLYG, X4, X6"},"geometry":{"type":"LineString","coordinates":[[12.025962,57.676302],[12.026346,57.676165],[12.027077,57.675961],[12.0275,57.675878],[12.028619,57.675716],[12.029718,57.675619],[12.031224,57.675581],[12.032988,57.675654],[12.034404,57.675794],[12.035142,57.675874],[12.037531,57.676211],[12.038536,57.676321],[12.040135,57.676394],[12.041762,57.676349],[12.042436,57.676306],[12.047883,57.67582],[12.051143,57.675577],[12.057887,57.675206],[12.060291,57.675017],[12.061802,57.674858],[12.063579,57.674631],[12.068045,57.673943],[12.069029,57.673814],[12.070058,57.673691],[12.072626,57.673444],[12.073956,57.67335],[12.076559,57.673242],[12.080638,57.673195],[12.081929,57.673159],[12.083851,57.673059],[12.086033,57.672871]]}},{"type":"Feature","properties":{"mode":"bus","n":6,"arr":["101","512","754","FLYG","X4","X6"],"lines":"101, 512, 754, FLYG, X4, X6"},"geometry":{"type":"LineString","coordinates":[[12.008592,57.687438],[12.009142,57.687192],[12.010089,57.686714],[12.010795,57.686287],[12.011736,57.685646],[12.012454,57.685215],[12.01493,57.683888],[12.016685,57.682823],[12.018191,57.681757],[12.022166,57.678819],[12.023417,57.678132],[12.024587,57.677555],[12.025494,57.677204],[12.026339,57.676965]]}},{"type":"Feature","properties":{"mode":"bus","n":6,"arr":["101","512","754","FLYG","X4","X6"],"lines":"101, 512, 754, FLYG, X4, X6"},"geometry":{"type":"LineString","coordinates":[[11.996189,57.697778],[11.996374,57.697841],[11.996431,57.69792],[11.996409,57.698005],[11.99626,57.698147],[11.9961,57.698232],[11.995943,57.698246],[11.995853,57.698214],[11.995813,57.698194],[11.995793,57.698166],[11.995763,57.698086],[11.995837,57.697855],[11.996074,57.697411],[11.996384,57.69669],[11.996498,57.69629]]}},{"type":"Feature","properties":{"mode":"bus","n":6,"arr":["101","512","754","FLYG","X4","X6"],"lines":"101, 512, 754, FLYG, X4, X6"},"geometry":{"type":"LineString","coordinates":[[12.009742,57.686735],[12.010403,57.686353],[12.012295,57.685132],[12.014784,57.683802],[12.01651,57.682755],[12.018031,57.68169],[12.021305,57.679235],[12.022153,57.678452],[12.022473,57.678216],[12.02318,57.677758],[12.023663,57.677489],[12.025543,57.676496],[12.025962,57.676302]]}},{"type":"Feature","properties":{"mode":"bus","n":6,"arr":["101","512","754","FLYG","X4","X6"],"lines":"101, 512, 754, FLYG, X4, X6"},"geometry":{"type":"LineString","coordinates":[[11.998312,57.692148],[11.999334,57.690914],[11.999706,57.690562],[12.000135,57.690217],[12.000639,57.689876]]}},{"type":"Feature","properties":{"mode":"bus","n":6,"arr":["101","512","754","FLYG","X4","X6"],"lines":"101, 512, 754, FLYG, X4, X6"},"geometry":{"type":"LineString","coordinates":[[11.998056,57.691895],[11.998271,57.69133],[11.998443,57.691017],[11.998743,57.690582],[11.999134,57.690133],[11.999781,57.689586],[12.000324,57.689287],[12.000914,57.689063]]}},{"type":"Feature","properties":{"mode":"bus","n":8,"arr":["101","173","503","510","513","X3","X4","X6"],"lines":"101, 173, 503, 510, 513, X3, X4, X6"},"geometry":{"type":"LineString","coordinates":[[11.978339,57.707306],[11.978477,57.707137],[11.978488,57.706867],[11.978552,57.706792],[11.978592,57.704674],[11.978559,57.704496],[11.978501,57.70442]]}},{"type":"Feature","properties":{"mode":"bus","n":7,"arr":["101","173","503","510","513","X3","X4"],"lines":"101, 173, 503, 510, 513, X3, X4"},"geometry":{"type":"LineString","coordinates":[[11.977756,57.707246],[11.977797,57.705603],[11.977768,57.705533],[11.977361,57.705064]]}},{"type":"Feature","properties":{"mode":"bus","n":5,"arr":["101","512","754","FLYG","X4"],"lines":"101, 512, 754, FLYG, X4"},"geometry":{"type":"LineString","coordinates":[[11.99486,57.697892],[11.994893,57.697806]]}},{"type":"Feature","properties":{"mode":"bus","n":5,"arr":["101","512","754","FLYG","X4"],"lines":"101, 512, 754, FLYG, X4"},"geometry":{"type":"LineString","coordinates":[[11.994806,57.698058],[11.994577,57.698717],[11.994556,57.698955]]}},{"type":"Feature","properties":{"mode":"bus","n":6,"arr":["114","193","194","196","197","X5"],"lines":"114, 193, 194, 196, 197, X5"},"geometry":{"type":"LineString","coordinates":[[11.904244,57.681159],[11.904574,57.681736],[11.904666,57.682191],[11.904493,57.683471],[11.904451,57.684227],[11.90456,57.684571],[11.904948,57.68512],[11.905692,57.685832],[11.906868,57.686819]]}},{"type":"Feature","properties":{"mode":"bus","n":7,"arr":["127","148","159","180","185","190","X77"],"lines":"127, 148, 159, 180, 185, 190, X77"},"geometry":{"type":"LineString","coordinates":[[11.839284,57.711015],[11.838962,57.711167],[11.838804,57.711287],[11.838729,57.711389],[11.838696,57.711616],[11.838827,57.711816],[11.839326,57.71201],[11.839764,57.712079],[11.840121,57.712068],[11.840348,57.712028],[11.840568,57.711955]]}},{"type":"Feature","properties":{"mode":"bus","n":9,"arr":["127","131","159","180","185","190","290","291","X77"],"lines":"127, 131, 159, 180, 185, 190, 290, 291, X77"},"geometry":{"type":"LineString","coordinates":[[11.854307,57.704621],[11.856189,57.704084],[11.857066,57.703898],[11.857786,57.703781],[11.859032,57.703638],[11.86017,57.703575],[11.861074,57.703566],[11.861851,57.703591],[11.863062,57.703679],[11.864461,57.703843]]}},{"type":"Feature","properties":{"mode":"bus","n":7,"arr":["127","131","159","X2","X4","X76","X77"],"lines":"127, 131, 159, X2, X4, X76, X77"},"geometry":{"type":"LineString","coordinates":[[11.96274,57.72486],[11.963431,57.725108],[11.964419,57.725418],[11.965295,57.725634],[11.969295,57.726294],[11.969683,57.72634],[11.970925,57.726423],[11.971457,57.726423],[11.971475,57.726423],[11.971487,57.726423],[11.97149,57.726422],[11.971487,57.726421],[11.971476,57.72642],[11.971457,57.726419],[11.970019,57.726326],[11.968243,57.726058]]}},{"type":"Feature","properties":{"mode":"bus","n":7,"arr":["127","131","159","X2","X4","X76","X77"],"lines":"127, 131, 159, X2, X4, X76, X77"},"geometry":{"type":"LineString","coordinates":[[11.978995,57.726501],[11.978195,57.72635],[11.977503,57.72626],[11.976755,57.726207],[11.976025,57.726206],[11.975142,57.726265],[11.974497,57.726341],[11.972939,57.72659],[11.972122,57.726681],[11.971546,57.726697],[11.971226,57.726684],[11.970682,57.726624],[11.965233,57.72548],[11.964241,57.725259],[11.962891,57.724916],[11.961893,57.724634],[11.961021,57.724337],[11.960291,57.724021],[11.959252,57.723442]]}},{"type":"Feature","properties":{"mode":"bus","n":7,"arr":["127","131","159","X2","X4","X76","X77"],"lines":"127, 131, 159, X2, X4, X76, X77"},"geometry":{"type":"LineString","coordinates":[[11.963846,57.725002],[11.963903,57.725103],[11.964035,57.725211],[11.964696,57.725431],[11.965325,57.725581],[11.965623,57.725691]]}},{"type":"Feature","properties":{"mode":"bus","n":7,"arr":["127","131","159","X2","X4","X76","X77"],"lines":"127, 131, 159, X2, X4, X76, X77"},"geometry":{"type":"LineString","coordinates":[[11.969276,57.725689],[11.970214,57.725623],[11.970796,57.725619],[11.97114,57.725639],[11.97286,57.725838],[11.973457,57.725884],[11.974215,57.725875],[11.976112,57.725759],[11.976986,57.725801],[11.977712,57.725876]]}},{"type":"Feature","properties":{"mode":"bus","n":7,"arr":["127","131","159","X2","X4","X76","X77"],"lines":"127, 131, 159, X2, X4, X76, X77"},"geometry":{"type":"LineString","coordinates":[[11.96864,57.726119],[11.969175,57.72569]]}},{"type":"Feature","properties":{"mode":"bus","n":5,"arr":["131","X2","X4","X76","X77"],"lines":"131, X2, X4, X76, X77"},"geometry":{"type":"LineString","coordinates":[[11.959252,57.723442],[11.958848,57.723081],[11.957844,57.722336],[11.957391,57.722037],[11.956785,57.721751],[11.956067,57.721484],[11.955418,57.721282],[11.955061,57.721205],[11.955044,57.7212],[11.955035,57.721196],[11.955036,57.721192],[11.955045,57.721188],[11.955063,57.721185],[11.955167,57.721169],[11.955514,57.721203],[11.955714,57.721195],[11.956565,57.720983],[11.956795,57.720993],[11.956948,57.72104],[11.957196,57.721198],[11.957365,57.721444],[11.957449,57.72151],[11.959334,57.722805],[11.960279,57.723507],[11.961073,57.724015],[11.961905,57.724343],[11.962214,57.72443],[11.962609,57.724497],[11.962627,57.7245],[11.962638,57.724502],[11.962641,57.724502],[11.962638,57.724501],[11.962628,57.724498],[11.962611,57.724495],[11.9624,57.724449],[11.961753,57.724216],[11.961734,57.72421],[11.961722,57.724208],[11.961716,57.724211],[11.961718,57.724218],[11.961726,57.724229],[11.96181,57.724325],[11.962014,57.724466],[11.962226,57.72459],[11.962659,57.724787],[11.96274,57.72486]]}},{"type":"Feature","properties":{"mode":"bus","n":5,"arr":["127","131","159","KV21","X3"],"lines":"127, 131, 159, 21, X3"},"geometry":{"type":"LineString","coordinates":[[11.99856,57.726346],[11.998458,57.726696]]}},{"type":"Feature","properties":{"mode":"bus","n":8,"arr":["127","131","142","159","180","185","190","X77"],"lines":"127, 131, 142, 159, 180, 185, 190, X77"},"geometry":{"type":"LineString","coordinates":[[11.864938,57.70402],[11.863755,57.703869],[11.86258,57.703756],[11.861233,57.703697],[11.860144,57.703706],[11.859342,57.703746],[11.857896,57.703895],[11.856886,57.704064],[11.856074,57.70424],[11.85515,57.704506]]}},{"type":"Feature","properties":{"mode":"bus","n":8,"arr":["127","142","148","159","180","185","190","X77"],"lines":"127, 142, 148, 159, 180, 185, 190, X77"},"geometry":{"type":"LineString","coordinates":[[11.841784,57.712199],[11.84181,57.71206],[11.842087,57.711795],[11.842635,57.711398],[11.843039,57.711053],[11.844519,57.709695],[11.844687,57.709451]]}},{"type":"Feature","properties":{"mode":"bus","n":6,"arr":["128","131","141","199","X76","X77"],"lines":"128, 131, 141, 199, X76, X77"},"geometry":{"type":"LineString","coordinates":[[11.910379,57.716521],[11.91176,57.717106],[11.912135,57.717233],[11.912487,57.717318],[11.91673,57.717939],[11.917569,57.718029],[11.918363,57.718071]]}},{"type":"Feature","properties":{"mode":"bus","n":6,"arr":["128","131","141","142","X76","X77"],"lines":"128, 131, 141, 142, X76, X77"},"geometry":{"type":"LineString","coordinates":[[11.934333,57.720747],[11.934532,57.7208]]}},{"type":"Feature","properties":{"mode":"bus","n":5,"arr":["128","131","141","142","X77"],"lines":"128, 131, 141, 142, X77"},"geometry":{"type":"LineString","coordinates":[[11.919144,57.718562],[11.921295,57.718722],[11.922461,57.718852],[11.923829,57.719046],[11.926367,57.719424],[11.927183,57.719573],[11.928494,57.719729],[11.932444,57.720303],[11.933281,57.720467],[11.934333,57.720747]]}},{"type":"Feature","properties":{"mode":"bus","n":7,"arr":["128","131","141","142","199","X76","X77"],"lines":"128, 131, 141, 142, 199, X76, X77"},"geometry":{"type":"LineString","coordinates":[[11.909214,57.716646],[11.910043,57.716924],[11.910723,57.717116],[11.91207,57.717423],[11.91307,57.717588],[11.917032,57.718163],[11.919144,57.718562]]}},{"type":"Feature","properties":{"mode":"bus","n":5,"arr":["128","131","142","199","X77"],"lines":"128, 131, 142, 199, X77"},"geometry":{"type":"LineString","coordinates":[[11.896422,57.71287],[11.896486,57.71265],[11.896405,57.712447],[11.895792,57.711752],[11.895072,57.711073],[11.894412,57.710555],[11.893897,57.710202],[11.893486,57.709982],[11.891992,57.709288],[11.891419,57.708957],[11.891205,57.708799],[11.891019,57.708601],[11.890899,57.708234],[11.890754,57.708056],[11.890491,57.707884]]}},{"type":"Feature","properties":{"mode":"bus","n":8,"arr":["137","305","313","915","922","923","926","930"],"lines":"137, 305, 313, 915, 922, 923, 926, 930"},"geometry":{"type":"LineString","coordinates":[[11.792485,57.843288],[11.793647,57.843742]]}},{"type":"Feature","properties":{"mode":"bus","n":9,"arr":["137","303","305","313","915","922","923","926","930"],"lines":"137, 303, 305, 313, 915, 922, 923, 926, 930"},"geometry":{"type":"LineString","coordinates":[[11.79255,57.844163],[11.792892,57.844208],[11.793008,57.844176],[11.793191,57.844082],[11.793647,57.843742]]}},{"type":"Feature","properties":{"mode":"bus","n":8,"arr":["137","303","305","313","915","922","926","930"],"lines":"137, 303, 305, 313, 915, 922, 926, 930"},"geometry":{"type":"LineString","coordinates":[[11.792285,57.84378],[11.792192,57.843907],[11.792218,57.844006],[11.792317,57.844081],[11.79255,57.844163]]}},{"type":"Feature","properties":{"mode":"bus","n":7,"arr":["137","303","305","313","915","926","930"],"lines":"137, 303, 305, 313, 915, 926, 930"},"geometry":{"type":"LineString","coordinates":[[11.792495,57.84376],[11.792346,57.843757],[11.792285,57.84378]]}},{"type":"Feature","properties":{"mode":"bus","n":8,"arr":["137","303","305","313","915","923","926","930"],"lines":"137, 303, 305, 313, 915, 923, 926, 930"},"geometry":{"type":"LineString","coordinates":[[11.793349,57.843958],[11.792495,57.84376]]}},{"type":"Feature","properties":{"mode":"bus","n":6,"arr":["139","142","145","159","179","185"],"lines":"139, 142, 145, 159, 179, 185"},"geometry":{"type":"LineString","coordinates":[[11.847652,57.723791],[11.848061,57.723347]]}},{"type":"Feature","properties":{"mode":"bus","n":6,"arr":["139","142","145","159","179","185"],"lines":"139, 142, 145, 159, 179, 185"},"geometry":{"type":"LineString","coordinates":[[11.847703,57.723465],[11.847532,57.723762]]}},{"type":"Feature","properties":{"mode":"bus","n":5,"arr":["141","148","178","179","190"],"lines":"141, 148, 178, 179, 190"},"geometry":{"type":"LineString","coordinates":[[11.876446,57.754346],[11.877177,57.755353]]}},{"type":"Feature","properties":{"mode":"bus","n":5,"arr":["142","145","159","179","185"],"lines":"142, 145, 159, 179, 185"},"geometry":{"type":"LineString","coordinates":[[11.840811,57.721828],[11.840955,57.721795],[11.841064,57.721804],[11.841813,57.721991],[11.843493,57.721982],[11.843709,57.722002],[11.843857,57.722103],[11.843884,57.72272],[11.843951,57.722763],[11.843992,57.722781],[11.844043,57.722788],[11.84456,57.722806],[11.844677,57.722831],[11.844779,57.722887],[11.844846,57.723009],[11.844879,57.723517],[11.84497,57.723603],[11.845106,57.723632],[11.846726,57.723652],[11.84726,57.723707],[11.847652,57.723791]]}},{"type":"Feature","properties":{"mode":"bus","n":5,"arr":["142","145","159","179","185"],"lines":"142, 145, 159, 179, 185"},"geometry":{"type":"LineString","coordinates":[[11.847703,57.723465],[11.847824,57.723113],[11.847843,57.722546]]}},{"type":"Feature","properties":{"mode":"bus","n":5,"arr":["142","145","159","179","185"],"lines":"142, 145, 159, 179, 185"},"geometry":{"type":"LineString","coordinates":[[11.848061,57.723347],[11.848178,57.723169],[11.848227,57.72302],[11.84813,57.722539]]}},{"type":"Feature","properties":{"mode":"bus","n":5,"arr":["173","258","503","510","513"],"lines":"173, 258, 503, 510, 513"},"geometry":{"type":"LineString","coordinates":[[11.975193,57.702824],[11.975299,57.702734]]}},{"type":"Feature","properties":{"mode":"bus","n":5,"arr":["180","184","258","X2","X3"],"lines":"180, 184, 258, X2, X3"},"geometry":{"type":"LineString","coordinates":[[11.932129,57.646549],[11.931741,57.64686],[11.931604,57.647014],[11.931524,57.647287],[11.931608,57.647545]]}},{"type":"Feature","properties":{"mode":"bus","n":5,"arr":["180","184","258","X2","X3"],"lines":"180, 184, 258, X2, X3"},"geometry":{"type":"LineString","coordinates":[[11.933192,57.648667],[11.933361,57.648993],[11.933311,57.649109]]}},{"type":"Feature","properties":{"mode":"bus","n":5,"arr":["180","184","258","X2","X3"],"lines":"180, 184, 258, X2, X3"},"geometry":{"type":"LineString","coordinates":[[11.937474,57.666428],[11.936636,57.663625],[11.936109,57.661661],[11.935479,57.658923],[11.934782,57.656209],[11.934526,57.654883]]}},{"type":"Feature","properties":{"mode":"bus","n":5,"arr":["180","184","258","X2","X3"],"lines":"180, 184, 258, X2, X3"},"geometry":{"type":"LineString","coordinates":[[11.93761,57.668028],[11.936376,57.663581],[11.934663,57.656594],[11.934369,57.654886]]}},{"type":"Feature","properties":{"mode":"bus","n":5,"arr":["180","184","258","X2","X3"],"lines":"180, 184, 258, X2, X3"},"geometry":{"type":"LineString","coordinates":[[11.929826,57.645255],[11.930514,57.644862],[11.930898,57.644609],[11.931253,57.644314]]}},{"type":"Feature","properties":{"mode":"bus","n":7,"arr":["180","184","199","258","X2","X3","X90"],"lines":"180, 184, 199, 258, X2, X3, X90"},"geometry":{"type":"LineString","coordinates":[[11.931608,57.647545],[11.931913,57.647803],[11.932562,57.648181],[11.932957,57.648541]]}},{"type":"Feature","properties":{"mode":"bus","n":7,"arr":["180","184","199","258","X2","X3","X90"],"lines":"180, 184, 199, 258, X2, X3, X90"},"geometry":{"type":"LineString","coordinates":[[11.932957,57.648541],[11.932767,57.648534],[11.932708,57.648524],[11.932666,57.6485],[11.932477,57.648324],[11.932139,57.648087],[11.931697,57.647854],[11.931119,57.647595]]}},{"type":"Feature","properties":{"mode":"bus","n":7,"arr":["180","184","199","258","X2","X3","X90"],"lines":"180, 184, 199, 258, X2, X3, X90"},"geometry":{"type":"LineString","coordinates":[[11.932957,57.648541],[11.933095,57.648569],[11.933161,57.648635],[11.933185,57.648651],[11.933215,57.648656],[11.933252,57.648651],[11.933414,57.648609],[11.934015,57.648386],[11.934047,57.648324],[11.934048,57.648294],[11.93402,57.648269],[11.933983,57.648248],[11.933937,57.648232],[11.933882,57.64823],[11.933772,57.64824],[11.932957,57.648541]]}},{"type":"Feature","properties":{"mode":"bus","n":6,"arr":["180","184","199","258","X2","X3"],"lines":"180, 184, 199, 258, X2, X3"},"geometry":{"type":"LineString","coordinates":[[11.933311,57.649109],[11.933641,57.650236],[11.933713,57.650585],[11.933796,57.651831],[11.934526,57.654883]]}},{"type":"Feature","properties":{"mode":"bus","n":6,"arr":["180","184","199","258","X2","X3"],"lines":"180, 184, 199, 258, X2, X3"},"geometry":{"type":"LineString","coordinates":[[11.934369,57.654886],[11.933648,57.651851],[11.933577,57.650637],[11.933501,57.650255],[11.933106,57.649105],[11.932966,57.648864],[11.933043,57.648726],[11.933192,57.648667]]}},{"type":"Feature","properties":{"mode":"bus","n":8,"arr":["180","184","185","190","199","290","X6","X90"],"lines":"180, 184, 185, 190, 199, 290, X6, X90"},"geometry":{"type":"LineString","coordinates":[[11.896048,57.698743],[11.894989,57.699978],[11.894678,57.700379],[11.894469,57.700727]]}},{"type":"Feature","properties":{"mode":"bus","n":7,"arr":["180","184","185","190","290","X6","X90"],"lines":"180, 184, 185, 190, 290, X6, X90"},"geometry":{"type":"LineString","coordinates":[[11.894469,57.700727],[11.894098,57.70131],[11.8935,57.702637],[11.893089,57.703248],[11.892671,57.703633],[11.892346,57.703853],[11.891579,57.704201],[11.890938,57.70438],[11.890168,57.704521],[11.889372,57.704586],[11.888931,57.704595],[11.887811,57.704559],[11.884749,57.704292],[11.883572,57.704278]]}},{"type":"Feature","properties":{"mode":"bus","n":8,"arr":["180","184","185","190","290","291","X6","X90"],"lines":"180, 184, 185, 190, 290, 291, X6, X90"},"geometry":{"type":"LineString","coordinates":[[11.883342,57.704129],[11.883579,57.704157],[11.885234,57.704233],[11.887768,57.704457],[11.888444,57.70449],[11.889348,57.704482],[11.890203,57.704417],[11.891168,57.704216],[11.891782,57.704009],[11.892206,57.703795],[11.89255,57.703567],[11.892942,57.703205],[11.893319,57.7026],[11.893963,57.701295],[11.894325,57.700662]]}},{"type":"Feature","properties":{"mode":"bus","n":9,"arr":["180","184","185","190","199","290","291","X6","X90"],"lines":"180, 184, 185, 190, 199, 290, 291, X6, X90"},"geometry":{"type":"LineString","coordinates":[[11.894325,57.700662],[11.89481,57.699922],[11.896174,57.698341]]}},{"type":"Feature","properties":{"mode":"bus","n":6,"arr":["180","184","258","X2","X3","X90"],"lines":"180, 184, 258, X2, X3, X90"},"geometry":{"type":"LineString","coordinates":[[11.931119,57.647595],[11.92972,57.64695],[11.92932,57.646672],[11.929088,57.646407],[11.929017,57.646087],[11.929117,57.645788],[11.929286,57.645592],[11.929455,57.645462],[11.929826,57.645255]]}},{"type":"Feature","properties":{"mode":"bus","n":5,"arr":["302","303","307","309","X4"],"lines":"302, 303, 307, 309, X4"},"geometry":{"type":"LineString","coordinates":[[11.968332,57.871591],[11.968317,57.871802]]}},{"type":"Feature","properties":{"mode":"bus","n":7,"arr":["302","307","308","309","319","401","X4"],"lines":"302, 307, 308, 309, 319, 401, X4"},"geometry":{"type":"LineString","coordinates":[[11.968332,57.871591],[11.968407,57.871608]]}},{"type":"Feature","properties":{"mode":"bus","n":7,"arr":["302","307","308","309","319","401","X4"],"lines":"302, 307, 308, 309, 319, 401, X4"},"geometry":{"type":"LineString","coordinates":[[11.968207,57.871561],[11.968197,57.871646]]}},{"type":"Feature","properties":{"mode":"bus","n":8,"arr":["302","303","307","308","309","319","401","X4"],"lines":"302, 303, 307, 308, 309, 319, 401, X4"},"geometry":{"type":"LineString","coordinates":[[11.968407,57.871608],[11.968612,57.871657]]}},{"type":"Feature","properties":{"mode":"bus","n":8,"arr":["302","303","307","308","309","319","401","X4"],"lines":"302, 303, 307, 308, 309, 319, 401, X4"},"geometry":{"type":"LineString","coordinates":[[11.969343,57.872416],[11.969479,57.872234],[11.969495,57.872073],[11.969299,57.871791],[11.969234,57.871375],[11.969176,57.871285],[11.969091,57.87125],[11.968596,57.871158],[11.968432,57.871146],[11.968379,57.871148],[11.968334,57.871164],[11.968258,57.871204],[11.96811,57.871377],[11.968092,57.87151],[11.968095,57.871524],[11.968108,57.871536],[11.96813,57.871543],[11.968207,57.871561]]}},{"type":"Feature","properties":{"mode":"bus","n":7,"arr":["302","303","308","309","319","401","X4"],"lines":"302, 303, 308, 309, 319, 401, X4"},"geometry":{"type":"LineString","coordinates":[[11.968612,57.871657],[11.968835,57.871709]]}},{"type":"Feature","properties":{"mode":"bus","n":6,"arr":["302","307","308","309","401","X4"],"lines":"302, 307, 308, 309, 401, X4"},"geometry":{"type":"LineString","coordinates":[[11.968612,57.871657],[11.968607,57.871855]]}},{"type":"Feature","properties":{"mode":"bus","n":5,"arr":["302","303","309","401","X4"],"lines":"302, 303, 309, 401, X4"},"geometry":{"type":"LineString","coordinates":[[11.968835,57.871709],[11.96894,57.871734]]}},{"type":"Feature","properties":{"mode":"bus","n":6,"arr":["302","303","307","308","401","X4"],"lines":"302, 303, 307, 308, 401, X4"},"geometry":{"type":"LineString","coordinates":[[11.96894,57.871734],[11.969045,57.871759]]}},{"type":"Feature","properties":{"mode":"bus","n":7,"arr":["302","303","307","308","319","401","X4"],"lines":"302, 303, 307, 308, 319, 401, X4"},"geometry":{"type":"LineString","coordinates":[[11.969035,57.871954],[11.969043,57.871795],[11.969048,57.87178],[11.969061,57.87177],[11.969082,57.871766],[11.96911,57.871767],[11.969299,57.871791]]}},{"type":"Feature","properties":{"mode":"bus","n":7,"arr":["302","307","308","401","KV1","KV3","X4"],"lines":"302, 307, 308, 401, 1, 3, X4"},"geometry":{"type":"LineString","coordinates":[[11.970594,57.872674],[11.970521,57.872625],[11.970218,57.872543],[11.969392,57.872356]]}},{"type":"Feature","properties":{"mode":"bus","n":8,"arr":["302","307","308","309","401","KV1","KV3","X4"],"lines":"302, 307, 308, 309, 401, 1, 3, X4"},"geometry":{"type":"LineString","coordinates":[[11.971317,57.872827],[11.970594,57.872674],[11.970476,57.872672],[11.969343,57.872416]]}},{"type":"Feature","properties":{"mode":"bus","n":8,"arr":["302","307","308","309","401","914","KV1","KV3"],"lines":"302, 307, 308, 309, 401, 914, 1, 3"},"geometry":{"type":"LineString","coordinates":[[11.973489,57.873285],[11.973833,57.873426]]}},{"type":"Feature","properties":{"mode":"bus","n":8,"arr":["302","307","308","309","401","914","KV1","KV3"],"lines":"302, 307, 308, 309, 401, 914, 1, 3"},"geometry":{"type":"LineString","coordinates":[[11.976478,57.874117],[11.975722,57.873892],[11.975523,57.873809]]}},{"type":"Feature","properties":{"mode":"bus","n":6,"arr":["302","308","309","401","KV3","X4"],"lines":"302, 308, 309, 401, 3, X4"},"geometry":{"type":"LineString","coordinates":[[11.975523,57.873809],[11.975762,57.87383],[11.975946,57.873872],[11.976567,57.874057]]}},{"type":"Feature","properties":{"mode":"bus","n":5,"arr":["302","307","309","KV1","X40"],"lines":"302, 307, 309, 1, X40"},"geometry":{"type":"LineString","coordinates":[[11.973438,57.876663],[11.973311,57.876766]]}},{"type":"Feature","properties":{"mode":"bus","n":5,"arr":["302","303","319","KV1","KV2"],"lines":"302, 303, 319, 1, 2"},"geometry":{"type":"LineString","coordinates":[[11.944678,57.870662],[11.948024,57.871476],[11.948683,57.871685],[11.949253,57.87191]]}},{"type":"Feature","properties":{"mode":"bus","n":5,"arr":["302","303","319","KV1","KV2"],"lines":"302, 303, 319, 1, 2"},"geometry":{"type":"LineString","coordinates":[[11.94477,57.870562],[11.948005,57.871336],[11.948711,57.871544],[11.949402,57.871803]]}},{"type":"Feature","properties":{"mode":"bus","n":5,"arr":["302","303","903","KV1","KV2"],"lines":"302, 303, 903, 1, 2"},"geometry":{"type":"LineString","coordinates":[[11.925168,57.864998],[11.925468,57.864949],[11.927877,57.864392],[11.928052,57.864377],[11.928803,57.864229],[11.929231,57.864181],[11.929814,57.864161],[11.930586,57.864214],[11.931147,57.864306],[11.932003,57.864524],[11.932553,57.86471],[11.933159,57.864955],[11.934942,57.865808],[11.936147,57.866417],[11.938034,57.867438],[11.94069,57.868995],[11.942069,57.869715],[11.943413,57.870272],[11.944568,57.87063]]}},{"type":"Feature","properties":{"mode":"bus","n":9,"arr":["302","303","903","920","921","926","928","KV1","KV2"],"lines":"302, 303, 903, 920, 921, 926, 928, 1, 2"},"geometry":{"type":"LineString","coordinates":[[11.918201,57.862653],[11.918616,57.862619],[11.919445,57.862636],[11.919483,57.862632],[11.919509,57.862621],[11.919523,57.862601],[11.919554,57.862495],[11.919568,57.862475],[11.919594,57.862464],[11.919632,57.862462],[11.921506,57.862552],[11.921872,57.862548],[11.922198,57.862496],[11.922909,57.862312]]}},{"type":"Feature","properties":{"mode":"bus","n":6,"arr":["302","303","903","921","KV1","KV2"],"lines":"302, 303, 903, 921, 1, 2"},"geometry":{"type":"LineString","coordinates":[[11.918137,57.862666],[11.918201,57.862653]]}},{"type":"Feature","properties":{"mode":"bus","n":8,"arr":["302","303","903","920","921","928","KV1","KV2"],"lines":"302, 303, 903, 920, 921, 928, 1, 2"},"geometry":{"type":"LineString","coordinates":[[11.918641,57.862855],[11.918247,57.862852],[11.918193,57.862844],[11.918152,57.862824],[11.918124,57.8628],[11.918102,57.862772],[11.918104,57.862741],[11.918137,57.862666]]}},{"type":"Feature","properties":{"mode":"bus","n":7,"arr":["302","303","920","921","928","KV1","KV2"],"lines":"302, 303, 920, 921, 928, 1, 2"},"geometry":{"type":"LineString","coordinates":[[11.919512,57.862637],[11.919493,57.862719],[11.919481,57.862739],[11.919457,57.862752],[11.919421,57.862759],[11.919301,57.862769],[11.91904,57.862825],[11.918641,57.862855]]}},{"type":"Feature","properties":{"mode":"bus","n":7,"arr":["303","307","308","309","319","401","X4"],"lines":"303, 307, 308, 309, 319, 401, X4"},"geometry":{"type":"LineString","coordinates":[[11.968207,57.871561],[11.968332,57.871591]]}},{"type":"Feature","properties":{"mode":"bus","n":5,"arr":["303","921","926","928","KV2"],"lines":"303, 921, 926, 928, 2"},"geometry":{"type":"LineString","coordinates":[[11.908757,57.8536],[11.909515,57.853583],[11.910045,57.853609],[11.910445,57.853648],[11.911119,57.853755],[11.911464,57.853824],[11.912129,57.854025],[11.91262,57.854226],[11.913005,57.854418],[11.913328,57.854619],[11.91552,57.856172],[11.916534,57.856921],[11.917631,57.857802],[11.91804,57.858054],[11.918199,57.858202],[11.918388,57.858462],[11.920484,57.860297],[11.921711,57.86122],[11.922667,57.862058],[11.922909,57.862312]]}},{"type":"Feature","properties":{"mode":"bus","n":6,"arr":["307","308","401","914","KV1","KV3"],"lines":"307, 308, 401, 914, 1, 3"},"geometry":{"type":"LineString","coordinates":[[11.976478,57.874117],[11.976661,57.874159]]}},{"type":"Feature","properties":{"mode":"bus","n":5,"arr":["307","309","319","911","917"],"lines":"307, 309, 319, 911, 917"},"geometry":{"type":"LineString","coordinates":[[11.924555,57.905],[11.925218,57.904424]]}},{"type":"Feature","properties":{"mode":"bus","n":6,"arr":["307","309","319","911","913","917"],"lines":"307, 309, 319, 911, 913, 917"},"geometry":{"type":"LineString","coordinates":[[11.925218,57.904424],[11.92828,57.901759]]}},{"type":"Feature","properties":{"mode":"bus","n":6,"arr":["307","309","319","911","917","925"],"lines":"307, 309, 319, 911, 917, 925"},"geometry":{"type":"LineString","coordinates":[[11.924173,57.90534],[11.924555,57.905]]}},{"type":"Feature","properties":{"mode":"bus","n":7,"arr":["307","309","911","912","913","917","925"],"lines":"307, 309, 911, 912, 913, 917, 925"},"geometry":{"type":"LineString","coordinates":[[11.925166,57.905422],[11.925908,57.905335],[11.92614,57.905287]]}},{"type":"Feature","properties":{"mode":"bus","n":7,"arr":["307","309","911","912","913","917","925"],"lines":"307, 309, 911, 912, 913, 917, 925"},"geometry":{"type":"LineString","coordinates":[[11.927527,57.905001],[11.927435,57.904945],[11.927388,57.904926],[11.92733,57.904923],[11.927212,57.90493]]}},{"type":"Feature","properties":{"mode":"bus","n":6,"arr":["307","309","911","912","917","925"],"lines":"307, 309, 911, 912, 917, 925"},"geometry":{"type":"LineString","coordinates":[[11.924173,57.90534],[11.924822,57.905423],[11.925166,57.905422]]}},{"type":"Feature","properties":{"mode":"bus","n":6,"arr":["309","911","912","913","917","925"],"lines":"309, 911, 912, 913, 917, 925"},"geometry":{"type":"LineString","coordinates":[[11.927527,57.905001],[11.92614,57.905287]]}},{"type":"Feature","properties":{"mode":"bus","n":5,"arr":["319","911","912","917","925"],"lines":"319, 911, 912, 917, 925"},"geometry":{"type":"LineString","coordinates":[[11.923713,57.905726],[11.924173,57.90534]]}},{"type":"Feature","properties":{"mode":"bus","n":5,"arr":["501","502","503","517","X1"],"lines":"501, 502, 503, 517, X1"},"geometry":{"type":"LineString","coordinates":[[12.100617,57.736646],[12.100943,57.73671]]}},{"type":"Feature","properties":{"mode":"bus","n":8,"arr":["501","502","511","512","514","516","517","X1"],"lines":"501, 502, 511, 512, 514, 516, 517, X1"},"geometry":{"type":"LineString","coordinates":[[12.100943,57.73671],[12.100767,57.736766]]}},{"type":"Feature","properties":{"mode":"bus","n":5,"arr":["501","502","513","X1","X5"],"lines":"501, 502, 513, X1, X5"},"geometry":{"type":"LineString","coordinates":[[12.008729,57.723321],[12.008194,57.723154]]}},{"type":"Feature","properties":{"mode":"bus","n":5,"arr":["503","511","512","516","517"],"lines":"503, 511, 512, 516, 517"},"geometry":{"type":"LineString","coordinates":[[12.100943,57.73671],[12.101631,57.736842],[12.102031,57.736871]]}},{"type":"Feature","properties":{"mode":"bus","n":5,"arr":["503","511","512","516","517"],"lines":"503, 511, 512, 516, 517"},"geometry":{"type":"LineString","coordinates":[[12.10268,57.736872],[12.102422,57.736928],[12.102061,57.736956],[12.101604,57.736939],[12.101294,57.736885]]}},{"type":"Feature","properties":{"mode":"bus","n":10,"arr":["510","511","512","513","514","515","516","517","519","X1"],"lines":"510, 511, 512, 513, 514, 515, 516, 517, 519, X1"},"geometry":{"type":"LineString","coordinates":[[12.104464,57.738023],[12.103552,57.737787],[12.103357,57.737712]]}},{"type":"Feature","properties":{"mode":"bus","n":11,"arr":["510","511","512","513","514","515","516","517","519","LERS","X1"],"lines":"510, 511, 512, 513, 514, 515, 516, 517, 519, LERS, X1"},"geometry":{"type":"LineString","coordinates":[[12.103357,57.737712],[12.100978,57.737252]]}},{"type":"Feature","properties":{"mode":"bus","n":9,"arr":["510","511","512","513","514","515","516","517","519"],"lines":"510, 511, 512, 513, 514, 515, 516, 517, 519"},"geometry":{"type":"LineString","coordinates":[[12.098991,57.737558],[12.099085,57.737561],[12.099114,57.737559],[12.099134,57.737551],[12.099145,57.737536],[12.099173,57.737459],[12.099284,57.737356],[12.099474,57.737261],[12.099684,57.737203],[12.100132,57.737175],[12.100714,57.737213],[12.100978,57.737252]]}},{"type":"Feature","properties":{"mode":"bus","n":5,"arr":["511","611","612","620","X6"],"lines":"511, 611, 612, 620, X6"},"geometry":{"type":"LineString","coordinates":[[12.213628,57.686054],[12.21345,57.685999]]}},{"type":"Feature","properties":{"mode":"bus","n":5,"arr":["511","611","612","620","X6"],"lines":"511, 611, 612, 620, X6"},"geometry":{"type":"LineString","coordinates":[[12.213259,57.685933],[12.212844,57.68575],[12.212787,57.685612],[12.212784,57.685596],[12.212792,57.685585],[12.21281,57.685577],[12.212839,57.685573],[12.214605,57.685454],[12.214635,57.685455],[12.214656,57.68546],[12.214668,57.685471],[12.214673,57.685486],[12.214685,57.685869],[12.214671,57.685901],[12.214629,57.685924],[12.214444,57.685985],[12.213901,57.686102]]}},{"type":"Feature","properties":{"mode":"bus","n":6,"arr":["516","601","751","HA2","X4","X90"],"lines":"516, 601, 751, 2, X4, X90"},"geometry":{"type":"LineString","coordinates":[[12.11737,57.657157],[12.117949,57.657287]]}},{"type":"Feature","properties":{"mode":"bus","n":8,"arr":["516","601","611","751","HA1","HA2","X4","X90"],"lines":"516, 601, 611, 751, 1, 2, X4, X90"},"geometry":{"type":"LineString","coordinates":[[12.117975,57.657241],[12.117981,57.657188]]}},{"type":"Feature","properties":{"mode":"bus","n":7,"arr":["516","601","611","751","HA2","X4","X90"],"lines":"516, 601, 611, 751, 2, X4, X90"},"geometry":{"type":"LineString","coordinates":[[12.117981,57.657188],[12.117758,57.656999],[12.117557,57.656934]]}},{"type":"Feature","properties":{"mode":"bus","n":8,"arr":["516","611","751","HA1","HA2","HA3","X4","X90"],"lines":"516, 611, 751, 1, 2, 3, X4, X90"},"geometry":{"type":"LineString","coordinates":[[12.117849,57.657547],[12.116604,57.657319]]}},{"type":"Feature","properties":{"mode":"bus","n":7,"arr":["530","531","535","536","537","538","539"],"lines":"530, 531, 535, 536, 537, 538, 539"},"geometry":{"type":"LineString","coordinates":[[12.26797,57.770043],[12.269105,57.76887]]}},{"type":"Feature","properties":{"mode":"bus","n":6,"arr":["611","751","HA1","HA2","HA3","X4"],"lines":"611, 751, 1, 2, 3, X4"},"geometry":{"type":"LineString","coordinates":[[12.11792,57.657334],[12.117949,57.657287]]}},{"type":"Feature","properties":{"mode":"bus","n":7,"arr":["751","753","755","758","760","764","X90"],"lines":"751, 753, 755, 758, 760, 764, X90"},"geometry":{"type":"LineString","coordinates":[[12.018555,57.655603],[12.017865,57.655384],[12.017729,57.655215]]}},{"type":"Feature","properties":{"mode":"bus","n":5,"arr":["751","HA1","HA2","HA3","X4"],"lines":"751, 1, 2, 3, X4"},"geometry":{"type":"LineString","coordinates":[[12.117873,57.657418],[12.11792,57.657334]]}},{"type":"Feature","properties":{"mode":"bus","n":5,"arr":["X2","X4","X40","X76","X77"],"lines":"X2, X4, X40, X76, X77"},"geometry":{"type":"LineString","coordinates":[[11.984068,57.731543],[11.985257,57.73372],[11.985945,57.735389],[11.989246,57.744597]]}},{"type":"Feature","properties":{"mode":"bus","n":5,"arr":["X2","X4","X40","X76","X77"],"lines":"X2, X4, X40, X76, X77"},"geometry":{"type":"LineString","coordinates":[[11.991382,57.751036],[11.991481,57.751695],[11.991569,57.752848],[11.991584,57.754961]]}},{"type":"Feature","properties":{"mode":"bus","n":5,"arr":["X2","X4","X40","X76","X77"],"lines":"X2, X4, X40, X76, X77"},"geometry":{"type":"LineString","coordinates":[[11.993121,57.762452],[11.99655,57.77197],[11.9981,57.776378],[11.998648,57.77835],[11.99977,57.783898]]}},{"type":"Feature","properties":{"mode":"bus","n":5,"arr":["X2","X4","X40","X76","X77"],"lines":"X2, X4, X40, X76, X77"},"geometry":{"type":"LineString","coordinates":[[11.999803,57.785562],[11.99838,57.778369],[11.997999,57.776916],[11.997559,57.775586],[11.993019,57.76299],[11.992424,57.761205]]}},{"type":"Feature","properties":{"mode":"bus","n":5,"arr":["X2","X4","X40","X76","X77"],"lines":"X2, X4, X40, X76, X77"},"geometry":{"type":"LineString","coordinates":[[11.991374,57.755392],[11.991286,57.751991],[11.991313,57.751732],[11.99123,57.751302]]}},{"type":"Feature","properties":{"mode":"tram","n":5,"arr":["1","3","6","8","X"],"lines":"1, 3, 6, 8, X"},"geometry":{"type":"LineString","coordinates":[[12.004338,57.715969],[12.004079,57.715634],[12.003685,57.715331],[12.00324,57.715123],[12.002934,57.715029],[12.002616,57.714963],[12.001427,57.714837],[11.999702,57.714714],[11.998333,57.714588],[11.996219,57.714228],[11.994157,57.713972],[11.993745,57.71397],[11.992965,57.71405],[11.992697,57.714024],[11.992466,57.713951],[11.992176,57.713798],[11.991218,57.712968]]}},{"type":"Feature","properties":{"mode":"tram","n":8,"arr":["1","3","4","7","9","11","12","13"],"lines":"1, 3, 4, 7, 9, 11, 12, 13"},"geometry":{"type":"LineString","coordinates":[[11.976689,57.707592],[11.975092,57.707575]]}},{"type":"Feature","properties":{"mode":"tram","n":5,"arr":["1","2","4","6","7"],"lines":"1, 2, 4, 6, 7"},"geometry":{"type":"LineString","coordinates":[[11.971685,57.707375],[11.971517,57.707099],[11.971349,57.706995],[11.96986,57.706741],[11.968635,57.706561]]}},{"type":"Feature","properties":{"mode":"tram","n":6,"arr":["1","2","6","9","11","13"],"lines":"1, 2, 6, 9, 11, 13"},"geometry":{"type":"LineString","coordinates":[[11.967698,57.706411],[11.96333,57.705731]]}},{"type":"Feature","properties":{"mode":"tram","n":5,"arr":["1","6","9","11","13"],"lines":"1, 6, 9, 11, 13"},"geometry":{"type":"LineString","coordinates":[[11.952353,57.691778],[11.952504,57.692279],[11.952559,57.692621],[11.952561,57.69301],[11.952513,57.693384],[11.952393,57.693778],[11.951169,57.696942],[11.951048,57.697276],[11.951042,57.697409],[11.952039,57.699148],[11.952287,57.699811],[11.952395,57.699892],[11.952519,57.699931],[11.953343,57.70002]]}},{"type":"Feature","properties":{"mode":"tram","n":7,"arr":["1","2","3","6","9","11","13"],"lines":"1, 2, 3, 6, 9, 11, 13"},"geometry":{"type":"LineString","coordinates":[[11.952119,57.688607],[11.95225,57.68911],[11.952254,57.689375],[11.951838,57.690488],[11.951806,57.690691],[11.951861,57.690884],[11.952353,57.691778]]}},{"type":"Feature","properties":{"mode":"tram","n":6,"arr":["1","2","3","9","11","13"],"lines":"1, 2, 3, 9, 11, 13"},"geometry":{"type":"LineString","coordinates":[[11.950618,57.684545],[11.951352,57.685463],[11.951698,57.686112],[11.951811,57.686593],[11.952119,57.688607]]}},{"type":"Feature","properties":{"mode":"tram","n":8,"arr":["1","2","3","7","8","9","11","13"],"lines":"1, 2, 3, 7, 8, 9, 11, 13"},"geometry":{"type":"LineString","coordinates":[[11.934775,57.674391],[11.936313,57.674504],[11.938225,57.674705],[11.938658,57.674805],[11.939072,57.674995],[11.939217,57.675102],[11.939429,57.675359],[11.939731,57.676075],[11.939935,57.676435],[11.940206,57.676796],[11.940541,57.677152],[11.940828,57.677408],[11.941325,57.67778],[11.942475,57.67849],[11.943128,57.678968],[11.943505,57.67931],[11.944675,57.680637],[11.945057,57.680989],[11.945455,57.681249],[11.947465,57.682274],[11.948405,57.682815],[11.949464,57.683546],[11.950087,57.684052],[11.950618,57.684545]]}},{"type":"Feature","properties":{"mode":"tram","n":8,"arr":["1","2","3","7","8","9","11","13"],"lines":"1, 2, 3, 7, 8, 9, 11, 13"},"geometry":{"type":"LineString","coordinates":[[11.934785,57.674353],[11.936325,57.674467],[11.938332,57.674681],[11.93878,57.674802],[11.939187,57.675008],[11.939362,57.675163],[11.939514,57.675377],[11.939768,57.675996],[11.940005,57.676423],[11.940339,57.676855],[11.940618,57.677145],[11.940884,57.677383],[11.941476,57.677816],[11.942761,57.678613],[11.943237,57.678986],[11.943731,57.679465],[11.944851,57.680734],[11.94515,57.680982],[11.945736,57.681346],[11.94778,57.68239],[11.948683,57.682935],[11.949617,57.683592],[11.950222,57.684086],[11.950759,57.684584]]}},{"type":"Feature","properties":{"mode":"tram","n":5,"arr":["1","2","3","9","11"],"lines":"1, 2, 3, 9, 11"},"geometry":{"type":"LineString","coordinates":[[11.950759,57.684584],[11.951536,57.685647],[11.951799,57.686203],[11.952197,57.68862]]}},{"type":"Feature","properties":{"mode":"tram","n":6,"arr":["1","2","3","6","9","11"],"lines":"1, 2, 3, 6, 9, 11"},"geometry":{"type":"LineString","coordinates":[[11.952197,57.68862],[11.952321,57.689083],[11.952317,57.689396],[11.951885,57.690547],[11.951872,57.690726],[11.951936,57.690919],[11.952406,57.691767]]}},{"type":"Feature","properties":{"mode":"tram","n":5,"arr":["1","2","6","9","11"],"lines":"1, 2, 6, 9, 11"},"geometry":{"type":"LineString","coordinates":[[11.963325,57.705701],[11.967732,57.706386]]}},{"type":"Feature","properties":{"mode":"tram","n":6,"arr":["1","2","3","5","6","10"],"lines":"1, 2, 3, 5, 6, 10"},"geometry":{"type":"LineString","coordinates":[[11.968108,57.706658],[11.968049,57.70678]]}},{"type":"Feature","properties":{"mode":"tram","n":7,"arr":["1","3","4","7","9","11","12"],"lines":"1, 3, 4, 7, 9, 11, 12"},"geometry":{"type":"LineString","coordinates":[[11.974659,57.707556],[11.976791,57.707575]]}},{"type":"Feature","properties":{"mode":"tram","n":5,"arr":["2","5","6","10","12"],"lines":"2, 5, 6, 10, 12"},"geometry":{"type":"LineString","coordinates":[[11.963937,57.717991],[11.97062,57.712689],[11.970765,57.712486],[11.970806,57.712205],[11.970709,57.711955],[11.970483,57.711704]]}},{"type":"Feature","properties":{"mode":"tram","n":5,"arr":["2","5","6","10","12"],"lines":"2, 5, 6, 10, 12"},"geometry":{"type":"LineString","coordinates":[[11.970583,57.711701],[11.970789,57.711949],[11.970885,57.7123],[11.97084,57.712496],[11.970674,57.712723],[11.963972,57.718016]]}},{"type":"Feature","properties":{"mode":"tram","n":5,"arr":["2","3","9","11","13"],"lines":"2, 3, 9, 11, 13"},"geometry":{"type":"LineString","coordinates":[[11.925625,57.684859],[11.930445,57.680027],[11.930693,57.679878],[11.931726,57.679479],[11.932022,57.679311],[11.932091,57.679216],[11.932113,57.679086],[11.931812,57.67851],[11.9318,57.678332],[11.93186,57.678135],[11.932106,57.677839],[11.932927,57.67706],[11.933256,57.676675],[11.933549,57.676266],[11.933947,57.675552],[11.93431,57.674541],[11.934466,57.674433],[11.934618,57.674397],[11.934775,57.674391]]}},{"type":"Feature","properties":{"mode":"tram","n":5,"arr":["2","3","9","11","13"],"lines":"2, 3, 9, 11, 13"},"geometry":{"type":"LineString","coordinates":[[11.925585,57.68484],[11.930418,57.679992],[11.930668,57.679851],[11.931748,57.679432],[11.931979,57.679288],[11.932048,57.679165],[11.932047,57.679066],[11.931811,57.678648],[11.931743,57.67843],[11.931823,57.678111],[11.932063,57.677831],[11.932898,57.67703],[11.933204,57.676668],[11.933492,57.676258],[11.933938,57.675403],[11.934238,57.674517],[11.934332,57.674439],[11.934466,57.674384],[11.934785,57.674353]]}},{"type":"Feature","properties":{"mode":"tram","n":5,"arr":["2","9","11","13","X"],"lines":"2, 9, 11, 13, X"},"geometry":{"type":"LineString","coordinates":[[11.900782,57.680071],[11.901632,57.680441],[11.902257,57.680761],[11.902604,57.681006],[11.903388,57.681815],[11.903629,57.681966],[11.90388,57.682058],[11.904227,57.682126],[11.904538,57.682147],[11.905564,57.682057],[11.906029,57.682067],[11.90631,57.682116],[11.908017,57.682553],[11.90851,57.682647],[11.909256,57.682742],[11.910399,57.682851],[11.914804,57.683393],[11.915202,57.683465],[11.915449,57.683549],[11.915702,57.68368],[11.91901,57.685678]]}},{"type":"Feature","properties":{"mode":"tram","n":5,"arr":["3","9","11","12","13"],"lines":"3, 9, 11, 12, 13"},"geometry":{"type":"LineString","coordinates":[[11.975092,57.707575],[11.974657,57.707609]]}},{"type":"Feature","properties":{"mode":"tram","n":5,"arr":["3","9","11","12","13"],"lines":"3, 9, 11, 12, 13"},"geometry":{"type":"LineString","coordinates":[[11.972458,57.707683],[11.972379,57.707671]]}},{"type":"Feature","properties":{"mode":"tram","n":6,"arr":["3","5","9","10","11","13"],"lines":"3, 5, 9, 10, 11, 13"},"geometry":{"type":"LineString","coordinates":[[11.967986,57.706769],[11.968042,57.70666]]}},{"type":"Feature","properties":{"mode":"tram","n":5,"arr":["3","4","5","7","10"],"lines":"3, 4, 5, 7, 10"},"geometry":{"type":"LineString","coordinates":[[11.968272,57.706223],[11.969104,57.704644],[11.969255,57.704416],[11.96942,57.704244],[11.974168,57.700919]]}},{"type":"Feature","properties":{"mode":"tram","n":5,"arr":["3","4","5","7","10"],"lines":"3, 4, 5, 7, 10"},"geometry":{"type":"LineString","coordinates":[[11.974407,57.700802],[11.972083,57.702403],[11.969618,57.704132],[11.969467,57.704263],[11.969177,57.704625],[11.968337,57.706222]]}},{"type":"Feature","properties":{"mode":"tram","n":7,"arr":["4","6","7","8","9","11","X"],"lines":"4, 6, 7, 8, 9, 11, X"},"geometry":{"type":"LineString","coordinates":[[12.004284,57.726944],[12.00402,57.72602]]}},{"type":"Feature","properties":{"mode":"tram","n":5,"arr":["4","6","8","12","13"],"lines":"4, 6, 8, 12, 13"},"geometry":{"type":"LineString","coordinates":[[11.990279,57.693212],[11.989212,57.694231]]}},{"type":"Feature","properties":{"mode":"tram","n":6,"arr":["4","6","7","8","9","11"],"lines":"4, 6, 7, 8, 9, 11"},"geometry":{"type":"LineString","coordinates":[[12.005041,57.724313],[12.004544,57.72469],[12.004287,57.724945],[12.004061,57.72538],[12.004023,57.725641],[12.004041,57.725833],[12.004348,57.726955]]}},{"type":"Feature","properties":{"mode":"tram","n":5,"arr":["6","7","11","X","X#2"],"lines":"6, 7, 11, X, X"},"geometry":{"type":"LineString","coordinates":[[12.037682,57.757754],[12.036912,57.756909],[12.036606,57.756391],[12.03608,57.755123],[12.035731,57.754743],[12.035501,57.754525],[12.035126,57.754271],[12.034375,57.75387],[12.033661,57.753426],[12.032732,57.752572],[12.032362,57.75219],[12.032164,57.751921],[12.031982,57.751548],[12.031161,57.74935],[12.030957,57.748964],[12.029778,57.747203],[12.029654,57.746877],[12.029608,57.746334],[12.029845,57.744937],[12.029933,57.744025],[12.029734,57.742136],[12.029633,57.7416],[12.029515,57.741236],[12.029372,57.74094],[12.029005,57.740384],[12.027252,57.738521],[12.026803,57.737926],[12.026666,57.737589],[12.026537,57.737081],[12.026108,57.735114],[12.02609,57.734683],[12.026311,57.733646],[12.026267,57.733438],[12.026096,57.733206],[12.025894,57.733055],[12.025612,57.732914],[12.022942,57.731941],[12.022341,57.731678],[12.020957,57.730937],[12.020431,57.730725],[12.019932,57.730573],[12.01527,57.729558],[12.010081,57.728468],[12.007587,57.728022],[12.006901,57.727846],[12.006428,57.727756]]}},{"type":"Feature","properties":{"mode":"tram","n":5,"arr":["6","7","8","10","13"],"lines":"6, 7, 8, 10, 13"},"geometry":{"type":"LineString","coordinates":[[11.968736,57.689199],[11.970104,57.689871],[11.97053,57.69001],[11.970788,57.690035],[11.971121,57.690021],[11.971997,57.689821],[11.97229,57.689786],[11.972484,57.689809],[11.973329,57.690103]]}}]}