{"type":"FeatureCollection","features":[{"type":"Feature","geometry":{"type":"Point","coordinates":[12.047166,57.722459]},"properties":{"name":"Östra Sjukhuset","lines":"1E, 515, X5","arr":["1E","515","X5"],"terminus":1,"mode":"bus","color":"#0059a9","colorDark":"#00294f","angle":39.2,"snapDist":5,"label":1}},{"type":"Feature","geometry":{"type":"Point","coordinates":[12.041285,57.724701]},"properties":{"name":"Tingvallsvägen","lines":"1E","arr":["1E"],"terminus":0,"mode":"bus","color":"#0059a9","colorDark":"#00294f","angle":27.1,"snapDist":4,"label":1}},{"type":"Feature","geometry":{"type":"Point","coordinates":[12.034642,57.723451]},"properties":{"name":"Kaggeledstorget","lines":"1E","arr":["1E"],"terminus":0,"mode":"bus","color":"#0059a9","colorDark":"#00294f","angle":301.5,"snapDist":6,"label":1}},{"type":"Feature","geometry":{"type":"Point","coordinates":[12.025235,57.718634]},"properties":{"name":"Munkebäckstorget","lines":"1E","arr":["1E"],"terminus":0,"mode":"bus","color":"#0059a9","colorDark":"#00294f","angle":277,"snapDist":3,"label":1}},{"type":"Feature","geometry":{"type":"Point","coordinates":[12.02098,57.718546]},"properties":{"name":"Härlanda","lines":"1E, 17","arr":["1E","17"],"terminus":0,"mode":"bus","color":"#0059a9","colorDark":"#00294f","angle":340.2,"snapDist":1,"label":1}},{"type":"Feature","geometry":{"type":"Point","coordinates":[12.012475,57.717144]},"properties":{"name":"Stockholmsgatan","lines":"1E","arr":["1E"],"terminus":0,"mode":"bus","color":"#0059a9","colorDark":"#00294f","angle":356.6,"snapDist":6,"label":1}},{"type":"Feature","geometry":{"type":"Point","coordinates":[12.004403,57.716307]},"properties":{"name":"Redbergsplatsen","lines":"1E, 6E, 17, 60, 62","arr":["1E","6E","17","60","62"],"terminus":1,"mode":"bus","color":"#0059a9","colorDark":"#00294f","angle":284,"snapDist":2,"label":1}},{"type":"Feature","geometry":{"type":"Point","coordinates":[12.004805,57.716083]},"properties":{"name":"Redbergsplatsen","lines":"1E, 6E, 17, 60, 62","arr":["1E","6E","17","60","62"],"terminus":1,"mode":"bus","color":"#0059a9","colorDark":"#00294f","angle":149.1,"snapDist":2,"label":0}},{"type":"Feature","geometry":{"type":"Point","coordinates":[12.013779,57.717212]},"properties":{"name":"Stockholmsgatan","lines":"1E","arr":["1E"],"terminus":0,"mode":"bus","color":"#0059a9","colorDark":"#00294f","angle":170.3,"snapDist":7,"label":0}},{"type":"Feature","geometry":{"type":"Point","coordinates":[12.021258,57.718533]},"properties":{"name":"Härlanda","lines":"1E, 17","arr":["1E","17"],"terminus":0,"mode":"bus","color":"#0059a9","colorDark":"#00294f","angle":160.5,"snapDist":4,"label":0}},{"type":"Feature","geometry":{"type":"Point","coordinates":[12.025372,57.719514]},"properties":{"name":"Munkebäckstorget","lines":"1E","arr":["1E"],"terminus":0,"mode":"bus","color":"#0059a9","colorDark":"#00294f","angle":88.3,"snapDist":7,"label":0}},{"type":"Feature","geometry":{"type":"Point","coordinates":[12.034669,57.723475]},"properties":{"name":"Kaggeledstorget","lines":"1E","arr":["1E"],"terminus":0,"mode":"bus","color":"#0059a9","colorDark":"#00294f","angle":121.5,"snapDist":4,"label":0}},{"type":"Feature","geometry":{"type":"Point","coordinates":[12.041172,57.724732]},"properties":{"name":"Tingvallsvägen","lines":"1E","arr":["1E"],"terminus":0,"mode":"bus","color":"#0059a9","colorDark":"#00294f","angle":207.1,"snapDist":5,"label":0}},{"type":"Feature","geometry":{"type":"Point","coordinates":[12.048291,57.72219]},"properties":{"name":"Östra Sjukhuset","lines":"1E","arr":["1E"],"terminus":1,"mode":"bus","color":"#0059a9","colorDark":"#00294f","angle":23.8,"snapDist":2,"label":0}},{"type":"Feature","geometry":{"type":"Point","coordinates":[11.934669,57.694812]},"properties":{"name":"Fjällgatan","lines":"3E","arr":["3E"],"terminus":1,"mode":"bus","color":"#0059a9","colorDark":"#00294f","angle":60.5,"snapDist":1,"label":1}},{"type":"Feature","geometry":{"type":"Point","coordinates":[11.93283,57.696469]},"properties":{"name":"Djurgårdsskolan","lines":"3E, 190","arr":["3E","190"],"terminus":0,"mode":"bus","color":"#0059a9","colorDark":"#00294f","angle":60,"snapDist":2,"label":1}},{"type":"Feature","geometry":{"type":"Point","coordinates":[11.931191,57.697924]},"properties":{"name":"Karl Johansgatan","lines":"3E","arr":["3E"],"terminus":0,"mode":"bus","color":"#0059a9","colorDark":"#00294f","angle":59.6,"snapDist":4,"label":1}},{"type":"Feature","geometry":{"type":"Point","coordinates":[11.953728,57.700605]},"properties":{"name":"Järntorget","lines":"3E","arr":["3E"],"terminus":1,"mode":"bus","color":"#0059a9","colorDark":"#00294f","angle":287.7,"snapDist":6,"label":1}},{"type":"Feature","geometry":{"type":"Point","coordinates":[11.931349,57.697781]},"properties":{"name":"Karl Johansgatan","lines":"3E","arr":["3E"],"terminus":0,"mode":"bus","color":"#0059a9","colorDark":"#00294f","angle":239.1,"snapDist":6,"label":0}},{"type":"Feature","geometry":{"type":"Point","coordinates":[11.932832,57.696374]},"properties":{"name":"Djurgårdsskolan","lines":"3E, 190","arr":["3E","190"],"terminus":0,"mode":"bus","color":"#0059a9","colorDark":"#00294f","angle":240.6,"snapDist":1,"label":0}},{"type":"Feature","geometry":{"type":"Point","coordinates":[12.079256,57.490465]},"properties":{"name":"Kungsbacka station","lines":"4","arr":["4"],"terminus":1,"mode":"bus","color":"#0059a9","colorDark":"#00294f","angle":92.1,"snapDist":5,"label":1}},{"type":"Feature","geometry":{"type":"Point","coordinates":[12.079957,57.497644]},"properties":{"name":"Signeskulle norra","lines":"4, 717, 735","arr":["4","717","735"],"terminus":0,"mode":"bus","color":"#0059a9","colorDark":"#00294f","angle":93.7,"snapDist":3,"label":1}},{"type":"Feature","geometry":{"type":"Point","coordinates":[12.080412,57.503974]},"properties":{"name":"Kraftvägen","lines":"4, 717","arr":["4","717"],"terminus":0,"mode":"bus","color":"#0059a9","colorDark":"#00294f","angle":91.9,"snapDist":5,"label":1}},{"type":"Feature","geometry":{"type":"Point","coordinates":[12.080744,57.508581]},"properties":{"name":"Faktorvägen","lines":"4, 717","arr":["4","717"],"terminus":0,"mode":"bus","color":"#0059a9","colorDark":"#00294f","angle":91.4,"snapDist":2,"label":1}},{"type":"Feature","geometry":{"type":"Point","coordinates":[12.08094,57.51164]},"properties":{"name":"Hedal","lines":"4, 717","arr":["4","717"],"terminus":0,"mode":"bus","color":"#0059a9","colorDark":"#00294f","angle":90.4,"snapDist":2,"label":1}},{"type":"Feature","geometry":{"type":"Point","coordinates":[12.082598,57.513454]},"properties":{"name":"Hede station","lines":"4, 20, 1","arr":["4","20","KB1"],"terminus":1,"mode":"bus","color":"#0059a9","colorDark":"#00294f","angle":196.6,"snapDist":3,"label":1}},{"type":"Feature","geometry":{"type":"Point","coordinates":[12.083477,57.513707]},"properties":{"name":"Hede station","lines":"4, 5, 1","arr":["4","5","KB1"],"terminus":1,"mode":"bus","color":"#0059a9","colorDark":"#00294f","angle":100.3,"snapDist":2,"label":0}},{"type":"Feature","geometry":{"type":"Point","coordinates":[12.080756,57.511607]},"properties":{"name":"Hedal","lines":"4, 717","arr":["4","717"],"terminus":0,"mode":"bus","color":"#0059a9","colorDark":"#00294f","angle":270.5,"snapDist":3,"label":0}},{"type":"Feature","geometry":{"type":"Point","coordinates":[12.080522,57.507432]},"properties":{"name":"Faktorvägen","lines":"4, 717","arr":["4","717"],"terminus":0,"mode":"bus","color":"#0059a9","colorDark":"#00294f","angle":268.4,"snapDist":4,"label":0}},{"type":"Feature","geometry":{"type":"Point","coordinates":[12.080243,57.501464]},"properties":{"name":"Kraftvägen","lines":"4, 717","arr":["4","717"],"terminus":0,"mode":"bus","color":"#0059a9","colorDark":"#00294f","angle":271.1,"snapDist":6,"label":1}},{"type":"Feature","geometry":{"type":"Point","coordinates":[12.07994,57.496668]},"properties":{"name":"Signeskulle norra","lines":"4, 717","arr":["4","717"],"terminus":0,"mode":"bus","color":"#0059a9","colorDark":"#00294f","angle":268.5,"snapDist":6,"label":0}},{"type":"Feature","geometry":{"type":"Point","coordinates":[12.079275,57.489824]},"properties":{"name":"Kungsbacka station","lines":"4, 717, 720, 735","arr":["4","717","720","735"],"terminus":1,"mode":"bus","color":"#0059a9","colorDark":"#00294f","angle":137.1,"snapDist":1,"label":0}},{"type":"Feature","geometry":{"type":"Point","coordinates":[12.048621,57.795475]},"properties":{"name":"Angered Centrum","lines":"4E","arr":["4E"],"terminus":1,"mode":"bus","color":"#0059a9","colorDark":"#00294f","angle":82.7,"snapDist":35,"label":1}},{"type":"Feature","geometry":{"type":"Point","coordinates":[12.046657,57.784575]},"properties":{"name":"Storås","lines":"4E","arr":["4E"],"terminus":0,"mode":"bus","color":"#0059a9","colorDark":"#00294f","angle":331.9,"snapDist":4,"label":1}},{"type":"Feature","geometry":{"type":"Point","coordinates":[12.035467,57.781177]},"properties":{"name":"Hammarkullen","lines":"4E","arr":["4E"],"terminus":0,"mode":"bus","color":"#0059a9","colorDark":"#00294f","angle":180.8,"snapDist":2,"label":1}},{"type":"Feature","geometry":{"type":"Point","coordinates":[12.022587,57.768449]},"properties":{"name":"Hjällbo","lines":"4E, 71, 78, 179","arr":["4E","71","78","179"],"terminus":0,"mode":"bus","color":"#0059a9","colorDark":"#00294f","angle":263.3,"snapDist":2,"label":1}},{"type":"Feature","geometry":{"type":"Point","coordinates":[12.003389,57.72789]},"properties":{"name":"Gamlestads Torg","lines":"4E, 6E, 56, 59, 78, 127, 131, 159, 167, 168, 515","arr":["4E","6E","56","59","78","127","131","159","167","168","515"],"terminus":1,"mode":"bus","color":"#0059a9","colorDark":"#00294f","angle":304.2,"snapDist":4,"label":1}},{"type":"Feature","geometry":{"type":"Point","coordinates":[12.003212,57.727677]},"properties":{"name":"Gamlestads Torg","lines":"4E, 6E","arr":["4E","6E"],"terminus":1,"mode":"bus","color":"#0059a9","colorDark":"#00294f","angle":132.7,"snapDist":6,"label":0}},{"type":"Feature","geometry":{"type":"Point","coordinates":[12.022699,57.768459]},"properties":{"name":"Hjällbo","lines":"4E, 71, 78","arr":["4E","71","78"],"terminus":0,"mode":"bus","color":"#0059a9","colorDark":"#00294f","angle":95.9,"snapDist":1,"label":0}},{"type":"Feature","geometry":{"type":"Point","coordinates":[12.04919,57.796109]},"properties":{"name":"Angered Centrum","lines":"4E","arr":["4E"],"terminus":1,"mode":"bus","color":"#0059a9","colorDark":"#00294f","angle":110.9,"snapDist":22,"label":0}},{"type":"Feature","geometry":{"type":"Point","coordinates":[12.081211,57.517213]},"properties":{"name":"Björkrisvägen","lines":"5, 717","arr":["5","717"],"terminus":0,"mode":"bus","color":"#0059a9","colorDark":"#00294f","angle":91.8,"snapDist":6,"label":1}},{"type":"Feature","geometry":{"type":"Point","coordinates":[12.081327,57.519904]},"properties":{"name":"Björkris norra","lines":"5","arr":["5"],"terminus":0,"mode":"bus","color":"#0059a9","colorDark":"#00294f","angle":90.7,"snapDist":9,"label":1}},{"type":"Feature","geometry":{"type":"Point","coordinates":[12.081325,57.519835]},"properties":{"name":"Björkris norra","lines":"5, 717","arr":["5","717"],"terminus":0,"mode":"bus","color":"#0059a9","colorDark":"#00294f","angle":270.7,"snapDist":2,"label":0}},{"type":"Feature","geometry":{"type":"Point","coordinates":[12.08117,57.516168]},"properties":{"name":"Björkrisvägen","lines":"5, 717","arr":["5","717"],"terminus":0,"mode":"bus","color":"#0059a9","colorDark":"#00294f","angle":-86.3,"snapDist":6,"label":0}},{"type":"Feature","geometry":{"type":"Point","coordinates":[12.007668,57.726919]},"properties":{"name":"Kristinedal","lines":"6E, 21, 173, 510, 515","arr":["6E","21","173","510","515"],"terminus":0,"mode":"bus","color":"#0059a9","colorDark":"#00294f","angle":277.7,"snapDist":9,"label":1}},{"type":"Feature","geometry":{"type":"Point","coordinates":[12.006007,57.720834]},"properties":{"name":"Ejdergatan","lines":"6E","arr":["6E"],"terminus":0,"mode":"bus","color":"#0059a9","colorDark":"#00294f","angle":278.9,"snapDist":11,"label":1}},{"type":"Feature","geometry":{"type":"Point","coordinates":[11.998659,57.714622]},"properties":{"name":"Olskrokstorget","lines":"6E, 17","arr":["6E","17"],"terminus":0,"mode":"bus","color":"#0059a9","colorDark":"#00294f","angle":351.5,"snapDist":1,"label":1}},{"type":"Feature","geometry":{"type":"Point","coordinates":[11.990468,57.712832]},"properties":{"name":"Svingeln","lines":"6E, 17, 21, X1, X3, X5","arr":["6E","17","21","X1","X3","X5"],"terminus":1,"mode":"bus","color":"#0059a9","colorDark":"#00294f","angle":301.3,"snapDist":7,"label":1}},{"type":"Feature","geometry":{"type":"Point","coordinates":[11.991473,57.713552]},"properties":{"name":"Svingeln","lines":"6E, 17","arr":["6E","17"],"terminus":1,"mode":"bus","color":"#0059a9","colorDark":"#00294f","angle":128.4,"snapDist":3,"label":0}},{"type":"Feature","geometry":{"type":"Point","coordinates":[11.999494,57.714662]},"properties":{"name":"Olskrokstorget","lines":"6E, 17","arr":["6E","17"],"terminus":0,"mode":"bus","color":"#0059a9","colorDark":"#00294f","angle":170.1,"snapDist":0,"label":0}},{"type":"Feature","geometry":{"type":"Point","coordinates":[12.006069,57.721041]},"properties":{"name":"Ejdergatan","lines":"6E","arr":["6E"],"terminus":0,"mode":"bus","color":"#0059a9","colorDark":"#00294f","angle":-80.5,"snapDist":7,"label":0}},{"type":"Feature","geometry":{"type":"Point","coordinates":[12.007856,57.726976]},"properties":{"name":"Kristinedal","lines":"6E, 21, 173, 510, 515","arr":["6E","21","173","510","515"],"terminus":0,"mode":"bus","color":"#0059a9","colorDark":"#00294f","angle":98.9,"snapDist":7,"label":0}},{"type":"Feature","geometry":{"type":"Point","coordinates":[12.072353,57.750572]},"properties":{"name":"Komettorget","lines":"11E, 56, 74, 159","arr":["11E","56","74","159"],"terminus":1,"mode":"bus","color":"#0059a9","colorDark":"#00294f","angle":356.7,"snapDist":6,"label":1}},{"type":"Feature","geometry":{"type":"Point","coordinates":[12.072435,57.757101]},"properties":{"name":"Rymdtorget Buss","lines":"11E, 21, 57, 74, 159","arr":["11E","21","57","74","159"],"terminus":1,"mode":"bus","color":"#0059a9","colorDark":"#00294f","angle":266.2,"snapDist":4,"label":1}},{"type":"Feature","geometry":{"type":"Point","coordinates":[12.060447,57.760977]},"properties":{"name":"Teleskopgatan","lines":"11E, 57","arr":["11E","57"],"terminus":0,"mode":"bus","color":"#0059a9","colorDark":"#00294f","angle":271.3,"snapDist":3,"label":1}},{"type":"Feature","geometry":{"type":"Point","coordinates":[12.051076,57.760881]},"properties":{"name":"Gärdsås Torg","lines":"11E, 57","arr":["11E","57"],"terminus":1,"mode":"bus","color":"#0059a9","colorDark":"#00294f","angle":23.7,"snapDist":3,"label":1}},{"type":"Feature","geometry":{"type":"Point","coordinates":[12.040727,57.761254]},"properties":{"name":"Aprilgatan","lines":"11E, 159","arr":["11E","159"],"terminus":0,"mode":"bus","color":"#0059a9","colorDark":"#00294f","angle":280.5,"snapDist":4,"label":1}},{"type":"Feature","geometry":{"type":"Point","coordinates":[12.036093,57.757768]},"properties":{"name":"Allhelgonakyrkan","lines":"11E, 159","arr":["11E","159"],"terminus":0,"mode":"bus","color":"#0059a9","colorDark":"#00294f","angle":276,"snapDist":4,"label":1}},{"type":"Feature","geometry":{"type":"Point","coordinates":[12.032659,57.753024]},"properties":{"name":"Kortedala Torg","lines":"11E, 159","arr":["11E","159"],"terminus":0,"mode":"bus","color":"#0059a9","colorDark":"#00294f","angle":309.5,"snapDist":5,"label":1}},{"type":"Feature","geometry":{"type":"Point","coordinates":[12.030226,57.747187]},"properties":{"name":"Runstavsgatan","lines":"11E, 159","arr":["11E","159"],"terminus":0,"mode":"bus","color":"#0059a9","colorDark":"#00294f","angle":224.9,"snapDist":4,"label":1}},{"type":"Feature","geometry":{"type":"Point","coordinates":[12.02735,57.742552]},"properties":{"name":"Nymånegatan","lines":"11E, 21, 159","arr":["11E","21","159"],"terminus":1,"mode":"bus","color":"#0059a9","colorDark":"#00294f","angle":323.9,"snapDist":4,"label":1}},{"type":"Feature","geometry":{"type":"Point","coordinates":[12.027691,57.742576]},"properties":{"name":"Nymånegatan","lines":"11E, 21","arr":["11E","21"],"terminus":1,"mode":"bus","color":"#0059a9","colorDark":"#00294f","angle":143.4,"snapDist":5,"label":0}},{"type":"Feature","geometry":{"type":"Point","coordinates":[12.029955,57.747252]},"properties":{"name":"Runstavsgatan","lines":"11E","arr":["11E"],"terminus":0,"mode":"bus","color":"#0059a9","colorDark":"#00294f","angle":15.6,"snapDist":1,"label":0}},{"type":"Feature","geometry":{"type":"Point","coordinates":[12.032704,57.753055]},"properties":{"name":"Kortedala Torg","lines":"11E","arr":["11E"],"terminus":0,"mode":"bus","color":"#0059a9","colorDark":"#00294f","angle":127.8,"snapDist":4,"label":0}},{"type":"Feature","geometry":{"type":"Point","coordinates":[12.035909,57.756655]},"properties":{"name":"Allhelgonakyrkan","lines":"11E","arr":["11E"],"terminus":0,"mode":"bus","color":"#0059a9","colorDark":"#00294f","angle":88.5,"snapDist":7,"label":0}},{"type":"Feature","geometry":{"type":"Point","coordinates":[12.041824,57.761483]},"properties":{"name":"Aprilgatan","lines":"11E","arr":["11E"],"terminus":0,"mode":"bus","color":"#0059a9","colorDark":"#00294f","angle":226.3,"snapDist":3,"label":0}},{"type":"Feature","geometry":{"type":"Point","coordinates":[12.047827,57.722319]},"properties":{"name":"Östra Sjukhuset","lines":"17","arr":["17"],"terminus":1,"mode":"bus","color":"#0059a9","colorDark":"#00294f","angle":31.4,"snapDist":2,"label":0}},{"type":"Feature","geometry":{"type":"Point","coordinates":[12.055341,57.719936]},"properties":{"name":"Smörslottsgatan","lines":"17","arr":["17"],"terminus":0,"mode":"bus","color":"#0059a9","colorDark":"#00294f","angle":289.4,"snapDist":5,"label":1}},{"type":"Feature","geometry":{"type":"Point","coordinates":[12.055258,57.715607]},"properties":{"name":"Spåntorget","lines":"17","arr":["17"],"terminus":0,"mode":"bus","color":"#0059a9","colorDark":"#00294f","angle":278.9,"snapDist":2,"label":1}},{"type":"Feature","geometry":{"type":"Point","coordinates":[12.053098,57.715457]},"properties":{"name":"Trätorget","lines":"17","arr":["17"],"terminus":0,"mode":"bus","color":"#0059a9","colorDark":"#00294f","angle":18.8,"snapDist":4,"label":1}},{"type":"Feature","geometry":{"type":"Point","coordinates":[12.047386,57.71449]},"properties":{"name":"Stabbetorget","lines":"17","arr":["17"],"terminus":0,"mode":"bus","color":"#0059a9","colorDark":"#00294f","angle":343.7,"snapDist":3,"label":1}},{"type":"Feature","geometry":{"type":"Point","coordinates":[12.039518,57.714515]},"properties":{"name":"Studiegången","lines":"17","arr":["17"],"terminus":0,"mode":"bus","color":"#0059a9","colorDark":"#00294f","angle":86.7,"snapDist":7,"label":1}},{"type":"Feature","geometry":{"type":"Point","coordinates":[12.041277,57.717106]},"properties":{"name":"Bovallstrandsgatan","lines":"17","arr":["17"],"terminus":0,"mode":"bus","color":"#0059a9","colorDark":"#00294f","angle":102.7,"snapDist":6,"label":1}},{"type":"Feature","geometry":{"type":"Point","coordinates":[12.033173,57.71783]},"properties":{"name":"Qvidingsgatan","lines":"17","arr":["17"],"terminus":0,"mode":"bus","color":"#0059a9","colorDark":"#00294f","angle":6.7,"snapDist":8,"label":1}},{"type":"Feature","geometry":{"type":"Point","coordinates":[12.027515,57.718008]},"properties":{"name":"Munkebäckstorget","lines":"17","arr":["17"],"terminus":0,"mode":"bus","color":"#0059a9","colorDark":"#00294f","angle":7.1,"snapDist":7,"label":0}},{"type":"Feature","geometry":{"type":"Point","coordinates":[11.974836,57.708665]},"properties":{"name":"Drottningtorget","lines":"17, 21, X5, X6","arr":["17","21","X5","X6"],"terminus":0,"mode":"bus","color":"#0059a9","colorDark":"#00294f","angle":343.8,"snapDist":4,"label":0}},{"type":"Feature","geometry":{"type":"Point","coordinates":[11.971164,57.709322]},"properties":{"name":"Nils Ericsonsplatsen","lines":"17, X1, X4","arr":["17","X1","X4"],"terminus":0,"mode":"bus","color":"#0059a9","colorDark":"#00294f","angle":73.6,"snapDist":4,"label":0}},{"type":"Feature","geometry":{"type":"Point","coordinates":[11.953363,57.72069]},"properties":{"name":"Hjalmar Brantingsplatsen","lines":"17, 25, 44, 47, X76","arr":["17","25","44","47","X76"],"terminus":1,"mode":"bus","color":"#0059a9","colorDark":"#00294f","angle":10,"snapDist":8,"label":1}},{"type":"Feature","geometry":{"type":"Point","coordinates":[11.94533,57.721474]},"properties":{"name":"Vågmästareplatsen","lines":"17, 29, 135, 137","arr":["17","29","135","137"],"terminus":0,"mode":"bus","color":"#0059a9","colorDark":"#00294f","angle":91.9,"snapDist":4,"label":1}},{"type":"Feature","geometry":{"type":"Point","coordinates":[11.945727,57.726489]},"properties":{"name":"Swedenborgsplatsen","lines":"17, 135, 137","arr":["17","135","137"],"terminus":0,"mode":"bus","color":"#0059a9","colorDark":"#00294f","angle":93.4,"snapDist":2,"label":1}},{"type":"Feature","geometry":{"type":"Point","coordinates":[11.944717,57.729335]},"properties":{"name":"Björnsonsgatan","lines":"17, 135, 137","arr":["17","135","137"],"terminus":0,"mode":"bus","color":"#0059a9","colorDark":"#00294f","angle":74.2,"snapDist":6,"label":1}},{"type":"Feature","geometry":{"type":"Point","coordinates":[11.942515,57.732397]},"properties":{"name":"Hildedalsgatan","lines":"17, 135, 137","arr":["17","135","137"],"terminus":0,"mode":"bus","color":"#0059a9","colorDark":"#00294f","angle":70.5,"snapDist":3,"label":1}},{"type":"Feature","geometry":{"type":"Point","coordinates":[11.942064,57.734733]},"properties":{"name":"Bäckedalsvägen","lines":"17, 35, 37, 135, 137, 145","arr":["17","35","37","135","137","145"],"terminus":0,"mode":"bus","color":"#0059a9","colorDark":"#00294f","angle":91.6,"snapDist":5,"label":1}},{"type":"Feature","geometry":{"type":"Point","coordinates":[11.94036,57.742053]},"properties":{"name":"Grimbo","lines":"17, 35, 37, 135, 137, 145","arr":["17","35","37","135","137","145"],"terminus":1,"mode":"bus","color":"#0059a9","colorDark":"#00294f","angle":80.4,"snapDist":6,"label":1}},{"type":"Feature","geometry":{"type":"Point","coordinates":[11.933199,57.748958]},"properties":{"name":"Gunnesgärde","lines":"17, 44","arr":["17","44"],"terminus":0,"mode":"bus","color":"#0059a9","colorDark":"#00294f","angle":24.4,"snapDist":4,"label":1}},{"type":"Feature","geometry":{"type":"Point","coordinates":[11.928469,57.750428]},"properties":{"name":"Brunnehagen","lines":"17, 44","arr":["17","44"],"terminus":0,"mode":"bus","color":"#0059a9","colorDark":"#00294f","angle":91.2,"snapDist":2,"label":1}},{"type":"Feature","geometry":{"type":"Point","coordinates":[11.92845,57.754264]},"properties":{"name":"Tuve Centrum","lines":"17, 44","arr":["17","44"],"terminus":0,"mode":"bus","color":"#0059a9","colorDark":"#00294f","angle":89.6,"snapDist":1,"label":1}},{"type":"Feature","geometry":{"type":"Point","coordinates":[11.924338,57.758051]},"properties":{"name":"Norumsgärde","lines":"17, 44","arr":["17","44"],"terminus":0,"mode":"bus","color":"#0059a9","colorDark":"#00294f","angle":9,"snapDist":4,"label":1}},{"type":"Feature","geometry":{"type":"Point","coordinates":[11.919898,57.756168]},"properties":{"name":"Norumshöjd","lines":"17, 44","arr":["17","44"],"terminus":0,"mode":"bus","color":"#0059a9","colorDark":"#00294f","angle":257.3,"snapDist":6,"label":1}},{"type":"Feature","geometry":{"type":"Point","coordinates":[11.917405,57.752168]},"properties":{"name":"Hinnebäcksgatan","lines":"17","arr":["17"],"terminus":1,"mode":"bus","color":"#0059a9","colorDark":"#00294f","angle":75.5,"snapDist":2,"label":1}},{"type":"Feature","geometry":{"type":"Point","coordinates":[11.919726,57.756587]},"properties":{"name":"Norumshöjd","lines":"17, 44, 145","arr":["17","44","145"],"terminus":0,"mode":"bus","color":"#0059a9","colorDark":"#00294f","angle":76.2,"snapDist":4,"label":0}},{"type":"Feature","geometry":{"type":"Point","coordinates":[11.92463,57.758028]},"properties":{"name":"Norumsgärde","lines":"17, 44, 145","arr":["17","44","145"],"terminus":0,"mode":"bus","color":"#0059a9","colorDark":"#00294f","angle":187.9,"snapDist":3,"label":0}},{"type":"Feature","geometry":{"type":"Point","coordinates":[11.928357,57.754225]},"properties":{"name":"Tuve Centrum","lines":"17, 44, 145","arr":["17","44","145"],"terminus":0,"mode":"bus","color":"#0059a9","colorDark":"#00294f","angle":268.1,"snapDist":1,"label":0}},{"type":"Feature","geometry":{"type":"Point","coordinates":[11.928376,57.750316]},"properties":{"name":"Brunnehagen","lines":"17, 44, 145","arr":["17","44","145"],"terminus":0,"mode":"bus","color":"#0059a9","colorDark":"#00294f","angle":271.2,"snapDist":0,"label":0}},{"type":"Feature","geometry":{"type":"Point","coordinates":[11.933384,57.748861]},"properties":{"name":"Gunnesgärde","lines":"17, 44, 145","arr":["17","44","145"],"terminus":0,"mode":"bus","color":"#0059a9","colorDark":"#00294f","angle":205.6,"snapDist":4,"label":0}},{"type":"Feature","geometry":{"type":"Point","coordinates":[11.940235,57.741775]},"properties":{"name":"Grimbo","lines":"17, 35, 37, 135, 137, 145","arr":["17","35","37","135","137","145"],"terminus":0,"mode":"bus","color":"#0059a9","colorDark":"#00294f","angle":259.4,"snapDist":5,"label":0}},{"type":"Feature","geometry":{"type":"Point","coordinates":[11.941817,57.734783]},"properties":{"name":"Bäckedalsvägen","lines":"17, 135, 137, 145","arr":["17","135","137","145"],"terminus":0,"mode":"bus","color":"#0059a9","colorDark":"#00294f","angle":262.6,"snapDist":6,"label":0}},{"type":"Feature","geometry":{"type":"Point","coordinates":[11.9425,57.732225]},"properties":{"name":"Hildedalsgatan","lines":"17, 135, 137","arr":["17","135","137"],"terminus":0,"mode":"bus","color":"#0059a9","colorDark":"#00294f","angle":254,"snapDist":5,"label":0}},{"type":"Feature","geometry":{"type":"Point","coordinates":[11.944725,57.729319]},"properties":{"name":"Björnsonsgatan","lines":"17, 135, 137","arr":["17","135","137"],"terminus":0,"mode":"bus","color":"#0059a9","colorDark":"#00294f","angle":254.2,"snapDist":8,"label":0}},{"type":"Feature","geometry":{"type":"Point","coordinates":[11.945557,57.725993]},"properties":{"name":"Swedenborgsplatsen","lines":"17, 29, 135, 137","arr":["17","29","135","137"],"terminus":0,"mode":"bus","color":"#0059a9","colorDark":"#00294f","angle":271.9,"snapDist":6,"label":0}},{"type":"Feature","geometry":{"type":"Point","coordinates":[11.945168,57.721455]},"properties":{"name":"Vågmästareplatsen","lines":"17","arr":["17"],"terminus":0,"mode":"bus","color":"#0059a9","colorDark":"#00294f","angle":273,"snapDist":3,"label":0}},{"type":"Feature","geometry":{"type":"Point","coordinates":[11.952436,57.720731]},"properties":{"name":"Hjalmar Brantingsplatsen","lines":"17, 25, 29, 99, 128, 129, 135, 137, 141","arr":["17","25","29","99","128","129","135","137","141"],"terminus":1,"mode":"bus","color":"#0059a9","colorDark":"#00294f","angle":183.8,"snapDist":5,"label":0}},{"type":"Feature","geometry":{"type":"Point","coordinates":[11.970843,57.709117]},"properties":{"name":"Nils Ericsonsplatsen","lines":"17, 29, 128, 129, X1, X4","arr":["17","29","128","129","X1","X4"],"terminus":1,"mode":"bus","color":"#0059a9","colorDark":"#00294f","angle":261.6,"snapDist":2,"label":1}},{"type":"Feature","geometry":{"type":"Point","coordinates":[11.975176,57.708659]},"properties":{"name":"Drottningtorget","lines":"17, 21, 141, X5, X6","arr":["17","21","141","X5","X6"],"terminus":1,"mode":"bus","color":"#0059a9","colorDark":"#00294f","angle":164.8,"snapDist":4,"label":1}},{"type":"Feature","geometry":{"type":"Point","coordinates":[12.027959,57.717991]},"properties":{"name":"Munkebäckstorget","lines":"17","arr":["17"],"terminus":0,"mode":"bus","color":"#0059a9","colorDark":"#00294f","angle":179.6,"snapDist":5,"label":0}},{"type":"Feature","geometry":{"type":"Point","coordinates":[12.034245,57.717803]},"properties":{"name":"Qvidingsgatan","lines":"17","arr":["17"],"terminus":0,"mode":"bus","color":"#0059a9","colorDark":"#00294f","angle":183.5,"snapDist":5,"label":0}},{"type":"Feature","geometry":{"type":"Point","coordinates":[12.04022,57.717566]},"properties":{"name":"Bovallstrandsgatan","lines":"17","arr":["17"],"terminus":0,"mode":"bus","color":"#0059a9","colorDark":"#00294f","angle":178.7,"snapDist":7,"label":0}},{"type":"Feature","geometry":{"type":"Point","coordinates":[12.039582,57.714295]},"properties":{"name":"Studiegången","lines":"17","arr":["17"],"terminus":0,"mode":"bus","color":"#0059a9","colorDark":"#00294f","angle":258.1,"snapDist":2,"label":0}},{"type":"Feature","geometry":{"type":"Point","coordinates":[12.047636,57.714529]},"properties":{"name":"Stabbetorget","lines":"17","arr":["17"],"terminus":0,"mode":"bus","color":"#0059a9","colorDark":"#00294f","angle":163.2,"snapDist":5,"label":0}},{"type":"Feature","geometry":{"type":"Point","coordinates":[12.053256,57.715428]},"properties":{"name":"Trätorget","lines":"17","arr":["17"],"terminus":0,"mode":"bus","color":"#0059a9","colorDark":"#00294f","angle":198.8,"snapDist":5,"label":0}},{"type":"Feature","geometry":{"type":"Point","coordinates":[12.055404,57.716153]},"properties":{"name":"Spåntorget","lines":"17","arr":["17"],"terminus":0,"mode":"bus","color":"#0059a9","colorDark":"#00294f","angle":68.2,"snapDist":6,"label":0}},{"type":"Feature","geometry":{"type":"Point","coordinates":[12.055414,57.720046]},"properties":{"name":"Smörslottsgatan","lines":"17","arr":["17"],"terminus":0,"mode":"bus","color":"#0059a9","colorDark":"#00294f","angle":109.4,"snapDist":6,"label":0}},{"type":"Feature","geometry":{"type":"Point","coordinates":[12.017491,57.680747]},"properties":{"name":"Kallebäcks Källa","lines":"18","arr":["18"],"terminus":1,"mode":"bus","color":"#0059a9","colorDark":"#00294f","angle":129,"snapDist":2,"label":1}},{"type":"Feature","geometry":{"type":"Point","coordinates":[12.014354,57.680004]},"properties":{"name":"Smörkärnegatan","lines":"18, 86","arr":["18","86"],"terminus":0,"mode":"bus","color":"#0059a9","colorDark":"#00294f","angle":43.1,"snapDist":9,"label":1}},{"type":"Feature","geometry":{"type":"Point","coordinates":[12.010078,57.68114]},"properties":{"name":"Smörgatan","lines":"18, 86","arr":["18","86"],"terminus":0,"mode":"bus","color":"#0059a9","colorDark":"#00294f","angle":14.8,"snapDist":2,"label":1}},{"type":"Feature","geometry":{"type":"Point","coordinates":[12.008085,57.683323]},"properties":{"name":"Gräddgatan","lines":"18, 86","arr":["18","86"],"terminus":0,"mode":"bus","color":"#0059a9","colorDark":"#00294f","angle":43.9,"snapDist":6,"label":1}},{"type":"Feature","geometry":{"type":"Point","coordinates":[12.004436,57.685399]},"properties":{"name":"Kallebäcksvägen","lines":"18","arr":["18"],"terminus":0,"mode":"bus","color":"#0059a9","colorDark":"#00294f","angle":89.6,"snapDist":7,"label":1}},{"type":"Feature","geometry":{"type":"Point","coordinates":[12.004871,57.690638]},"properties":{"name":"Skårs Kyrka","lines":"18","arr":["18"],"terminus":0,"mode":"bus","color":"#0059a9","colorDark":"#00294f","angle":70.5,"snapDist":3,"label":0}},{"type":"Feature","geometry":{"type":"Point","coordinates":[12.002471,57.694433]},"properties":{"name":"Årbogatan","lines":"18","arr":["18"],"terminus":0,"mode":"bus","color":"#0059a9","colorDark":"#00294f","angle":59.4,"snapDist":5,"label":1}},{"type":"Feature","geometry":{"type":"Point","coordinates":[11.999325,57.697338]},"properties":{"name":"Betaniagatan","lines":"18","arr":["18"],"terminus":0,"mode":"bus","color":"#0059a9","colorDark":"#00294f","angle":59.3,"snapDist":4,"label":1}},{"type":"Feature","geometry":{"type":"Point","coordinates":[11.993919,57.697531]},"properties":{"name":"Liseberg Station","lines":"18","arr":["18"],"terminus":0,"mode":"bus","color":"#0059a9","colorDark":"#00294f","angle":350.6,"snapDist":3,"label":0}},{"type":"Feature","geometry":{"type":"Point","coordinates":[11.986234,57.696827]},"properties":{"name":"Korsvägen","lines":"18, X4, X6","arr":["18","X4","X6"],"terminus":0,"mode":"bus","color":"#0059a9","colorDark":"#00294f","angle":351.7,"snapDist":1,"label":1}},{"type":"Feature","geometry":{"type":"Point","coordinates":[11.982158,57.698394]},"properties":{"name":"Berzeliigatan","lines":"18, X4, X6","arr":["18","X4","X6"],"terminus":0,"mode":"bus","color":"#0059a9","colorDark":"#00294f","angle":42.1,"snapDist":0,"label":1}},{"type":"Feature","geometry":{"type":"Point","coordinates":[11.978972,57.697689]},"properties":{"name":"Götaplatsen","lines":"18","arr":["18"],"terminus":0,"mode":"bus","color":"#0059a9","colorDark":"#00294f","angle":52.4,"snapDist":5,"label":1}},{"type":"Feature","geometry":{"type":"Point","coordinates":[11.974861,57.700482]},"properties":{"name":"Valand","lines":"18","arr":["18"],"terminus":0,"mode":"bus","color":"#0059a9","colorDark":"#00294f","angle":52.8,"snapDist":0,"label":1}},{"type":"Feature","geometry":{"type":"Point","coordinates":[11.969693,57.704199]},"properties":{"name":"Kungsportsplatsen","lines":"18, FLYG","arr":["18","FLYG"],"terminus":0,"mode":"bus","color":"#0059a9","colorDark":"#00294f","angle":51.3,"snapDist":3,"label":1}},{"type":"Feature","geometry":{"type":"Point","coordinates":[11.967502,57.707954]},"properties":{"name":"Brunnsparken","lines":"18","arr":["18"],"terminus":0,"mode":"bus","color":"#0059a9","colorDark":"#00294f","angle":76.6,"snapDist":1,"label":0}},{"type":"Feature","geometry":{"type":"Point","coordinates":[11.966697,57.709365]},"properties":{"name":"Lilla Bommen","lines":"18, 25","arr":["18","25"],"terminus":0,"mode":"bus","color":"#0059a9","colorDark":"#00294f","angle":74.9,"snapDist":0,"label":1}},{"type":"Feature","geometry":{"type":"Point","coordinates":[11.953796,57.721112]},"properties":{"name":"Hjalmar Brantingsplatsen","lines":"18, 19, 131, X76, X77","arr":["18","19","131","X76","X77"],"terminus":0,"mode":"bus","color":"#0059a9","colorDark":"#00294f","angle":149.6,"snapDist":4,"label":0}},{"type":"Feature","geometry":{"type":"Point","coordinates":[11.95932,57.725376]},"properties":{"name":"Tingstadsvass","lines":"18, 19, 42, 44","arr":["18","19","42","44"],"terminus":0,"mode":"bus","color":"#0059a9","colorDark":"#00294f","angle":118.1,"snapDist":2,"label":1}},{"type":"Feature","geometry":{"type":"Point","coordinates":[11.970555,57.727548]},"properties":{"name":"Brunnsbotorget","lines":"18, 19","arr":["18","19"],"terminus":0,"mode":"bus","color":"#0059a9","colorDark":"#00294f","angle":177,"snapDist":3,"label":1}},{"type":"Feature","geometry":{"type":"Point","coordinates":[11.975103,57.732059]},"properties":{"name":"Balladgatan","lines":"18, 19, 43","arr":["18","19","43"],"terminus":0,"mode":"bus","color":"#0059a9","colorDark":"#00294f","angle":54.4,"snapDist":5,"label":1}},{"type":"Feature","geometry":{"type":"Point","coordinates":[11.973668,57.739947]},"properties":{"name":"Björkrisvägen","lines":"18, 19, 43","arr":["18","19","43"],"terminus":0,"mode":"bus","color":"#0059a9","colorDark":"#00294f","angle":86.8,"snapDist":4,"label":1}},{"type":"Feature","geometry":{"type":"Point","coordinates":[11.974947,57.743298]},"properties":{"name":"Backa Kyrkogata","lines":"18, 19, 43","arr":["18","19","43"],"terminus":0,"mode":"bus","color":"#0059a9","colorDark":"#00294f","angle":115.4,"snapDist":5,"label":1}},{"type":"Feature","geometry":{"type":"Point","coordinates":[11.977812,57.746138]},"properties":{"name":"Sägengatan","lines":"18, 19, 43","arr":["18","19","43"],"terminus":0,"mode":"bus","color":"#0059a9","colorDark":"#00294f","angle":115.3,"snapDist":5,"label":1}},{"type":"Feature","geometry":{"type":"Point","coordinates":[11.98107,57.749793]},"properties":{"name":"Selma Lagerlöfs Torg","lines":"18, 19, 43, 44","arr":["18","19","43","44"],"terminus":0,"mode":"bus","color":"#0059a9","colorDark":"#00294f","angle":109.2,"snapDist":3,"label":1}},{"type":"Feature","geometry":{"type":"Point","coordinates":[11.980862,57.753821]},"properties":{"name":"Akkas Gata","lines":"18, 19, 43, 44","arr":["18","19","43","44"],"terminus":0,"mode":"bus","color":"#0059a9","colorDark":"#00294f","angle":83.1,"snapDist":6,"label":1}},{"type":"Feature","geometry":{"type":"Point","coordinates":[11.986776,57.757735]},"properties":{"name":"Körkarlens gata","lines":"18, 44","arr":["18","44"],"terminus":1,"mode":"bus","color":"#0059a9","colorDark":"#00294f","angle":177.4,"snapDist":1,"label":1}},{"type":"Feature","geometry":{"type":"Point","coordinates":[11.987413,57.757657]},"properties":{"name":"Körkarlens gata","lines":"18, 19, 142","arr":["18","19","142"],"terminus":1,"mode":"bus","color":"#0059a9","colorDark":"#00294f","angle":350.2,"snapDist":4,"label":0}},{"type":"Feature","geometry":{"type":"Point","coordinates":[11.980535,57.754512]},"properties":{"name":"Akkas Gata","lines":"18, 19, 43, 44, 142","arr":["18","19","43","44","142"],"terminus":0,"mode":"bus","color":"#0059a9","colorDark":"#00294f","angle":242.3,"snapDist":8,"label":0}},{"type":"Feature","geometry":{"type":"Point","coordinates":[11.980643,57.749666]},"properties":{"name":"Selma Lagerlöfs Torg","lines":"18, 19, 43, 44, 142","arr":["18","19","43","44","142"],"terminus":0,"mode":"bus","color":"#0059a9","colorDark":"#00294f","angle":291.3,"snapDist":4,"label":0}},{"type":"Feature","geometry":{"type":"Point","coordinates":[11.977269,57.745941]},"properties":{"name":"Sägengatan","lines":"18, 19, 43, 142","arr":["18","19","43","142"],"terminus":0,"mode":"bus","color":"#0059a9","colorDark":"#00294f","angle":296.3,"snapDist":5,"label":0}},{"type":"Feature","geometry":{"type":"Point","coordinates":[11.974597,57.743085]},"properties":{"name":"Backa Kyrkogata","lines":"18, 19, 43, 142","arr":["18","19","43","142"],"terminus":0,"mode":"bus","color":"#0059a9","colorDark":"#00294f","angle":294.1,"snapDist":3,"label":0}},{"type":"Feature","geometry":{"type":"Point","coordinates":[11.973533,57.73973]},"properties":{"name":"Björkrisvägen","lines":"18, 19, 43, 142","arr":["18","19","43","142"],"terminus":0,"mode":"bus","color":"#0059a9","colorDark":"#00294f","angle":266.5,"snapDist":3,"label":0}},{"type":"Feature","geometry":{"type":"Point","coordinates":[11.975263,57.731502]},"properties":{"name":"Balladgatan","lines":"18, 19, 142","arr":["18","19","142"],"terminus":0,"mode":"bus","color":"#0059a9","colorDark":"#00294f","angle":267.4,"snapDist":2,"label":0}},{"type":"Feature","geometry":{"type":"Point","coordinates":[11.971475,57.727551]},"properties":{"name":"Brunnsbotorget","lines":"18, 19, 142","arr":["18","19","142"],"terminus":0,"mode":"bus","color":"#0059a9","colorDark":"#00294f","angle":330.5,"snapDist":4,"label":0}},{"type":"Feature","geometry":{"type":"Point","coordinates":[11.958968,57.725034]},"properties":{"name":"Tingstadsvass","lines":"18, 19, 42, 44, 142","arr":["18","19","42","44","142"],"terminus":0,"mode":"bus","color":"#0059a9","colorDark":"#00294f","angle":299.8,"snapDist":2,"label":0}},{"type":"Feature","geometry":{"type":"Point","coordinates":[11.954425,57.720737]},"properties":{"name":"Hjalmar Brantingsplatsen","lines":"18, 19, 42","arr":["18","19","42"],"terminus":0,"mode":"bus","color":"#0059a9","colorDark":"#00294f","angle":297.5,"snapDist":2,"label":0}},{"type":"Feature","geometry":{"type":"Point","coordinates":[11.966829,57.708993]},"properties":{"name":"Lilla Bommen","lines":"18, 25","arr":["18","25"],"terminus":0,"mode":"bus","color":"#0059a9","colorDark":"#00294f","angle":255.2,"snapDist":1,"label":0}},{"type":"Feature","geometry":{"type":"Point","coordinates":[11.967776,57.707176]},"properties":{"name":"Brunnsparken","lines":"18","arr":["18"],"terminus":0,"mode":"bus","color":"#0059a9","colorDark":"#00294f","angle":254.2,"snapDist":2,"label":0}},{"type":"Feature","geometry":{"type":"Point","coordinates":[11.969776,57.703851]},"properties":{"name":"Kungsportsplatsen","lines":"18, FLYG","arr":["18","FLYG"],"terminus":0,"mode":"bus","color":"#0059a9","colorDark":"#00294f","angle":227.6,"snapDist":3,"label":0}},{"type":"Feature","geometry":{"type":"Point","coordinates":[11.975491,57.700029]},"properties":{"name":"Valand","lines":"18","arr":["18"],"terminus":0,"mode":"bus","color":"#0059a9","colorDark":"#00294f","angle":232.6,"snapDist":1,"label":0}},{"type":"Feature","geometry":{"type":"Point","coordinates":[11.978945,57.697545]},"properties":{"name":"Götaplatsen","lines":"18","arr":["18"],"terminus":0,"mode":"bus","color":"#0059a9","colorDark":"#00294f","angle":232.1,"snapDist":5,"label":0}},{"type":"Feature","geometry":{"type":"Point","coordinates":[11.986975,57.696888]},"properties":{"name":"Korsvägen","lines":"18","arr":["18"],"terminus":0,"mode":"bus","color":"#0059a9","colorDark":"#00294f","angle":171.2,"snapDist":4,"label":0}},{"type":"Feature","geometry":{"type":"Point","coordinates":[11.994697,57.697553]},"properties":{"name":"Liseberg Station","lines":"18","arr":["18"],"terminus":0,"mode":"bus","color":"#0059a9","colorDark":"#00294f","angle":172.6,"snapDist":1,"label":0}},{"type":"Feature","geometry":{"type":"Point","coordinates":[11.999592,57.697087]},"properties":{"name":"Betaniagatan","lines":"18, 62","arr":["18","62"],"terminus":0,"mode":"bus","color":"#0059a9","colorDark":"#00294f","angle":241.1,"snapDist":3,"label":0}},{"type":"Feature","geometry":{"type":"Point","coordinates":[12.002627,57.694284]},"properties":{"name":"Årbogatan","lines":"18, 62","arr":["18","62"],"terminus":0,"mode":"bus","color":"#0059a9","colorDark":"#00294f","angle":239.9,"snapDist":6,"label":0}},{"type":"Feature","geometry":{"type":"Point","coordinates":[12.004852,57.690469]},"properties":{"name":"Skårs Kyrka","lines":"18, 62","arr":["18","62"],"terminus":1,"mode":"bus","color":"#0059a9","colorDark":"#00294f","angle":252.9,"snapDist":1,"label":1}},{"type":"Feature","geometry":{"type":"Point","coordinates":[12.004142,57.685887]},"properties":{"name":"Kallebäcksvägen","lines":"18","arr":["18"],"terminus":0,"mode":"bus","color":"#0059a9","colorDark":"#00294f","angle":252.9,"snapDist":5,"label":0}},{"type":"Feature","geometry":{"type":"Point","coordinates":[12.00874,57.682788]},"properties":{"name":"Gräddgatan","lines":"18, 86","arr":["18","86"],"terminus":0,"mode":"bus","color":"#0059a9","colorDark":"#00294f","angle":246.8,"snapDist":4,"label":0}},{"type":"Feature","geometry":{"type":"Point","coordinates":[12.010469,57.68109]},"properties":{"name":"Smörgatan","lines":"18, 86","arr":["18","86"],"terminus":0,"mode":"bus","color":"#0059a9","colorDark":"#00294f","angle":193.7,"snapDist":2,"label":0}},{"type":"Feature","geometry":{"type":"Point","coordinates":[12.014428,57.679969]},"properties":{"name":"Smörkärnegatan","lines":"18, 86","arr":["18","86"],"terminus":0,"mode":"bus","color":"#0059a9","colorDark":"#00294f","angle":215.5,"snapDist":5,"label":0}},{"type":"Feature","geometry":{"type":"Point","coordinates":[11.936013,57.673866]},"properties":{"name":"Marklandsgatan","lines":"19, 185","arr":["19","185"],"terminus":1,"mode":"bus","color":"#0059a9","colorDark":"#00294f","angle":237.9,"snapDist":3,"label":1}},{"type":"Feature","geometry":{"type":"Point","coordinates":[11.919005,57.675289]},"properties":{"name":"Sjupundsgatan","lines":"19, 64, 65, 180, 184, 185","arr":["19","64","65","180","184","185"],"terminus":0,"mode":"bus","color":"#0059a9","colorDark":"#00294f","angle":28.2,"snapDist":4,"label":1}},{"type":"Feature","geometry":{"type":"Point","coordinates":[11.897738,57.699493]},"properties":{"name":"Ivarsbergsmotet","lines":"19, 99","arr":["19","99"],"terminus":0,"mode":"bus","color":"#0059a9","colorDark":"#00294f","angle":185.9,"snapDist":6,"label":1}},{"type":"Feature","geometry":{"type":"Point","coordinates":[11.904549,57.700357]},"properties":{"name":"Pölsebo","lines":"19, 99","arr":["19","99"],"terminus":0,"mode":"bus","color":"#0059a9","colorDark":"#00294f","angle":159,"snapDist":10,"label":1}},{"type":"Feature","geometry":{"type":"Point","coordinates":[11.913687,57.702301]},"properties":{"name":"Eriksbergstorget","lines":"19, 21, 42, 99","arr":["19","21","42","99"],"terminus":0,"mode":"bus","color":"#0059a9","colorDark":"#00294f","angle":194.6,"snapDist":4,"label":1}},{"type":"Feature","geometry":{"type":"Point","coordinates":[11.919647,57.703181]},"properties":{"name":"Sörhallstorget","lines":"19, 21, 42, 99","arr":["19","21","42","99"],"terminus":0,"mode":"bus","color":"#0059a9","colorDark":"#00294f","angle":94.8,"snapDist":2,"label":1}},{"type":"Feature","geometry":{"type":"Point","coordinates":[11.922173,57.707078]},"properties":{"name":"Nordviksgatan","lines":"19, 21, 35, 37, 42, 99","arr":["19","21","35","37","42","99"],"terminus":0,"mode":"bus","color":"#0059a9","colorDark":"#00294f","angle":128.2,"snapDist":2,"label":1}},{"type":"Feature","geometry":{"type":"Point","coordinates":[11.930739,57.707808]},"properties":{"name":"Sannegårdshamnen","lines":"19, 21, 35, 37, 42, 199, X1","arr":["19","21","35","37","42","199","X1"],"terminus":0,"mode":"bus","color":"#0059a9","colorDark":"#00294f","angle":193.9,"snapDist":5,"label":1}},{"type":"Feature","geometry":{"type":"Point","coordinates":[11.938495,57.708074]},"properties":{"name":"Lindholmen","lines":"19, 21, 35, 37, 42, 199, X1","arr":["19","21","35","37","42","199","X1"],"terminus":0,"mode":"bus","color":"#0059a9","colorDark":"#00294f","angle":129.2,"snapDist":4,"label":1}},{"type":"Feature","geometry":{"type":"Point","coordinates":[11.945386,57.712018]},"properties":{"name":"Pumpgatan","lines":"19, 21, 35, 37, 42, 199, X1","arr":["19","21","35","37","42","199","X1"],"terminus":1,"mode":"bus","color":"#0059a9","colorDark":"#00294f","angle":133.4,"snapDist":4,"label":1}},{"type":"Feature","geometry":{"type":"Point","coordinates":[11.955366,57.717997]},"properties":{"name":"Frihamnsporten","lines":"19, 21, 42, X1","arr":["19","21","42","X1"],"terminus":0,"mode":"bus","color":"#0059a9","colorDark":"#00294f","angle":127.9,"snapDist":12,"label":1}},{"type":"Feature","geometry":{"type":"Point","coordinates":[11.988261,57.757978]},"properties":{"name":"Körkarlens gata","lines":"19, 40","arr":["19","40"],"terminus":0,"mode":"bus","color":"#0059a9","colorDark":"#00294f","angle":173.3,"snapDist":6,"label":0}},{"type":"Feature","geometry":{"type":"Point","coordinates":[11.995241,57.758479]},"properties":{"name":"Bäckebolsmotet Östra","lines":"19, 40","arr":["19","40"],"terminus":0,"mode":"bus","color":"#0059a9","colorDark":"#00294f","angle":128.2,"snapDist":2,"label":1}},{"type":"Feature","geometry":{"type":"Point","coordinates":[11.994952,57.765116]},"properties":{"name":"Bäckebol Södra","lines":"19, 40","arr":["19","40"],"terminus":0,"mode":"bus","color":"#0059a9","colorDark":"#00294f","angle":101.3,"snapDist":3,"label":1}},{"type":"Feature","geometry":{"type":"Point","coordinates":[11.997802,57.770109]},"properties":{"name":"Bäckebol Köpcentrum","lines":"19, 40","arr":["19","40"],"terminus":0,"mode":"bus","color":"#0059a9","colorDark":"#00294f","angle":108.6,"snapDist":2,"label":1}},{"type":"Feature","geometry":{"type":"Point","coordinates":[11.9986,57.774585]},"properties":{"name":"Bäckebol Norra","lines":"19, 40","arr":["19","40"],"terminus":1,"mode":"bus","color":"#0059a9","colorDark":"#00294f","angle":75.1,"snapDist":6,"label":1}},{"type":"Feature","geometry":{"type":"Point","coordinates":[11.998888,57.774535]},"properties":{"name":"Bäckebol Norra","lines":"19, 40","arr":["19","40"],"terminus":1,"mode":"bus","color":"#0059a9","colorDark":"#00294f","angle":255.3,"snapDist":2,"label":0}},{"type":"Feature","geometry":{"type":"Point","coordinates":[11.997305,57.769646]},"properties":{"name":"Bäckebol Köpcentrum","lines":"19, 40","arr":["19","40"],"terminus":0,"mode":"bus","color":"#0059a9","colorDark":"#00294f","angle":289.6,"snapDist":6,"label":0}},{"type":"Feature","geometry":{"type":"Point","coordinates":[11.99466,57.764362]},"properties":{"name":"Bäckebol Södra","lines":"19, 40","arr":["19","40"],"terminus":0,"mode":"bus","color":"#0059a9","colorDark":"#00294f","angle":281.6,"snapDist":5,"label":0}},{"type":"Feature","geometry":{"type":"Point","coordinates":[11.99561,57.758997]},"properties":{"name":"Bäckebolsmotet Östra","lines":"19, 40","arr":["19","40"],"terminus":0,"mode":"bus","color":"#0059a9","colorDark":"#00294f","angle":275.4,"snapDist":5,"label":0}},{"type":"Feature","geometry":{"type":"Point","coordinates":[11.95523,57.717902]},"properties":{"name":"Frihamnsporten","lines":"19, 21, 42, X1","arr":["19","21","42","X1"],"terminus":0,"mode":"bus","color":"#0059a9","colorDark":"#00294f","angle":306.5,"snapDist":6,"label":0}},{"type":"Feature","geometry":{"type":"Point","coordinates":[11.944745,57.711655]},"properties":{"name":"Pumpgatan","lines":"19, 21, 35, 37, 42, 199, X1","arr":["19","21","35","37","42","199","X1"],"terminus":1,"mode":"bus","color":"#0059a9","colorDark":"#00294f","angle":310.7,"snapDist":10,"label":0}},{"type":"Feature","geometry":{"type":"Point","coordinates":[11.937552,57.708082]},"properties":{"name":"Lindholmen","lines":"19, 21, 35, 37, 42, 199, X1","arr":["19","21","35","37","42","199","X1"],"terminus":0,"mode":"bus","color":"#0059a9","colorDark":"#00294f","angle":312.8,"snapDist":2,"label":0}},{"type":"Feature","geometry":{"type":"Point","coordinates":[11.930892,57.707794]},"properties":{"name":"Sannegårdshamnen","lines":"19, 21, 35, 37, 42, 199, X1","arr":["19","21","35","37","42","199","X1"],"terminus":0,"mode":"bus","color":"#0059a9","colorDark":"#00294f","angle":5.4,"snapDist":3,"label":0}},{"type":"Feature","geometry":{"type":"Point","coordinates":[11.921977,57.706951]},"properties":{"name":"Nordviksgatan","lines":"19, 21, 35, 37, 42, 99","arr":["19","21","35","37","42","99"],"terminus":0,"mode":"bus","color":"#0059a9","colorDark":"#00294f","angle":314.1,"snapDist":3,"label":0}},{"type":"Feature","geometry":{"type":"Point","coordinates":[11.919623,57.703031]},"properties":{"name":"Sörhallstorget","lines":"19, 21, 42, 99","arr":["19","21","42","99"],"terminus":0,"mode":"bus","color":"#0059a9","colorDark":"#00294f","angle":274.8,"snapDist":2,"label":0}},{"type":"Feature","geometry":{"type":"Point","coordinates":[11.912778,57.702377]},"properties":{"name":"Eriksbergstorget","lines":"19, 21, 42, 99","arr":["19","21","42","99"],"terminus":0,"mode":"bus","color":"#0059a9","colorDark":"#00294f","angle":8.4,"snapDist":3,"label":0}},{"type":"Feature","geometry":{"type":"Point","coordinates":[11.904226,57.700291]},"properties":{"name":"Pölsebo","lines":"19, 99","arr":["19","99"],"terminus":0,"mode":"bus","color":"#0059a9","colorDark":"#00294f","angle":339.8,"snapDist":5,"label":0}},{"type":"Feature","geometry":{"type":"Point","coordinates":[11.89739,57.699631]},"properties":{"name":"Ivarsbergsmotet","lines":"19, 30, 32, 99","arr":["19","30","32","99"],"terminus":0,"mode":"bus","color":"#0059a9","colorDark":"#00294f","angle":14.3,"snapDist":7,"label":0}},{"type":"Feature","geometry":{"type":"Point","coordinates":[11.919238,57.675137]},"properties":{"name":"Sjupundsgatan","lines":"19, 64, 65, 180, 184, 185","arr":["19","64","65","180","184","185"],"terminus":0,"mode":"bus","color":"#0059a9","colorDark":"#00294f","angle":204.9,"snapDist":7,"label":0}},{"type":"Feature","geometry":{"type":"Point","coordinates":[12.079584,57.491481]},"properties":{"name":"Kungsbacka station","lines":"20, 717","arr":["20","717"],"terminus":1,"mode":"bus","color":"#0059a9","colorDark":"#00294f","angle":91.5,"snapDist":10,"label":0}},{"type":"Feature","geometry":{"type":"Point","coordinates":[12.100503,57.538026]},"properties":{"name":"Anneberg station","lines":"20","arr":["20"],"terminus":0,"mode":"bus","color":"#0059a9","colorDark":"#00294f","angle":85.7,"snapDist":8,"label":1}},{"type":"Feature","geometry":{"type":"Point","coordinates":[12.077972,57.576435]},"properties":{"name":"Lindome station","lines":"20, 760","arr":["20","760"],"terminus":0,"mode":"bus","color":"#0059a9","colorDark":"#00294f","angle":79.1,"snapDist":6,"label":0}},{"type":"Feature","geometry":{"type":"Point","coordinates":[12.049416,57.611044]},"properties":{"name":"Kållered station","lines":"20","arr":["20"],"terminus":0,"mode":"bus","color":"#0059a9","colorDark":"#00294f","angle":75.7,"snapDist":2,"label":1}},{"type":"Feature","geometry":{"type":"Point","coordinates":[12.019976,57.655902]},"properties":{"name":"Mölndals bro","lines":"20","arr":["20"],"terminus":0,"mode":"bus","color":"#0059a9","colorDark":"#00294f","angle":144.8,"snapDist":5,"label":0}},{"type":"Feature","geometry":{"type":"Point","coordinates":[11.976176,57.707926]},"properties":{"name":"Åkareplatsen","lines":"20, 22","arr":["20","22"],"terminus":1,"mode":"bus","color":"#0059a9","colorDark":"#00294f","angle":12.3,"snapDist":4,"label":1}},{"type":"Feature","geometry":{"type":"Point","coordinates":[11.976188,57.708089]},"properties":{"name":"Åkareplatsen","lines":"20, 22","arr":["20","22"],"terminus":1,"mode":"bus","color":"#0059a9","colorDark":"#00294f","angle":208.5,"snapDist":3,"label":0}},{"type":"Feature","geometry":{"type":"Point","coordinates":[12.049524,57.61059]},"properties":{"name":"Kållered station","lines":"20","arr":["20"],"terminus":0,"mode":"bus","color":"#0059a9","colorDark":"#00294f","angle":227.1,"snapDist":7,"label":0}},{"type":"Feature","geometry":{"type":"Point","coordinates":[12.07826,57.575578]},"properties":{"name":"Lindome station","lines":"20, 760","arr":["20","760"],"terminus":0,"mode":"bus","color":"#0059a9","colorDark":"#00294f","angle":261,"snapDist":8,"label":0}},{"type":"Feature","geometry":{"type":"Point","coordinates":[12.100302,57.538889]},"properties":{"name":"Anneberg station","lines":"20","arr":["20"],"terminus":0,"mode":"bus","color":"#0059a9","colorDark":"#00294f","angle":266.3,"snapDist":8,"label":0}},{"type":"Feature","geometry":{"type":"Point","coordinates":[12.070365,57.761988]},"properties":{"name":"Merkuriusgatan","lines":"21","arr":["21"],"terminus":1,"mode":"bus","color":"#0059a9","colorDark":"#00294f","angle":284.2,"snapDist":3,"label":1}},{"type":"Feature","geometry":{"type":"Point","coordinates":[12.074966,57.759284]},"properties":{"name":"Bergsjödalen","lines":"21, 74","arr":["21","74"],"terminus":0,"mode":"bus","color":"#0059a9","colorDark":"#00294f","angle":263.8,"snapDist":7,"label":1}},{"type":"Feature","geometry":{"type":"Point","coordinates":[12.071529,57.747659]},"properties":{"name":"Bergsjösvängen","lines":"21, 56, 159","arr":["21","56","159"],"terminus":0,"mode":"bus","color":"#0059a9","colorDark":"#00294f","angle":356.4,"snapDist":2,"label":1}},{"type":"Feature","geometry":{"type":"Point","coordinates":[12.063242,57.751256]},"properties":{"name":"Atmosfärgatan","lines":"21, 56, 159","arr":["21","56","159"],"terminus":0,"mode":"bus","color":"#0059a9","colorDark":"#00294f","angle":95.8,"snapDist":4,"label":1}},{"type":"Feature","geometry":{"type":"Point","coordinates":[12.055853,57.754775]},"properties":{"name":"Stora Björn","lines":"21, 56, 159","arr":["21","56","159"],"terminus":0,"mode":"bus","color":"#0059a9","colorDark":"#00294f","angle":219.8,"snapDist":3,"label":1}},{"type":"Feature","geometry":{"type":"Point","coordinates":[12.034023,57.745841]},"properties":{"name":"Månadsgatan","lines":"21","arr":["21"],"terminus":0,"mode":"bus","color":"#0059a9","colorDark":"#00294f","angle":282.7,"snapDist":1,"label":1}},{"type":"Feature","geometry":{"type":"Point","coordinates":[12.022682,57.73245]},"properties":{"name":"Bellevue","lines":"21, 159","arr":["21","159"],"terminus":0,"mode":"bus","color":"#0059a9","colorDark":"#00294f","angle":253.3,"snapDist":6,"label":1}},{"type":"Feature","geometry":{"type":"Point","coordinates":[12.014007,57.729399]},"properties":{"name":"SKF","lines":"21, 56, 159, 510","arr":["21","56","159","510"],"terminus":0,"mode":"bus","color":"#0059a9","colorDark":"#00294f","angle":338.8,"snapDist":8,"label":1}},{"type":"Feature","geometry":{"type":"Point","coordinates":[11.971163,57.709323]},"properties":{"name":"Nils Ericsonsplatsen","lines":"21","arr":["21"],"terminus":0,"mode":"bus","color":"#0059a9","colorDark":"#00294f","angle":73.6,"snapDist":6,"label":0}},{"type":"Feature","geometry":{"type":"Point","coordinates":[11.913064,57.705064]},"properties":{"name":"Danaplatsen","lines":"21","arr":["21"],"terminus":0,"mode":"bus","color":"#0059a9","colorDark":"#00294f","angle":148.8,"snapDist":4,"label":1}},{"type":"Feature","geometry":{"type":"Point","coordinates":[11.918357,57.709208]},"properties":{"name":"Säterigatan","lines":"21, 35, 37","arr":["21","35","37"],"terminus":0,"mode":"bus","color":"#0059a9","colorDark":"#00294f","angle":91.6,"snapDist":6,"label":1}},{"type":"Feature","geometry":{"type":"Point","coordinates":[11.915861,57.712877]},"properties":{"name":"Lundby Gamla Kyrka","lines":"21","arr":["21"],"terminus":0,"mode":"bus","color":"#0059a9","colorDark":"#00294f","angle":64.9,"snapDist":4,"label":1}},{"type":"Feature","geometry":{"type":"Point","coordinates":[11.909944,57.716201]},"properties":{"name":"Eketrägatan","lines":"21, 30, 32, 34","arr":["21","30","32","34"],"terminus":1,"mode":"bus","color":"#0059a9","colorDark":"#00294f","angle":94.1,"snapDist":2,"label":1}},{"type":"Feature","geometry":{"type":"Point","coordinates":[11.910556,57.71577]},"properties":{"name":"Eketrägatan","lines":"21","arr":["21"],"terminus":1,"mode":"bus","color":"#0059a9","colorDark":"#00294f","angle":287.2,"snapDist":4,"label":0}},{"type":"Feature","geometry":{"type":"Point","coordinates":[11.915987,57.712735]},"properties":{"name":"Lundby Gamla Kyrka","lines":"21","arr":["21"],"terminus":0,"mode":"bus","color":"#0059a9","colorDark":"#00294f","angle":245,"snapDist":3,"label":0}},{"type":"Feature","geometry":{"type":"Point","coordinates":[11.918351,57.70905]},"properties":{"name":"Säterigatan","lines":"21, 35, 37","arr":["21","35","37"],"terminus":0,"mode":"bus","color":"#0059a9","colorDark":"#00294f","angle":269.6,"snapDist":4,"label":0}},{"type":"Feature","geometry":{"type":"Point","coordinates":[11.912848,57.704996]},"properties":{"name":"Danaplatsen","lines":"21","arr":["21"],"terminus":0,"mode":"bus","color":"#0059a9","colorDark":"#00294f","angle":329.8,"snapDist":6,"label":0}},{"type":"Feature","geometry":{"type":"Point","coordinates":[11.971117,57.709115]},"properties":{"name":"Nils Ericsonsplatsen","lines":"21, 141","arr":["21","141"],"terminus":0,"mode":"bus","color":"#0059a9","colorDark":"#00294f","angle":254.3,"snapDist":6,"label":0}},{"type":"Feature","geometry":{"type":"Point","coordinates":[11.991076,57.713269]},"properties":{"name":"Svingeln","lines":"21, 40, 43, 173, 510, X3","arr":["21","40","43","173","510","X3"],"terminus":1,"mode":"bus","color":"#0059a9","colorDark":"#00294f","angle":121.6,"snapDist":3,"label":0}},{"type":"Feature","geometry":{"type":"Point","coordinates":[12.0132,57.729104]},"properties":{"name":"SKF","lines":"21, 56, 510","arr":["21","56","510"],"terminus":0,"mode":"bus","color":"#0059a9","colorDark":"#00294f","angle":158.1,"snapDist":3,"label":0}},{"type":"Feature","geometry":{"type":"Point","coordinates":[12.022744,57.732606]},"properties":{"name":"Bellevue","lines":"21","arr":["21"],"terminus":0,"mode":"bus","color":"#0059a9","colorDark":"#00294f","angle":80.6,"snapDist":3,"label":0}},{"type":"Feature","geometry":{"type":"Point","coordinates":[12.070816,57.747602]},"properties":{"name":"Bergsjösvängen","lines":"21, 56","arr":["21","56"],"terminus":0,"mode":"bus","color":"#0059a9","colorDark":"#00294f","angle":186.5,"snapDist":2,"label":0}},{"type":"Feature","geometry":{"type":"Point","coordinates":[12.074947,57.759384]},"properties":{"name":"Bergsjödalen","lines":"21, 74","arr":["21","74"],"terminus":0,"mode":"bus","color":"#0059a9","colorDark":"#00294f","angle":84.3,"snapDist":5,"label":0}},{"type":"Feature","geometry":{"type":"Point","coordinates":[12.103854,57.740796]},"properties":{"name":"Partille station","lines":"22","arr":["22"],"terminus":0,"mode":"bus","color":"#0059a9","colorDark":"#00294f","angle":320,"snapDist":6,"label":1}},{"type":"Feature","geometry":{"type":"Point","coordinates":[12.173604,57.745374]},"properties":{"name":"Jons väg","lines":"22, 518, 519, 529","arr":["22","518","519","529"],"terminus":1,"mode":"bus","color":"#0059a9","colorDark":"#00294f","angle":138,"snapDist":5,"label":1}},{"type":"Feature","geometry":{"type":"Point","coordinates":[12.25067,57.754805]},"properties":{"name":"Ekebacken","lines":"22, 530, 535, LERS","arr":["22","530","535","LERS"],"terminus":0,"mode":"bus","color":"#0059a9","colorDark":"#00294f","angle":124.8,"snapDist":5,"label":1}},{"type":"Feature","geometry":{"type":"Point","coordinates":[12.260075,57.762433]},"properties":{"name":"Almekärr centrum","lines":"22, 530, 535, LERS","arr":["22","530","535","LERS"],"terminus":0,"mode":"bus","color":"#0059a9","colorDark":"#00294f","angle":130.6,"snapDist":2,"label":1}},{"type":"Feature","geometry":{"type":"Point","coordinates":[12.271771,57.769466]},"properties":{"name":"Lerum station","lines":"22","arr":["22"],"terminus":0,"mode":"bus","color":"#0059a9","colorDark":"#00294f","angle":90.7,"snapDist":5,"label":0}},{"type":"Feature","geometry":{"type":"Point","coordinates":[12.360798,57.80939]},"properties":{"name":"Floda station","lines":"22","arr":["22"],"terminus":0,"mode":"bus","color":"#0059a9","colorDark":"#00294f","angle":111.2,"snapDist":1,"label":0}},{"type":"Feature","geometry":{"type":"Point","coordinates":[12.459597,57.850168]},"properties":{"name":"Ingared","lines":"22","arr":["22"],"terminus":0,"mode":"bus","color":"#0059a9","colorDark":"#00294f","angle":175.9,"snapDist":3,"label":1}},{"type":"Feature","geometry":{"type":"Point","coordinates":[12.487973,57.896044]},"properties":{"name":"Västra Bodarnavägen","lines":"22","arr":["22"],"terminus":0,"mode":"bus","color":"#0059a9","colorDark":"#00294f","angle":90.5,"snapDist":4,"label":1}},{"type":"Feature","geometry":{"type":"Point","coordinates":[12.529199,57.927184]},"properties":{"name":"Alingsåsterminalen","lines":"22","arr":["22"],"terminus":1,"mode":"bus","color":"#0059a9","colorDark":"#00294f","angle":228,"snapDist":1,"label":1}},{"type":"Feature","geometry":{"type":"Point","coordinates":[12.487864,57.895029]},"properties":{"name":"Västra Bodarnavägen","lines":"22","arr":["22"],"terminus":0,"mode":"bus","color":"#0059a9","colorDark":"#00294f","angle":256.4,"snapDist":12,"label":0}},{"type":"Feature","geometry":{"type":"Point","coordinates":[12.260301,57.762574]},"properties":{"name":"Almekärr centrum","lines":"22, 530, 535, LERS","arr":["22","530","535","LERS"],"terminus":0,"mode":"bus","color":"#0059a9","colorDark":"#00294f","angle":310.6,"snapDist":4,"label":0}},{"type":"Feature","geometry":{"type":"Point","coordinates":[12.249958,57.754259]},"properties":{"name":"Ekebacken","lines":"22, 530, 535, LERS","arr":["22","530","535","LERS"],"terminus":0,"mode":"bus","color":"#0059a9","colorDark":"#00294f","angle":304.6,"snapDist":1,"label":0}},{"type":"Feature","geometry":{"type":"Point","coordinates":[12.17464,57.745857]},"properties":{"name":"Jons väg","lines":"22, 518, 519","arr":["22","518","519"],"terminus":1,"mode":"bus","color":"#0059a9","colorDark":"#00294f","angle":-43.6,"snapDist":4,"label":0}},{"type":"Feature","geometry":{"type":"Point","coordinates":[12.02334,57.630801]},"properties":{"name":"Peppareds torg","lines":"25","arr":["25"],"terminus":1,"mode":"bus","color":"#0059a9","colorDark":"#00294f","angle":193.9,"snapDist":3,"label":1}},{"type":"Feature","geometry":{"type":"Point","coordinates":[12.021635,57.638127]},"properties":{"name":"Gamla tingshuset","lines":"25, 758","arr":["25","758"],"terminus":0,"mode":"bus","color":"#0059a9","colorDark":"#00294f","angle":177,"snapDist":7,"label":1}},{"type":"Feature","geometry":{"type":"Point","coordinates":[12.021886,57.639803]},"properties":{"name":"GoCo","lines":"25, 758","arr":["25","758"],"terminus":0,"mode":"bus","color":"#0059a9","colorDark":"#00294f","angle":63.2,"snapDist":4,"label":1}},{"type":"Feature","geometry":{"type":"Point","coordinates":[12.017488,57.643778]},"properties":{"name":"AstraZeneca","lines":"25, 758, 759, 760, X90","arr":["25","758","759","760","X90"],"terminus":0,"mode":"bus","color":"#0059a9","colorDark":"#00294f","angle":74.2,"snapDist":8,"label":1}},{"type":"Feature","geometry":{"type":"Point","coordinates":[12.017494,57.64894]},"properties":{"name":"Katrinebergsgatan","lines":"25, 753, 758, 759, 760, X90","arr":["25","753","758","759","760","X90"],"terminus":0,"mode":"bus","color":"#0059a9","colorDark":"#00294f","angle":95.4,"snapDist":3,"label":1}},{"type":"Feature","geometry":{"type":"Point","coordinates":[12.017,57.656077]},"properties":{"name":"Mölndals Innerstad","lines":"25","arr":["25"],"terminus":0,"mode":"bus","color":"#0059a9","colorDark":"#00294f","angle":66.5,"snapDist":6,"label":0}},{"type":"Feature","geometry":{"type":"Point","coordinates":[12.011197,57.655871]},"properties":{"name":"Storgatan","lines":"25","arr":["25"],"terminus":0,"mode":"bus","color":"#0059a9","colorDark":"#00294f","angle":278.9,"snapDist":4,"label":1}},{"type":"Feature","geometry":{"type":"Point","coordinates":[12.00623,57.656632]},"properties":{"name":"Fässbergsskolan","lines":"25","arr":["25"],"terminus":0,"mode":"bus","color":"#0059a9","colorDark":"#00294f","angle":50.1,"snapDist":7,"label":1}},{"type":"Feature","geometry":{"type":"Point","coordinates":[12.001383,57.659921]},"properties":{"name":"Jungfruplatsen","lines":"25","arr":["25"],"terminus":0,"mode":"bus","color":"#0059a9","colorDark":"#00294f","angle":54.7,"snapDist":6,"label":1}},{"type":"Feature","geometry":{"type":"Point","coordinates":[11.998033,57.661531]},"properties":{"name":"Bifrost","lines":"25, 86","arr":["25","86"],"terminus":0,"mode":"bus","color":"#0059a9","colorDark":"#00294f","angle":357.5,"snapDist":3,"label":1}},{"type":"Feature","geometry":{"type":"Point","coordinates":[11.992837,57.664876]},"properties":{"name":"Fässbergs äldreboende","lines":"25, 753","arr":["25","753"],"terminus":0,"mode":"bus","color":"#0059a9","colorDark":"#00294f","angle":78.6,"snapDist":3,"label":1}},{"type":"Feature","geometry":{"type":"Point","coordinates":[11.983016,57.671403]},"properties":{"name":"Toltorpsskolan","lines":"25, 753","arr":["25","753"],"terminus":0,"mode":"bus","color":"#0059a9","colorDark":"#00294f","angle":44.6,"snapDist":6,"label":1}},{"type":"Feature","geometry":{"type":"Point","coordinates":[11.979063,57.673339]},"properties":{"name":"Dalgångsgatan","lines":"25, 753, 757","arr":["25","753","757"],"terminus":0,"mode":"bus","color":"#0059a9","colorDark":"#00294f","angle":43.9,"snapDist":6,"label":1}},{"type":"Feature","geometry":{"type":"Point","coordinates":[11.969498,57.678631]},"properties":{"name":"Södermalmsgatan","lines":"25, 63, 753, 757","arr":["25","63","753","757"],"terminus":0,"mode":"bus","color":"#0059a9","colorDark":"#00294f","angle":50.9,"snapDist":7,"label":1}},{"type":"Feature","geometry":{"type":"Point","coordinates":[11.965035,57.681721]},"properties":{"name":"Sahlgrenska Södra","lines":"25, 63, 753, 757","arr":["25","63","753","757"],"terminus":0,"mode":"bus","color":"#0059a9","colorDark":"#00294f","angle":74.1,"snapDist":6,"label":1}},{"type":"Feature","geometry":{"type":"Point","coordinates":[11.961335,57.68376]},"properties":{"name":"Sahlgrenska Huvudentré","lines":"25, 63, 64, 258, 757","arr":["25","63","64","258","757"],"terminus":0,"mode":"bus","color":"#0059a9","colorDark":"#00294f","angle":168,"snapDist":9,"label":1}},{"type":"Feature","geometry":{"type":"Point","coordinates":[11.954646,57.685822]},"properties":{"name":"Annedalskyrkan","lines":"25, 63, 64, 258, 757","arr":["25","63","64","258","757"],"terminus":0,"mode":"bus","color":"#0059a9","colorDark":"#00294f","angle":74.2,"snapDist":6,"label":1}},{"type":"Feature","geometry":{"type":"Point","coordinates":[11.952846,57.689624]},"properties":{"name":"Linnéplatsen","lines":"25, 63, 757, X3","arr":["25","63","757","X3"],"terminus":1,"mode":"bus","color":"#0059a9","colorDark":"#00294f","angle":98.6,"snapDist":3,"label":1}},{"type":"Feature","geometry":{"type":"Point","coordinates":[11.960318,57.696747]},"properties":{"name":"Pilgatan","lines":"25, X3","arr":["25","X3"],"terminus":0,"mode":"bus","color":"#0059a9","colorDark":"#00294f","angle":105.4,"snapDist":3,"label":1}},{"type":"Feature","geometry":{"type":"Point","coordinates":[11.964893,57.702529]},"properties":{"name":"Grönsakstorget","lines":"25, 60, 61","arr":["25","60","61"],"terminus":0,"mode":"bus","color":"#0059a9","colorDark":"#00294f","angle":55.6,"snapDist":0,"label":1}},{"type":"Feature","geometry":{"type":"Point","coordinates":[11.963635,57.704457]},"properties":{"name":"Domkyrkan","lines":"25, 60, 61","arr":["25","60","61"],"terminus":0,"mode":"bus","color":"#0059a9","colorDark":"#00294f","angle":72.7,"snapDist":0,"label":1}},{"type":"Feature","geometry":{"type":"Point","coordinates":[11.967686,57.707456]},"properties":{"name":"Brunnsparken","lines":"25","arr":["25"],"terminus":0,"mode":"bus","color":"#0059a9","colorDark":"#00294f","angle":74.4,"snapDist":1,"label":0}},{"type":"Feature","geometry":{"type":"Point","coordinates":[11.943669,57.720747]},"properties":{"name":"Vågmästareplatsen","lines":"25, 44, 128, 131, 141, 142, X76, X77","arr":["25","44","128","131","141","142","X76","X77"],"terminus":0,"mode":"bus","color":"#0059a9","colorDark":"#00294f","angle":1.9,"snapDist":6,"label":0}},{"type":"Feature","geometry":{"type":"Point","coordinates":[11.934535,57.721455]},"properties":{"name":"Wieselgrensplatsen","lines":"25, 35, 37, 44","arr":["25","35","37","44"],"terminus":0,"mode":"bus","color":"#0059a9","colorDark":"#00294f","angle":91.5,"snapDist":4,"label":1}},{"type":"Feature","geometry":{"type":"Point","coordinates":[11.934528,57.727843]},"properties":{"name":"Wieselgrensgatan","lines":"25, 29, 44, 145","arr":["25","29","44","145"],"terminus":0,"mode":"bus","color":"#0059a9","colorDark":"#00294f","angle":2.9,"snapDist":9,"label":1}},{"type":"Feature","geometry":{"type":"Point","coordinates":[11.925395,57.728587]},"properties":{"name":"Bjurslätts Torg","lines":"25, 44, 145","arr":["25","44","145"],"terminus":0,"mode":"bus","color":"#0059a9","colorDark":"#00294f","angle":18.3,"snapDist":5,"label":1}},{"type":"Feature","geometry":{"type":"Point","coordinates":[11.918869,57.731133]},"properties":{"name":"Toleredsgatan","lines":"25, 44, 145","arr":["25","44","145"],"terminus":0,"mode":"bus","color":"#0059a9","colorDark":"#00294f","angle":45.7,"snapDist":7,"label":1}},{"type":"Feature","geometry":{"type":"Point","coordinates":[11.912389,57.73527]},"properties":{"name":"Bjurslättsliden","lines":"25, 29, 44, 145","arr":["25","29","44","145"],"terminus":0,"mode":"bus","color":"#0059a9","colorDark":"#00294f","angle":57.6,"snapDist":6,"label":1}},{"type":"Feature","geometry":{"type":"Point","coordinates":[11.902793,57.739804]},"properties":{"name":"Klara","lines":"25, 141, 145","arr":["25","141","145"],"terminus":0,"mode":"bus","color":"#0059a9","colorDark":"#00294f","angle":306.7,"snapDist":7,"label":1}},{"type":"Feature","geometry":{"type":"Point","coordinates":[11.899554,57.738084]},"properties":{"name":"Solstrålegatan","lines":"25, 141, 145","arr":["25","141","145"],"terminus":0,"mode":"bus","color":"#0059a9","colorDark":"#00294f","angle":307.9,"snapDist":7,"label":1}},{"type":"Feature","geometry":{"type":"Point","coordinates":[11.895704,57.73289]},"properties":{"name":"Temperaturgatan","lines":"25, 141, 145","arr":["25","141","145"],"terminus":0,"mode":"bus","color":"#0059a9","colorDark":"#00294f","angle":283.4,"snapDist":4,"label":1}},{"type":"Feature","geometry":{"type":"Point","coordinates":[11.893554,57.732649]},"properties":{"name":"Länsmanstorget","lines":"25","arr":["25"],"terminus":0,"mode":"bus","color":"#0059a9","colorDark":"#00294f","angle":347.2,"snapDist":1,"label":1}},{"type":"Feature","geometry":{"type":"Point","coordinates":[11.886564,57.733091]},"properties":{"name":"Svarte Mosse","lines":"25","arr":["25"],"terminus":1,"mode":"bus","color":"#0059a9","colorDark":"#00294f","angle":335,"snapDist":3,"label":1}},{"type":"Feature","geometry":{"type":"Point","coordinates":[11.887598,57.733199]},"properties":{"name":"Svarte Mosse","lines":"25","arr":["25"],"terminus":1,"mode":"bus","color":"#0059a9","colorDark":"#00294f","angle":190.3,"snapDist":5,"label":0}},{"type":"Feature","geometry":{"type":"Point","coordinates":[11.894588,57.732562]},"properties":{"name":"Länsmanstorget","lines":"25","arr":["25"],"terminus":0,"mode":"bus","color":"#0059a9","colorDark":"#00294f","angle":177.9,"snapDist":2,"label":0}},{"type":"Feature","geometry":{"type":"Point","coordinates":[11.895808,57.733135]},"properties":{"name":"Temperaturgatan","lines":"25, 141, 145","arr":["25","141","145"],"terminus":0,"mode":"bus","color":"#0059a9","colorDark":"#00294f","angle":101.5,"snapDist":4,"label":0}},{"type":"Feature","geometry":{"type":"Point","coordinates":[11.900244,57.738536]},"properties":{"name":"Solstrålegatan","lines":"25, 141, 145","arr":["25","141","145"],"terminus":0,"mode":"bus","color":"#0059a9","colorDark":"#00294f","angle":130.6,"snapDist":8,"label":0}},{"type":"Feature","geometry":{"type":"Point","coordinates":[11.90382,57.739864]},"properties":{"name":"Klara","lines":"25, 29, 145","arr":["25","29","145"],"terminus":0,"mode":"bus","color":"#0059a9","colorDark":"#00294f","angle":222.4,"snapDist":6,"label":0}},{"type":"Feature","geometry":{"type":"Point","coordinates":[11.91248,57.735193]},"properties":{"name":"Bjurslättsliden","lines":"25, 29, 44, 145","arr":["25","29","44","145"],"terminus":0,"mode":"bus","color":"#0059a9","colorDark":"#00294f","angle":238,"snapDist":7,"label":0}},{"type":"Feature","geometry":{"type":"Point","coordinates":[11.918964,57.731081]},"properties":{"name":"Toleredsgatan","lines":"25, 44, 145","arr":["25","44","145"],"terminus":0,"mode":"bus","color":"#0059a9","colorDark":"#00294f","angle":227.1,"snapDist":7,"label":0}},{"type":"Feature","geometry":{"type":"Point","coordinates":[11.927024,57.728321]},"properties":{"name":"Bjurslätts Torg","lines":"25, 44, 145","arr":["25","44","145"],"terminus":0,"mode":"bus","color":"#0059a9","colorDark":"#00294f","angle":196.2,"snapDist":9,"label":0}},{"type":"Feature","geometry":{"type":"Point","coordinates":[11.935222,57.727351]},"properties":{"name":"Wieselgrensgatan","lines":"25, 35, 37, 44","arr":["25","35","37","44"],"terminus":0,"mode":"bus","color":"#0059a9","colorDark":"#00294f","angle":273,"snapDist":6,"label":0}},{"type":"Feature","geometry":{"type":"Point","coordinates":[11.934406,57.72134]},"properties":{"name":"Wieselgrensplatsen","lines":"25, 35, 37, 44","arr":["25","35","37","44"],"terminus":0,"mode":"bus","color":"#0059a9","colorDark":"#00294f","angle":270.7,"snapDist":3,"label":0}},{"type":"Feature","geometry":{"type":"Point","coordinates":[11.944613,57.720296]},"properties":{"name":"Vågmästareplatsen","lines":"25, 44, 131, 141, X76, X77","arr":["25","44","131","141","X76","X77"],"terminus":0,"mode":"bus","color":"#0059a9","colorDark":"#00294f","angle":189.7,"snapDist":2,"label":0}},{"type":"Feature","geometry":{"type":"Point","coordinates":[11.967436,57.707681]},"properties":{"name":"Brunnsparken","lines":"25","arr":["25"],"terminus":0,"mode":"bus","color":"#0059a9","colorDark":"#00294f","angle":254.3,"snapDist":2,"label":0}},{"type":"Feature","geometry":{"type":"Point","coordinates":[11.963751,57.704128]},"properties":{"name":"Domkyrkan","lines":"25, 60, 61","arr":["25","60","61"],"terminus":0,"mode":"bus","color":"#0059a9","colorDark":"#00294f","angle":253.8,"snapDist":0,"label":0}},{"type":"Feature","geometry":{"type":"Point","coordinates":[11.965171,57.702259]},"properties":{"name":"Grönsakstorget","lines":"25, 60, 61","arr":["25","60","61"],"terminus":0,"mode":"bus","color":"#0059a9","colorDark":"#00294f","angle":234.5,"snapDist":1,"label":0}},{"type":"Feature","geometry":{"type":"Point","coordinates":[11.960301,57.696715]},"properties":{"name":"Pilgatan","lines":"25, X3","arr":["25","X3"],"terminus":0,"mode":"bus","color":"#0059a9","colorDark":"#00294f","angle":285.4,"snapDist":2,"label":0}},{"type":"Feature","geometry":{"type":"Point","coordinates":[11.952748,57.689265]},"properties":{"name":"Linnéplatsen","lines":"25, 63, 757, X3","arr":["25","63","757","X3"],"terminus":1,"mode":"bus","color":"#0059a9","colorDark":"#00294f","angle":281.2,"snapDist":0,"label":0}},{"type":"Feature","geometry":{"type":"Point","coordinates":[11.954566,57.685563]},"properties":{"name":"Annedalskyrkan","lines":"25, 63, 64, 258, 757","arr":["25","63","64","258","757"],"terminus":0,"mode":"bus","color":"#0059a9","colorDark":"#00294f","angle":245.9,"snapDist":6,"label":0}},{"type":"Feature","geometry":{"type":"Point","coordinates":[11.959895,57.683636]},"properties":{"name":"Sahlgrenska Huvudentré","lines":"25, 63, 64, 258, 757","arr":["25","63","64","258","757"],"terminus":0,"mode":"bus","color":"#0059a9","colorDark":"#00294f","angle":191.8,"snapDist":5,"label":0}},{"type":"Feature","geometry":{"type":"Point","coordinates":[11.965276,57.68122]},"properties":{"name":"Sahlgrenska Södra","lines":"25, 63, 753, 757","arr":["25","63","753","757"],"terminus":0,"mode":"bus","color":"#0059a9","colorDark":"#00294f","angle":246.3,"snapDist":6,"label":0}},{"type":"Feature","geometry":{"type":"Point","coordinates":[11.969298,57.678765]},"properties":{"name":"Södermalmsgatan","lines":"25, 63, 753, 757","arr":["25","63","753","757"],"terminus":0,"mode":"bus","color":"#0059a9","colorDark":"#00294f","angle":232,"snapDist":8,"label":0}},{"type":"Feature","geometry":{"type":"Point","coordinates":[11.980409,57.672704]},"properties":{"name":"Dalgångsgatan","lines":"25, 753","arr":["25","753"],"terminus":0,"mode":"bus","color":"#0059a9","colorDark":"#00294f","angle":217.2,"snapDist":8,"label":0}},{"type":"Feature","geometry":{"type":"Point","coordinates":[11.984137,57.670829]},"properties":{"name":"Toltorpsskolan","lines":"25, 753","arr":["25","753"],"terminus":0,"mode":"bus","color":"#0059a9","colorDark":"#00294f","angle":217.8,"snapDist":5,"label":0}},{"type":"Feature","geometry":{"type":"Point","coordinates":[11.992868,57.664794]},"properties":{"name":"Fässbergs äldreboende","lines":"25, 753","arr":["25","753"],"terminus":0,"mode":"bus","color":"#0059a9","colorDark":"#00294f","angle":258.6,"snapDist":2,"label":0}},{"type":"Feature","geometry":{"type":"Point","coordinates":[11.998452,57.661541]},"properties":{"name":"Bifrost","lines":"25, 86","arr":["25","86"],"terminus":0,"mode":"bus","color":"#0059a9","colorDark":"#00294f","angle":177.6,"snapDist":4,"label":0}},{"type":"Feature","geometry":{"type":"Point","coordinates":[12.002227,57.659281]},"properties":{"name":"Jungfruplatsen","lines":"25","arr":["25"],"terminus":0,"mode":"bus","color":"#0059a9","colorDark":"#00294f","angle":234.9,"snapDist":6,"label":0}},{"type":"Feature","geometry":{"type":"Point","coordinates":[12.00656,57.656449]},"properties":{"name":"Fässbergsskolan","lines":"25","arr":["25"],"terminus":0,"mode":"bus","color":"#0059a9","colorDark":"#00294f","angle":220.7,"snapDist":6,"label":0}},{"type":"Feature","geometry":{"type":"Point","coordinates":[12.011238,57.656008]},"properties":{"name":"Storgatan","lines":"25","arr":["25"],"terminus":0,"mode":"bus","color":"#0059a9","colorDark":"#00294f","angle":98.9,"snapDist":7,"label":0}},{"type":"Feature","geometry":{"type":"Point","coordinates":[12.017154,57.656492]},"properties":{"name":"Mölndals Innerstad","lines":"25, 757","arr":["25","757"],"terminus":1,"mode":"bus","color":"#0059a9","colorDark":"#00294f","angle":247.1,"snapDist":2,"label":1}},{"type":"Feature","geometry":{"type":"Point","coordinates":[12.018236,57.649617]},"properties":{"name":"Katrinebergsgatan","lines":"25, 753, 758, 759, 760, X90","arr":["25","753","758","759","760","X90"],"terminus":0,"mode":"bus","color":"#0059a9","colorDark":"#00294f","angle":268.8,"snapDist":7,"label":0}},{"type":"Feature","geometry":{"type":"Point","coordinates":[12.017616,57.643535]},"properties":{"name":"AstraZeneca","lines":"25, 758, 759, 760, X90","arr":["25","758","759","760","X90"],"terminus":0,"mode":"bus","color":"#0059a9","colorDark":"#00294f","angle":254.2,"snapDist":8,"label":0}},{"type":"Feature","geometry":{"type":"Point","coordinates":[12.02193,57.639756]},"properties":{"name":"GoCo","lines":"25, 758","arr":["25","758"],"terminus":0,"mode":"bus","color":"#0059a9","colorDark":"#00294f","angle":243.2,"snapDist":5,"label":0}},{"type":"Feature","geometry":{"type":"Point","coordinates":[12.020668,57.637724]},"properties":{"name":"Gamla tingshuset","lines":"25, 759, 760","arr":["25","759","760"],"terminus":0,"mode":"bus","color":"#0059a9","colorDark":"#00294f","angle":273.3,"snapDist":7,"label":0}},{"type":"Feature","geometry":{"type":"Point","coordinates":[11.842654,57.712635]},"properties":{"name":"Sörredsmotet","lines":"27, 32, 127, 139, 142, 148, 159, 178, 180, 185, 190, X1, X6, X77, X90","arr":["27","32","127","139","142","148","159","178","180","185","190","X1","X6","X77","X90"],"terminus":1,"mode":"bus","color":"#0059a9","colorDark":"#00294f","angle":133.9,"snapDist":9,"label":1}},{"type":"Feature","geometry":{"type":"Point","coordinates":[11.840989,57.716746]},"properties":{"name":"Volvo Torslanda TK","lines":"27, 127, 139, 142, 145, 148, 159, 178, 179, 180, 185, 190, X1, X6, X77, X90","arr":["27","127","139","142","145","148","159","178","179","180","185","190","X1","X6","X77","X90"],"terminus":1,"mode":"bus","color":"#0059a9","colorDark":"#00294f","angle":90.6,"snapDist":6,"label":1}},{"type":"Feature","geometry":{"type":"Point","coordinates":[11.848078,57.720384]},"properties":{"name":"Volvo City","lines":"27, 127, 139, 142, 145, 148, 159, 178, 179, 180, 185, 190, X1, X6, X77, X90","arr":["27","127","139","142","145","148","159","178","179","180","185","190","X1","X6","X77","X90"],"terminus":0,"mode":"bus","color":"#0059a9","colorDark":"#00294f","angle":92.7,"snapDist":5,"label":1}},{"type":"Feature","geometry":{"type":"Point","coordinates":[11.849809,57.723404]},"properties":{"name":"Volvohallen","lines":"27, 127, 139, 145, 148, 159, 178, 180, 190, X1, X6, X77, X90","arr":["27","127","139","145","148","159","178","180","190","X1","X6","X77","X90"],"terminus":1,"mode":"bus","color":"#0059a9","colorDark":"#00294f","angle":151.1,"snapDist":5,"label":1}},{"type":"Feature","geometry":{"type":"Point","coordinates":[11.857173,57.725734]},"properties":{"name":"Polestar","lines":"27, 127, 148, 180, X1, X6, X77, X90","arr":["27","127","148","180","X1","X6","X77","X90"],"terminus":0,"mode":"bus","color":"#0059a9","colorDark":"#00294f","angle":126.3,"snapDist":2,"label":1}},{"type":"Feature","geometry":{"type":"Point","coordinates":[11.860379,57.728187]},"properties":{"name":"Volvo Torslanda PV","lines":"27, 127, 148, 180, X1, X6, X77, X90","arr":["27","127","148","180","X1","X6","X77","X90"],"terminus":0,"mode":"bus","color":"#0059a9","colorDark":"#00294f","angle":134.2,"snapDist":2,"label":1}},{"type":"Feature","geometry":{"type":"Point","coordinates":[11.866169,57.727955]},"properties":{"name":"Volvo Torslanda PVH","lines":"27, 127, 148, 180, X1, X6, X77, X90","arr":["27","127","148","180","X1","X6","X77","X90"],"terminus":1,"mode":"bus","color":"#0059a9","colorDark":"#00294f","angle":224.4,"snapDist":4,"label":1}},{"type":"Feature","geometry":{"type":"Point","coordinates":[11.862463,57.721867]},"properties":{"name":"Volvo Torslanda RA","lines":"27, 127, 178, 180, X1, X6, X90","arr":["27","127","178","180","X1","X6","X90"],"terminus":1,"mode":"bus","color":"#0059a9","colorDark":"#00294f","angle":31.5,"snapDist":9,"label":1}},{"type":"Feature","geometry":{"type":"Point","coordinates":[11.880544,57.706868]},"properties":{"name":"Ruskvädersgatan","lines":"27, 145","arr":["27","145"],"terminus":0,"mode":"bus","color":"#0059a9","colorDark":"#00294f","angle":180.9,"snapDist":8,"label":1}},{"type":"Feature","geometry":{"type":"Point","coordinates":[11.886387,57.709507]},"properties":{"name":"Hagelvädersgatan","lines":"27, 145","arr":["27","145"],"terminus":0,"mode":"bus","color":"#0059a9","colorDark":"#00294f","angle":229.1,"snapDist":1,"label":1}},{"type":"Feature","geometry":{"type":"Point","coordinates":[11.893389,57.712975]},"properties":{"name":"Vårväderstorget","lines":"27, 145","arr":["27","145"],"terminus":0,"mode":"bus","color":"#0059a9","colorDark":"#00294f","angle":123.7,"snapDist":4,"label":1}},{"type":"Feature","geometry":{"type":"Point","coordinates":[11.910451,57.716553]},"properties":{"name":"Eketrägatan","lines":"27, 44, 128, 131, 141, 199, X77","arr":["27","44","128","131","141","199","X77"],"terminus":1,"mode":"bus","color":"#0059a9","colorDark":"#00294f","angle":140.2,"snapDist":4,"label":0}},{"type":"Feature","geometry":{"type":"Point","coordinates":[11.910425,57.716124]},"properties":{"name":"Eketrägatan","lines":"27, 141","arr":["27","141"],"terminus":1,"mode":"bus","color":"#0059a9","colorDark":"#00294f","angle":133.9,"snapDist":2,"label":0}},{"type":"Feature","geometry":{"type":"Point","coordinates":[11.893218,57.712836]},"properties":{"name":"Vårväderstorget","lines":"27, 145","arr":["27","145"],"terminus":0,"mode":"bus","color":"#0059a9","colorDark":"#00294f","angle":300.9,"snapDist":4,"label":0}},{"type":"Feature","geometry":{"type":"Point","coordinates":[11.886267,57.709581]},"properties":{"name":"Hagelvädersgatan","lines":"27, 145","arr":["27","145"],"terminus":0,"mode":"bus","color":"#0059a9","colorDark":"#00294f","angle":49.1,"snapDist":1,"label":0}},{"type":"Feature","geometry":{"type":"Point","coordinates":[11.881401,57.70721]},"properties":{"name":"Ruskvädersgatan","lines":"27, 145","arr":["27","145"],"terminus":0,"mode":"bus","color":"#0059a9","colorDark":"#00294f","angle":270.2,"snapDist":2,"label":0}},{"type":"Feature","geometry":{"type":"Point","coordinates":[11.862469,57.721865]},"properties":{"name":"Volvo Torslanda RA","lines":"27, 127, 178, 180, 190, X6, X90","arr":["27","127","178","180","190","X6","X90"],"terminus":1,"mode":"bus","color":"#0059a9","colorDark":"#00294f","angle":211.5,"snapDist":4,"label":0}},{"type":"Feature","geometry":{"type":"Point","coordinates":[11.865988,57.728051]},"properties":{"name":"Volvo Torslanda PVH","lines":"27, 127, 148, 180, X6, X77, X90","arr":["27","127","148","180","X6","X77","X90"],"terminus":1,"mode":"bus","color":"#0059a9","colorDark":"#00294f","angle":45.5,"snapDist":3,"label":0}},{"type":"Feature","geometry":{"type":"Point","coordinates":[11.860679,57.728356]},"properties":{"name":"Volvo Torslanda PV","lines":"27, 127, 148, 180, X6, X77, X90","arr":["27","127","148","180","X6","X77","X90"],"terminus":0,"mode":"bus","color":"#0059a9","colorDark":"#00294f","angle":313.9,"snapDist":3,"label":0}},{"type":"Feature","geometry":{"type":"Point","coordinates":[11.856984,57.725596]},"properties":{"name":"Polestar","lines":"27, 127, 148, 180, X6, X77, X90","arr":["27","127","148","180","X6","X77","X90"],"terminus":0,"mode":"bus","color":"#0059a9","colorDark":"#00294f","angle":306.3,"snapDist":5,"label":0}},{"type":"Feature","geometry":{"type":"Point","coordinates":[11.849957,57.723532]},"properties":{"name":"Volvohallen","lines":"27, 127, 139, 145, 148, 159, 178, 180, 190, X6, X77, X90","arr":["27","127","139","145","148","159","178","180","190","X6","X77","X90"],"terminus":1,"mode":"bus","color":"#0059a9","colorDark":"#00294f","angle":335.8,"snapDist":6,"label":0}},{"type":"Feature","geometry":{"type":"Point","coordinates":[11.84637,57.719472]},"properties":{"name":"Volvo City","lines":"27, 127, 139, 142, 145, 148, 159, 178, 179, 180, 185, 190, X6, X77, X90","arr":["27","127","139","142","145","148","159","178","179","180","185","190","X6","X77","X90"],"terminus":0,"mode":"bus","color":"#0059a9","colorDark":"#00294f","angle":307.8,"snapDist":13,"label":0}},{"type":"Feature","geometry":{"type":"Point","coordinates":[11.840935,57.717829]},"properties":{"name":"Volvo Torslanda TK","lines":"27, 127, 139, 142, 145, 148, 159, 178, 179, 180, 185, 190, X6, X77, X90","arr":["27","127","139","142","145","148","159","178","179","180","185","190","X6","X77","X90"],"terminus":1,"mode":"bus","color":"#0059a9","colorDark":"#00294f","angle":267.9,"snapDist":6,"label":0}},{"type":"Feature","geometry":{"type":"Point","coordinates":[11.839706,57.711329]},"properties":{"name":"Sörredsmotet","lines":"27, 32, 139, 142, 178","arr":["27","32","139","142","178"],"terminus":1,"mode":"bus","color":"#0059a9","colorDark":"#00294f","angle":308.9,"snapDist":9,"label":1}},{"type":"Feature","geometry":{"type":"Point","coordinates":[11.779368,57.709981]},"properties":{"name":"Amhult Resecentrum","lines":"29","arr":["29"],"terminus":1,"mode":"bus","color":"#0059a9","colorDark":"#00294f","angle":37,"snapDist":1,"label":1}},{"type":"Feature","geometry":{"type":"Point","coordinates":[11.782713,57.714753]},"properties":{"name":"Torslandakrysset","lines":"29, 129","arr":["29","129"],"terminus":1,"mode":"bus","color":"#0059a9","colorDark":"#00294f","angle":53.5,"snapDist":3,"label":1}},{"type":"Feature","geometry":{"type":"Point","coordinates":[11.772841,57.719227]},"properties":{"name":"Nordhagsvägen","lines":"29, 129, 131, X1","arr":["29","129","131","X1"],"terminus":0,"mode":"bus","color":"#0059a9","colorDark":"#00294f","angle":39.3,"snapDist":4,"label":1}},{"type":"Feature","geometry":{"type":"Point","coordinates":[11.767314,57.722574]},"properties":{"name":"Torslanda Torg","lines":"29, 129, 131, X1","arr":["29","129","131","X1"],"terminus":0,"mode":"bus","color":"#0059a9","colorDark":"#00294f","angle":83.4,"snapDist":4,"label":1}},{"type":"Feature","geometry":{"type":"Point","coordinates":[11.773587,57.726995]},"properties":{"name":"Hembygdsgatan","lines":"29, 129, 131, X1","arr":["29","129","131","X1"],"terminus":0,"mode":"bus","color":"#0059a9","colorDark":"#00294f","angle":140.4,"snapDist":7,"label":1}},{"type":"Feature","geometry":{"type":"Point","coordinates":[11.779497,57.728748]},"properties":{"name":"Vårbäcksvägen","lines":"29, 129, 131, X1","arr":["29","129","131","X1"],"terminus":0,"mode":"bus","color":"#0059a9","colorDark":"#00294f","angle":151.7,"snapDist":10,"label":1}},{"type":"Feature","geometry":{"type":"Point","coordinates":[11.785782,57.7313]},"properties":{"name":"Änghagen","lines":"29, 129","arr":["29","129"],"terminus":0,"mode":"bus","color":"#0059a9","colorDark":"#00294f","angle":138.6,"snapDist":9,"label":1}},{"type":"Feature","geometry":{"type":"Point","coordinates":[11.790934,57.733666]},"properties":{"name":"Torslanda Mellangård","lines":"29, 129","arr":["29","129"],"terminus":0,"mode":"bus","color":"#0059a9","colorDark":"#00294f","angle":137.8,"snapDist":9,"label":1}},{"type":"Feature","geometry":{"type":"Point","coordinates":[11.795568,57.735936]},"properties":{"name":"Lilleby Skolväg","lines":"29, 129","arr":["29","129"],"terminus":0,"mode":"bus","color":"#0059a9","colorDark":"#00294f","angle":148.5,"snapDist":6,"label":1}},{"type":"Feature","geometry":{"type":"Point","coordinates":[11.799517,57.737177]},"properties":{"name":"Lillebyvägen","lines":"29, 129","arr":["29","129"],"terminus":0,"mode":"bus","color":"#0059a9","colorDark":"#00294f","angle":152.4,"snapDist":6,"label":0}},{"type":"Feature","geometry":{"type":"Point","coordinates":[11.807965,57.739502]},"properties":{"name":"Lilleby Kronogård","lines":"29, 129","arr":["29","129"],"terminus":0,"mode":"bus","color":"#0059a9","colorDark":"#00294f","angle":152.5,"snapDist":1,"label":1}},{"type":"Feature","geometry":{"type":"Point","coordinates":[11.818839,57.742638]},"properties":{"name":"Innegården","lines":"29, 129","arr":["29","129"],"terminus":0,"mode":"bus","color":"#0059a9","colorDark":"#00294f","angle":152,"snapDist":7,"label":1}},{"type":"Feature","geometry":{"type":"Point","coordinates":[11.823729,57.743179]},"properties":{"name":"Låssbyvägen","lines":"29, 129","arr":["29","129"],"terminus":0,"mode":"bus","color":"#0059a9","colorDark":"#00294f","angle":182.1,"snapDist":6,"label":1}},{"type":"Feature","geometry":{"type":"Point","coordinates":[11.828412,57.745962]},"properties":{"name":"Skräddaregården","lines":"29, 129","arr":["29","129"],"terminus":0,"mode":"bus","color":"#0059a9","colorDark":"#00294f","angle":85,"snapDist":3,"label":1}},{"type":"Feature","geometry":{"type":"Point","coordinates":[11.828797,57.75073]},"properties":{"name":"Gamla Lillebyvägen","lines":"29, 129","arr":["29","129"],"terminus":0,"mode":"bus","color":"#0059a9","colorDark":"#00294f","angle":102.5,"snapDist":5,"label":1}},{"type":"Feature","geometry":{"type":"Point","coordinates":[11.830352,57.75445]},"properties":{"name":"Kvisljungeby","lines":"29, 129","arr":["29","129"],"terminus":0,"mode":"bus","color":"#0059a9","colorDark":"#00294f","angle":99,"snapDist":9,"label":1}},{"type":"Feature","geometry":{"type":"Point","coordinates":[11.832943,57.758446]},"properties":{"name":"Skra Bro","lines":"29, 129","arr":["29","129"],"terminus":0,"mode":"bus","color":"#0059a9","colorDark":"#00294f","angle":179.4,"snapDist":5,"label":0}},{"type":"Feature","geometry":{"type":"Point","coordinates":[11.842488,57.756236]},"properties":{"name":"Trulsegården","lines":"29","arr":["29"],"terminus":0,"mode":"bus","color":"#0059a9","colorDark":"#00294f","angle":188.9,"snapDist":2,"label":1}},{"type":"Feature","geometry":{"type":"Point","coordinates":[11.864536,57.751547]},"properties":{"name":"Allebyvägen","lines":"29","arr":["29"],"terminus":0,"mode":"bus","color":"#0059a9","colorDark":"#00294f","angle":187.7,"snapDist":2,"label":1}},{"type":"Feature","geometry":{"type":"Point","coordinates":[11.875535,57.749661]},"properties":{"name":"Östergärde","lines":"29, 141","arr":["29","141"],"terminus":0,"mode":"bus","color":"#0059a9","colorDark":"#00294f","angle":214,"snapDist":5,"label":1}},{"type":"Feature","geometry":{"type":"Point","coordinates":[11.880992,57.747882]},"properties":{"name":"Helgereds Gårdar","lines":"29, 141","arr":["29","141"],"terminus":0,"mode":"bus","color":"#0059a9","colorDark":"#00294f","angle":200,"snapDist":9,"label":1}},{"type":"Feature","geometry":{"type":"Point","coordinates":[11.892054,57.744486]},"properties":{"name":"Klare Mosse","lines":"29, 141","arr":["29","141"],"terminus":0,"mode":"bus","color":"#0059a9","colorDark":"#00294f","angle":223.4,"snapDist":4,"label":1}},{"type":"Feature","geometry":{"type":"Point","coordinates":[11.936401,57.727679]},"properties":{"name":"Wieselgrensgatan","lines":"29","arr":["29"],"terminus":0,"mode":"bus","color":"#0059a9","colorDark":"#00294f","angle":172.1,"snapDist":3,"label":0}},{"type":"Feature","geometry":{"type":"Point","coordinates":[11.946145,57.720413]},"properties":{"name":"Vågmästareplatsen","lines":"29, 99, 128, 135, 137","arr":["29","99","128","135","137"],"terminus":0,"mode":"bus","color":"#0059a9","colorDark":"#00294f","angle":172.3,"snapDist":8,"label":0}},{"type":"Feature","geometry":{"type":"Point","coordinates":[11.972173,57.709965]},"properties":{"name":"Nils Ericson Terminalen","lines":"29, 129","arr":["29","129"],"terminus":1,"mode":"bus","color":"#0059a9","colorDark":"#00294f","angle":310.6,"snapDist":4,"label":1}},{"type":"Feature","geometry":{"type":"Point","coordinates":[11.951963,57.720812]},"properties":{"name":"Hjalmar Brantingsplatsen","lines":"29, 99, 128, 129, 131, 135, 137, 141, 142, X77","arr":["29","99","128","129","131","135","137","141","142","X77"],"terminus":1,"mode":"bus","color":"#0059a9","colorDark":"#00294f","angle":2.3,"snapDist":4,"label":0}},{"type":"Feature","geometry":{"type":"Point","coordinates":[11.944364,57.727337]},"properties":{"name":"Swedenborgsplatsen","lines":"29","arr":["29"],"terminus":0,"mode":"bus","color":"#0059a9","colorDark":"#00294f","angle":7,"snapDist":6,"label":0}},{"type":"Feature","geometry":{"type":"Point","coordinates":[11.902624,57.740372]},"properties":{"name":"Klara","lines":"29, 141","arr":["29","141"],"terminus":0,"mode":"bus","color":"#0059a9","colorDark":"#00294f","angle":38.5,"snapDist":6,"label":0}},{"type":"Feature","geometry":{"type":"Point","coordinates":[11.891221,57.744892]},"properties":{"name":"Klare Mosse","lines":"29, 141","arr":["29","141"],"terminus":0,"mode":"bus","color":"#0059a9","colorDark":"#00294f","angle":40.9,"snapDist":8,"label":0}},{"type":"Feature","geometry":{"type":"Point","coordinates":[11.87977,57.748192]},"properties":{"name":"Helgereds Gårdar","lines":"29, 141","arr":["29","141"],"terminus":0,"mode":"bus","color":"#0059a9","colorDark":"#00294f","angle":29.1,"snapDist":7,"label":0}},{"type":"Feature","geometry":{"type":"Point","coordinates":[11.874989,57.749967]},"properties":{"name":"Östergärde","lines":"29, 141","arr":["29","141"],"terminus":0,"mode":"bus","color":"#0059a9","colorDark":"#00294f","angle":31.8,"snapDist":14,"label":0}},{"type":"Feature","geometry":{"type":"Point","coordinates":[11.865357,57.751496]},"properties":{"name":"Allebyvägen","lines":"29","arr":["29"],"terminus":0,"mode":"bus","color":"#0059a9","colorDark":"#00294f","angle":4.8,"snapDist":8,"label":0}},{"type":"Feature","geometry":{"type":"Point","coordinates":[11.840829,57.756458]},"properties":{"name":"Trulsegården","lines":"29","arr":["29"],"terminus":0,"mode":"bus","color":"#0059a9","colorDark":"#00294f","angle":8.6,"snapDist":6,"label":0}},{"type":"Feature","geometry":{"type":"Point","coordinates":[11.832537,57.758505]},"properties":{"name":"Skra Bro","lines":"29, 129","arr":["29","129"],"terminus":0,"mode":"bus","color":"#0059a9","colorDark":"#00294f","angle":353.6,"snapDist":5,"label":0}},{"type":"Feature","geometry":{"type":"Point","coordinates":[11.830337,57.754399]},"properties":{"name":"Kvisljungeby","lines":"29, 129","arr":["29","129"],"terminus":0,"mode":"bus","color":"#0059a9","colorDark":"#00294f","angle":279,"snapDist":9,"label":0}},{"type":"Feature","geometry":{"type":"Point","coordinates":[11.828562,57.750207]},"properties":{"name":"Gamla Lillebyvägen","lines":"29, 129","arr":["29","129"],"terminus":0,"mode":"bus","color":"#0059a9","colorDark":"#00294f","angle":283.6,"snapDist":5,"label":0}},{"type":"Feature","geometry":{"type":"Point","coordinates":[11.828454,57.745744]},"properties":{"name":"Skräddaregården","lines":"29, 129","arr":["29","129"],"terminus":0,"mode":"bus","color":"#0059a9","colorDark":"#00294f","angle":264,"snapDist":7,"label":0}},{"type":"Feature","geometry":{"type":"Point","coordinates":[11.823083,57.74319]},"properties":{"name":"Låssbyvägen","lines":"29, 129","arr":["29","129"],"terminus":0,"mode":"bus","color":"#0059a9","colorDark":"#00294f","angle":4.5,"snapDist":7,"label":0}},{"type":"Feature","geometry":{"type":"Point","coordinates":[11.81842,57.742521]},"properties":{"name":"Innegården","lines":"29, 129","arr":["29","129"],"terminus":0,"mode":"bus","color":"#0059a9","colorDark":"#00294f","angle":331.7,"snapDist":2,"label":0}},{"type":"Feature","geometry":{"type":"Point","coordinates":[11.806322,57.739058]},"properties":{"name":"Lilleby Kronogård","lines":"29, 129","arr":["29","129"],"terminus":0,"mode":"bus","color":"#0059a9","colorDark":"#00294f","angle":329.7,"snapDist":3,"label":0}},{"type":"Feature","geometry":{"type":"Point","coordinates":[11.799314,57.73712]},"properties":{"name":"Lillebyvägen","lines":"29, 129","arr":["29","129"],"terminus":0,"mode":"bus","color":"#0059a9","colorDark":"#00294f","angle":332.4,"snapDist":3,"label":0}},{"type":"Feature","geometry":{"type":"Point","coordinates":[11.794137,57.735261]},"properties":{"name":"Lilleby Skolväg","lines":"29, 129","arr":["29","129"],"terminus":0,"mode":"bus","color":"#0059a9","colorDark":"#00294f","angle":316.6,"snapDist":4,"label":0}},{"type":"Feature","geometry":{"type":"Point","coordinates":[11.790019,57.733263]},"properties":{"name":"Torslanda Mellangård","lines":"29, 129","arr":["29","129"],"terminus":0,"mode":"bus","color":"#0059a9","colorDark":"#00294f","angle":320.8,"snapDist":8,"label":0}},{"type":"Feature","geometry":{"type":"Point","coordinates":[11.785425,57.731134]},"properties":{"name":"Änghagen","lines":"29, 129","arr":["29","129"],"terminus":0,"mode":"bus","color":"#0059a9","colorDark":"#00294f","angle":320.5,"snapDist":10,"label":0}},{"type":"Feature","geometry":{"type":"Point","coordinates":[11.778003,57.728337]},"properties":{"name":"Vårbäcksvägen","lines":"29, 129, 131, X1","arr":["29","129","131","X1"],"terminus":0,"mode":"bus","color":"#0059a9","colorDark":"#00294f","angle":331.9,"snapDist":4,"label":0}},{"type":"Feature","geometry":{"type":"Point","coordinates":[11.773462,57.72694]},"properties":{"name":"Hembygdsgatan","lines":"29, 129, 131, X1","arr":["29","129","131","X1"],"terminus":0,"mode":"bus","color":"#0059a9","colorDark":"#00294f","angle":320.4,"snapDist":5,"label":0}},{"type":"Feature","geometry":{"type":"Point","coordinates":[11.767686,57.722454]},"properties":{"name":"Torslanda Torg","lines":"29, 129, 131, X1","arr":["29","129","131","X1"],"terminus":0,"mode":"bus","color":"#0059a9","colorDark":"#00294f","angle":263.7,"snapDist":7,"label":0}},{"type":"Feature","geometry":{"type":"Point","coordinates":[11.774187,57.71863]},"properties":{"name":"Nordhagsvägen","lines":"29, 129, 131, X1","arr":["29","129","131","X1"],"terminus":0,"mode":"bus","color":"#0059a9","colorDark":"#00294f","angle":219.1,"snapDist":6,"label":0}},{"type":"Feature","geometry":{"type":"Point","coordinates":[11.78319,57.714106]},"properties":{"name":"Torslandakrysset","lines":"29, 34, 129","arr":["29","34","129"],"terminus":1,"mode":"bus","color":"#0059a9","colorDark":"#00294f","angle":268.9,"snapDist":8,"label":0}},{"type":"Feature","geometry":{"type":"Point","coordinates":[11.77948,57.709593]},"properties":{"name":"Amhult Resecentrum","lines":"29","arr":["29"],"terminus":1,"mode":"bus","color":"#0059a9","colorDark":"#00294f","angle":216.7,"snapDist":7,"label":0}},{"type":"Feature","geometry":{"type":"Point","coordinates":[11.909715,57.65211]},"properties":{"name":"Frölunda Torg","lines":"30, 90, 94","arr":["30","90","94"],"terminus":1,"mode":"bus","color":"#0059a9","colorDark":"#00294f","angle":136.6,"snapDist":0,"label":1}},{"type":"Feature","geometry":{"type":"Point","coordinates":[11.903443,57.653344]},"properties":{"name":"Smyckegatan","lines":"30, 99, 193, 194, 196, 199, X5","arr":["30","99","193","194","196","199","X5"],"terminus":0,"mode":"bus","color":"#0059a9","colorDark":"#00294f","angle":34.1,"snapDist":7,"label":1}},{"type":"Feature","geometry":{"type":"Point","coordinates":[11.895594,57.658149]},"properties":{"name":"Bergkristallsgatan","lines":"30, 99, 193, 194, 196, 199, X5, X90","arr":["30","99","193","194","196","199","X5","X90"],"terminus":0,"mode":"bus","color":"#0059a9","colorDark":"#00294f","angle":55.8,"snapDist":7,"label":1}},{"type":"Feature","geometry":{"type":"Point","coordinates":[11.896717,57.661861]},"properties":{"name":"Klangfärgsgatan","lines":"30, 90, 91, 97","arr":["30","90","91","97"],"terminus":0,"mode":"bus","color":"#0059a9","colorDark":"#00294f","angle":150.3,"snapDist":4,"label":1}},{"type":"Feature","geometry":{"type":"Point","coordinates":[11.897324,57.665056]},"properties":{"name":"Kavåsvägen","lines":"30, 90","arr":["30","90"],"terminus":0,"mode":"bus","color":"#0059a9","colorDark":"#00294f","angle":92.1,"snapDist":4,"label":1}},{"type":"Feature","geometry":{"type":"Point","coordinates":[11.897307,57.669906]},"properties":{"name":"Trälåsvägen","lines":"30, 90","arr":["30","90"],"terminus":0,"mode":"bus","color":"#0059a9","colorDark":"#00294f","angle":87.7,"snapDist":6,"label":1}},{"type":"Feature","geometry":{"type":"Point","coordinates":[11.896645,57.672892]},"properties":{"name":"Kaprifolgatan","lines":"30, 90","arr":["30","90"],"terminus":0,"mode":"bus","color":"#0059a9","colorDark":"#00294f","angle":87.9,"snapDist":4,"label":1}},{"type":"Feature","geometry":{"type":"Point","coordinates":[11.897626,57.676345]},"properties":{"name":"Dalavägen","lines":"30, 90","arr":["30","90"],"terminus":0,"mode":"bus","color":"#0059a9","colorDark":"#00294f","angle":114.2,"snapDist":3,"label":1}},{"type":"Feature","geometry":{"type":"Point","coordinates":[11.901004,57.678686]},"properties":{"name":"Bolmörtsgatan","lines":"30, 90","arr":["30","90"],"terminus":0,"mode":"bus","color":"#0059a9","colorDark":"#00294f","angle":83.9,"snapDist":5,"label":1}},{"type":"Feature","geometry":{"type":"Point","coordinates":[11.901667,57.680841]},"properties":{"name":"Kungssten","lines":"30, 90, 91, 190","arr":["30","90","91","190"],"terminus":0,"mode":"bus","color":"#0059a9","colorDark":"#00294f","angle":146.6,"snapDist":2,"label":1}},{"type":"Feature","geometry":{"type":"Point","coordinates":[11.905457,57.683991]},"properties":{"name":"Orustgatan","lines":"30, 90, 190","arr":["30","90","190"],"terminus":0,"mode":"bus","color":"#0059a9","colorDark":"#00294f","angle":101.1,"snapDist":3,"label":1}},{"type":"Feature","geometry":{"type":"Point","coordinates":[11.909777,57.688234]},"properties":{"name":"Banehagsgatan","lines":"30, 90, 190","arr":["30","90","190"],"terminus":0,"mode":"bus","color":"#0059a9","colorDark":"#00294f","angle":132.5,"snapDist":3,"label":1}},{"type":"Feature","geometry":{"type":"Point","coordinates":[11.912545,57.689872]},"properties":{"name":"Klippan","lines":"30, 90, 190","arr":["30","90","190"],"terminus":0,"mode":"bus","color":"#0059a9","colorDark":"#00294f","angle":131.3,"snapDist":3,"label":1}},{"type":"Feature","geometry":{"type":"Point","coordinates":[11.897605,57.699918]},"properties":{"name":"Ivarsbergsmotet","lines":"30, 32","arr":["30","32"],"terminus":0,"mode":"bus","color":"#0059a9","colorDark":"#00294f","angle":24.7,"snapDist":2,"label":0}},{"type":"Feature","geometry":{"type":"Point","coordinates":[11.899012,57.702629]},"properties":{"name":"Rosenhill","lines":"30, 32","arr":["30","32"],"terminus":0,"mode":"bus","color":"#0059a9","colorDark":"#00294f","angle":108.1,"snapDist":6,"label":1}},{"type":"Feature","geometry":{"type":"Point","coordinates":[11.901778,57.704789]},"properties":{"name":"Oslogatan","lines":"30, 32","arr":["30","32"],"terminus":0,"mode":"bus","color":"#0059a9","colorDark":"#00294f","angle":127.5,"snapDist":6,"label":1}},{"type":"Feature","geometry":{"type":"Point","coordinates":[11.904417,57.706858]},"properties":{"name":"Vårvindsgatan","lines":"30, 32","arr":["30","32"],"terminus":0,"mode":"bus","color":"#0059a9","colorDark":"#00294f","angle":105.2,"snapDist":6,"label":1}},{"type":"Feature","geometry":{"type":"Point","coordinates":[11.906279,57.711672]},"properties":{"name":"Kyrkbytorget","lines":"30, 32, 34","arr":["30","32","34"],"terminus":0,"mode":"bus","color":"#0059a9","colorDark":"#00294f","angle":103.9,"snapDist":5,"label":1}},{"type":"Feature","geometry":{"type":"Point","coordinates":[11.910652,57.715934]},"properties":{"name":"Eketrägatan","lines":"30, 32","arr":["30","32"],"terminus":1,"mode":"bus","color":"#0059a9","colorDark":"#00294f","angle":-72.5,"snapDist":15,"label":0}},{"type":"Feature","geometry":{"type":"Point","coordinates":[11.906178,57.711457]},"properties":{"name":"Kyrkbytorget","lines":"30, 32, 34","arr":["30","32","34"],"terminus":0,"mode":"bus","color":"#0059a9","colorDark":"#00294f","angle":284.3,"snapDist":5,"label":0}},{"type":"Feature","geometry":{"type":"Point","coordinates":[11.904398,57.706821]},"properties":{"name":"Vårvindsgatan","lines":"30, 32","arr":["30","32"],"terminus":0,"mode":"bus","color":"#0059a9","colorDark":"#00294f","angle":285.2,"snapDist":7,"label":0}},{"type":"Feature","geometry":{"type":"Point","coordinates":[11.901703,57.704737]},"properties":{"name":"Oslogatan","lines":"30, 32","arr":["30","32"],"terminus":0,"mode":"bus","color":"#0059a9","colorDark":"#00294f","angle":307.3,"snapDist":7,"label":0}},{"type":"Feature","geometry":{"type":"Point","coordinates":[11.898789,57.702247]},"properties":{"name":"Rosenhill","lines":"30, 32","arr":["30","32"],"terminus":0,"mode":"bus","color":"#0059a9","colorDark":"#00294f","angle":286.2,"snapDist":6,"label":0}},{"type":"Feature","geometry":{"type":"Point","coordinates":[11.912371,57.689906]},"properties":{"name":"Klippan","lines":"30, 90, 190","arr":["30","90","190"],"terminus":0,"mode":"bus","color":"#0059a9","colorDark":"#00294f","angle":311.7,"snapDist":1,"label":0}},{"type":"Feature","geometry":{"type":"Point","coordinates":[11.909246,57.687906]},"properties":{"name":"Banehagsgatan","lines":"30, 90, 190","arr":["30","90","190"],"terminus":0,"mode":"bus","color":"#0059a9","colorDark":"#00294f","angle":307.5,"snapDist":5,"label":0}},{"type":"Feature","geometry":{"type":"Point","coordinates":[11.905455,57.683986]},"properties":{"name":"Orustgatan","lines":"30, 90, 190","arr":["30","90","190"],"terminus":0,"mode":"bus","color":"#0059a9","colorDark":"#00294f","angle":281.1,"snapDist":3,"label":0}},{"type":"Feature","geometry":{"type":"Point","coordinates":[11.901796,57.680818]},"properties":{"name":"Kungssten","lines":"30, 90, 91, 184","arr":["30","90","91","184"],"terminus":0,"mode":"bus","color":"#0059a9","colorDark":"#00294f","angle":144.5,"snapDist":1,"label":0}},{"type":"Feature","geometry":{"type":"Point","coordinates":[11.901038,57.678539]},"properties":{"name":"Bolmörtsgatan","lines":"30, 90","arr":["30","90"],"terminus":0,"mode":"bus","color":"#0059a9","colorDark":"#00294f","angle":262.8,"snapDist":4,"label":0}},{"type":"Feature","geometry":{"type":"Point","coordinates":[11.898116,57.67669]},"properties":{"name":"Dalavägen","lines":"30, 90","arr":["30","90"],"terminus":0,"mode":"bus","color":"#0059a9","colorDark":"#00294f","angle":325.6,"snapDist":4,"label":0}},{"type":"Feature","geometry":{"type":"Point","coordinates":[11.896651,57.672829]},"properties":{"name":"Kaprifolgatan","lines":"30, 90","arr":["30","90"],"terminus":0,"mode":"bus","color":"#0059a9","colorDark":"#00294f","angle":266,"snapDist":2,"label":0}},{"type":"Feature","geometry":{"type":"Point","coordinates":[11.897308,57.669888]},"properties":{"name":"Trälåsvägen","lines":"30, 90","arr":["30","90"],"terminus":0,"mode":"bus","color":"#0059a9","colorDark":"#00294f","angle":267.7,"snapDist":3,"label":0}},{"type":"Feature","geometry":{"type":"Point","coordinates":[11.897319,57.66498]},"properties":{"name":"Kavåsvägen","lines":"30, 90","arr":["30","90"],"terminus":0,"mode":"bus","color":"#0059a9","colorDark":"#00294f","angle":272,"snapDist":1,"label":0}},{"type":"Feature","geometry":{"type":"Point","coordinates":[11.895356,57.661726]},"properties":{"name":"Klangfärgsgatan","lines":"30, 90, 91, 97","arr":["30","90","91","97"],"terminus":0,"mode":"bus","color":"#0059a9","colorDark":"#00294f","angle":347.1,"snapDist":2,"label":0}},{"type":"Feature","geometry":{"type":"Point","coordinates":[11.896972,57.656974]},"properties":{"name":"Bergkristallsgatan","lines":"30, 99, 199, X5, X90","arr":["30","99","199","X5","X90"],"terminus":0,"mode":"bus","color":"#0059a9","colorDark":"#00294f","angle":234.3,"snapDist":15,"label":0}},{"type":"Feature","geometry":{"type":"Point","coordinates":[11.901725,57.65371]},"properties":{"name":"Smyckegatan","lines":"30, 99, 199, X5","arr":["30","99","199","X5"],"terminus":0,"mode":"bus","color":"#0059a9","colorDark":"#00294f","angle":229.4,"snapDist":2,"label":0}},{"type":"Feature","geometry":{"type":"Point","coordinates":[11.838081,57.70671]},"properties":{"name":"Kärrlyckegatan","lines":"32, 178","arr":["32","178"],"terminus":0,"mode":"bus","color":"#0059a9","colorDark":"#00294f","angle":290.8,"snapDist":5,"label":1}},{"type":"Feature","geometry":{"type":"Point","coordinates":[11.829655,57.701496]},"properties":{"name":"Synneröd","lines":"32, 128, 148, 178, 184","arr":["32","128","148","178","184"],"terminus":0,"mode":"bus","color":"#0059a9","colorDark":"#00294f","angle":305.9,"snapDist":8,"label":1}},{"type":"Feature","geometry":{"type":"Point","coordinates":[11.825818,57.697976]},"properties":{"name":"Arendal Portal","lines":"32, 128, 148, 178, 184","arr":["32","128","148","178","184"],"terminus":1,"mode":"bus","color":"#0059a9","colorDark":"#00294f","angle":357.6,"snapDist":7,"label":1}},{"type":"Feature","geometry":{"type":"Point","coordinates":[11.821108,57.699447]},"properties":{"name":"Godsgatan","lines":"32, 128, 148, 178, 184","arr":["32","128","148","178","184"],"terminus":1,"mode":"bus","color":"#0059a9","colorDark":"#00294f","angle":88.6,"snapDist":5,"label":1}},{"type":"Feature","geometry":{"type":"Point","coordinates":[11.818209,57.703063]},"properties":{"name":"Hamneviksvägen","lines":"32, 128, 148, 178, 184","arr":["32","128","148","178","184"],"terminus":0,"mode":"bus","color":"#0059a9","colorDark":"#00294f","angle":60,"snapDist":5,"label":1}},{"type":"Feature","geometry":{"type":"Point","coordinates":[11.814891,57.706003]},"properties":{"name":"Arendal Norra","lines":"32, 128, 148, 178, 184","arr":["32","128","148","178","184"],"terminus":0,"mode":"bus","color":"#0059a9","colorDark":"#00294f","angle":355.7,"snapDist":4,"label":1}},{"type":"Feature","geometry":{"type":"Point","coordinates":[11.809644,57.702445]},"properties":{"name":"Terminalvägen","lines":"32, 128, 148, 178, 184","arr":["32","128","148","178","184"],"terminus":0,"mode":"bus","color":"#0059a9","colorDark":"#00294f","angle":268.2,"snapDist":5,"label":1}},{"type":"Feature","geometry":{"type":"Point","coordinates":[11.809799,57.699807]},"properties":{"name":"Arendal Terminal","lines":"32, 128, 148, 178, 184","arr":["32","128","148","178","184"],"terminus":0,"mode":"bus","color":"#0059a9","colorDark":"#00294f","angle":268.1,"snapDist":4,"label":1}},{"type":"Feature","geometry":{"type":"Point","coordinates":[11.815328,57.697759]},"properties":{"name":"Arendals Allé","lines":"32, 128, 148, 178, 184","arr":["32","128","148","178","184"],"terminus":0,"mode":"bus","color":"#0059a9","colorDark":"#00294f","angle":177.5,"snapDist":5,"label":1}},{"type":"Feature","geometry":{"type":"Point","coordinates":[11.81863,57.696492]},"properties":{"name":"Arendal Skans","lines":"32, 128, 148, 178, 184","arr":["32","128","148","178","184"],"terminus":0,"mode":"bus","color":"#0059a9","colorDark":"#00294f","angle":178.2,"snapDist":5,"label":1}},{"type":"Feature","geometry":{"type":"Point","coordinates":[11.826187,57.697984]},"properties":{"name":"Arendal Portal","lines":"32, 128, 148, 178, 184","arr":["32","128","148","178","184"],"terminus":1,"mode":"bus","color":"#0059a9","colorDark":"#00294f","angle":177.6,"snapDist":7,"label":0}},{"type":"Feature","geometry":{"type":"Point","coordinates":[11.83021,57.701828]},"properties":{"name":"Synneröd","lines":"32, 128, 148, 178, 184","arr":["32","128","148","178","184"],"terminus":0,"mode":"bus","color":"#0059a9","colorDark":"#00294f","angle":134.1,"snapDist":6,"label":0}},{"type":"Feature","geometry":{"type":"Point","coordinates":[11.838612,57.704037]},"properties":{"name":"Kärrlyckan","lines":"32, 128, 148, 184","arr":["32","128","148","184"],"terminus":0,"mode":"bus","color":"#0059a9","colorDark":"#00294f","angle":155.9,"snapDist":6,"label":1}},{"type":"Feature","geometry":{"type":"Point","coordinates":[11.851012,57.705333]},"properties":{"name":"Arendalsvägen","lines":"32, 128, 148, 184","arr":["32","128","148","184"],"terminus":0,"mode":"bus","color":"#0059a9","colorDark":"#00294f","angle":192.7,"snapDist":14,"label":1}},{"type":"Feature","geometry":{"type":"Point","coordinates":[11.859918,57.702715]},"properties":{"name":"Ytterhamnsmotet","lines":"32, 148, 184","arr":["32","148","184"],"terminus":0,"mode":"bus","color":"#0059a9","colorDark":"#00294f","angle":86.1,"snapDist":6,"label":1}},{"type":"Feature","geometry":{"type":"Point","coordinates":[11.856561,57.694622]},"properties":{"name":"Sydatlanten","lines":"32, 128, 184","arr":["32","128","184"],"terminus":0,"mode":"bus","color":"#0059a9","colorDark":"#00294f","angle":270.7,"snapDist":4,"label":1}},{"type":"Feature","geometry":{"type":"Point","coordinates":[11.88353,57.698631]},"properties":{"name":"Rya Skog","lines":"32, 128","arr":["32","128"],"terminus":0,"mode":"bus","color":"#0059a9","colorDark":"#00294f","angle":184.8,"snapDist":9,"label":1}},{"type":"Feature","geometry":{"type":"Point","coordinates":[11.894448,57.698746]},"properties":{"name":"Bensingatan","lines":"32, 128","arr":["32","128"],"terminus":0,"mode":"bus","color":"#0059a9","colorDark":"#00294f","angle":178.3,"snapDist":3,"label":1}},{"type":"Feature","geometry":{"type":"Point","coordinates":[11.892904,57.698682]},"properties":{"name":"Bensingatan","lines":"32, 128","arr":["32","128"],"terminus":0,"mode":"bus","color":"#0059a9","colorDark":"#00294f","angle":322.8,"snapDist":7,"label":0}},{"type":"Feature","geometry":{"type":"Point","coordinates":[11.881541,57.69872]},"properties":{"name":"Rya Skog","lines":"32, 128","arr":["32","128"],"terminus":0,"mode":"bus","color":"#0059a9","colorDark":"#00294f","angle":4.8,"snapDist":7,"label":0}},{"type":"Feature","geometry":{"type":"Point","coordinates":[11.859775,57.70248]},"properties":{"name":"Ytterhamnsmotet","lines":"32, 148, 184","arr":["32","148","184"],"terminus":0,"mode":"bus","color":"#0059a9","colorDark":"#00294f","angle":266.3,"snapDist":5,"label":0}},{"type":"Feature","geometry":{"type":"Point","coordinates":[11.850959,57.705339]},"properties":{"name":"Arendalsvägen","lines":"32, 128, 148, 184","arr":["32","128","148","184"],"terminus":0,"mode":"bus","color":"#0059a9","colorDark":"#00294f","angle":12.7,"snapDist":9,"label":0}},{"type":"Feature","geometry":{"type":"Point","coordinates":[11.839792,57.704317]},"properties":{"name":"Kärrlyckan","lines":"32, 128, 148, 184","arr":["32","128","148","184"],"terminus":0,"mode":"bus","color":"#0059a9","colorDark":"#00294f","angle":336.5,"snapDist":7,"label":0}},{"type":"Feature","geometry":{"type":"Point","coordinates":[11.818492,57.696489]},"properties":{"name":"Arendal Skans","lines":"32, 128, 148, 178, 184","arr":["32","128","148","178","184"],"terminus":0,"mode":"bus","color":"#0059a9","colorDark":"#00294f","angle":358.2,"snapDist":7,"label":0}},{"type":"Feature","geometry":{"type":"Point","coordinates":[11.814572,57.697747]},"properties":{"name":"Arendals Allé","lines":"32, 128, 148, 178, 184","arr":["32","128","148","178","184"],"terminus":0,"mode":"bus","color":"#0059a9","colorDark":"#00294f","angle":358.6,"snapDist":3,"label":0}},{"type":"Feature","geometry":{"type":"Point","coordinates":[11.809768,57.700312]},"properties":{"name":"Arendal Terminal","lines":"32, 128, 148, 178, 184","arr":["32","128","148","178","184"],"terminus":0,"mode":"bus","color":"#0059a9","colorDark":"#00294f","angle":88.8,"snapDist":5,"label":0}},{"type":"Feature","geometry":{"type":"Point","coordinates":[11.809633,57.702599]},"properties":{"name":"Terminalvägen","lines":"32, 128, 148, 178, 184","arr":["32","128","148","178","184"],"terminus":0,"mode":"bus","color":"#0059a9","colorDark":"#00294f","angle":87.6,"snapDist":5,"label":0}},{"type":"Feature","geometry":{"type":"Point","coordinates":[11.815075,57.70601]},"properties":{"name":"Arendal Norra","lines":"32, 128, 148, 178, 184","arr":["32","128","148","178","184"],"terminus":0,"mode":"bus","color":"#0059a9","colorDark":"#00294f","angle":179.1,"snapDist":4,"label":0}},{"type":"Feature","geometry":{"type":"Point","coordinates":[11.818527,57.702782]},"properties":{"name":"Hamneviksvägen","lines":"32, 128, 148, 178, 184","arr":["32","128","148","178","184"],"terminus":0,"mode":"bus","color":"#0059a9","colorDark":"#00294f","angle":234.1,"snapDist":8,"label":0}},{"type":"Feature","geometry":{"type":"Point","coordinates":[11.821118,57.699237]},"properties":{"name":"Godsgatan","lines":"32, 128, 148, 178, 184","arr":["32","128","148","178","184"],"terminus":1,"mode":"bus","color":"#0059a9","colorDark":"#00294f","angle":268.6,"snapDist":7,"label":0}},{"type":"Feature","geometry":{"type":"Point","coordinates":[11.838086,57.706717]},"properties":{"name":"Kärrlyckegatan","lines":"32, 178","arr":["32","178"],"terminus":0,"mode":"bus","color":"#0059a9","colorDark":"#00294f","angle":110.8,"snapDist":4,"label":0}},{"type":"Feature","geometry":{"type":"Point","coordinates":[11.735637,57.741949]},"properties":{"name":"Sillvik","lines":"33","arr":["33"],"terminus":1,"mode":"bus","color":"#0059a9","colorDark":"#00294f","angle":329.4,"snapDist":3,"label":1}},{"type":"Feature","geometry":{"type":"Point","coordinates":[11.742343,57.743133]},"properties":{"name":"Lilleby Båthamn","lines":"33","arr":["33"],"terminus":0,"mode":"bus","color":"#0059a9","colorDark":"#00294f","angle":189.8,"snapDist":2,"label":1}},{"type":"Feature","geometry":{"type":"Point","coordinates":[11.749033,57.743459]},"properties":{"name":"Norskog","lines":"33","arr":["33"],"terminus":0,"mode":"bus","color":"#0059a9","colorDark":"#00294f","angle":170.5,"snapDist":6,"label":1}},{"type":"Feature","geometry":{"type":"Point","coordinates":[11.756459,57.744057]},"properties":{"name":"Lillebybadet","lines":"33","arr":["33"],"terminus":0,"mode":"bus","color":"#0059a9","colorDark":"#00294f","angle":92.2,"snapDist":4,"label":1}},{"type":"Feature","geometry":{"type":"Point","coordinates":[11.767623,57.743245]},"properties":{"name":"Gröna Viken","lines":"33","arr":["33"],"terminus":0,"mode":"bus","color":"#0059a9","colorDark":"#00294f","angle":177.3,"snapDist":6,"label":1}},{"type":"Feature","geometry":{"type":"Point","coordinates":[11.778124,57.74416]},"properties":{"name":"Sävviken","lines":"33","arr":["33"],"terminus":0,"mode":"bus","color":"#0059a9","colorDark":"#00294f","angle":171.6,"snapDist":5,"label":1}},{"type":"Feature","geometry":{"type":"Point","coordinates":[11.785908,57.742982]},"properties":{"name":"Bergegården","lines":"33","arr":["33"],"terminus":0,"mode":"bus","color":"#0059a9","colorDark":"#00294f","angle":204.9,"snapDist":5,"label":1}},{"type":"Feature","geometry":{"type":"Point","coordinates":[11.790223,57.740168]},"properties":{"name":"Thorskog","lines":"33","arr":["33"],"terminus":0,"mode":"bus","color":"#0059a9","colorDark":"#00294f","angle":261.5,"snapDist":3,"label":1}},{"type":"Feature","geometry":{"type":"Point","coordinates":[11.793421,57.738888]},"properties":{"name":"Häggvägen","lines":"33","arr":["33"],"terminus":0,"mode":"bus","color":"#0059a9","colorDark":"#00294f","angle":193.8,"snapDist":3,"label":1}},{"type":"Feature","geometry":{"type":"Point","coordinates":[11.796345,57.738788]},"properties":{"name":"Gamla Torslandavägen","lines":"33","arr":["33"],"terminus":0,"mode":"bus","color":"#0059a9","colorDark":"#00294f","angle":171.2,"snapDist":7,"label":1}},{"type":"Feature","geometry":{"type":"Point","coordinates":[11.799798,57.737692]},"properties":{"name":"Lillebyvägen","lines":"33","arr":["33"],"terminus":1,"mode":"bus","color":"#0059a9","colorDark":"#00294f","angle":228.7,"snapDist":3,"label":1}},{"type":"Feature","geometry":{"type":"Point","coordinates":[11.799674,57.737767]},"properties":{"name":"Lillebyvägen","lines":"33","arr":["33"],"terminus":1,"mode":"bus","color":"#0059a9","colorDark":"#00294f","angle":48.3,"snapDist":4,"label":0}},{"type":"Feature","geometry":{"type":"Point","coordinates":[11.797387,57.738798]},"properties":{"name":"Gamla Torslandavägen","lines":"33","arr":["33"],"terminus":0,"mode":"bus","color":"#0059a9","colorDark":"#00294f","angle":24,"snapDist":6,"label":0}},{"type":"Feature","geometry":{"type":"Point","coordinates":[11.793153,57.738923]},"properties":{"name":"Häggvägen","lines":"33","arr":["33"],"terminus":0,"mode":"bus","color":"#0059a9","colorDark":"#00294f","angle":13.8,"snapDist":7,"label":0}},{"type":"Feature","geometry":{"type":"Point","coordinates":[11.790328,57.73984]},"properties":{"name":"Thorskog","lines":"33","arr":["33"],"terminus":0,"mode":"bus","color":"#0059a9","colorDark":"#00294f","angle":76.8,"snapDist":2,"label":0}},{"type":"Feature","geometry":{"type":"Point","coordinates":[11.785557,57.74307]},"properties":{"name":"Bergegården","lines":"33","arr":["33"],"terminus":0,"mode":"bus","color":"#0059a9","colorDark":"#00294f","angle":25.1,"snapDist":4,"label":0}},{"type":"Feature","geometry":{"type":"Point","coordinates":[11.777639,57.744119]},"properties":{"name":"Sävviken","lines":"33","arr":["33"],"terminus":0,"mode":"bus","color":"#0059a9","colorDark":"#00294f","angle":348.9,"snapDist":4,"label":0}},{"type":"Feature","geometry":{"type":"Point","coordinates":[11.767421,57.743239]},"properties":{"name":"Gröna Viken","lines":"33","arr":["33"],"terminus":0,"mode":"bus","color":"#0059a9","colorDark":"#00294f","angle":357.3,"snapDist":6,"label":0}},{"type":"Feature","geometry":{"type":"Point","coordinates":[11.755994,57.743944]},"properties":{"name":"Lillebybadet","lines":"33","arr":["33"],"terminus":0,"mode":"bus","color":"#0059a9","colorDark":"#00294f","angle":5.4,"snapDist":1,"label":0}},{"type":"Feature","geometry":{"type":"Point","coordinates":[11.749352,57.743488]},"properties":{"name":"Norskog","lines":"33","arr":["33"],"terminus":0,"mode":"bus","color":"#0059a9","colorDark":"#00294f","angle":350.5,"snapDist":3,"label":0}},{"type":"Feature","geometry":{"type":"Point","coordinates":[11.742289,57.743138]},"properties":{"name":"Lilleby Båthamn","lines":"33","arr":["33"],"terminus":0,"mode":"bus","color":"#0059a9","colorDark":"#00294f","angle":9.8,"snapDist":3,"label":0}},{"type":"Feature","geometry":{"type":"Point","coordinates":[11.711723,57.704984]},"properties":{"name":"Hjuvik","lines":"34","arr":["34"],"terminus":1,"mode":"bus","color":"#0059a9","colorDark":"#00294f","angle":325.4,"snapDist":3,"label":1}},{"type":"Feature","geometry":{"type":"Point","coordinates":[11.712942,57.706601]},"properties":{"name":"Fyrskeppsvägen","lines":"34","arr":["34"],"terminus":0,"mode":"bus","color":"#0059a9","colorDark":"#00294f","angle":100.5,"snapDist":3,"label":1}},{"type":"Feature","geometry":{"type":"Point","coordinates":[11.714786,57.710755]},"properties":{"name":"Majvik","lines":"34, X6","arr":["34","X6"],"terminus":0,"mode":"bus","color":"#0059a9","colorDark":"#00294f","angle":188.7,"snapDist":7,"label":1}},{"type":"Feature","geometry":{"type":"Point","coordinates":[11.723643,57.711804]},"properties":{"name":"Batterivägen","lines":"34, X6","arr":["34","X6"],"terminus":0,"mode":"bus","color":"#0059a9","colorDark":"#00294f","angle":165,"snapDist":8,"label":1}},{"type":"Feature","geometry":{"type":"Point","coordinates":[11.737538,57.709781]},"properties":{"name":"Långrevsvägen","lines":"34, X6","arr":["34","X6"],"terminus":0,"mode":"bus","color":"#0059a9","colorDark":"#00294f","angle":199,"snapDist":5,"label":1}},{"type":"Feature","geometry":{"type":"Point","coordinates":[11.745446,57.708745]},"properties":{"name":"Övre Hällsvik","lines":"34, X6","arr":["34","X6"],"terminus":0,"mode":"bus","color":"#0059a9","colorDark":"#00294f","angle":187,"snapDist":7,"label":1}},{"type":"Feature","geometry":{"type":"Point","coordinates":[11.755525,57.70759]},"properties":{"name":"Hällsviksvägen","lines":"34, X6","arr":["34","X6"],"terminus":0,"mode":"bus","color":"#0059a9","colorDark":"#00294f","angle":180.1,"snapDist":4,"label":1}},{"type":"Feature","geometry":{"type":"Point","coordinates":[11.763828,57.708934]},"properties":{"name":"Gossbydalsvägen","lines":"34, X6","arr":["34","X6"],"terminus":0,"mode":"bus","color":"#0059a9","colorDark":"#00294f","angle":161.4,"snapDist":4,"label":1}},{"type":"Feature","geometry":{"type":"Point","coordinates":[11.774258,57.71003]},"properties":{"name":"Amhults Torg","lines":"34","arr":["34"],"terminus":0,"mode":"bus","color":"#0059a9","colorDark":"#00294f","angle":174.1,"snapDist":6,"label":1}},{"type":"Feature","geometry":{"type":"Point","coordinates":[11.779042,57.709771]},"properties":{"name":"Amhult Resecentrum","lines":"34","arr":["34"],"terminus":0,"mode":"bus","color":"#0059a9","colorDark":"#00294f","angle":37.3,"snapDist":9,"label":0}},{"type":"Feature","geometry":{"type":"Point","coordinates":[11.783243,57.714311]},"properties":{"name":"Torslandakrysset","lines":"34","arr":["34"],"terminus":0,"mode":"bus","color":"#0059a9","colorDark":"#00294f","angle":98.9,"snapDist":7,"label":0}},{"type":"Feature","geometry":{"type":"Point","coordinates":[11.791735,57.716236]},"properties":{"name":"Bur","lines":"34, 131","arr":["34","131"],"terminus":0,"mode":"bus","color":"#0059a9","colorDark":"#00294f","angle":188.5,"snapDist":6,"label":1}},{"type":"Feature","geometry":{"type":"Point","coordinates":[11.819225,57.717731]},"properties":{"name":"Syrhåla","lines":"34, X1, X6, X90","arr":["34","X1","X6","X90"],"terminus":0,"mode":"bus","color":"#0059a9","colorDark":"#00294f","angle":187.3,"snapDist":9,"label":1}},{"type":"Feature","geometry":{"type":"Point","coordinates":[11.841714,57.711221]},"properties":{"name":"Sörredsmotet","lines":"34, 127, 131, 148, 159, 180, 185, 190, 290, 291, X77","arr":["34","127","131","148","159","180","185","190","290","291","X77"],"terminus":0,"mode":"bus","color":"#0059a9","colorDark":"#00294f","angle":231.5,"snapDist":4,"label":0}},{"type":"Feature","geometry":{"type":"Point","coordinates":[11.861549,57.703401]},"properties":{"name":"Ytterhamnsmotet","lines":"34","arr":["34"],"terminus":0,"mode":"bus","color":"#0059a9","colorDark":"#00294f","angle":170.1,"snapDist":5,"label":0}},{"type":"Feature","geometry":{"type":"Point","coordinates":[11.875127,57.704682]},"properties":{"name":"Vädermotet","lines":"34, 127, 159, 180, 184, 185, 190, 290, 291, X77","arr":["34","127","159","180","184","185","190","290","291","X77"],"terminus":0,"mode":"bus","color":"#0059a9","colorDark":"#00294f","angle":180.9,"snapDist":10,"label":1}},{"type":"Feature","geometry":{"type":"Point","coordinates":[11.898527,57.706598]},"properties":{"name":"Bräcke Östergård","lines":"34","arr":["34"],"terminus":0,"mode":"bus","color":"#0059a9","colorDark":"#00294f","angle":151.8,"snapDist":2,"label":1}},{"type":"Feature","geometry":{"type":"Point","coordinates":[11.910441,57.716053]},"properties":{"name":"Eketrägatan","lines":"34","arr":["34"],"terminus":1,"mode":"bus","color":"#0059a9","colorDark":"#00294f","angle":130.6,"snapDist":3,"label":0}},{"type":"Feature","geometry":{"type":"Point","coordinates":[11.898242,57.706516]},"properties":{"name":"Bräcke Östergård","lines":"34","arr":["34"],"terminus":0,"mode":"bus","color":"#0059a9","colorDark":"#00294f","angle":332.3,"snapDist":1,"label":0}},{"type":"Feature","geometry":{"type":"Point","coordinates":[11.880875,57.704541]},"properties":{"name":"Vädermotet","lines":"34, 127, 142, 159, 180, 184, 185, 190, 290, X1, X77","arr":["34","127","142","159","180","184","185","190","290","X1","X77"],"terminus":0,"mode":"bus","color":"#0059a9","colorDark":"#00294f","angle":18,"snapDist":5,"label":1}},{"type":"Feature","geometry":{"type":"Point","coordinates":[11.861475,57.703918]},"properties":{"name":"Ytterhamnsmotet","lines":"34","arr":["34"],"terminus":0,"mode":"bus","color":"#0059a9","colorDark":"#00294f","angle":1.3,"snapDist":5,"label":0}},{"type":"Feature","geometry":{"type":"Point","coordinates":[11.84149,57.711825]},"properties":{"name":"Sörredsmotet","lines":"34, 131, 290, X1","arr":["34","131","290","X1"],"terminus":0,"mode":"bus","color":"#0059a9","colorDark":"#00294f","angle":49.1,"snapDist":6,"label":0}},{"type":"Feature","geometry":{"type":"Point","coordinates":[11.820752,57.717705]},"properties":{"name":"Syrhåla","lines":"34, X1, X6, X90","arr":["34","X1","X6","X90"],"terminus":0,"mode":"bus","color":"#0059a9","colorDark":"#00294f","angle":20.9,"snapDist":2,"label":0}},{"type":"Feature","geometry":{"type":"Point","coordinates":[11.79131,57.716273]},"properties":{"name":"Bur","lines":"34, 131","arr":["34","131"],"terminus":0,"mode":"bus","color":"#0059a9","colorDark":"#00294f","angle":4.4,"snapDist":8,"label":0}},{"type":"Feature","geometry":{"type":"Point","coordinates":[11.779673,57.709516]},"properties":{"name":"Amhult Resecentrum","lines":"34","arr":["34"],"terminus":0,"mode":"bus","color":"#0059a9","colorDark":"#00294f","angle":36.2,"snapDist":9,"label":0}},{"type":"Feature","geometry":{"type":"Point","coordinates":[11.774132,57.710024]},"properties":{"name":"Amhults Torg","lines":"34","arr":["34"],"terminus":0,"mode":"bus","color":"#0059a9","colorDark":"#00294f","angle":355.2,"snapDist":4,"label":0}},{"type":"Feature","geometry":{"type":"Point","coordinates":[11.765899,57.709291]},"properties":{"name":"Gossbydalsvägen","lines":"34, X6","arr":["34","X6"],"terminus":0,"mode":"bus","color":"#0059a9","colorDark":"#00294f","angle":345.8,"snapDist":5,"label":0}},{"type":"Feature","geometry":{"type":"Point","coordinates":[11.753432,57.707777]},"properties":{"name":"Hällsviksvägen","lines":"34, X6","arr":["34","X6"],"terminus":0,"mode":"bus","color":"#0059a9","colorDark":"#00294f","angle":16.7,"snapDist":7,"label":0}},{"type":"Feature","geometry":{"type":"Point","coordinates":[11.744072,57.708856]},"properties":{"name":"Övre Hällsvik","lines":"34, X6","arr":["34","X6"],"terminus":0,"mode":"bus","color":"#0059a9","colorDark":"#00294f","angle":9.5,"snapDist":5,"label":0}},{"type":"Feature","geometry":{"type":"Point","coordinates":[11.735686,57.710062]},"properties":{"name":"Långrevsvägen","lines":"34, X6","arr":["34","X6"],"terminus":0,"mode":"bus","color":"#0059a9","colorDark":"#00294f","angle":17.7,"snapDist":8,"label":0}},{"type":"Feature","geometry":{"type":"Point","coordinates":[11.723411,57.711777]},"properties":{"name":"Batterivägen","lines":"34, X6","arr":["34","X6"],"terminus":0,"mode":"bus","color":"#0059a9","colorDark":"#00294f","angle":348.2,"snapDist":9,"label":0}},{"type":"Feature","geometry":{"type":"Point","coordinates":[11.7165,57.710667]},"properties":{"name":"Majvik","lines":"34, X6","arr":["34","X6"],"terminus":0,"mode":"bus","color":"#0059a9","colorDark":"#00294f","angle":359.1,"snapDist":3,"label":0}},{"type":"Feature","geometry":{"type":"Point","coordinates":[11.712937,57.706587]},"properties":{"name":"Fyrskeppsvägen","lines":"34","arr":["34"],"terminus":0,"mode":"bus","color":"#0059a9","colorDark":"#00294f","angle":280.5,"snapDist":0,"label":0}},{"type":"Feature","geometry":{"type":"Point","coordinates":[11.927748,57.714491]},"properties":{"name":"Ramberget","lines":"35, 37, X76","arr":["35","37","X76"],"terminus":0,"mode":"bus","color":"#0059a9","colorDark":"#00294f","angle":120.7,"snapDist":3,"label":1}},{"type":"Feature","geometry":{"type":"Point","coordinates":[11.929712,57.71699]},"properties":{"name":"Lantmannagatan","lines":"35, 37, X76","arr":["35","37","X76"],"terminus":0,"mode":"bus","color":"#0059a9","colorDark":"#00294f","angle":120.5,"snapDist":6,"label":1}},{"type":"Feature","geometry":{"type":"Point","coordinates":[11.934817,57.72424]},"properties":{"name":"Bjurslättsskolan","lines":"35, 37, 44","arr":["35","37","44"],"terminus":0,"mode":"bus","color":"#0059a9","colorDark":"#00294f","angle":94,"snapDist":4,"label":1}},{"type":"Feature","geometry":{"type":"Point","coordinates":[11.9352,57.727164]},"properties":{"name":"Wieselgrensgatan","lines":"35, 37","arr":["35","37"],"terminus":0,"mode":"bus","color":"#0059a9","colorDark":"#00294f","angle":93,"snapDist":6,"label":0}},{"type":"Feature","geometry":{"type":"Point","coordinates":[11.93768,57.730863]},"properties":{"name":"Taklöksvägen","lines":"35, 37, 145","arr":["35","37","145"],"terminus":0,"mode":"bus","color":"#0059a9","colorDark":"#00294f","angle":125.1,"snapDist":3,"label":1}},{"type":"Feature","geometry":{"type":"Point","coordinates":[11.939074,57.747674]},"properties":{"name":"Finlandsvägen","lines":"35, 37, 135, 137","arr":["35","37","135","137"],"terminus":0,"mode":"bus","color":"#0059a9","colorDark":"#00294f","angle":80.8,"snapDist":8,"label":1}},{"type":"Feature","geometry":{"type":"Point","coordinates":[11.939303,57.753431]},"properties":{"name":"Glöstorpsvägen","lines":"35, 37, 135, 137","arr":["35","37","135","137"],"terminus":0,"mode":"bus","color":"#0059a9","colorDark":"#00294f","angle":106.5,"snapDist":3,"label":1}},{"type":"Feature","geometry":{"type":"Point","coordinates":[11.9374,57.760566]},"properties":{"name":"Tångenvägen","lines":"35, 37","arr":["35","37"],"terminus":0,"mode":"bus","color":"#0059a9","colorDark":"#00294f","angle":76.7,"snapDist":5,"label":1}},{"type":"Feature","geometry":{"type":"Point","coordinates":[11.933255,57.762481]},"properties":{"name":"Snarberget","lines":"35, 37","arr":["35","37"],"terminus":0,"mode":"bus","color":"#0059a9","colorDark":"#00294f","angle":27.7,"snapDist":2,"label":1}},{"type":"Feature","geometry":{"type":"Point","coordinates":[11.929668,57.76446]},"properties":{"name":"Tuve Prästgård","lines":"35, 37","arr":["35","37"],"terminus":0,"mode":"bus","color":"#0059a9","colorDark":"#00294f","angle":90.6,"snapDist":3,"label":1}},{"type":"Feature","geometry":{"type":"Point","coordinates":[11.931093,57.767165]},"properties":{"name":"Bergsgårdsvägen","lines":"35, 37","arr":["35","37"],"terminus":0,"mode":"bus","color":"#0059a9","colorDark":"#00294f","angle":104.2,"snapDist":4,"label":1}},{"type":"Feature","geometry":{"type":"Point","coordinates":[11.929634,57.77087]},"properties":{"name":"Holmvägen","lines":"35, 135","arr":["35","135"],"terminus":0,"mode":"bus","color":"#0059a9","colorDark":"#00294f","angle":13.1,"snapDist":4,"label":1}},{"type":"Feature","geometry":{"type":"Point","coordinates":[11.921842,57.771855]},"properties":{"name":"Bygdegården","lines":"35, 135","arr":["35","135"],"terminus":0,"mode":"bus","color":"#0059a9","colorDark":"#00294f","angle":13.3,"snapDist":1,"label":1}},{"type":"Feature","geometry":{"type":"Point","coordinates":[11.915554,57.772715]},"properties":{"name":"Smedjeholm","lines":"35, 135","arr":["35","135"],"terminus":0,"mode":"bus","color":"#0059a9","colorDark":"#00294f","angle":14.4,"snapDist":2,"label":1}},{"type":"Feature","geometry":{"type":"Point","coordinates":[11.912095,57.773203]},"properties":{"name":"Trafikövningsbanan","lines":"35, 135","arr":["35","135"],"terminus":0,"mode":"bus","color":"#0059a9","colorDark":"#00294f","angle":15.6,"snapDist":6,"label":1}},{"type":"Feature","geometry":{"type":"Point","coordinates":[11.904273,57.773527]},"properties":{"name":"Stora Holms Gård","lines":"35, 135","arr":["35","135"],"terminus":0,"mode":"bus","color":"#0059a9","colorDark":"#00294f","angle":5.8,"snapDist":1,"label":1}},{"type":"Feature","geometry":{"type":"Point","coordinates":[11.899072,57.773865]},"properties":{"name":"Svärdslundsvägen","lines":"35, 135","arr":["35","135"],"terminus":0,"mode":"bus","color":"#0059a9","colorDark":"#00294f","angle":8,"snapDist":4,"label":1}},{"type":"Feature","geometry":{"type":"Point","coordinates":[11.887204,57.776459]},"properties":{"name":"Säve Depå","lines":"35, 135","arr":["35","135"],"terminus":1,"mode":"bus","color":"#0059a9","colorDark":"#00294f","angle":79.5,"snapDist":4,"label":1}},{"type":"Feature","geometry":{"type":"Point","coordinates":[11.892482,57.775172]},"properties":{"name":"Granhäll","lines":"35, 135","arr":["35","135"],"terminus":0,"mode":"bus","color":"#0059a9","colorDark":"#00294f","angle":201.8,"snapDist":3,"label":1}},{"type":"Feature","geometry":{"type":"Point","coordinates":[11.899432,57.773838]},"properties":{"name":"Svärdslundsvägen","lines":"35, 135","arr":["35","135"],"terminus":0,"mode":"bus","color":"#0059a9","colorDark":"#00294f","angle":188,"snapDist":3,"label":0}},{"type":"Feature","geometry":{"type":"Point","coordinates":[11.90455,57.773515]},"properties":{"name":"Stora Holms Gård","lines":"35, 135","arr":["35","135"],"terminus":0,"mode":"bus","color":"#0059a9","colorDark":"#00294f","angle":184.1,"snapDist":2,"label":0}},{"type":"Feature","geometry":{"type":"Point","coordinates":[11.91238,57.77316]},"properties":{"name":"Trafikövningsbanan","lines":"35, 135","arr":["35","135"],"terminus":0,"mode":"bus","color":"#0059a9","colorDark":"#00294f","angle":195,"snapDist":6,"label":0}},{"type":"Feature","geometry":{"type":"Point","coordinates":[11.915974,57.772656]},"properties":{"name":"Smedjeholm","lines":"35, 135","arr":["35","135"],"terminus":0,"mode":"bus","color":"#0059a9","colorDark":"#00294f","angle":194.7,"snapDist":3,"label":0}},{"type":"Feature","geometry":{"type":"Point","coordinates":[11.922264,57.771801]},"properties":{"name":"Bygdegården","lines":"35, 135","arr":["35","135"],"terminus":0,"mode":"bus","color":"#0059a9","colorDark":"#00294f","angle":193.7,"snapDist":2,"label":0}},{"type":"Feature","geometry":{"type":"Point","coordinates":[11.930105,57.770812]},"properties":{"name":"Holmvägen","lines":"35, 135","arr":["35","135"],"terminus":0,"mode":"bus","color":"#0059a9","colorDark":"#00294f","angle":192.9,"snapDist":3,"label":0}},{"type":"Feature","geometry":{"type":"Point","coordinates":[11.931066,57.767109]},"properties":{"name":"Bergsgårdsvägen","lines":"35, 37","arr":["35","37"],"terminus":0,"mode":"bus","color":"#0059a9","colorDark":"#00294f","angle":284.2,"snapDist":3,"label":0}},{"type":"Feature","geometry":{"type":"Point","coordinates":[11.929685,57.764214]},"properties":{"name":"Tuve Prästgård","lines":"35, 37","arr":["35","37"],"terminus":0,"mode":"bus","color":"#0059a9","colorDark":"#00294f","angle":258.7,"snapDist":4,"label":0}},{"type":"Feature","geometry":{"type":"Point","coordinates":[11.934703,57.762036]},"properties":{"name":"Snarberget","lines":"35, 37","arr":["35","37"],"terminus":0,"mode":"bus","color":"#0059a9","colorDark":"#00294f","angle":209.7,"snapDist":3,"label":0}},{"type":"Feature","geometry":{"type":"Point","coordinates":[11.937719,57.759728]},"properties":{"name":"Tångenvägen","lines":"35, 37","arr":["35","37"],"terminus":0,"mode":"bus","color":"#0059a9","colorDark":"#00294f","angle":256.9,"snapDist":6,"label":0}},{"type":"Feature","geometry":{"type":"Point","coordinates":[11.938501,57.752436]},"properties":{"name":"Glöstorpsvägen","lines":"35, 37, 135, 137","arr":["35","37","135","137"],"terminus":0,"mode":"bus","color":"#0059a9","colorDark":"#00294f","angle":289,"snapDist":7,"label":0}},{"type":"Feature","geometry":{"type":"Point","coordinates":[11.938769,57.747786]},"properties":{"name":"Finlandsvägen","lines":"35, 37, 135, 137, 145","arr":["35","37","135","137","145"],"terminus":0,"mode":"bus","color":"#0059a9","colorDark":"#00294f","angle":263.4,"snapDist":6,"label":0}},{"type":"Feature","geometry":{"type":"Point","coordinates":[11.941201,57.734141]},"properties":{"name":"Bäckedalsvägen","lines":"35, 37","arr":["35","37"],"terminus":0,"mode":"bus","color":"#0059a9","colorDark":"#00294f","angle":326.7,"snapDist":4,"label":0}},{"type":"Feature","geometry":{"type":"Point","coordinates":[11.937555,57.730861]},"properties":{"name":"Taklöksvägen","lines":"35, 37, 145","arr":["35","37","145"],"terminus":0,"mode":"bus","color":"#0059a9","colorDark":"#00294f","angle":301.5,"snapDist":1,"label":0}},{"type":"Feature","geometry":{"type":"Point","coordinates":[11.934808,57.724178]},"properties":{"name":"Bjurslättsskolan","lines":"35, 37, 44","arr":["35","37","44"],"terminus":0,"mode":"bus","color":"#0059a9","colorDark":"#00294f","angle":275.3,"snapDist":3,"label":0}},{"type":"Feature","geometry":{"type":"Point","coordinates":[11.9296,57.716898]},"properties":{"name":"Lantmannagatan","lines":"35, 37, X76","arr":["35","37","X76"],"terminus":0,"mode":"bus","color":"#0059a9","colorDark":"#00294f","angle":303.4,"snapDist":1,"label":0}},{"type":"Feature","geometry":{"type":"Point","coordinates":[11.927643,57.714398]},"properties":{"name":"Ramberget","lines":"35, 37, X76","arr":["35","37","X76"],"terminus":0,"mode":"bus","color":"#0059a9","colorDark":"#00294f","angle":304.3,"snapDist":6,"label":0}},{"type":"Feature","geometry":{"type":"Point","coordinates":[11.831365,57.757601]},"properties":{"name":"Skra Bro","lines":"36, 38","arr":["36","38"],"terminus":1,"mode":"bus","color":"#0059a9","colorDark":"#00294f","angle":99.2,"snapDist":7,"label":1}},{"type":"Feature","geometry":{"type":"Point","coordinates":[11.836553,57.763135]},"properties":{"name":"Lexbyvägen","lines":"36","arr":["36"],"terminus":0,"mode":"bus","color":"#0059a9","colorDark":"#00294f","angle":132.4,"snapDist":5,"label":1}},{"type":"Feature","geometry":{"type":"Point","coordinates":[11.841448,57.766099]},"properties":{"name":"Spänstvägen","lines":"36","arr":["36"],"terminus":0,"mode":"bus","color":"#0059a9","colorDark":"#00294f","angle":139.3,"snapDist":4,"label":1}},{"type":"Feature","geometry":{"type":"Point","coordinates":[11.851118,57.769835]},"properties":{"name":"Högåsa","lines":"36","arr":["36"],"terminus":0,"mode":"bus","color":"#0059a9","colorDark":"#00294f","angle":138.2,"snapDist":5,"label":1}},{"type":"Feature","geometry":{"type":"Point","coordinates":[11.854938,57.77291]},"properties":{"name":"Garaget Högstena","lines":"36","arr":["36"],"terminus":0,"mode":"bus","color":"#0059a9","colorDark":"#00294f","angle":126.8,"snapDist":5,"label":1}},{"type":"Feature","geometry":{"type":"Point","coordinates":[11.858096,57.776109]},"properties":{"name":"Högstena","lines":"36","arr":["36"],"terminus":0,"mode":"bus","color":"#0059a9","colorDark":"#00294f","angle":104,"snapDist":5,"label":1}},{"type":"Feature","geometry":{"type":"Point","coordinates":[11.859802,57.779699]},"properties":{"name":"Åseby","lines":"36","arr":["36"],"terminus":0,"mode":"bus","color":"#0059a9","colorDark":"#00294f","angle":104.4,"snapDist":4,"label":1}},{"type":"Feature","geometry":{"type":"Point","coordinates":[11.862208,57.782243]},"properties":{"name":"Säve Flygplatsväg","lines":"36","arr":["36"],"terminus":0,"mode":"bus","color":"#0059a9","colorDark":"#00294f","angle":131.3,"snapDist":7,"label":1}},{"type":"Feature","geometry":{"type":"Point","coordinates":[11.878797,57.785965]},"properties":{"name":"Askesby","lines":"36","arr":["36"],"terminus":0,"mode":"bus","color":"#0059a9","colorDark":"#00294f","angle":147.5,"snapDist":4,"label":1}},{"type":"Feature","geometry":{"type":"Point","coordinates":[11.886685,57.790652]},"properties":{"name":"Trädet","lines":"36","arr":["36"],"terminus":0,"mode":"bus","color":"#0059a9","colorDark":"#00294f","angle":131.7,"snapDist":7,"label":1}},{"type":"Feature","geometry":{"type":"Point","coordinates":[11.892399,57.792733]},"properties":{"name":"Öxnäs","lines":"36","arr":["36"],"terminus":0,"mode":"bus","color":"#0059a9","colorDark":"#00294f","angle":167.6,"snapDist":5,"label":1}},{"type":"Feature","geometry":{"type":"Point","coordinates":[11.901668,57.792759]},"properties":{"name":"Bärby","lines":"36","arr":["36"],"terminus":0,"mode":"bus","color":"#0059a9","colorDark":"#00294f","angle":187.1,"snapDist":6,"label":1}},{"type":"Feature","geometry":{"type":"Point","coordinates":[11.907752,57.79237]},"properties":{"name":"Kalshed","lines":"36","arr":["36"],"terminus":0,"mode":"bus","color":"#0059a9","colorDark":"#00294f","angle":182,"snapDist":6,"label":1}},{"type":"Feature","geometry":{"type":"Point","coordinates":[11.912772,57.793761]},"properties":{"name":"Bärby Korsväg","lines":"36, 37, 137","arr":["36","37","137"],"terminus":0,"mode":"bus","color":"#0059a9","colorDark":"#00294f","angle":86.1,"snapDist":7,"label":1}},{"type":"Feature","geometry":{"type":"Point","coordinates":[11.911944,57.802138]},"properties":{"name":"Sävedal","lines":"36, 37, 137","arr":["36","37","137"],"terminus":0,"mode":"bus","color":"#0059a9","colorDark":"#00294f","angle":77.3,"snapDist":5,"label":1}},{"type":"Feature","geometry":{"type":"Point","coordinates":[11.9113,57.803548]},"properties":{"name":"Säve Station","lines":"36, 37, 137","arr":["36","37","137"],"terminus":1,"mode":"bus","color":"#0059a9","colorDark":"#00294f","angle":-102.8,"snapDist":4,"label":1}},{"type":"Feature","geometry":{"type":"Point","coordinates":[11.912184,57.801292]},"properties":{"name":"Sävedal","lines":"36, 37, 137","arr":["36","37","137"],"terminus":0,"mode":"bus","color":"#0059a9","colorDark":"#00294f","angle":263.4,"snapDist":5,"label":0}},{"type":"Feature","geometry":{"type":"Point","coordinates":[11.91282,57.793416]},"properties":{"name":"Bärby Korsväg","lines":"36, 37, 137","arr":["36","37","137"],"terminus":0,"mode":"bus","color":"#0059a9","colorDark":"#00294f","angle":262.9,"snapDist":4,"label":0}},{"type":"Feature","geometry":{"type":"Point","coordinates":[11.906228,57.792455]},"properties":{"name":"Kalshed","lines":"36","arr":["36"],"terminus":0,"mode":"bus","color":"#0059a9","colorDark":"#00294f","angle":6.9,"snapDist":4,"label":0}},{"type":"Feature","geometry":{"type":"Point","coordinates":[11.901047,57.792802]},"properties":{"name":"Bärby","lines":"36","arr":["36"],"terminus":0,"mode":"bus","color":"#0059a9","colorDark":"#00294f","angle":7.3,"snapDist":4,"label":0}},{"type":"Feature","geometry":{"type":"Point","coordinates":[11.89216,57.792705]},"properties":{"name":"Öxnäs","lines":"36","arr":["36"],"terminus":0,"mode":"bus","color":"#0059a9","colorDark":"#00294f","angle":347.6,"snapDist":5,"label":0}},{"type":"Feature","geometry":{"type":"Point","coordinates":[11.886512,57.790549]},"properties":{"name":"Trädet","lines":"36","arr":["36"],"terminus":0,"mode":"bus","color":"#0059a9","colorDark":"#00294f","angle":311.7,"snapDist":4,"label":0}},{"type":"Feature","geometry":{"type":"Point","coordinates":[11.878522,57.785872]},"properties":{"name":"Askesby","lines":"36","arr":["36"],"terminus":0,"mode":"bus","color":"#0059a9","colorDark":"#00294f","angle":328.9,"snapDist":5,"label":0}},{"type":"Feature","geometry":{"type":"Point","coordinates":[11.862024,57.78213]},"properties":{"name":"Säve Flygplatsväg","lines":"36","arr":["36"],"terminus":0,"mode":"bus","color":"#0059a9","colorDark":"#00294f","angle":310.6,"snapDist":5,"label":0}},{"type":"Feature","geometry":{"type":"Point","coordinates":[11.859851,57.7798]},"properties":{"name":"Åseby","lines":"36","arr":["36"],"terminus":0,"mode":"bus","color":"#0059a9","colorDark":"#00294f","angle":284.4,"snapDist":6,"label":0}},{"type":"Feature","geometry":{"type":"Point","coordinates":[11.858034,57.775976]},"properties":{"name":"Högstena","lines":"36","arr":["36"],"terminus":0,"mode":"bus","color":"#0059a9","colorDark":"#00294f","angle":284.8,"snapDist":4,"label":0}},{"type":"Feature","geometry":{"type":"Point","coordinates":[11.854716,57.772748]},"properties":{"name":"Garaget Högstena","lines":"36","arr":["36"],"terminus":0,"mode":"bus","color":"#0059a9","colorDark":"#00294f","angle":305.4,"snapDist":5,"label":0}},{"type":"Feature","geometry":{"type":"Point","coordinates":[11.849992,57.769325]},"properties":{"name":"Högåsa","lines":"36","arr":["36"],"terminus":0,"mode":"bus","color":"#0059a9","colorDark":"#00294f","angle":320,"snapDist":2,"label":0}},{"type":"Feature","geometry":{"type":"Point","coordinates":[11.840679,57.765696]},"properties":{"name":"Spänstvägen","lines":"36","arr":["36"],"terminus":0,"mode":"bus","color":"#0059a9","colorDark":"#00294f","angle":311.9,"snapDist":4,"label":0}},{"type":"Feature","geometry":{"type":"Point","coordinates":[11.836257,57.763048]},"properties":{"name":"Lexbyvägen","lines":"36","arr":["36"],"terminus":0,"mode":"bus","color":"#0059a9","colorDark":"#00294f","angle":314.5,"snapDist":1,"label":0}},{"type":"Feature","geometry":{"type":"Point","coordinates":[11.930851,57.77098]},"properties":{"name":"Holmvägen","lines":"37","arr":["37"],"terminus":0,"mode":"bus","color":"#0059a9","colorDark":"#00294f","angle":93.4,"snapDist":3,"label":0}},{"type":"Feature","geometry":{"type":"Point","coordinates":[11.93306,57.777336]},"properties":{"name":"Skändla Södra","lines":"37","arr":["37"],"terminus":0,"mode":"bus","color":"#0059a9","colorDark":"#00294f","angle":72.1,"snapDist":2,"label":1}},{"type":"Feature","geometry":{"type":"Point","coordinates":[11.933829,57.784035]},"properties":{"name":"Skändla Norra","lines":"37","arr":["37"],"terminus":0,"mode":"bus","color":"#0059a9","colorDark":"#00294f","angle":79.2,"snapDist":1,"label":1}},{"type":"Feature","geometry":{"type":"Point","coordinates":[11.926733,57.788106]},"properties":{"name":"Assmundtorp","lines":"37","arr":["37"],"terminus":0,"mode":"bus","color":"#0059a9","colorDark":"#00294f","angle":126,"snapDist":3,"label":1}},{"type":"Feature","geometry":{"type":"Point","coordinates":[11.925889,57.79065]},"properties":{"name":"Skändla Rös","lines":"37, 137","arr":["37","137"],"terminus":0,"mode":"bus","color":"#0059a9","colorDark":"#00294f","angle":25.3,"snapDist":10,"label":1}},{"type":"Feature","geometry":{"type":"Point","coordinates":[11.911081,57.80413]},"properties":{"name":"Säve Station","lines":"37, 137","arr":["37","137"],"terminus":0,"mode":"bus","color":"#0059a9","colorDark":"#00294f","angle":78.3,"snapDist":6,"label":0}},{"type":"Feature","geometry":{"type":"Point","coordinates":[11.909256,57.80733]},"properties":{"name":"Brunstorp","lines":"37, 137","arr":["37","137"],"terminus":0,"mode":"bus","color":"#0059a9","colorDark":"#00294f","angle":76.1,"snapDist":5,"label":1}},{"type":"Feature","geometry":{"type":"Point","coordinates":[11.907043,57.811867]},"properties":{"name":"Gunnesby Bro","lines":"37, 137","arr":["37","137"],"terminus":0,"mode":"bus","color":"#0059a9","colorDark":"#00294f","angle":96.4,"snapDist":1,"label":1}},{"type":"Feature","geometry":{"type":"Point","coordinates":[11.893134,57.817061]},"properties":{"name":"Hasselbacken","lines":"37, 137","arr":["37","137"],"terminus":0,"mode":"bus","color":"#0059a9","colorDark":"#00294f","angle":12,"snapDist":4,"label":1}},{"type":"Feature","geometry":{"type":"Point","coordinates":[11.885092,57.818104]},"properties":{"name":"Brunstorpsnäs","lines":"37, 137","arr":["37","137"],"terminus":0,"mode":"bus","color":"#0059a9","colorDark":"#00294f","angle":14.1,"snapDist":4,"label":1}},{"type":"Feature","geometry":{"type":"Point","coordinates":[11.880631,57.817804]},"properties":{"name":"Kornhalls Färja","lines":"37, 137","arr":["37","137"],"terminus":0,"mode":"bus","color":"#0059a9","colorDark":"#00294f","angle":197.3,"snapDist":5,"label":1}},{"type":"Feature","geometry":{"type":"Point","coordinates":[11.885058,57.818109]},"properties":{"name":"Brunstorpsnäs","lines":"37, 137","arr":["37","137"],"terminus":0,"mode":"bus","color":"#0059a9","colorDark":"#00294f","angle":-165.9,"snapDist":3,"label":0}},{"type":"Feature","geometry":{"type":"Point","coordinates":[11.892668,57.817114]},"properties":{"name":"Hasselbacken","lines":"37, 137","arr":["37","137"],"terminus":0,"mode":"bus","color":"#0059a9","colorDark":"#00294f","angle":-168,"snapDist":3,"label":0}},{"type":"Feature","geometry":{"type":"Point","coordinates":[11.909006,57.815766]},"properties":{"name":"Gunnesby Skola","lines":"37","arr":["37"],"terminus":0,"mode":"bus","color":"#0059a9","colorDark":"#00294f","angle":90.9,"snapDist":5,"label":1}},{"type":"Feature","geometry":{"type":"Point","coordinates":[11.909297,57.819051]},"properties":{"name":"Kringlekullen","lines":"37","arr":["37"],"terminus":0,"mode":"bus","color":"#0059a9","colorDark":"#00294f","angle":96.7,"snapDist":6,"label":1}},{"type":"Feature","geometry":{"type":"Point","coordinates":[11.911446,57.824005]},"properties":{"name":"Gunnesby Kalsbogård","lines":"37","arr":["37"],"terminus":0,"mode":"bus","color":"#0059a9","colorDark":"#00294f","angle":106.1,"snapDist":5,"label":1}},{"type":"Feature","geometry":{"type":"Point","coordinates":[11.913738,57.827879]},"properties":{"name":"Skålvisered","lines":"37","arr":["37"],"terminus":0,"mode":"bus","color":"#0059a9","colorDark":"#00294f","angle":117.6,"snapDist":4,"label":1}},{"type":"Feature","geometry":{"type":"Point","coordinates":[11.917288,57.830813]},"properties":{"name":"Nordängen","lines":"37","arr":["37"],"terminus":0,"mode":"bus","color":"#0059a9","colorDark":"#00294f","angle":113.6,"snapDist":5,"label":1}},{"type":"Feature","geometry":{"type":"Point","coordinates":[11.921512,57.835575]},"properties":{"name":"Klobergslyckan","lines":"37","arr":["37"],"terminus":0,"mode":"bus","color":"#0059a9","colorDark":"#00294f","angle":135.7,"snapDist":3,"label":1}},{"type":"Feature","geometry":{"type":"Point","coordinates":[11.926741,57.837879]},"properties":{"name":"Tomtebacken","lines":"37","arr":["37"],"terminus":0,"mode":"bus","color":"#0059a9","colorDark":"#00294f","angle":118.9,"snapDist":5,"label":1}},{"type":"Feature","geometry":{"type":"Point","coordinates":[11.933351,57.840463]},"properties":{"name":"Bolsten","lines":"37","arr":["37"],"terminus":0,"mode":"bus","color":"#0059a9","colorDark":"#00294f","angle":156.5,"snapDist":6,"label":1}},{"type":"Feature","geometry":{"type":"Point","coordinates":[11.943489,57.843289]},"properties":{"name":"Ragnhildsholmen","lines":"37","arr":["37"],"terminus":0,"mode":"bus","color":"#0059a9","colorDark":"#00294f","angle":151.4,"snapDist":5,"label":1}},{"type":"Feature","geometry":{"type":"Point","coordinates":[11.948694,57.844616]},"properties":{"name":"Hög","lines":"37","arr":["37"],"terminus":0,"mode":"bus","color":"#0059a9","colorDark":"#00294f","angle":158.7,"snapDist":5,"label":1}},{"type":"Feature","geometry":{"type":"Point","coordinates":[11.965629,57.847447]},"properties":{"name":"Ellered","lines":"37","arr":["37"],"terminus":0,"mode":"bus","color":"#0059a9","colorDark":"#00294f","angle":178.6,"snapDist":5,"label":1}},{"type":"Feature","geometry":{"type":"Point","coordinates":[11.970544,57.848629]},"properties":{"name":"Backered","lines":"37","arr":["37"],"terminus":0,"mode":"bus","color":"#0059a9","colorDark":"#00294f","angle":126,"snapDist":7,"label":1}},{"type":"Feature","geometry":{"type":"Point","coordinates":[11.976961,57.851872]},"properties":{"name":"Backereds Skola","lines":"37","arr":["37"],"terminus":0,"mode":"bus","color":"#0059a9","colorDark":"#00294f","angle":164.5,"snapDist":7,"label":1}},{"type":"Feature","geometry":{"type":"Point","coordinates":[11.986523,57.85485]},"properties":{"name":"Göddered","lines":"37","arr":["37"],"terminus":0,"mode":"bus","color":"#0059a9","colorDark":"#00294f","angle":113,"snapDist":7,"label":1}},{"type":"Feature","geometry":{"type":"Point","coordinates":[11.998193,57.857641]},"properties":{"name":"Eriksdal","lines":"37","arr":["37"],"terminus":0,"mode":"bus","color":"#0059a9","colorDark":"#00294f","angle":206.5,"snapDist":7,"label":1}},{"type":"Feature","geometry":{"type":"Point","coordinates":[12.000709,57.854231]},"properties":{"name":"Stora Oxhagen","lines":"37","arr":["37"],"terminus":0,"mode":"bus","color":"#0059a9","colorDark":"#00294f","angle":245.1,"snapDist":5,"label":1}},{"type":"Feature","geometry":{"type":"Point","coordinates":[12.002498,57.845681]},"properties":{"name":"Lilla Oxhagen","lines":"37","arr":["37"],"terminus":0,"mode":"bus","color":"#0059a9","colorDark":"#00294f","angle":251,"snapDist":7,"label":1}},{"type":"Feature","geometry":{"type":"Point","coordinates":[12.005054,57.841017]},"properties":{"name":"Rösbo","lines":"37","arr":["37"],"terminus":0,"mode":"bus","color":"#0059a9","colorDark":"#00294f","angle":264,"snapDist":4,"label":1}},{"type":"Feature","geometry":{"type":"Point","coordinates":[12.004709,57.834491]},"properties":{"name":"Ellesbo","lines":"37","arr":["37"],"terminus":0,"mode":"bus","color":"#0059a9","colorDark":"#00294f","angle":259.2,"snapDist":8,"label":1}},{"type":"Feature","geometry":{"type":"Point","coordinates":[12.004178,57.829905]},"properties":{"name":"Skarsbo","lines":"37","arr":["37"],"terminus":0,"mode":"bus","color":"#0059a9","colorDark":"#00294f","angle":275.9,"snapDist":6,"label":1}},{"type":"Feature","geometry":{"type":"Point","coordinates":[12.002781,57.824071]},"properties":{"name":"Uppegård","lines":"37","arr":["37"],"terminus":0,"mode":"bus","color":"#0059a9","colorDark":"#00294f","angle":285.2,"snapDist":7,"label":1}},{"type":"Feature","geometry":{"type":"Point","coordinates":[12.000658,57.81975]},"properties":{"name":"Rönning","lines":"37","arr":["37"],"terminus":0,"mode":"bus","color":"#0059a9","colorDark":"#00294f","angle":285,"snapDist":5,"label":1}},{"type":"Feature","geometry":{"type":"Point","coordinates":[11.996937,57.809099]},"properties":{"name":"Stora Mysternavägen","lines":"37, 46, X2","arr":["37","46","X2"],"terminus":0,"mode":"bus","color":"#0059a9","colorDark":"#00294f","angle":265,"snapDist":6,"label":1}},{"type":"Feature","geometry":{"type":"Point","coordinates":[11.99422,57.802945]},"properties":{"name":"Ingebäcks By","lines":"37, 46, X2","arr":["37","46","X2"],"terminus":0,"mode":"bus","color":"#0059a9","colorDark":"#00294f","angle":304.9,"snapDist":5,"label":1}},{"type":"Feature","geometry":{"type":"Point","coordinates":[11.992271,57.799865]},"properties":{"name":"Klareberg","lines":"37, 46","arr":["37","46"],"terminus":1,"mode":"bus","color":"#0059a9","colorDark":"#00294f","angle":343.2,"snapDist":1,"label":1}},{"type":"Feature","geometry":{"type":"Point","coordinates":[11.994764,57.803337]},"properties":{"name":"Ingebäcks By","lines":"37","arr":["37"],"terminus":0,"mode":"bus","color":"#0059a9","colorDark":"#00294f","angle":127.7,"snapDist":5,"label":0}},{"type":"Feature","geometry":{"type":"Point","coordinates":[11.996963,57.808942]},"properties":{"name":"Stora Mysternavägen","lines":"37","arr":["37"],"terminus":0,"mode":"bus","color":"#0059a9","colorDark":"#00294f","angle":84.8,"snapDist":5,"label":0}},{"type":"Feature","geometry":{"type":"Point","coordinates":[12.0008,57.820033]},"properties":{"name":"Rönning","lines":"37","arr":["37"],"terminus":0,"mode":"bus","color":"#0059a9","colorDark":"#00294f","angle":104.5,"snapDist":6,"label":0}},{"type":"Feature","geometry":{"type":"Point","coordinates":[12.00286,57.824228]},"properties":{"name":"Uppegård","lines":"37","arr":["37"],"terminus":0,"mode":"bus","color":"#0059a9","colorDark":"#00294f","angle":104.6,"snapDist":7,"label":0}},{"type":"Feature","geometry":{"type":"Point","coordinates":[12.004136,57.829711]},"properties":{"name":"Skarsbo","lines":"37","arr":["37"],"terminus":0,"mode":"bus","color":"#0059a9","colorDark":"#00294f","angle":96.1,"snapDist":5,"label":0}},{"type":"Feature","geometry":{"type":"Point","coordinates":[12.004722,57.834454]},"properties":{"name":"Ellesbo","lines":"37","arr":["37"],"terminus":0,"mode":"bus","color":"#0059a9","colorDark":"#00294f","angle":79.2,"snapDist":1,"label":0}},{"type":"Feature","geometry":{"type":"Point","coordinates":[12.004949,57.841492]},"properties":{"name":"Rösbo","lines":"37","arr":["37"],"terminus":0,"mode":"bus","color":"#0059a9","colorDark":"#00294f","angle":83.4,"snapDist":8,"label":0}},{"type":"Feature","geometry":{"type":"Point","coordinates":[12.002407,57.84582]},"properties":{"name":"Lilla Oxhagen","lines":"37","arr":["37"],"terminus":0,"mode":"bus","color":"#0059a9","colorDark":"#00294f","angle":69.9,"snapDist":1,"label":0}},{"type":"Feature","geometry":{"type":"Point","coordinates":[12.000782,57.854147]},"properties":{"name":"Stora Oxhagen","lines":"37","arr":["37"],"terminus":0,"mode":"bus","color":"#0059a9","colorDark":"#00294f","angle":65.1,"snapDist":7,"label":0}},{"type":"Feature","geometry":{"type":"Point","coordinates":[11.997506,57.857952]},"properties":{"name":"Eriksdal","lines":"37","arr":["37"],"terminus":0,"mode":"bus","color":"#0059a9","colorDark":"#00294f","angle":31.9,"snapDist":7,"label":0}},{"type":"Feature","geometry":{"type":"Point","coordinates":[11.986488,57.854807]},"properties":{"name":"Göddered","lines":"37","arr":["37"],"terminus":0,"mode":"bus","color":"#0059a9","colorDark":"#00294f","angle":293,"snapDist":6,"label":0}},{"type":"Feature","geometry":{"type":"Point","coordinates":[11.975993,57.851702]},"properties":{"name":"Backereds Skola","lines":"37","arr":["37"],"terminus":0,"mode":"bus","color":"#0059a9","colorDark":"#00294f","angle":335.1,"snapDist":6,"label":0}},{"type":"Feature","geometry":{"type":"Point","coordinates":[11.970752,57.848789]},"properties":{"name":"Backered","lines":"37","arr":["37"],"terminus":0,"mode":"bus","color":"#0059a9","colorDark":"#00294f","angle":302.9,"snapDist":6,"label":0}},{"type":"Feature","geometry":{"type":"Point","coordinates":[11.965098,57.847443]},"properties":{"name":"Ellered","lines":"37","arr":["37"],"terminus":0,"mode":"bus","color":"#0059a9","colorDark":"#00294f","angle":0,"snapDist":10,"label":0}},{"type":"Feature","geometry":{"type":"Point","coordinates":[11.948472,57.844569]},"properties":{"name":"Hög","lines":"37","arr":["37"],"terminus":0,"mode":"bus","color":"#0059a9","colorDark":"#00294f","angle":338.7,"snapDist":6,"label":0}},{"type":"Feature","geometry":{"type":"Point","coordinates":[11.942705,57.843058]},"properties":{"name":"Ragnhildsholmen","lines":"37","arr":["37"],"terminus":0,"mode":"bus","color":"#0059a9","colorDark":"#00294f","angle":330.9,"snapDist":5,"label":0}},{"type":"Feature","geometry":{"type":"Point","coordinates":[11.932485,57.840261]},"properties":{"name":"Bolsten","lines":"37","arr":["37"],"terminus":0,"mode":"bus","color":"#0059a9","colorDark":"#00294f","angle":336.4,"snapDist":7,"label":0}},{"type":"Feature","geometry":{"type":"Point","coordinates":[11.92625,57.83744]},"properties":{"name":"Tomtebacken","lines":"37","arr":["37"],"terminus":0,"mode":"bus","color":"#0059a9","colorDark":"#00294f","angle":301,"snapDist":5,"label":0}},{"type":"Feature","geometry":{"type":"Point","coordinates":[11.921339,57.835484]},"properties":{"name":"Klobergslyckan","lines":"37","arr":["37"],"terminus":0,"mode":"bus","color":"#0059a9","colorDark":"#00294f","angle":314.5,"snapDist":3,"label":0}},{"type":"Feature","geometry":{"type":"Point","coordinates":[11.917099,57.830588]},"properties":{"name":"Nordängen","lines":"37","arr":["37"],"terminus":0,"mode":"bus","color":"#0059a9","colorDark":"#00294f","angle":295.8,"snapDist":3,"label":0}},{"type":"Feature","geometry":{"type":"Point","coordinates":[11.913487,57.827613]},"properties":{"name":"Skålvisered","lines":"37","arr":["37"],"terminus":0,"mode":"bus","color":"#0059a9","colorDark":"#00294f","angle":295.1,"snapDist":6,"label":0}},{"type":"Feature","geometry":{"type":"Point","coordinates":[11.911096,57.823366]},"properties":{"name":"Gunnesby Kalsbogård","lines":"37","arr":["37"],"terminus":0,"mode":"bus","color":"#0059a9","colorDark":"#00294f","angle":285.2,"snapDist":6,"label":0}},{"type":"Feature","geometry":{"type":"Point","coordinates":[11.909147,57.817991]},"properties":{"name":"Kringlekullen","lines":"37","arr":["37"],"terminus":0,"mode":"bus","color":"#0059a9","colorDark":"#00294f","angle":272.1,"snapDist":6,"label":0}},{"type":"Feature","geometry":{"type":"Point","coordinates":[11.908994,57.815613]},"properties":{"name":"Gunnesby Skola","lines":"37","arr":["37"],"terminus":0,"mode":"bus","color":"#0059a9","colorDark":"#00294f","angle":272.6,"snapDist":6,"label":0}},{"type":"Feature","geometry":{"type":"Point","coordinates":[11.907273,57.811352]},"properties":{"name":"Gunnesby Bro","lines":"37, 137","arr":["37","137"],"terminus":0,"mode":"bus","color":"#0059a9","colorDark":"#00294f","angle":251.7,"snapDist":4,"label":0}},{"type":"Feature","geometry":{"type":"Point","coordinates":[11.909628,57.806603]},"properties":{"name":"Brunstorp","lines":"37, 137","arr":["37","137"],"terminus":0,"mode":"bus","color":"#0059a9","colorDark":"#00294f","angle":252.5,"snapDist":4,"label":0}},{"type":"Feature","geometry":{"type":"Point","coordinates":[11.927226,57.790012]},"properties":{"name":"Skändla Rös","lines":"37, 137","arr":["37","137"],"terminus":0,"mode":"bus","color":"#0059a9","colorDark":"#00294f","angle":225.8,"snapDist":11,"label":0}},{"type":"Feature","geometry":{"type":"Point","coordinates":[11.926862,57.787714]},"properties":{"name":"Assmundtorp","lines":"37","arr":["37"],"terminus":0,"mode":"bus","color":"#0059a9","colorDark":"#00294f","angle":210.6,"snapDist":2,"label":0}},{"type":"Feature","geometry":{"type":"Point","coordinates":[11.933905,57.783826]},"properties":{"name":"Skändla Norra","lines":"37","arr":["37"],"terminus":0,"mode":"bus","color":"#0059a9","colorDark":"#00294f","angle":258.8,"snapDist":2,"label":0}},{"type":"Feature","geometry":{"type":"Point","coordinates":[11.933121,57.777241]},"properties":{"name":"Skändla Södra","lines":"37","arr":["37"],"terminus":0,"mode":"bus","color":"#0059a9","colorDark":"#00294f","angle":253.6,"snapDist":4,"label":0}},{"type":"Feature","geometry":{"type":"Point","coordinates":[11.930911,57.771287]},"properties":{"name":"Holmvägen","lines":"37","arr":["37"],"terminus":0,"mode":"bus","color":"#0059a9","colorDark":"#00294f","angle":279.7,"snapDist":3,"label":0}},{"type":"Feature","geometry":{"type":"Point","coordinates":[11.834638,57.762849]},"properties":{"name":"Lexbyvägen","lines":"38","arr":["38"],"terminus":0,"mode":"bus","color":"#0059a9","colorDark":"#00294f","angle":333.7,"snapDist":0,"label":0}},{"type":"Feature","geometry":{"type":"Point","coordinates":[11.826373,57.764267]},"properties":{"name":"Storegården","lines":"38","arr":["38"],"terminus":0,"mode":"bus","color":"#0059a9","colorDark":"#00294f","angle":322,"snapDist":5,"label":1}},{"type":"Feature","geometry":{"type":"Point","coordinates":[11.821319,57.763493]},"properties":{"name":"Sjömarksstigen","lines":"38","arr":["38"],"terminus":0,"mode":"bus","color":"#0059a9","colorDark":"#00294f","angle":347.3,"snapDist":2,"label":1}},{"type":"Feature","geometry":{"type":"Point","coordinates":[11.812366,57.763168]},"properties":{"name":"Hovdalen","lines":"38","arr":["38"],"terminus":0,"mode":"bus","color":"#0059a9","colorDark":"#00294f","angle":173.2,"snapDist":4,"label":1}},{"type":"Feature","geometry":{"type":"Point","coordinates":[11.808793,57.761806]},"properties":{"name":"Björlanda Kile","lines":"38","arr":["38"],"terminus":0,"mode":"bus","color":"#0059a9","colorDark":"#00294f","angle":72.7,"snapDist":2,"label":1}},{"type":"Feature","geometry":{"type":"Point","coordinates":[11.812508,57.763177]},"properties":{"name":"Hovdalen","lines":"38","arr":["38"],"terminus":0,"mode":"bus","color":"#0059a9","colorDark":"#00294f","angle":353.2,"snapDist":3,"label":0}},{"type":"Feature","geometry":{"type":"Point","coordinates":[11.82144,57.763508]},"properties":{"name":"Sjömarksstigen","lines":"38","arr":["38"],"terminus":0,"mode":"bus","color":"#0059a9","colorDark":"#00294f","angle":167.3,"snapDist":2,"label":0}},{"type":"Feature","geometry":{"type":"Point","coordinates":[11.826952,57.764848]},"properties":{"name":"Storegården","lines":"38","arr":["38"],"terminus":0,"mode":"bus","color":"#0059a9","colorDark":"#00294f","angle":50.8,"snapDist":3,"label":0}},{"type":"Feature","geometry":{"type":"Point","coordinates":[11.824093,57.770028]},"properties":{"name":"Lunnagården","lines":"38","arr":["38"],"terminus":0,"mode":"bus","color":"#0059a9","colorDark":"#00294f","angle":112.6,"snapDist":1,"label":1}},{"type":"Feature","geometry":{"type":"Point","coordinates":[11.828059,57.777185]},"properties":{"name":"Östergården","lines":"38","arr":["38"],"terminus":0,"mode":"bus","color":"#0059a9","colorDark":"#00294f","angle":28.9,"snapDist":3,"label":1}},{"type":"Feature","geometry":{"type":"Point","coordinates":[11.828479,57.779003]},"properties":{"name":"Nolvik","lines":"38","arr":["38"],"terminus":0,"mode":"bus","color":"#0059a9","colorDark":"#00294f","angle":124.8,"snapDist":3,"label":1}},{"type":"Feature","geometry":{"type":"Point","coordinates":[11.832318,57.781323]},"properties":{"name":"Kallhed","lines":"38","arr":["38"],"terminus":0,"mode":"bus","color":"#0059a9","colorDark":"#00294f","angle":87.3,"snapDist":2,"label":1}},{"type":"Feature","geometry":{"type":"Point","coordinates":[11.831683,57.784451]},"properties":{"name":"Vikhall","lines":"38","arr":["38"],"terminus":0,"mode":"bus","color":"#0059a9","colorDark":"#00294f","angle":102.2,"snapDist":3,"label":1}},{"type":"Feature","geometry":{"type":"Point","coordinates":[11.833397,57.787263]},"properties":{"name":"Bli","lines":"38","arr":["38"],"terminus":0,"mode":"bus","color":"#0059a9","colorDark":"#00294f","angle":124,"snapDist":0,"label":1}},{"type":"Feature","geometry":{"type":"Point","coordinates":[11.833404,57.788605]},"properties":{"name":"Kippholmen","lines":"38","arr":["38"],"terminus":1,"mode":"bus","color":"#0059a9","colorDark":"#00294f","angle":232.8,"snapDist":1,"label":1}},{"type":"Feature","geometry":{"type":"Point","coordinates":[11.833367,57.787239]},"properties":{"name":"Bli","lines":"38","arr":["38"],"terminus":0,"mode":"bus","color":"#0059a9","colorDark":"#00294f","angle":304,"snapDist":3,"label":0}},{"type":"Feature","geometry":{"type":"Point","coordinates":[11.831696,57.784483]},"properties":{"name":"Vikhall","lines":"38","arr":["38"],"terminus":0,"mode":"bus","color":"#0059a9","colorDark":"#00294f","angle":286.8,"snapDist":2,"label":0}},{"type":"Feature","geometry":{"type":"Point","coordinates":[11.832311,57.781404]},"properties":{"name":"Kallhed","lines":"38","arr":["38"],"terminus":0,"mode":"bus","color":"#0059a9","colorDark":"#00294f","angle":267.5,"snapDist":2,"label":0}},{"type":"Feature","geometry":{"type":"Point","coordinates":[11.828486,57.779009]},"properties":{"name":"Nolvik","lines":"38","arr":["38"],"terminus":0,"mode":"bus","color":"#0059a9","colorDark":"#00294f","angle":304.8,"snapDist":3,"label":0}},{"type":"Feature","geometry":{"type":"Point","coordinates":[11.828189,57.777148]},"properties":{"name":"Östergården","lines":"38","arr":["38"],"terminus":0,"mode":"bus","color":"#0059a9","colorDark":"#00294f","angle":207.3,"snapDist":0,"label":0}},{"type":"Feature","geometry":{"type":"Point","coordinates":[11.824068,57.769996]},"properties":{"name":"Lunnagården","lines":"38","arr":["38"],"terminus":0,"mode":"bus","color":"#0059a9","colorDark":"#00294f","angle":292.6,"snapDist":3,"label":0}},{"type":"Feature","geometry":{"type":"Point","coordinates":[11.827715,57.764484]},"properties":{"name":"Storegården","lines":"38","arr":["38"],"terminus":0,"mode":"bus","color":"#0059a9","colorDark":"#00294f","angle":217.7,"snapDist":3,"label":0}},{"type":"Feature","geometry":{"type":"Point","coordinates":[11.834961,57.762862]},"properties":{"name":"Lexbyvägen","lines":"38","arr":["38"],"terminus":0,"mode":"bus","color":"#0059a9","colorDark":"#00294f","angle":160.6,"snapDist":3,"label":0}},{"type":"Feature","geometry":{"type":"Point","coordinates":[11.990327,57.750164]},"properties":{"name":"Lisa Sass Gata","lines":"40","arr":["40"],"terminus":0,"mode":"bus","color":"#0059a9","colorDark":"#00294f","angle":102.7,"snapDist":10,"label":1}},{"type":"Feature","geometry":{"type":"Point","coordinates":[11.990711,57.755678]},"properties":{"name":"Friedländers Gata","lines":"40","arr":["40"],"terminus":0,"mode":"bus","color":"#0059a9","colorDark":"#00294f","angle":87.5,"snapDist":5,"label":1}},{"type":"Feature","geometry":{"type":"Point","coordinates":[11.999163,57.777893]},"properties":{"name":"Göpåstunneln","lines":"40","arr":["40"],"terminus":0,"mode":"bus","color":"#0059a9","colorDark":"#00294f","angle":98.6,"snapDist":7,"label":1}},{"type":"Feature","geometry":{"type":"Point","coordinates":[12.002084,57.787395]},"properties":{"name":"Kärramotet","lines":"40","arr":["40"],"terminus":0,"mode":"bus","color":"#0059a9","colorDark":"#00294f","angle":27.3,"snapDist":5,"label":1}},{"type":"Feature","geometry":{"type":"Point","coordinates":[11.995557,57.78796]},"properties":{"name":"Kärraporten","lines":"40, X2","arr":["40","X2"],"terminus":0,"mode":"bus","color":"#0059a9","colorDark":"#00294f","angle":3.4,"snapDist":4,"label":1}},{"type":"Feature","geometry":{"type":"Point","coordinates":[11.990439,57.789018]},"properties":{"name":"Lillekärr Södra","lines":"40, 46, X2","arr":["40","46","X2"],"terminus":0,"mode":"bus","color":"#0059a9","colorDark":"#00294f","angle":100.2,"snapDist":5,"label":1}},{"type":"Feature","geometry":{"type":"Point","coordinates":[11.991268,57.791727]},"properties":{"name":"Kärra Kyrka","lines":"40, 46, X2","arr":["40","46","X2"],"terminus":0,"mode":"bus","color":"#0059a9","colorDark":"#00294f","angle":91.1,"snapDist":6,"label":1}},{"type":"Feature","geometry":{"type":"Point","coordinates":[11.99136,57.793945]},"properties":{"name":"Kärra Centrum","lines":"40, 46, X2","arr":["40","46","X2"],"terminus":0,"mode":"bus","color":"#0059a9","colorDark":"#00294f","angle":89.8,"snapDist":1,"label":1}},{"type":"Feature","geometry":{"type":"Point","coordinates":[11.990726,57.795875]},"properties":{"name":"Lillekärr Norra","lines":"40, 46, X2","arr":["40","46","X2"],"terminus":0,"mode":"bus","color":"#0059a9","colorDark":"#00294f","angle":90,"snapDist":7,"label":1}},{"type":"Feature","geometry":{"type":"Point","coordinates":[11.990357,57.798287]},"properties":{"name":"Burmans Gata","lines":"40, 46, X2","arr":["40","46","X2"],"terminus":0,"mode":"bus","color":"#0059a9","colorDark":"#00294f","angle":81.7,"snapDist":3,"label":1}},{"type":"Feature","geometry":{"type":"Point","coordinates":[11.992474,57.800307]},"properties":{"name":"Klareberg","lines":"40, 148, 178, 179, X76, X77","arr":["40","148","178","179","X76","X77"],"terminus":0,"mode":"bus","color":"#0059a9","colorDark":"#00294f","angle":194.9,"snapDist":8,"label":0}},{"type":"Feature","geometry":{"type":"Point","coordinates":[12.037919,57.79733]},"properties":{"name":"Gårdstensliden","lines":"40, 73, 148, 179, X76, X77","arr":["40","73","148","179","X76","X77"],"terminus":0,"mode":"bus","color":"#0059a9","colorDark":"#00294f","angle":212.5,"snapDist":4,"label":1}},{"type":"Feature","geometry":{"type":"Point","coordinates":[12.043757,57.800423]},"properties":{"name":"Angeredsvinkeln","lines":"40, 77, X76","arr":["40","77","X76"],"terminus":0,"mode":"bus","color":"#0059a9","colorDark":"#00294f","angle":185.3,"snapDist":3,"label":1}},{"type":"Feature","geometry":{"type":"Point","coordinates":[12.049352,57.796511]},"properties":{"name":"Angered Centrum","lines":"40","arr":["40"],"terminus":1,"mode":"bus","color":"#0059a9","colorDark":"#00294f","angle":156.9,"snapDist":1,"label":0}},{"type":"Feature","geometry":{"type":"Point","coordinates":[12.043591,57.800432]},"properties":{"name":"Angeredsvinkeln","lines":"40, 77, X76","arr":["40","77","X76"],"terminus":0,"mode":"bus","color":"#0059a9","colorDark":"#00294f","angle":5.3,"snapDist":3,"label":0}},{"type":"Feature","geometry":{"type":"Point","coordinates":[12.036514,57.797743]},"properties":{"name":"Gårdstensliden","lines":"40, 73, 148, 179, X76, X77","arr":["40","73","148","179","X76","X77"],"terminus":0,"mode":"bus","color":"#0059a9","colorDark":"#00294f","angle":16.2,"snapDist":6,"label":0}},{"type":"Feature","geometry":{"type":"Point","coordinates":[11.99168,57.799969]},"properties":{"name":"Klareberg","lines":"40, X76, X77","arr":["40","X76","X77"],"terminus":0,"mode":"bus","color":"#0059a9","colorDark":"#00294f","angle":250.5,"snapDist":8,"label":0}},{"type":"Feature","geometry":{"type":"Point","coordinates":[11.990294,57.798114]},"properties":{"name":"Burmans Gata","lines":"40, 46, X2","arr":["40","46","X2"],"terminus":0,"mode":"bus","color":"#0059a9","colorDark":"#00294f","angle":259.6,"snapDist":5,"label":0}},{"type":"Feature","geometry":{"type":"Point","coordinates":[11.990733,57.796356]},"properties":{"name":"Lillekärr Norra","lines":"40, 46, X2","arr":["40","46","X2"],"terminus":0,"mode":"bus","color":"#0059a9","colorDark":"#00294f","angle":269.4,"snapDist":6,"label":0}},{"type":"Feature","geometry":{"type":"Point","coordinates":[11.991331,57.793626]},"properties":{"name":"Kärra Centrum","lines":"40, 46, X2","arr":["40","46","X2"],"terminus":0,"mode":"bus","color":"#0059a9","colorDark":"#00294f","angle":296.1,"snapDist":7,"label":0}},{"type":"Feature","geometry":{"type":"Point","coordinates":[11.991274,57.792278]},"properties":{"name":"Kärra Kyrka","lines":"40, 46, X2","arr":["40","46","X2"],"terminus":0,"mode":"bus","color":"#0059a9","colorDark":"#00294f","angle":270.2,"snapDist":7,"label":0}},{"type":"Feature","geometry":{"type":"Point","coordinates":[11.99063,57.789435]},"properties":{"name":"Lillekärr Södra","lines":"40, 46, X2","arr":["40","46","X2"],"terminus":0,"mode":"bus","color":"#0059a9","colorDark":"#00294f","angle":287.4,"snapDist":5,"label":0}},{"type":"Feature","geometry":{"type":"Point","coordinates":[11.994631,57.787914]},"properties":{"name":"Kärraporten","lines":"40, X2","arr":["40","X2"],"terminus":0,"mode":"bus","color":"#0059a9","colorDark":"#00294f","angle":182.7,"snapDist":3,"label":0}},{"type":"Feature","geometry":{"type":"Point","coordinates":[12.002463,57.786755]},"properties":{"name":"Kärramotet","lines":"40","arr":["40"],"terminus":0,"mode":"bus","color":"#0059a9","colorDark":"#00294f","angle":255.7,"snapDist":3,"label":0}},{"type":"Feature","geometry":{"type":"Point","coordinates":[11.999108,57.777698]},"properties":{"name":"Göpåstunneln","lines":"40","arr":["40"],"terminus":0,"mode":"bus","color":"#0059a9","colorDark":"#00294f","angle":278.6,"snapDist":6,"label":0}},{"type":"Feature","geometry":{"type":"Point","coordinates":[11.988397,57.757744]},"properties":{"name":"Körkarlens gata","lines":"40, 44","arr":["40","44"],"terminus":0,"mode":"bus","color":"#0059a9","colorDark":"#00294f","angle":350.9,"snapDist":4,"label":0}},{"type":"Feature","geometry":{"type":"Point","coordinates":[11.990786,57.754771]},"properties":{"name":"Friedländers Gata","lines":"40","arr":["40"],"terminus":0,"mode":"bus","color":"#0059a9","colorDark":"#00294f","angle":268.7,"snapDist":6,"label":0}},{"type":"Feature","geometry":{"type":"Point","coordinates":[11.989878,57.749288]},"properties":{"name":"Lisa Sass Gata","lines":"40","arr":["40"],"terminus":0,"mode":"bus","color":"#0059a9","colorDark":"#00294f","angle":285.6,"snapDist":9,"label":0}},{"type":"Feature","geometry":{"type":"Point","coordinates":[11.989449,57.747054]},"properties":{"name":"Backadalsmotet","lines":"40, X4","arr":["40","X4"],"terminus":0,"mode":"bus","color":"#0059a9","colorDark":"#00294f","angle":273.5,"snapDist":2,"label":1}},{"type":"Feature","geometry":{"type":"Point","coordinates":[11.990922,57.713246]},"properties":{"name":"Svingeln","lines":"40, 43, 173, 501, 502, 503, 510, 513, LERS","arr":["40","43","173","501","502","503","510","513","LERS"],"terminus":1,"mode":"bus","color":"#0059a9","colorDark":"#00294f","angle":293.4,"snapDist":4,"label":0}},{"type":"Feature","geometry":{"type":"Point","coordinates":[11.907789,57.697386]},"properties":{"name":"Bockkranen","lines":"42","arr":["42"],"terminus":1,"mode":"bus","color":"#0059a9","colorDark":"#00294f","angle":85.2,"snapDist":7,"label":1}},{"type":"Feature","geometry":{"type":"Point","coordinates":[11.908401,57.700635]},"properties":{"name":"Eriksbergsdockan","lines":"42","arr":["42"],"terminus":0,"mode":"bus","color":"#0059a9","colorDark":"#00294f","angle":174.6,"snapDist":4,"label":1}},{"type":"Feature","geometry":{"type":"Point","coordinates":[11.954526,57.721212]},"properties":{"name":"Hjalmar Brantingsplatsen","lines":"42, 44, 47","arr":["42","44","47"],"terminus":1,"mode":"bus","color":"#0059a9","colorDark":"#00294f","angle":180,"snapDist":5,"label":0}},{"type":"Feature","geometry":{"type":"Point","coordinates":[11.954731,57.730756]},"properties":{"name":"Minelundsvägen","lines":"42","arr":["42"],"terminus":0,"mode":"bus","color":"#0059a9","colorDark":"#00294f","angle":132.1,"snapDist":7,"label":1}},{"type":"Feature","geometry":{"type":"Point","coordinates":[11.957488,57.734817]},"properties":{"name":"Aröds Äng","lines":"42","arr":["42"],"terminus":0,"mode":"bus","color":"#0059a9","colorDark":"#00294f","angle":75.4,"snapDist":4,"label":1}},{"type":"Feature","geometry":{"type":"Point","coordinates":[11.955799,57.738372]},"properties":{"name":"Stora Arödsgatan","lines":"42","arr":["42"],"terminus":0,"mode":"bus","color":"#0059a9","colorDark":"#00294f","angle":76.1,"snapDist":3,"label":1}},{"type":"Feature","geometry":{"type":"Point","coordinates":[11.952414,57.744582]},"properties":{"name":"Berghöjdsgatan","lines":"42","arr":["42"],"terminus":0,"mode":"bus","color":"#0059a9","colorDark":"#00294f","angle":71.5,"snapDist":3,"label":1}},{"type":"Feature","geometry":{"type":"Point","coordinates":[11.950912,57.747537]},"properties":{"name":"Lillhagens station","lines":"42, 44","arr":["42","44"],"terminus":0,"mode":"bus","color":"#0059a9","colorDark":"#00294f","angle":63.5,"snapDist":4,"label":1}},{"type":"Feature","geometry":{"type":"Point","coordinates":[11.949986,57.749275]},"properties":{"name":"Sankt Jörgens Park","lines":"42, 44","arr":["42","44"],"terminus":0,"mode":"bus","color":"#0059a9","colorDark":"#00294f","angle":78.4,"snapDist":6,"label":1}},{"type":"Feature","geometry":{"type":"Point","coordinates":[11.947481,57.754082]},"properties":{"name":"Skälltorpsvägen","lines":"42, 43","arr":["42","43"],"terminus":0,"mode":"bus","color":"#0059a9","colorDark":"#00294f","angle":78.2,"snapDist":9,"label":1}},{"type":"Feature","geometry":{"type":"Point","coordinates":[11.949133,57.758279]},"properties":{"name":"Lillhagsparken Södra","lines":"42, 43","arr":["42","43"],"terminus":0,"mode":"bus","color":"#0059a9","colorDark":"#00294f","angle":60.8,"snapDist":4,"label":1}},{"type":"Feature","geometry":{"type":"Point","coordinates":[11.949359,57.76055]},"properties":{"name":"Lillhagsparken Norra","lines":"42, 43","arr":["42","43"],"terminus":0,"mode":"bus","color":"#0059a9","colorDark":"#00294f","angle":149,"snapDist":2,"label":1}},{"type":"Feature","geometry":{"type":"Point","coordinates":[11.94979,57.766506]},"properties":{"name":"Skogome","lines":"42, 43","arr":["42","43"],"terminus":1,"mode":"bus","color":"#0059a9","colorDark":"#00294f","angle":132.1,"snapDist":1,"label":1}},{"type":"Feature","geometry":{"type":"Point","coordinates":[11.949821,57.766524]},"properties":{"name":"Skogome","lines":"42, 43","arr":["42","43"],"terminus":1,"mode":"bus","color":"#0059a9","colorDark":"#00294f","angle":130,"snapDist":2,"label":0}},{"type":"Feature","geometry":{"type":"Point","coordinates":[11.949395,57.760561]},"properties":{"name":"Lillhagsparken Norra","lines":"42, 43","arr":["42","43"],"terminus":0,"mode":"bus","color":"#0059a9","colorDark":"#00294f","angle":329,"snapDist":4,"label":0}},{"type":"Feature","geometry":{"type":"Point","coordinates":[11.94935,57.758083]},"properties":{"name":"Lillhagsparken Södra","lines":"42, 43","arr":["42","43"],"terminus":0,"mode":"bus","color":"#0059a9","colorDark":"#00294f","angle":239.1,"snapDist":6,"label":0}},{"type":"Feature","geometry":{"type":"Point","coordinates":[11.947857,57.753161]},"properties":{"name":"Skälltorpsvägen","lines":"42, 44","arr":["42","44"],"terminus":0,"mode":"bus","color":"#0059a9","colorDark":"#00294f","angle":253.9,"snapDist":5,"label":0}},{"type":"Feature","geometry":{"type":"Point","coordinates":[11.949726,57.749494]},"properties":{"name":"Sankt Jörgens Park","lines":"42, 44","arr":["42","44"],"terminus":0,"mode":"bus","color":"#0059a9","colorDark":"#00294f","angle":255.1,"snapDist":5,"label":0}},{"type":"Feature","geometry":{"type":"Point","coordinates":[11.951425,57.746617]},"properties":{"name":"Lillhagens station","lines":"42","arr":["42"],"terminus":0,"mode":"bus","color":"#0059a9","colorDark":"#00294f","angle":261.8,"snapDist":5,"label":0}},{"type":"Feature","geometry":{"type":"Point","coordinates":[11.952525,57.743921]},"properties":{"name":"Berghöjdsgatan","lines":"42","arr":["42"],"terminus":0,"mode":"bus","color":"#0059a9","colorDark":"#00294f","angle":256.7,"snapDist":3,"label":0}},{"type":"Feature","geometry":{"type":"Point","coordinates":[11.955873,57.738217]},"properties":{"name":"Stora Arödsgatan","lines":"42","arr":["42"],"terminus":0,"mode":"bus","color":"#0059a9","colorDark":"#00294f","angle":254,"snapDist":4,"label":0}},{"type":"Feature","geometry":{"type":"Point","coordinates":[11.957601,57.734586]},"properties":{"name":"Aröds Äng","lines":"42","arr":["42"],"terminus":0,"mode":"bus","color":"#0059a9","colorDark":"#00294f","angle":255.4,"snapDist":6,"label":0}},{"type":"Feature","geometry":{"type":"Point","coordinates":[11.954656,57.730704]},"properties":{"name":"Minelundsvägen","lines":"42","arr":["42"],"terminus":0,"mode":"bus","color":"#0059a9","colorDark":"#00294f","angle":303.6,"snapDist":3,"label":0}},{"type":"Feature","geometry":{"type":"Point","coordinates":[11.908173,57.700624]},"properties":{"name":"Eriksbergsdockan","lines":"42","arr":["42"],"terminus":0,"mode":"bus","color":"#0059a9","colorDark":"#00294f","angle":354.6,"snapDist":3,"label":0}},{"type":"Feature","geometry":{"type":"Point","coordinates":[11.980563,57.731319]},"properties":{"name":"Tingstadsmotet","lines":"43, 44","arr":["43","44"],"terminus":0,"mode":"bus","color":"#0059a9","colorDark":"#00294f","angle":14.2,"snapDist":6,"label":1}},{"type":"Feature","geometry":{"type":"Point","coordinates":[11.97123,57.755167]},"properties":{"name":"Olshammarsgatan","lines":"43, 44","arr":["43","44"],"terminus":0,"mode":"bus","color":"#0059a9","colorDark":"#00294f","angle":359.6,"snapDist":9,"label":1}},{"type":"Feature","geometry":{"type":"Point","coordinates":[11.961001,57.754738]},"properties":{"name":"Åketorpsgatan","lines":"43, 44","arr":["43","44"],"terminus":0,"mode":"bus","color":"#0059a9","colorDark":"#00294f","angle":333.3,"snapDist":5,"label":1}},{"type":"Feature","geometry":{"type":"Point","coordinates":[11.958536,57.754079]},"properties":{"name":"Skogsbrynet","lines":"43, 44","arr":["43","44"],"terminus":0,"mode":"bus","color":"#0059a9","colorDark":"#00294f","angle":342.1,"snapDist":5,"label":1}},{"type":"Feature","geometry":{"type":"Point","coordinates":[11.948684,57.753797]},"properties":{"name":"Skälltorpsvägen","lines":"43, 44","arr":["43","44"],"terminus":0,"mode":"bus","color":"#0059a9","colorDark":"#00294f","angle":136.1,"snapDist":6,"label":0}},{"type":"Feature","geometry":{"type":"Point","coordinates":[11.958839,57.754135]},"properties":{"name":"Skogsbrynet","lines":"43, 44","arr":["43","44"],"terminus":0,"mode":"bus","color":"#0059a9","colorDark":"#00294f","angle":156.9,"snapDist":4,"label":0}},{"type":"Feature","geometry":{"type":"Point","coordinates":[11.961769,57.754938]},"properties":{"name":"Åketorpsgatan","lines":"43, 44","arr":["43","44"],"terminus":0,"mode":"bus","color":"#0059a9","colorDark":"#00294f","angle":155.9,"snapDist":6,"label":0}},{"type":"Feature","geometry":{"type":"Point","coordinates":[11.972638,57.755203]},"properties":{"name":"Olshammarsgatan","lines":"43","arr":["43"],"terminus":0,"mode":"bus","color":"#0059a9","colorDark":"#00294f","angle":174.6,"snapDist":9,"label":0}},{"type":"Feature","geometry":{"type":"Point","coordinates":[11.976623,57.731385]},"properties":{"name":"Balladgatan","lines":"43, 44","arr":["43","44"],"terminus":0,"mode":"bus","color":"#0059a9","colorDark":"#00294f","angle":182.1,"snapDist":2,"label":0}},{"type":"Feature","geometry":{"type":"Point","coordinates":[11.980428,57.731262]},"properties":{"name":"Tingstadsmotet","lines":"43, 44","arr":["43","44"],"terminus":0,"mode":"bus","color":"#0059a9","colorDark":"#00294f","angle":190.6,"snapDist":5,"label":0}},{"type":"Feature","geometry":{"type":"Point","coordinates":[11.910538,57.716113]},"properties":{"name":"Eketrägatan","lines":"44","arr":["44"],"terminus":1,"mode":"bus","color":"#0059a9","colorDark":"#00294f","angle":310.6,"snapDist":12,"label":0}},{"type":"Feature","geometry":{"type":"Point","coordinates":[11.90389,57.721142]},"properties":{"name":"Jättestensskolan","lines":"44","arr":["44"],"terminus":0,"mode":"bus","color":"#0059a9","colorDark":"#00294f","angle":48.2,"snapDist":7,"label":1}},{"type":"Feature","geometry":{"type":"Point","coordinates":[11.901336,57.724843]},"properties":{"name":"Skeppsbyggaregatan","lines":"44","arr":["44"],"terminus":0,"mode":"bus","color":"#0059a9","colorDark":"#00294f","angle":82.3,"snapDist":1,"label":1}},{"type":"Feature","geometry":{"type":"Point","coordinates":[11.90469,57.729442]},"properties":{"name":"Svartedalsgatan","lines":"44","arr":["44"],"terminus":0,"mode":"bus","color":"#0059a9","colorDark":"#00294f","angle":144.5,"snapDist":7,"label":1}},{"type":"Feature","geometry":{"type":"Point","coordinates":[11.910692,57.730993]},"properties":{"name":"Krabbeliderna","lines":"44","arr":["44"],"terminus":0,"mode":"bus","color":"#0059a9","colorDark":"#00294f","angle":192.7,"snapDist":5,"label":1}},{"type":"Feature","geometry":{"type":"Point","coordinates":[11.970036,57.727525]},"properties":{"name":"Brunnsbotorget","lines":"44","arr":["44"],"terminus":0,"mode":"bus","color":"#0059a9","colorDark":"#00294f","angle":164.9,"snapDist":5,"label":0}},{"type":"Feature","geometry":{"type":"Point","coordinates":[11.985397,57.736187]},"properties":{"name":"Tryckerigatan","lines":"44","arr":["44"],"terminus":0,"mode":"bus","color":"#0059a9","colorDark":"#00294f","angle":102.1,"snapDist":2,"label":1}},{"type":"Feature","geometry":{"type":"Point","coordinates":[11.98711,57.741002]},"properties":{"name":"Legendgatan","lines":"44","arr":["44"],"terminus":0,"mode":"bus","color":"#0059a9","colorDark":"#00294f","angle":100.8,"snapDist":7,"label":1}},{"type":"Feature","geometry":{"type":"Point","coordinates":[11.988735,57.746529]},"properties":{"name":"Backadalsmotet","lines":"44","arr":["44"],"terminus":0,"mode":"bus","color":"#0059a9","colorDark":"#00294f","angle":93,"snapDist":3,"label":0}},{"type":"Feature","geometry":{"type":"Point","coordinates":[11.97689,57.763264]},"properties":{"name":"Fridhems Kyrkogård","lines":"44","arr":["44"],"terminus":0,"mode":"bus","color":"#0059a9","colorDark":"#00294f","angle":350.7,"snapDist":4,"label":1}},{"type":"Feature","geometry":{"type":"Point","coordinates":[11.972308,57.763186]},"properties":{"name":"Båtsman Hisings Gata","lines":"44","arr":["44"],"terminus":0,"mode":"bus","color":"#0059a9","colorDark":"#00294f","angle":32.1,"snapDist":2,"label":1}},{"type":"Feature","geometry":{"type":"Point","coordinates":[11.967656,57.761214]},"properties":{"name":"Båtsman Kapers Gata","lines":"44","arr":["44"],"terminus":0,"mode":"bus","color":"#0059a9","colorDark":"#00294f","angle":319.6,"snapDist":4,"label":1}},{"type":"Feature","geometry":{"type":"Point","coordinates":[11.967823,57.757358]},"properties":{"name":"Båtsman Grås Gata","lines":"44","arr":["44"],"terminus":0,"mode":"bus","color":"#0059a9","colorDark":"#00294f","angle":258.9,"snapDist":4,"label":1}},{"type":"Feature","geometry":{"type":"Point","coordinates":[11.954305,57.748948]},"properties":{"name":"Sankt Jörgens Allé","lines":"44","arr":["44"],"terminus":0,"mode":"bus","color":"#0059a9","colorDark":"#00294f","angle":264.8,"snapDist":3,"label":1}},{"type":"Feature","geometry":{"type":"Point","coordinates":[11.953382,57.747555]},"properties":{"name":"Skogabergsgatan","lines":"44","arr":["44"],"terminus":0,"mode":"bus","color":"#0059a9","colorDark":"#00294f","angle":334.8,"snapDist":3,"label":1}},{"type":"Feature","geometry":{"type":"Point","coordinates":[11.939772,57.748587]},"properties":{"name":"Finlandsvägen","lines":"44","arr":["44"],"terminus":0,"mode":"bus","color":"#0059a9","colorDark":"#00294f","angle":340.5,"snapDist":5,"label":0}},{"type":"Feature","geometry":{"type":"Point","coordinates":[11.917292,57.752167]},"properties":{"name":"Hinnebäcksgatan","lines":"44, 145","arr":["44","145"],"terminus":1,"mode":"bus","color":"#0059a9","colorDark":"#00294f","angle":72.4,"snapDist":3,"label":0}},{"type":"Feature","geometry":{"type":"Point","coordinates":[11.939534,57.748467]},"properties":{"name":"Finlandsvägen","lines":"44","arr":["44"],"terminus":0,"mode":"bus","color":"#0059a9","colorDark":"#00294f","angle":155.9,"snapDist":9,"label":0}},{"type":"Feature","geometry":{"type":"Point","coordinates":[11.971736,57.755535]},"properties":{"name":"Olshammarsgatan","lines":"44","arr":["44"],"terminus":0,"mode":"bus","color":"#0059a9","colorDark":"#00294f","angle":82.8,"snapDist":7,"label":0}},{"type":"Feature","geometry":{"type":"Point","coordinates":[11.96725,57.758019]},"properties":{"name":"Båtsman Grås Gata","lines":"44","arr":["44"],"terminus":0,"mode":"bus","color":"#0059a9","colorDark":"#00294f","angle":51.2,"snapDist":7,"label":0}},{"type":"Feature","geometry":{"type":"Point","coordinates":[11.968207,57.761477]},"properties":{"name":"Båtsman Kapers Gata","lines":"44","arr":["44"],"terminus":0,"mode":"bus","color":"#0059a9","colorDark":"#00294f","angle":134.2,"snapDist":4,"label":0}},{"type":"Feature","geometry":{"type":"Point","coordinates":[11.97255,57.763106]},"properties":{"name":"Båtsman Hisings Gata","lines":"44","arr":["44"],"terminus":0,"mode":"bus","color":"#0059a9","colorDark":"#00294f","angle":210.8,"snapDist":7,"label":0}},{"type":"Feature","geometry":{"type":"Point","coordinates":[11.97716,57.763286]},"properties":{"name":"Fridhems Kyrkogård","lines":"44","arr":["44"],"terminus":0,"mode":"bus","color":"#0059a9","colorDark":"#00294f","angle":174,"snapDist":4,"label":0}},{"type":"Feature","geometry":{"type":"Point","coordinates":[11.988716,57.746383]},"properties":{"name":"Backadalsmotet","lines":"44","arr":["44"],"terminus":0,"mode":"bus","color":"#0059a9","colorDark":"#00294f","angle":275,"snapDist":7,"label":0}},{"type":"Feature","geometry":{"type":"Point","coordinates":[11.98706,57.740862]},"properties":{"name":"Legendgatan","lines":"44","arr":["44"],"terminus":0,"mode":"bus","color":"#0059a9","colorDark":"#00294f","angle":280.8,"snapDist":3,"label":0}},{"type":"Feature","geometry":{"type":"Point","coordinates":[11.985341,57.736049]},"properties":{"name":"Tryckerigatan","lines":"44","arr":["44"],"terminus":0,"mode":"bus","color":"#0059a9","colorDark":"#00294f","angle":281.9,"snapDist":3,"label":0}},{"type":"Feature","geometry":{"type":"Point","coordinates":[11.976339,57.731456]},"properties":{"name":"Balladgatan","lines":"44","arr":["44"],"terminus":0,"mode":"bus","color":"#0059a9","colorDark":"#00294f","angle":1.2,"snapDist":5,"label":0}},{"type":"Feature","geometry":{"type":"Point","coordinates":[11.970019,57.727235]},"properties":{"name":"Brunnsbotorget","lines":"44","arr":["44"],"terminus":0,"mode":"bus","color":"#0059a9","colorDark":"#00294f","angle":339.9,"snapDist":5,"label":0}},{"type":"Feature","geometry":{"type":"Point","coordinates":[11.910765,57.731057]},"properties":{"name":"Krabbeliderna","lines":"44","arr":["44"],"terminus":0,"mode":"bus","color":"#0059a9","colorDark":"#00294f","angle":10.4,"snapDist":4,"label":0}},{"type":"Feature","geometry":{"type":"Point","coordinates":[11.903549,57.728961]},"properties":{"name":"Svartedalsgatan","lines":"44","arr":["44"],"terminus":0,"mode":"bus","color":"#0059a9","colorDark":"#00294f","angle":260.5,"snapDist":5,"label":0}},{"type":"Feature","geometry":{"type":"Point","coordinates":[11.901353,57.724681]},"properties":{"name":"Skeppsbyggaregatan","lines":"44","arr":["44"],"terminus":0,"mode":"bus","color":"#0059a9","colorDark":"#00294f","angle":267.1,"snapDist":8,"label":0}},{"type":"Feature","geometry":{"type":"Point","coordinates":[11.905738,57.720275]},"properties":{"name":"Jättestensskolan","lines":"44","arr":["44"],"terminus":0,"mode":"bus","color":"#0059a9","colorDark":"#00294f","angle":234,"snapDist":11,"label":0}},{"type":"Feature","geometry":{"type":"Point","coordinates":[11.987762,57.757913]},"properties":{"name":"Körkarlens gata","lines":"46, 47","arr":["46","47"],"terminus":1,"mode":"bus","color":"#0059a9","colorDark":"#00294f","angle":166.3,"snapDist":8,"label":0}},{"type":"Feature","geometry":{"type":"Point","coordinates":[11.989082,57.759698]},"properties":{"name":"Bäckebols Gård","lines":"46","arr":["46"],"terminus":0,"mode":"bus","color":"#0059a9","colorDark":"#00294f","angle":118.5,"snapDist":5,"label":1}},{"type":"Feature","geometry":{"type":"Point","coordinates":[11.992856,57.764761]},"properties":{"name":"Brandkärr","lines":"46","arr":["46"],"terminus":0,"mode":"bus","color":"#0059a9","colorDark":"#00294f","angle":98.2,"snapDist":5,"label":1}},{"type":"Feature","geometry":{"type":"Point","coordinates":[11.992357,57.769821]},"properties":{"name":"Tagenevägen 11","lines":"46","arr":["46"],"terminus":0,"mode":"bus","color":"#0059a9","colorDark":"#00294f","angle":103.3,"snapDist":4,"label":1}},{"type":"Feature","geometry":{"type":"Point","coordinates":[11.993938,57.773165]},"properties":{"name":"Tagene","lines":"46","arr":["46"],"terminus":0,"mode":"bus","color":"#0059a9","colorDark":"#00294f","angle":102.5,"snapDist":4,"label":1}},{"type":"Feature","geometry":{"type":"Point","coordinates":[11.994121,57.778167]},"properties":{"name":"Göpåsgatan","lines":"46","arr":["46"],"terminus":0,"mode":"bus","color":"#0059a9","colorDark":"#00294f","angle":90.7,"snapDist":4,"label":1}},{"type":"Feature","geometry":{"type":"Point","coordinates":[11.994403,57.782923]},"properties":{"name":"Simonsvägen","lines":"46","arr":["46"],"terminus":0,"mode":"bus","color":"#0059a9","colorDark":"#00294f","angle":93.3,"snapDist":6,"label":1}},{"type":"Feature","geometry":{"type":"Point","coordinates":[11.993775,57.786131]},"properties":{"name":"Trankärrsgatan","lines":"46","arr":["46"],"terminus":0,"mode":"bus","color":"#0059a9","colorDark":"#00294f","angle":81.4,"snapDist":8,"label":1}},{"type":"Feature","geometry":{"type":"Point","coordinates":[11.991592,57.800153]},"properties":{"name":"Klareberg","lines":"46, X2","arr":["46","X2"],"terminus":1,"mode":"bus","color":"#0059a9","colorDark":"#00294f","angle":81.5,"snapDist":9,"label":0}},{"type":"Feature","geometry":{"type":"Point","coordinates":[11.974641,57.8046]},"properties":{"name":"Fyrspannvägen","lines":"46, X2","arr":["46","X2"],"terminus":0,"mode":"bus","color":"#0059a9","colorDark":"#00294f","angle":112.5,"snapDist":4,"label":1}},{"type":"Feature","geometry":{"type":"Point","coordinates":[11.976472,57.808007]},"properties":{"name":"Skimmelvägen","lines":"46, X2","arr":["46","X2"],"terminus":0,"mode":"bus","color":"#0059a9","colorDark":"#00294f","angle":109.9,"snapDist":5,"label":1}},{"type":"Feature","geometry":{"type":"Point","coordinates":[11.978922,57.809898]},"properties":{"name":"Gerrebacka Gård","lines":"46, X2","arr":["46","X2"],"terminus":0,"mode":"bus","color":"#0059a9","colorDark":"#00294f","angle":192.5,"snapDist":4,"label":1}},{"type":"Feature","geometry":{"type":"Point","coordinates":[11.983085,57.810358]},"properties":{"name":"Ridhästvägen","lines":"46, X2","arr":["46","X2"],"terminus":0,"mode":"bus","color":"#0059a9","colorDark":"#00294f","angle":155.1,"snapDist":1,"label":1}},{"type":"Feature","geometry":{"type":"Point","coordinates":[11.9886,57.811289]},"properties":{"name":"Mystängen","lines":"46, X2","arr":["46","X2"],"terminus":0,"mode":"bus","color":"#0059a9","colorDark":"#00294f","angle":196.1,"snapDist":2,"label":1}},{"type":"Feature","geometry":{"type":"Point","coordinates":[11.993954,57.785492]},"properties":{"name":"Trankärrsgatan","lines":"46","arr":["46"],"terminus":0,"mode":"bus","color":"#0059a9","colorDark":"#00294f","angle":261.5,"snapDist":5,"label":0}},{"type":"Feature","geometry":{"type":"Point","coordinates":[11.994288,57.781967]},"properties":{"name":"Simonsvägen","lines":"46","arr":["46"],"terminus":0,"mode":"bus","color":"#0059a9","colorDark":"#00294f","angle":274.3,"snapDist":5,"label":0}},{"type":"Feature","geometry":{"type":"Point","coordinates":[11.994088,57.777144]},"properties":{"name":"Göpåsgatan","lines":"46","arr":["46"],"terminus":0,"mode":"bus","color":"#0059a9","colorDark":"#00294f","angle":270.6,"snapDist":11,"label":0}},{"type":"Feature","geometry":{"type":"Point","coordinates":[11.994021,57.774134]},"properties":{"name":"Tagene","lines":"46","arr":["46"],"terminus":0,"mode":"bus","color":"#0059a9","colorDark":"#00294f","angle":270.4,"snapDist":6,"label":0}},{"type":"Feature","geometry":{"type":"Point","coordinates":[11.992138,57.769256]},"properties":{"name":"Tagenevägen 11","lines":"46","arr":["46"],"terminus":0,"mode":"bus","color":"#0059a9","colorDark":"#00294f","angle":280.5,"snapDist":5,"label":0}},{"type":"Feature","geometry":{"type":"Point","coordinates":[11.99264,57.76552]},"properties":{"name":"Brandkärr","lines":"46","arr":["46"],"terminus":0,"mode":"bus","color":"#0059a9","colorDark":"#00294f","angle":248,"snapDist":9,"label":0}},{"type":"Feature","geometry":{"type":"Point","coordinates":[11.989206,57.759807]},"properties":{"name":"Bäckebols Gård","lines":"46","arr":["46"],"terminus":0,"mode":"bus","color":"#0059a9","colorDark":"#00294f","angle":302.7,"snapDist":5,"label":0}},{"type":"Feature","geometry":{"type":"Point","coordinates":[11.964769,57.720947]},"properties":{"name":"Smidesgatan","lines":"47","arr":["47"],"terminus":0,"mode":"bus","color":"#0059a9","colorDark":"#00294f","angle":164.1,"snapDist":6,"label":1}},{"type":"Feature","geometry":{"type":"Point","coordinates":[11.967691,57.721374]},"properties":{"name":"Stenkolsgatan","lines":"47","arr":["47"],"terminus":0,"mode":"bus","color":"#0059a9","colorDark":"#00294f","angle":164.2,"snapDist":6,"label":1}},{"type":"Feature","geometry":{"type":"Point","coordinates":[11.971482,57.722148]},"properties":{"name":"Manufakturgatan","lines":"47","arr":["47"],"terminus":0,"mode":"bus","color":"#0059a9","colorDark":"#00294f","angle":156.1,"snapDist":5,"label":1}},{"type":"Feature","geometry":{"type":"Point","coordinates":[11.975344,57.722971]},"properties":{"name":"Stålverksgatan","lines":"47","arr":["47"],"terminus":0,"mode":"bus","color":"#0059a9","colorDark":"#00294f","angle":157,"snapDist":5,"label":1}},{"type":"Feature","geometry":{"type":"Point","coordinates":[11.978488,57.723941]},"properties":{"name":"Bessemergatan","lines":"47","arr":["47"],"terminus":0,"mode":"bus","color":"#0059a9","colorDark":"#00294f","angle":148.4,"snapDist":12,"label":1}},{"type":"Feature","geometry":{"type":"Point","coordinates":[11.982553,57.723753]},"properties":{"name":"Cold Stores","lines":"47","arr":["47"],"terminus":0,"mode":"bus","color":"#0059a9","colorDark":"#00294f","angle":220.1,"snapDist":5,"label":1}},{"type":"Feature","geometry":{"type":"Point","coordinates":[11.988519,57.727472]},"properties":{"name":"Stena Metall","lines":"47","arr":["47"],"terminus":0,"mode":"bus","color":"#0059a9","colorDark":"#00294f","angle":119.8,"snapDist":8,"label":1}},{"type":"Feature","geometry":{"type":"Point","coordinates":[11.986792,57.732506]},"properties":{"name":"Balamundi","lines":"47","arr":["47"],"terminus":0,"mode":"bus","color":"#0059a9","colorDark":"#00294f","angle":89.1,"snapDist":7,"label":1}},{"type":"Feature","geometry":{"type":"Point","coordinates":[11.989581,57.738065]},"properties":{"name":"Calvert","lines":"47","arr":["47"],"terminus":0,"mode":"bus","color":"#0059a9","colorDark":"#00294f","angle":191,"snapDist":6,"label":1}},{"type":"Feature","geometry":{"type":"Point","coordinates":[11.993118,57.738607]},"properties":{"name":"Exportgatan","lines":"47","arr":["47"],"terminus":0,"mode":"bus","color":"#0059a9","colorDark":"#00294f","angle":99.1,"snapDist":6,"label":1}},{"type":"Feature","geometry":{"type":"Point","coordinates":[11.994104,57.741902]},"properties":{"name":"Plastteknik","lines":"47","arr":["47"],"terminus":0,"mode":"bus","color":"#0059a9","colorDark":"#00294f","angle":99.9,"snapDist":6,"label":1}},{"type":"Feature","geometry":{"type":"Point","coordinates":[11.99495,57.744727]},"properties":{"name":"Timber Trading","lines":"47","arr":["47"],"terminus":0,"mode":"bus","color":"#0059a9","colorDark":"#00294f","angle":99.5,"snapDist":6,"label":1}},{"type":"Feature","geometry":{"type":"Point","coordinates":[11.995757,57.747517]},"properties":{"name":"Stigs Center","lines":"47","arr":["47"],"terminus":0,"mode":"bus","color":"#0059a9","colorDark":"#00294f","angle":98.1,"snapDist":3,"label":1}},{"type":"Feature","geometry":{"type":"Point","coordinates":[11.996399,57.749869]},"properties":{"name":"Backa Bergö","lines":"47","arr":["47"],"terminus":0,"mode":"bus","color":"#0059a9","colorDark":"#00294f","angle":93.2,"snapDist":7,"label":1}},{"type":"Feature","geometry":{"type":"Point","coordinates":[11.99615,57.751518]},"properties":{"name":"Importgatan","lines":"47","arr":["47"],"terminus":0,"mode":"bus","color":"#0059a9","colorDark":"#00294f","angle":85,"snapDist":6,"label":1}},{"type":"Feature","geometry":{"type":"Point","coordinates":[11.995406,57.755805]},"properties":{"name":"Trämjölsfabriken","lines":"47","arr":["47"],"terminus":0,"mode":"bus","color":"#0059a9","colorDark":"#00294f","angle":84.9,"snapDist":7,"label":1}},{"type":"Feature","geometry":{"type":"Point","coordinates":[11.995124,57.757453]},"properties":{"name":"Bäckebolsmotet Östra","lines":"47","arr":["47"],"terminus":0,"mode":"bus","color":"#0059a9","colorDark":"#00294f","angle":85.4,"snapDist":7,"label":0}},{"type":"Feature","geometry":{"type":"Point","coordinates":[11.99511,57.757546]},"properties":{"name":"Bäckebolsmotet Östra","lines":"47","arr":["47"],"terminus":0,"mode":"bus","color":"#0059a9","colorDark":"#00294f","angle":266,"snapDist":8,"label":0}},{"type":"Feature","geometry":{"type":"Point","coordinates":[11.995509,57.755192]},"properties":{"name":"Trämjölsfabriken","lines":"47","arr":["47"],"terminus":0,"mode":"bus","color":"#0059a9","colorDark":"#00294f","angle":264.6,"snapDist":5,"label":0}},{"type":"Feature","geometry":{"type":"Point","coordinates":[11.996084,57.751978]},"properties":{"name":"Importgatan","lines":"47","arr":["47"],"terminus":0,"mode":"bus","color":"#0059a9","colorDark":"#00294f","angle":264.7,"snapDist":4,"label":0}},{"type":"Feature","geometry":{"type":"Point","coordinates":[11.99639,57.749779]},"properties":{"name":"Backa Bergö","lines":"47","arr":["47"],"terminus":0,"mode":"bus","color":"#0059a9","colorDark":"#00294f","angle":273.2,"snapDist":3,"label":0}},{"type":"Feature","geometry":{"type":"Point","coordinates":[11.995474,57.746466]},"properties":{"name":"Stigs Center","lines":"47","arr":["47"],"terminus":0,"mode":"bus","color":"#0059a9","colorDark":"#00294f","angle":279.5,"snapDist":3,"label":0}},{"type":"Feature","geometry":{"type":"Point","coordinates":[11.994948,57.744719]},"properties":{"name":"Timber Trading","lines":"47","arr":["47"],"terminus":0,"mode":"bus","color":"#0059a9","colorDark":"#00294f","angle":279.5,"snapDist":3,"label":0}},{"type":"Feature","geometry":{"type":"Point","coordinates":[11.994092,57.741864]},"properties":{"name":"Plastteknik","lines":"47","arr":["47"],"terminus":0,"mode":"bus","color":"#0059a9","colorDark":"#00294f","angle":279.9,"snapDist":9,"label":0}},{"type":"Feature","geometry":{"type":"Point","coordinates":[11.993255,57.739051]},"properties":{"name":"Exportgatan","lines":"47","arr":["47"],"terminus":0,"mode":"bus","color":"#0059a9","colorDark":"#00294f","angle":277.8,"snapDist":4,"label":0}},{"type":"Feature","geometry":{"type":"Point","coordinates":[11.989958,57.738026]},"properties":{"name":"Calvert","lines":"47","arr":["47"],"terminus":0,"mode":"bus","color":"#0059a9","colorDark":"#00294f","angle":11,"snapDist":5,"label":0}},{"type":"Feature","geometry":{"type":"Point","coordinates":[11.986793,57.732387]},"properties":{"name":"Balamundi","lines":"47","arr":["47"],"terminus":0,"mode":"bus","color":"#0059a9","colorDark":"#00294f","angle":276.6,"snapDist":7,"label":0}},{"type":"Feature","geometry":{"type":"Point","coordinates":[11.987839,57.726488]},"properties":{"name":"Stena Metall","lines":"47","arr":["47"],"terminus":0,"mode":"bus","color":"#0059a9","colorDark":"#00294f","angle":285.9,"snapDist":10,"label":0}},{"type":"Feature","geometry":{"type":"Point","coordinates":[11.982612,57.723727]},"properties":{"name":"Cold Stores","lines":"47","arr":["47"],"terminus":0,"mode":"bus","color":"#0059a9","colorDark":"#00294f","angle":40.1,"snapDist":5,"label":0}},{"type":"Feature","geometry":{"type":"Point","coordinates":[11.978224,57.723855]},"properties":{"name":"Bessemergatan","lines":"47","arr":["47"],"terminus":0,"mode":"bus","color":"#0059a9","colorDark":"#00294f","angle":328.4,"snapDist":6,"label":0}},{"type":"Feature","geometry":{"type":"Point","coordinates":[11.974851,57.72287]},"properties":{"name":"Stålverksgatan","lines":"47","arr":["47"],"terminus":0,"mode":"bus","color":"#0059a9","colorDark":"#00294f","angle":339.1,"snapDist":8,"label":0}},{"type":"Feature","geometry":{"type":"Point","coordinates":[11.971428,57.722136]},"properties":{"name":"Manufakturgatan","lines":"47","arr":["47"],"terminus":0,"mode":"bus","color":"#0059a9","colorDark":"#00294f","angle":338.5,"snapDist":9,"label":0}},{"type":"Feature","geometry":{"type":"Point","coordinates":[11.967614,57.721362]},"properties":{"name":"Stenkolsgatan","lines":"47","arr":["47"],"terminus":0,"mode":"bus","color":"#0059a9","colorDark":"#00294f","angle":344.2,"snapDist":5,"label":0}},{"type":"Feature","geometry":{"type":"Point","coordinates":[11.964728,57.720941]},"properties":{"name":"Smidesgatan","lines":"47","arr":["47"],"terminus":0,"mode":"bus","color":"#0059a9","colorDark":"#00294f","angle":345.6,"snapDist":6,"label":0}},{"type":"Feature","geometry":{"type":"Point","coordinates":[12.003625,57.727978]},"properties":{"name":"Gamlestads Torg","lines":"56, 59, 78, 159, 167, 168, 515","arr":["56","59","78","159","167","168","515"],"terminus":1,"mode":"bus","color":"#0059a9","colorDark":"#00294f","angle":125.5,"snapDist":3,"label":0}},{"type":"Feature","geometry":{"type":"Point","coordinates":[12.024639,57.73256]},"properties":{"name":"Bellevue","lines":"56, 510","arr":["56","510"],"terminus":0,"mode":"bus","color":"#0059a9","colorDark":"#00294f","angle":144.7,"snapDist":4,"label":0}},{"type":"Feature","geometry":{"type":"Point","coordinates":[12.036585,57.73484]},"properties":{"name":"Kvibergsskolan","lines":"56, 510","arr":["56","510"],"terminus":0,"mode":"bus","color":"#0059a9","colorDark":"#00294f","angle":173.4,"snapDist":3,"label":1}},{"type":"Feature","geometry":{"type":"Point","coordinates":[12.04591,57.734961]},"properties":{"name":"Orrebacksgatan","lines":"56, 510","arr":["56","510"],"terminus":0,"mode":"bus","color":"#0059a9","colorDark":"#00294f","angle":168,"snapDist":4,"label":1}},{"type":"Feature","geometry":{"type":"Point","coordinates":[12.054576,57.736084]},"properties":{"name":"Lemmingsgatan","lines":"56, 167, 510","arr":["56","167","510"],"terminus":0,"mode":"bus","color":"#0059a9","colorDark":"#00294f","angle":163.2,"snapDist":6,"label":1}},{"type":"Feature","geometry":{"type":"Point","coordinates":[12.058977,57.737296]},"properties":{"name":"Österlyckan","lines":"56, 167, 510","arr":["56","167","510"],"terminus":1,"mode":"bus","color":"#0059a9","colorDark":"#00294f","angle":149.9,"snapDist":6,"label":1}},{"type":"Feature","geometry":{"type":"Point","coordinates":[12.057285,57.741291]},"properties":{"name":"Gillegatan","lines":"56","arr":["56"],"terminus":0,"mode":"bus","color":"#0059a9","colorDark":"#00294f","angle":46.6,"snapDist":1,"label":1}},{"type":"Feature","geometry":{"type":"Point","coordinates":[12.053413,57.742709]},"properties":{"name":"Ungbrodersgatan","lines":"56","arr":["56"],"terminus":0,"mode":"bus","color":"#0059a9","colorDark":"#00294f","angle":34.3,"snapDist":3,"label":1}},{"type":"Feature","geometry":{"type":"Point","coordinates":[12.04937,57.744975]},"properties":{"name":"Hindersmässogatan","lines":"56","arr":["56"],"terminus":0,"mode":"bus","color":"#0059a9","colorDark":"#00294f","angle":74.6,"snapDist":2,"label":1}},{"type":"Feature","geometry":{"type":"Point","coordinates":[12.048126,57.747019]},"properties":{"name":"Valborgsmässogatan","lines":"56","arr":["56"],"terminus":0,"mode":"bus","color":"#0059a9","colorDark":"#00294f","angle":67.3,"snapDist":2,"label":1}},{"type":"Feature","geometry":{"type":"Point","coordinates":[12.047999,57.751787]},"properties":{"name":"Gärdsåsgatan","lines":"56","arr":["56"],"terminus":0,"mode":"bus","color":"#0059a9","colorDark":"#00294f","angle":108.9,"snapDist":3,"label":1}},{"type":"Feature","geometry":{"type":"Point","coordinates":[12.049336,57.754381]},"properties":{"name":"Orion","lines":"56","arr":["56"],"terminus":0,"mode":"bus","color":"#0059a9","colorDark":"#00294f","angle":93.8,"snapDist":2,"label":1}},{"type":"Feature","geometry":{"type":"Point","coordinates":[12.049329,57.754306]},"properties":{"name":"Orion","lines":"56","arr":["56"],"terminus":0,"mode":"bus","color":"#0059a9","colorDark":"#00294f","angle":272.8,"snapDist":2,"label":0}},{"type":"Feature","geometry":{"type":"Point","coordinates":[12.047741,57.751542]},"properties":{"name":"Gärdsåsgatan","lines":"56","arr":["56"],"terminus":0,"mode":"bus","color":"#0059a9","colorDark":"#00294f","angle":261.6,"snapDist":4,"label":0}},{"type":"Feature","geometry":{"type":"Point","coordinates":[12.048179,57.746954]},"properties":{"name":"Valborgsmässogatan","lines":"56","arr":["56"],"terminus":0,"mode":"bus","color":"#0059a9","colorDark":"#00294f","angle":245.3,"snapDist":5,"label":0}},{"type":"Feature","geometry":{"type":"Point","coordinates":[12.049477,57.744761]},"properties":{"name":"Hindersmässogatan","lines":"56","arr":["56"],"terminus":0,"mode":"bus","color":"#0059a9","colorDark":"#00294f","angle":257.3,"snapDist":2,"label":0}},{"type":"Feature","geometry":{"type":"Point","coordinates":[12.05359,57.742643]},"properties":{"name":"Ungbrodersgatan","lines":"56","arr":["56"],"terminus":0,"mode":"bus","color":"#0059a9","colorDark":"#00294f","angle":214.9,"snapDist":3,"label":0}},{"type":"Feature","geometry":{"type":"Point","coordinates":[12.057362,57.741248]},"properties":{"name":"Gillegatan","lines":"56","arr":["56"],"terminus":0,"mode":"bus","color":"#0059a9","colorDark":"#00294f","angle":226.6,"snapDist":2,"label":0}},{"type":"Feature","geometry":{"type":"Point","coordinates":[12.058744,57.737221]},"properties":{"name":"Österlyckan","lines":"56, 167, 510","arr":["56","167","510"],"terminus":1,"mode":"bus","color":"#0059a9","colorDark":"#00294f","angle":329.1,"snapDist":6,"label":0}},{"type":"Feature","geometry":{"type":"Point","coordinates":[12.05438,57.736052]},"properties":{"name":"Lemmingsgatan","lines":"56, 167, 510","arr":["56","167","510"],"terminus":0,"mode":"bus","color":"#0059a9","colorDark":"#00294f","angle":343.2,"snapDist":6,"label":0}},{"type":"Feature","geometry":{"type":"Point","coordinates":[12.044442,57.734872]},"properties":{"name":"Orrebacksgatan","lines":"56, 510","arr":["56","510"],"terminus":0,"mode":"bus","color":"#0059a9","colorDark":"#00294f","angle":353.1,"snapDist":7,"label":0}},{"type":"Feature","geometry":{"type":"Point","coordinates":[12.035377,57.734735]},"properties":{"name":"Kvibergsskolan","lines":"56, 510","arr":["56","510"],"terminus":0,"mode":"bus","color":"#0059a9","colorDark":"#00294f","angle":349.2,"snapDist":10,"label":0}},{"type":"Feature","geometry":{"type":"Point","coordinates":[12.02403,57.73233]},"properties":{"name":"Bellevue","lines":"56, 510","arr":["56","510"],"terminus":0,"mode":"bus","color":"#0059a9","colorDark":"#00294f","angle":324.7,"snapDist":1,"label":0}},{"type":"Feature","geometry":{"type":"Point","coordinates":[12.047908,57.755662]},"properties":{"name":"Siriusgatan 2","lines":"57","arr":["57"],"terminus":0,"mode":"bus","color":"#0059a9","colorDark":"#00294f","angle":57.7,"snapDist":7,"label":1}},{"type":"Feature","geometry":{"type":"Point","coordinates":[12.054078,57.755576]},"properties":{"name":"Siriusgatan 106","lines":"57","arr":["57"],"terminus":0,"mode":"bus","color":"#0059a9","colorDark":"#00294f","angle":100.1,"snapDist":4,"label":1}},{"type":"Feature","geometry":{"type":"Point","coordinates":[12.053614,57.756466]},"properties":{"name":"Siriusgatan 78","lines":"57","arr":["57"],"terminus":0,"mode":"bus","color":"#0059a9","colorDark":"#00294f","angle":119.9,"snapDist":4,"label":1}},{"type":"Feature","geometry":{"type":"Point","coordinates":[12.051684,57.7559]},"properties":{"name":"Siriusgatan 54","lines":"57","arr":["57"],"terminus":0,"mode":"bus","color":"#0059a9","colorDark":"#00294f","angle":12.6,"snapDist":6,"label":1}},{"type":"Feature","geometry":{"type":"Point","coordinates":[12.050086,57.756216]},"properties":{"name":"Siriusgatan 30","lines":"57","arr":["57"],"terminus":0,"mode":"bus","color":"#0059a9","colorDark":"#00294f","angle":200.9,"snapDist":3,"label":1}},{"type":"Feature","geometry":{"type":"Point","coordinates":[12.047973,57.755606]},"properties":{"name":"Siriusgatan 2","lines":"57","arr":["57"],"terminus":0,"mode":"bus","color":"#0059a9","colorDark":"#00294f","angle":237.7,"snapDist":6,"label":0}},{"type":"Feature","geometry":{"type":"Point","coordinates":[12.057589,57.761029]},"properties":{"name":"Keplers Gata","lines":"57","arr":["57"],"terminus":0,"mode":"bus","color":"#0059a9","colorDark":"#00294f","angle":256.5,"snapDist":8,"label":1}},{"type":"Feature","geometry":{"type":"Point","coordinates":[12.057287,57.759452]},"properties":{"name":"Astronomgatan","lines":"57","arr":["57"],"terminus":0,"mode":"bus","color":"#0059a9","colorDark":"#00294f","angle":-50.6,"snapDist":8,"label":1}},{"type":"Feature","geometry":{"type":"Point","coordinates":[12.058203,57.762625]},"properties":{"name":"Tycho Brahes Gata","lines":"57","arr":["57"],"terminus":0,"mode":"bus","color":"#0059a9","colorDark":"#00294f","angle":111.9,"snapDist":6,"label":1}},{"type":"Feature","geometry":{"type":"Point","coordinates":[12.070685,57.761724]},"properties":{"name":"Merkuriusgatan","lines":"57","arr":["57"],"terminus":0,"mode":"bus","color":"#0059a9","colorDark":"#00294f","angle":266.9,"snapDist":5,"label":0}},{"type":"Feature","geometry":{"type":"Point","coordinates":[12.076684,57.754579]},"properties":{"name":"Saturnusgatan","lines":"57","arr":["57"],"terminus":0,"mode":"bus","color":"#0059a9","colorDark":"#00294f","angle":82.2,"snapDist":4,"label":1}},{"type":"Feature","geometry":{"type":"Point","coordinates":[12.073342,57.757399]},"properties":{"name":"Rymdtorget Buss","lines":"57","arr":["57"],"terminus":0,"mode":"bus","color":"#0059a9","colorDark":"#00294f","angle":86.2,"snapDist":3,"label":0}},{"type":"Feature","geometry":{"type":"Point","coordinates":[12.070676,57.761813]},"properties":{"name":"Merkuriusgatan","lines":"57","arr":["57"],"terminus":0,"mode":"bus","color":"#0059a9","colorDark":"#00294f","angle":265.9,"snapDist":3,"label":0}},{"type":"Feature","geometry":{"type":"Point","coordinates":[11.997804,57.728977]},"properties":{"name":"Viadukten","lines":"59","arr":["59"],"terminus":0,"mode":"bus","color":"#0059a9","colorDark":"#00294f","angle":290.1,"snapDist":4,"label":1}},{"type":"Feature","geometry":{"type":"Point","coordinates":[11.993477,57.722931]},"properties":{"name":"Vassgatan","lines":"59","arr":["59"],"terminus":0,"mode":"bus","color":"#0059a9","colorDark":"#00294f","angle":291.7,"snapDist":9,"label":1}},{"type":"Feature","geometry":{"type":"Point","coordinates":[11.984608,57.719427]},"properties":{"name":"Gasverket","lines":"59","arr":["59"],"terminus":0,"mode":"bus","color":"#0059a9","colorDark":"#00294f","angle":330.1,"snapDist":5,"label":1}},{"type":"Feature","geometry":{"type":"Point","coordinates":[11.979438,57.717744]},"properties":{"name":"Falutorget","lines":"59","arr":["59"],"terminus":0,"mode":"bus","color":"#0059a9","colorDark":"#00294f","angle":326.7,"snapDist":8,"label":1}},{"type":"Feature","geometry":{"type":"Point","coordinates":[11.975063,57.716332]},"properties":{"name":"Torsgatan","lines":"59","arr":["59"],"terminus":0,"mode":"bus","color":"#0059a9","colorDark":"#00294f","angle":331.4,"snapDist":4,"label":1}},{"type":"Feature","geometry":{"type":"Point","coordinates":[11.971356,57.709769]},"properties":{"name":"Nils Ericson Terminalen","lines":"59, 290, 291, FLYG, 21, X40","arr":["59","290","291","FLYG","KV21","X40"],"terminus":1,"mode":"bus","color":"#0059a9","colorDark":"#00294f","angle":252.2,"snapDist":5,"label":0}},{"type":"Feature","geometry":{"type":"Point","coordinates":[11.972303,57.709808]},"properties":{"name":"Nils Ericson Terminalen","lines":"59","arr":["59"],"terminus":1,"mode":"bus","color":"#0059a9","colorDark":"#00294f","angle":314.5,"snapDist":1,"label":0}},{"type":"Feature","geometry":{"type":"Point","coordinates":[11.974905,57.716287]},"properties":{"name":"Torsgatan","lines":"59","arr":["59"],"terminus":0,"mode":"bus","color":"#0059a9","colorDark":"#00294f","angle":152,"snapDist":2,"label":0}},{"type":"Feature","geometry":{"type":"Point","coordinates":[11.979552,57.717784]},"properties":{"name":"Falutorget","lines":"59","arr":["59"],"terminus":0,"mode":"bus","color":"#0059a9","colorDark":"#00294f","angle":142.8,"snapDist":5,"label":0}},{"type":"Feature","geometry":{"type":"Point","coordinates":[11.984369,57.719354]},"properties":{"name":"Gasverket","lines":"59","arr":["59"],"terminus":0,"mode":"bus","color":"#0059a9","colorDark":"#00294f","angle":148.6,"snapDist":5,"label":0}},{"type":"Feature","geometry":{"type":"Point","coordinates":[11.993718,57.723261]},"properties":{"name":"Vassgatan","lines":"59","arr":["59"],"terminus":0,"mode":"bus","color":"#0059a9","colorDark":"#00294f","angle":110.5,"snapDist":8,"label":0}},{"type":"Feature","geometry":{"type":"Point","coordinates":[11.997814,57.728992]},"properties":{"name":"Viadukten","lines":"59","arr":["59"],"terminus":0,"mode":"bus","color":"#0059a9","colorDark":"#00294f","angle":110.1,"snapDist":3,"label":0}},{"type":"Feature","geometry":{"type":"Point","coordinates":[11.994314,57.677589]},"properties":{"name":"Sörgårdsskolan","lines":"60","arr":["60"],"terminus":1,"mode":"bus","color":"#0059a9","colorDark":"#00294f","angle":118,"snapDist":10,"label":1}},{"type":"Feature","geometry":{"type":"Point","coordinates":[11.99071,57.679629]},"properties":{"name":"Björkuddsgatan","lines":"60","arr":["60"],"terminus":0,"mode":"bus","color":"#0059a9","colorDark":"#00294f","angle":13.7,"snapDist":5,"label":1}},{"type":"Feature","geometry":{"type":"Point","coordinates":[11.987652,57.682281]},"properties":{"name":"Framnäsgatan","lines":"60","arr":["60"],"terminus":0,"mode":"bus","color":"#0059a9","colorDark":"#00294f","angle":83.5,"snapDist":4,"label":1}},{"type":"Feature","geometry":{"type":"Point","coordinates":[11.984174,57.684669]},"properties":{"name":"Pilbågsgatan","lines":"60, 63","arr":["60","63"],"terminus":0,"mode":"bus","color":"#0059a9","colorDark":"#00294f","angle":83.9,"snapDist":4,"label":1}},{"type":"Feature","geometry":{"type":"Point","coordinates":[11.985465,57.686357]},"properties":{"name":"Bergsprängaregatan","lines":"60, 61, 63","arr":["60","61","63"],"terminus":0,"mode":"bus","color":"#0059a9","colorDark":"#00294f","angle":143,"snapDist":6,"label":1}},{"type":"Feature","geometry":{"type":"Point","coordinates":[11.983153,57.689745]},"properties":{"name":"Spaldingsgatan","lines":"60","arr":["60"],"terminus":0,"mode":"bus","color":"#0059a9","colorDark":"#00294f","angle":59.4,"snapDist":4,"label":1}},{"type":"Feature","geometry":{"type":"Point","coordinates":[11.979731,57.692496]},"properties":{"name":"Vidblicksgatan","lines":"60","arr":["60"],"terminus":0,"mode":"bus","color":"#0059a9","colorDark":"#00294f","angle":56.7,"snapDist":3,"label":1}},{"type":"Feature","geometry":{"type":"Point","coordinates":[11.972982,57.694094]},"properties":{"name":"Kapellplatsen","lines":"60, 61","arr":["60","61"],"terminus":0,"mode":"bus","color":"#0059a9","colorDark":"#00294f","angle":69.6,"snapDist":3,"label":1}},{"type":"Feature","geometry":{"type":"Point","coordinates":[11.969264,57.699543]},"properties":{"name":"Vasaplatsen","lines":"60, 61, 258","arr":["60","61","258"],"terminus":1,"mode":"bus","color":"#0059a9","colorDark":"#00294f","angle":74.7,"snapDist":1,"label":1}},{"type":"Feature","geometry":{"type":"Point","coordinates":[11.969775,57.706706]},"properties":{"name":"Brunnsparken","lines":"60","arr":["60"],"terminus":0,"mode":"bus","color":"#0059a9","colorDark":"#00294f","angle":163.7,"snapDist":1,"label":0}},{"type":"Feature","geometry":{"type":"Point","coordinates":[11.973399,57.707275]},"properties":{"name":"Drottningtorget","lines":"60","arr":["60"],"terminus":0,"mode":"bus","color":"#0059a9","colorDark":"#00294f","angle":165.3,"snapDist":2,"label":0}},{"type":"Feature","geometry":{"type":"Point","coordinates":[11.98761,57.707151]},"properties":{"name":"Ullevi Norra","lines":"60, 69, X6","arr":["60","69","X6"],"terminus":0,"mode":"bus","color":"#0059a9","colorDark":"#00294f","angle":179,"snapDist":7,"label":1}},{"type":"Feature","geometry":{"type":"Point","coordinates":[11.993071,57.708732]},"properties":{"name":"Vagnhallen Gårda","lines":"60","arr":["60"],"terminus":0,"mode":"bus","color":"#0059a9","colorDark":"#00294f","angle":119.6,"snapDist":4,"label":1}},{"type":"Feature","geometry":{"type":"Point","coordinates":[11.998313,57.709273]},"properties":{"name":"Norra Gubberogatan","lines":"60","arr":["60"],"terminus":0,"mode":"bus","color":"#0059a9","colorDark":"#00294f","angle":168.3,"snapDist":6,"label":1}},{"type":"Feature","geometry":{"type":"Point","coordinates":[12.001481,57.70889]},"properties":{"name":"Överåsvallen","lines":"60","arr":["60"],"terminus":0,"mode":"bus","color":"#0059a9","colorDark":"#00294f","angle":121.1,"snapDist":5,"label":1}},{"type":"Feature","geometry":{"type":"Point","coordinates":[12.005001,57.709855]},"properties":{"name":"Ingeborgsgatan","lines":"60","arr":["60"],"terminus":0,"mode":"bus","color":"#0059a9","colorDark":"#00294f","angle":133.2,"snapDist":1,"label":1}},{"type":"Feature","geometry":{"type":"Point","coordinates":[12.007959,57.708131]},"properties":{"name":"Kärralundsgatan","lines":"60","arr":["60"],"terminus":0,"mode":"bus","color":"#0059a9","colorDark":"#00294f","angle":185.3,"snapDist":6,"label":1}},{"type":"Feature","geometry":{"type":"Point","coordinates":[12.012106,57.708368]},"properties":{"name":"Lundenskolan","lines":"60","arr":["60"],"terminus":0,"mode":"bus","color":"#0059a9","colorDark":"#00294f","angle":178.9,"snapDist":1,"label":1}},{"type":"Feature","geometry":{"type":"Point","coordinates":[12.01386,57.710852]},"properties":{"name":"Hogenskildsgatan","lines":"60","arr":["60"],"terminus":0,"mode":"bus","color":"#0059a9","colorDark":"#00294f","angle":110.7,"snapDist":4,"label":1}},{"type":"Feature","geometry":{"type":"Point","coordinates":[12.012368,57.713622]},"properties":{"name":"Nobelgatan","lines":"60","arr":["60"],"terminus":0,"mode":"bus","color":"#0059a9","colorDark":"#00294f","angle":19.2,"snapDist":2,"label":1}},{"type":"Feature","geometry":{"type":"Point","coordinates":[12.005807,57.714017]},"properties":{"name":"Nobelplatsen","lines":"60, 62","arr":["60","62"],"terminus":0,"mode":"bus","color":"#0059a9","colorDark":"#00294f","angle":43.7,"snapDist":3,"label":1}},{"type":"Feature","geometry":{"type":"Point","coordinates":[12.005023,57.716737]},"properties":{"name":"Redbergsplatsen","lines":"60","arr":["60"],"terminus":1,"mode":"bus","color":"#0059a9","colorDark":"#00294f","angle":-162.6,"snapDist":7,"label":0}},{"type":"Feature","geometry":{"type":"Point","coordinates":[12.005712,57.713988]},"properties":{"name":"Nobelplatsen","lines":"60, 62","arr":["60","62"],"terminus":0,"mode":"bus","color":"#0059a9","colorDark":"#00294f","angle":223.6,"snapDist":3,"label":0}},{"type":"Feature","geometry":{"type":"Point","coordinates":[12.012686,57.713562]},"properties":{"name":"Nobelgatan","lines":"60","arr":["60"],"terminus":0,"mode":"bus","color":"#0059a9","colorDark":"#00294f","angle":199.2,"snapDist":6,"label":0}},{"type":"Feature","geometry":{"type":"Point","coordinates":[12.014141,57.711263]},"properties":{"name":"Hogenskildsgatan","lines":"60","arr":["60"],"terminus":0,"mode":"bus","color":"#0059a9","colorDark":"#00294f","angle":290.4,"snapDist":4,"label":0}},{"type":"Feature","geometry":{"type":"Point","coordinates":[12.011886,57.708366]},"properties":{"name":"Lundenskolan","lines":"60","arr":["60"],"terminus":0,"mode":"bus","color":"#0059a9","colorDark":"#00294f","angle":358.9,"snapDist":3,"label":0}},{"type":"Feature","geometry":{"type":"Point","coordinates":[12.007284,57.70844]},"properties":{"name":"Kärralundsgatan","lines":"60, 62","arr":["60","62"],"terminus":0,"mode":"bus","color":"#0059a9","colorDark":"#00294f","angle":89.8,"snapDist":9,"label":0}},{"type":"Feature","geometry":{"type":"Point","coordinates":[12.004968,57.709836]},"properties":{"name":"Ingeborgsgatan","lines":"60","arr":["60"],"terminus":0,"mode":"bus","color":"#0059a9","colorDark":"#00294f","angle":313.2,"snapDist":3,"label":0}},{"type":"Feature","geometry":{"type":"Point","coordinates":[12.001418,57.708831]},"properties":{"name":"Överåsvallen","lines":"60","arr":["60"],"terminus":0,"mode":"bus","color":"#0059a9","colorDark":"#00294f","angle":299.2,"snapDist":7,"label":0}},{"type":"Feature","geometry":{"type":"Point","coordinates":[11.998534,57.709366]},"properties":{"name":"Norra Gubberogatan","lines":"60","arr":["60"],"terminus":0,"mode":"bus","color":"#0059a9","colorDark":"#00294f","angle":304.1,"snapDist":6,"label":0}},{"type":"Feature","geometry":{"type":"Point","coordinates":[11.992954,57.708818]},"properties":{"name":"Vagnhallen Gårda","lines":"60","arr":["60"],"terminus":0,"mode":"bus","color":"#0059a9","colorDark":"#00294f","angle":299.9,"snapDist":3,"label":0}},{"type":"Feature","geometry":{"type":"Point","coordinates":[11.985562,57.707265]},"properties":{"name":"Ullevi Norra","lines":"60, 69","arr":["60","69"],"terminus":0,"mode":"bus","color":"#0059a9","colorDark":"#00294f","angle":359.3,"snapDist":6,"label":0}},{"type":"Feature","geometry":{"type":"Point","coordinates":[11.973202,57.707706]},"properties":{"name":"Drottningtorget","lines":"60","arr":["60"],"terminus":0,"mode":"bus","color":"#0059a9","colorDark":"#00294f","angle":6.2,"snapDist":1,"label":0}},{"type":"Feature","geometry":{"type":"Point","coordinates":[11.968459,57.70705]},"properties":{"name":"Brunnsparken","lines":"60","arr":["60"],"terminus":0,"mode":"bus","color":"#0059a9","colorDark":"#00294f","angle":343.1,"snapDist":0,"label":0}},{"type":"Feature","geometry":{"type":"Point","coordinates":[11.969452,57.699118]},"properties":{"name":"Vasaplatsen","lines":"60, 61, 258","arr":["60","61","258"],"terminus":0,"mode":"bus","color":"#0059a9","colorDark":"#00294f","angle":253.3,"snapDist":2,"label":0}},{"type":"Feature","geometry":{"type":"Point","coordinates":[11.974048,57.693806]},"properties":{"name":"Kapellplatsen","lines":"60, 61","arr":["60","61"],"terminus":0,"mode":"bus","color":"#0059a9","colorDark":"#00294f","angle":154.1,"snapDist":5,"label":0}},{"type":"Feature","geometry":{"type":"Point","coordinates":[11.980129,57.692019]},"properties":{"name":"Vidblicksgatan","lines":"60","arr":["60"],"terminus":0,"mode":"bus","color":"#0059a9","colorDark":"#00294f","angle":235.4,"snapDist":4,"label":0}},{"type":"Feature","geometry":{"type":"Point","coordinates":[11.98322,57.689684]},"properties":{"name":"Spaldingsgatan","lines":"60","arr":["60"],"terminus":0,"mode":"bus","color":"#0059a9","colorDark":"#00294f","angle":239.4,"snapDist":5,"label":0}},{"type":"Feature","geometry":{"type":"Point","coordinates":[11.985608,57.686443]},"properties":{"name":"Bergsprängaregatan","lines":"60, 61, 63","arr":["60","61","63"],"terminus":0,"mode":"bus","color":"#0059a9","colorDark":"#00294f","angle":316.7,"snapDist":4,"label":0}},{"type":"Feature","geometry":{"type":"Point","coordinates":[11.985165,57.684566]},"properties":{"name":"Pilbågsgatan","lines":"60, 63","arr":["60","63"],"terminus":0,"mode":"bus","color":"#0059a9","colorDark":"#00294f","angle":238.4,"snapDist":5,"label":0}},{"type":"Feature","geometry":{"type":"Point","coordinates":[11.987303,57.682844]},"properties":{"name":"Framnäsgatan","lines":"60","arr":["60"],"terminus":0,"mode":"bus","color":"#0059a9","colorDark":"#00294f","angle":230.7,"snapDist":6,"label":0}},{"type":"Feature","geometry":{"type":"Point","coordinates":[11.990652,57.679637]},"properties":{"name":"Björkuddsgatan","lines":"60","arr":["60"],"terminus":0,"mode":"bus","color":"#0059a9","colorDark":"#00294f","angle":193.7,"snapDist":5,"label":0}},{"type":"Feature","geometry":{"type":"Point","coordinates":[11.994021,57.677635]},"properties":{"name":"Sörgårdsskolan","lines":"60","arr":["60"],"terminus":1,"mode":"bus","color":"#0059a9","colorDark":"#00294f","angle":319.1,"snapDist":3,"label":0}},{"type":"Feature","geometry":{"type":"Point","coordinates":[11.942506,57.693584]},"properties":{"name":"Masthugget","lines":"61","arr":["61"],"terminus":1,"mode":"bus","color":"#0059a9","colorDark":"#00294f","angle":173,"snapDist":2,"label":1}},{"type":"Feature","geometry":{"type":"Point","coordinates":[11.943315,57.696039]},"properties":{"name":"Paradisgatan","lines":"61","arr":["61"],"terminus":0,"mode":"bus","color":"#0059a9","colorDark":"#00294f","angle":153.5,"snapDist":6,"label":1}},{"type":"Feature","geometry":{"type":"Point","coordinates":[11.946427,57.694728]},"properties":{"name":"Jungmansgatan","lines":"61, 190","arr":["61","190"],"terminus":0,"mode":"bus","color":"#0059a9","colorDark":"#00294f","angle":262,"snapDist":6,"label":1}},{"type":"Feature","geometry":{"type":"Point","coordinates":[11.948134,57.694234]},"properties":{"name":"Vegagatan","lines":"61, 190","arr":["61","190"],"terminus":0,"mode":"bus","color":"#0059a9","colorDark":"#00294f","angle":90.2,"snapDist":3,"label":1}},{"type":"Feature","geometry":{"type":"Point","coordinates":[11.948127,57.696291]},"properties":{"name":"Oscar Fredriks Kyrka","lines":"61, 190","arr":["61","190"],"terminus":0,"mode":"bus","color":"#0059a9","colorDark":"#00294f","angle":87.3,"snapDist":5,"label":1}},{"type":"Feature","geometry":{"type":"Point","coordinates":[11.951246,57.696897]},"properties":{"name":"Prinsgatan","lines":"61, 190","arr":["61","190"],"terminus":0,"mode":"bus","color":"#0059a9","colorDark":"#00294f","angle":78.8,"snapDist":0,"label":1}},{"type":"Feature","geometry":{"type":"Point","coordinates":[11.953058,57.70026]},"properties":{"name":"Järntorget","lines":"61, 190, X2","arr":["61","190","X2"],"terminus":1,"mode":"bus","color":"#0059a9","colorDark":"#00294f","angle":189.6,"snapDist":4,"label":0}},{"type":"Feature","geometry":{"type":"Point","coordinates":[11.958047,57.70585]},"properties":{"name":"Stenpiren","lines":"61, 114, X2, X5","arr":["61","114","X2","X5"],"terminus":0,"mode":"bus","color":"#0059a9","colorDark":"#00294f","angle":132.7,"snapDist":1,"label":1}},{"type":"Feature","geometry":{"type":"Point","coordinates":[11.977584,57.692344]},"properties":{"name":"Ålandsgatan","lines":"61","arr":["61"],"terminus":0,"mode":"bus","color":"#0059a9","colorDark":"#00294f","angle":243.1,"snapDist":3,"label":1}},{"type":"Feature","geometry":{"type":"Point","coordinates":[11.980402,57.689641]},"properties":{"name":"Chalmers Tvärgata","lines":"61","arr":["61"],"terminus":0,"mode":"bus","color":"#0059a9","colorDark":"#00294f","angle":242.5,"snapDist":2,"label":1}},{"type":"Feature","geometry":{"type":"Point","coordinates":[11.983102,57.686632]},"properties":{"name":"Engdahlsgatan","lines":"61","arr":["61"],"terminus":0,"mode":"bus","color":"#0059a9","colorDark":"#00294f","angle":246.7,"snapDist":5,"label":1}},{"type":"Feature","geometry":{"type":"Point","coordinates":[11.988218,57.690297]},"properties":{"name":"Utlandagatan","lines":"61, 63","arr":["61","63"],"terminus":0,"mode":"bus","color":"#0059a9","colorDark":"#00294f","angle":88.6,"snapDist":7,"label":1}},{"type":"Feature","geometry":{"type":"Point","coordinates":[11.987027,57.692641]},"properties":{"name":"Carlandersplatsen","lines":"61, 63","arr":["61","63"],"terminus":0,"mode":"bus","color":"#0059a9","colorDark":"#00294f","angle":70.7,"snapDist":7,"label":1}},{"type":"Feature","geometry":{"type":"Point","coordinates":[11.987022,57.69722]},"properties":{"name":"Korsvägen","lines":"61, 63, 758","arr":["61","63","758"],"terminus":0,"mode":"bus","color":"#0059a9","colorDark":"#00294f","angle":51.5,"snapDist":3,"label":0}},{"type":"Feature","geometry":{"type":"Point","coordinates":[11.976594,57.703591]},"properties":{"name":"Heden","lines":"61, 63, 64, 173, 503, 510, 513, 753, 754, 758, X3","arr":["61","63","64","173","503","510","513","753","754","758","X3"],"terminus":1,"mode":"bus","color":"#0059a9","colorDark":"#00294f","angle":142.1,"snapDist":6,"label":1}},{"type":"Feature","geometry":{"type":"Point","coordinates":[11.975158,57.702237]},"properties":{"name":"Heden","lines":"61, 63, 64, 753, 754, 758","arr":["61","63","64","753","754","758"],"terminus":1,"mode":"bus","color":"#0059a9","colorDark":"#00294f","angle":252.1,"snapDist":1,"label":0}},{"type":"Feature","geometry":{"type":"Point","coordinates":[11.987219,57.697034]},"properties":{"name":"Korsvägen","lines":"61, 63, 758","arr":["61","63","758"],"terminus":0,"mode":"bus","color":"#0059a9","colorDark":"#00294f","angle":231.1,"snapDist":2,"label":0}},{"type":"Feature","geometry":{"type":"Point","coordinates":[11.987035,57.693058]},"properties":{"name":"Carlandersplatsen","lines":"61, 63","arr":["61","63"],"terminus":0,"mode":"bus","color":"#0059a9","colorDark":"#00294f","angle":303.3,"snapDist":8,"label":0}},{"type":"Feature","geometry":{"type":"Point","coordinates":[11.988195,57.690605]},"properties":{"name":"Utlandagatan","lines":"61, 63","arr":["61","63"],"terminus":0,"mode":"bus","color":"#0059a9","colorDark":"#00294f","angle":262.9,"snapDist":6,"label":0}},{"type":"Feature","geometry":{"type":"Point","coordinates":[11.983061,57.686683]},"properties":{"name":"Engdahlsgatan","lines":"61","arr":["61"],"terminus":0,"mode":"bus","color":"#0059a9","colorDark":"#00294f","angle":66.7,"snapDist":7,"label":0}},{"type":"Feature","geometry":{"type":"Point","coordinates":[11.980346,57.689806]},"properties":{"name":"Chalmers Tvärgata","lines":"61","arr":["61"],"terminus":0,"mode":"bus","color":"#0059a9","colorDark":"#00294f","angle":60.4,"snapDist":3,"label":0}},{"type":"Feature","geometry":{"type":"Point","coordinates":[11.977859,57.692073]},"properties":{"name":"Ålandsgatan","lines":"61","arr":["61"],"terminus":0,"mode":"bus","color":"#0059a9","colorDark":"#00294f","angle":60.7,"snapDist":6,"label":0}},{"type":"Feature","geometry":{"type":"Point","coordinates":[11.957372,57.705724]},"properties":{"name":"Stenpiren","lines":"61, 114, X2, X5, X6","arr":["61","114","X2","X5","X6"],"terminus":0,"mode":"bus","color":"#0059a9","colorDark":"#00294f","angle":312.9,"snapDist":3,"label":0}},{"type":"Feature","geometry":{"type":"Point","coordinates":[11.952116,57.699757]},"properties":{"name":"Järntorget","lines":"61","arr":["61"],"terminus":0,"mode":"bus","color":"#0059a9","colorDark":"#00294f","angle":258.5,"snapDist":5,"label":0}},{"type":"Feature","geometry":{"type":"Point","coordinates":[11.950525,57.697377]},"properties":{"name":"Prinsgatan","lines":"61, 190","arr":["61","190"],"terminus":0,"mode":"bus","color":"#0059a9","colorDark":"#00294f","angle":349.8,"snapDist":5,"label":0}},{"type":"Feature","geometry":{"type":"Point","coordinates":[11.948127,57.696324]},"properties":{"name":"Oscar Fredriks Kyrka","lines":"61, 190","arr":["61","190"],"terminus":0,"mode":"bus","color":"#0059a9","colorDark":"#00294f","angle":270,"snapDist":8,"label":0}},{"type":"Feature","geometry":{"type":"Point","coordinates":[11.948133,57.694035]},"properties":{"name":"Vegagatan","lines":"61, 190","arr":["61","190"],"terminus":0,"mode":"bus","color":"#0059a9","colorDark":"#00294f","angle":270.2,"snapDist":2,"label":0}},{"type":"Feature","geometry":{"type":"Point","coordinates":[11.946398,57.694834]},"properties":{"name":"Jungmansgatan","lines":"61, 190","arr":["61","190"],"terminus":0,"mode":"bus","color":"#0059a9","colorDark":"#00294f","angle":80.8,"snapDist":5,"label":0}},{"type":"Feature","geometry":{"type":"Point","coordinates":[11.943072,57.695974]},"properties":{"name":"Paradisgatan","lines":"61","arr":["61"],"terminus":0,"mode":"bus","color":"#0059a9","colorDark":"#00294f","angle":333.5,"snapDist":6,"label":0}},{"type":"Feature","geometry":{"type":"Point","coordinates":[11.943341,57.694642]},"properties":{"name":"Kompassgatan","lines":"61","arr":["61"],"terminus":0,"mode":"bus","color":"#0059a9","colorDark":"#00294f","angle":346.3,"snapDist":5,"label":1}},{"type":"Feature","geometry":{"type":"Point","coordinates":[12.006711,57.690577]},"properties":{"name":"Skårsskolan","lines":"62","arr":["62"],"terminus":0,"mode":"bus","color":"#0059a9","colorDark":"#00294f","angle":150.2,"snapDist":2,"label":1}},{"type":"Feature","geometry":{"type":"Point","coordinates":[12.008508,57.692287]},"properties":{"name":"Fagerängsgatan","lines":"62","arr":["62"],"terminus":0,"mode":"bus","color":"#0059a9","colorDark":"#00294f","angle":103.5,"snapDist":3,"label":1}},{"type":"Feature","geometry":{"type":"Point","coordinates":[12.009503,57.694616]},"properties":{"name":"Skårsplatsen","lines":"62","arr":["62"],"terminus":0,"mode":"bus","color":"#0059a9","colorDark":"#00294f","angle":105.3,"snapDist":5,"label":1}},{"type":"Feature","geometry":{"type":"Point","coordinates":[12.006155,57.696581]},"properties":{"name":"Prytzgatan","lines":"62","arr":["62"],"terminus":0,"mode":"bus","color":"#0059a9","colorDark":"#00294f","angle":62.2,"snapDist":3,"label":1}},{"type":"Feature","geometry":{"type":"Point","coordinates":[12.004395,57.697119]},"properties":{"name":"Anneholmsgatan","lines":"62","arr":["62"],"terminus":0,"mode":"bus","color":"#0059a9","colorDark":"#00294f","angle":350.2,"snapDist":4,"label":1}},{"type":"Feature","geometry":{"type":"Point","coordinates":[12.000204,57.697337]},"properties":{"name":"Betaniagatan","lines":"62","arr":["62"],"terminus":0,"mode":"bus","color":"#0059a9","colorDark":"#00294f","angle":30.8,"snapDist":4,"label":0}},{"type":"Feature","geometry":{"type":"Point","coordinates":[11.998953,57.698788]},"properties":{"name":"Sankt Sigfrids Plan","lines":"62","arr":["62"],"terminus":0,"mode":"bus","color":"#0059a9","colorDark":"#00294f","angle":90.6,"snapDist":7,"label":1}},{"type":"Feature","geometry":{"type":"Point","coordinates":[12.003712,57.702692]},"properties":{"name":"Herrgårdsgatan","lines":"62","arr":["62"],"terminus":0,"mode":"bus","color":"#0059a9","colorDark":"#00294f","angle":124,"snapDist":7,"label":1}},{"type":"Feature","geometry":{"type":"Point","coordinates":[12.006196,57.704838]},"properties":{"name":"Prästgårdsgatan","lines":"62","arr":["62"],"terminus":0,"mode":"bus","color":"#0059a9","colorDark":"#00294f","angle":101.2,"snapDist":6,"label":1}},{"type":"Feature","geometry":{"type":"Point","coordinates":[12.007049,57.711106]},"properties":{"name":"Pärlstickaregatan","lines":"62","arr":["62"],"terminus":0,"mode":"bus","color":"#0059a9","colorDark":"#00294f","angle":92.5,"snapDist":9,"label":1}},{"type":"Feature","geometry":{"type":"Point","coordinates":[12.016838,57.718382]},"properties":{"name":"Tomtebacksgatan","lines":"62","arr":["62"],"terminus":0,"mode":"bus","color":"#0059a9","colorDark":"#00294f","angle":136.6,"snapDist":5,"label":1}},{"type":"Feature","geometry":{"type":"Point","coordinates":[12.017626,57.720704]},"properties":{"name":"Kransen","lines":"62","arr":["62"],"terminus":0,"mode":"bus","color":"#0059a9","colorDark":"#00294f","angle":18.6,"snapDist":8,"label":1}},{"type":"Feature","geometry":{"type":"Point","coordinates":[12.015843,57.722466]},"properties":{"name":"Lefflersgatan","lines":"62","arr":["62"],"terminus":0,"mode":"bus","color":"#0059a9","colorDark":"#00294f","angle":55.3,"snapDist":3,"label":1}},{"type":"Feature","geometry":{"type":"Point","coordinates":[12.011572,57.722691]},"properties":{"name":"Strömmensbergsstigen","lines":"62","arr":["62"],"terminus":0,"mode":"bus","color":"#0059a9","colorDark":"#00294f","angle":316.3,"snapDist":7,"label":1}},{"type":"Feature","geometry":{"type":"Point","coordinates":[12.011101,57.718263]},"properties":{"name":"Bagaregårdsskolan","lines":"62","arr":["62"],"terminus":0,"mode":"bus","color":"#0059a9","colorDark":"#00294f","angle":207.9,"snapDist":1,"label":1}},{"type":"Feature","geometry":{"type":"Point","coordinates":[12.005049,57.716733]},"properties":{"name":"Redbergsplatsen","lines":"62","arr":["62"],"terminus":1,"mode":"bus","color":"#0059a9","colorDark":"#00294f","angle":17.4,"snapDist":3,"label":0}},{"type":"Feature","geometry":{"type":"Point","coordinates":[12.007101,57.710708]},"properties":{"name":"Pärlstickaregatan","lines":"62","arr":["62"],"terminus":0,"mode":"bus","color":"#0059a9","colorDark":"#00294f","angle":264.6,"snapDist":4,"label":0}},{"type":"Feature","geometry":{"type":"Point","coordinates":[12.007206,57.707763]},"properties":{"name":"Kärralundsgatan","lines":"62","arr":["62"],"terminus":0,"mode":"bus","color":"#0059a9","colorDark":"#00294f","angle":278.4,"snapDist":9,"label":0}},{"type":"Feature","geometry":{"type":"Point","coordinates":[12.005829,57.704199]},"properties":{"name":"Prästgårdsgatan","lines":"62","arr":["62"],"terminus":0,"mode":"bus","color":"#0059a9","colorDark":"#00294f","angle":300.2,"snapDist":10,"label":0}},{"type":"Feature","geometry":{"type":"Point","coordinates":[12.003527,57.702539]},"properties":{"name":"Herrgårdsgatan","lines":"62","arr":["62"],"terminus":0,"mode":"bus","color":"#0059a9","colorDark":"#00294f","angle":301.1,"snapDist":11,"label":0}},{"type":"Feature","geometry":{"type":"Point","coordinates":[11.998952,57.69872]},"properties":{"name":"Sankt Sigfrids Plan","lines":"62","arr":["62"],"terminus":0,"mode":"bus","color":"#0059a9","colorDark":"#00294f","angle":270,"snapDist":3,"label":0}},{"type":"Feature","geometry":{"type":"Point","coordinates":[11.952446,57.690043]},"properties":{"name":"Linnéplatsen","lines":"63","arr":["63"],"terminus":1,"mode":"bus","color":"#0059a9","colorDark":"#00294f","angle":239.5,"snapDist":0,"label":0}},{"type":"Feature","geometry":{"type":"Point","coordinates":[11.972849,57.679284]},"properties":{"name":"Syster Estrids Gata","lines":"63","arr":["63"],"terminus":0,"mode":"bus","color":"#0059a9","colorDark":"#00294f","angle":211.2,"snapDist":8,"label":1}},{"type":"Feature","geometry":{"type":"Point","coordinates":[11.975187,57.67915]},"properties":{"name":"Doktor Westrings Gata","lines":"63","arr":["63"],"terminus":0,"mode":"bus","color":"#0059a9","colorDark":"#00294f","angle":136,"snapDist":7,"label":1}},{"type":"Feature","geometry":{"type":"Point","coordinates":[11.977959,57.681077]},"properties":{"name":"Doktor Weltzins Gata","lines":"63","arr":["63"],"terminus":0,"mode":"bus","color":"#0059a9","colorDark":"#00294f","angle":166.4,"snapDist":6,"label":1}},{"type":"Feature","geometry":{"type":"Point","coordinates":[11.983435,57.678752]},"properties":{"name":"Doktor Forselius Gata","lines":"63","arr":["63"],"terminus":0,"mode":"bus","color":"#0059a9","colorDark":"#00294f","angle":138.3,"snapDist":6,"label":1}},{"type":"Feature","geometry":{"type":"Point","coordinates":[11.984286,57.681537]},"properties":{"name":"Mossen","lines":"63","arr":["63"],"terminus":0,"mode":"bus","color":"#0059a9","colorDark":"#00294f","angle":106.2,"snapDist":6,"label":1}},{"type":"Feature","geometry":{"type":"Point","coordinates":[11.984027,57.681121]},"properties":{"name":"Mossen","lines":"63","arr":["63"],"terminus":0,"mode":"bus","color":"#0059a9","colorDark":"#00294f","angle":286.8,"snapDist":5,"label":0}},{"type":"Feature","geometry":{"type":"Point","coordinates":[11.98341,57.67874]},"properties":{"name":"Doktor Forselius Gata","lines":"63","arr":["63"],"terminus":0,"mode":"bus","color":"#0059a9","colorDark":"#00294f","angle":318.3,"snapDist":5,"label":0}},{"type":"Feature","geometry":{"type":"Point","coordinates":[11.977826,57.681058]},"properties":{"name":"Doktor Weltzins Gata","lines":"63","arr":["63"],"terminus":0,"mode":"bus","color":"#0059a9","colorDark":"#00294f","angle":344.5,"snapDist":4,"label":0}},{"type":"Feature","geometry":{"type":"Point","coordinates":[11.975149,57.679131]},"properties":{"name":"Doktor Westrings Gata","lines":"63","arr":["63"],"terminus":0,"mode":"bus","color":"#0059a9","colorDark":"#00294f","angle":318.6,"snapDist":5,"label":0}},{"type":"Feature","geometry":{"type":"Point","coordinates":[11.972663,57.679327]},"properties":{"name":"Syster Estrids Gata","lines":"63","arr":["63"],"terminus":0,"mode":"bus","color":"#0059a9","colorDark":"#00294f","angle":22.3,"snapDist":6,"label":0}},{"type":"Feature","geometry":{"type":"Point","coordinates":[11.973574,57.700407]},"properties":{"name":"Valand","lines":"64, 753","arr":["64","753"],"terminus":0,"mode":"bus","color":"#0059a9","colorDark":"#00294f","angle":324.2,"snapDist":1,"label":0}},{"type":"Feature","geometry":{"type":"Point","coordinates":[11.969943,57.698901]},"properties":{"name":"Vasaplatsen","lines":"64, 753","arr":["64","753"],"terminus":0,"mode":"bus","color":"#0059a9","colorDark":"#00294f","angle":322.1,"snapDist":0,"label":0}},{"type":"Feature","geometry":{"type":"Point","coordinates":[11.973585,57.692689]},"properties":{"name":"Kapellplatsen","lines":"64, 258, 753","arr":["64","258","753"],"terminus":0,"mode":"bus","color":"#0059a9","colorDark":"#00294f","angle":256.3,"snapDist":1,"label":0}},{"type":"Feature","geometry":{"type":"Point","coordinates":[11.972657,57.689995]},"properties":{"name":"Chalmers","lines":"64, 258, 753","arr":["64","258","753"],"terminus":0,"mode":"bus","color":"#0059a9","colorDark":"#00294f","angle":326.9,"snapDist":3,"label":1}},{"type":"Feature","geometry":{"type":"Point","coordinates":[11.968187,57.688964]},"properties":{"name":"Wavrinskys Plats","lines":"64, 258, 753","arr":["64","258","753"],"terminus":0,"mode":"bus","color":"#0059a9","colorDark":"#00294f","angle":316.7,"snapDist":0,"label":1}},{"type":"Feature","geometry":{"type":"Point","coordinates":[11.964388,57.685646]},"properties":{"name":"Medicinaregatan","lines":"64, 258, 753","arr":["64","258","753"],"terminus":0,"mode":"bus","color":"#0059a9","colorDark":"#00294f","angle":300.8,"snapDist":3,"label":1}},{"type":"Feature","geometry":{"type":"Point","coordinates":[11.9365,57.674075]},"properties":{"name":"Marklandsgatan","lines":"64","arr":["64"],"terminus":0,"mode":"bus","color":"#0059a9","colorDark":"#00294f","angle":298.1,"snapDist":1,"label":0}},{"type":"Feature","geometry":{"type":"Point","coordinates":[11.913049,57.675629]},"properties":{"name":"Tolvskillingsgatan","lines":"64, 65","arr":["64","65"],"terminus":0,"mode":"bus","color":"#0059a9","colorDark":"#00294f","angle":278.9,"snapDist":1,"label":1}},{"type":"Feature","geometry":{"type":"Point","coordinates":[11.912466,57.673272]},"properties":{"name":"Fyrktorget","lines":"64","arr":["64"],"terminus":1,"mode":"bus","color":"#0059a9","colorDark":"#00294f","angle":9.4,"snapDist":4,"label":1}},{"type":"Feature","geometry":{"type":"Point","coordinates":[11.913094,57.67577]},"properties":{"name":"Tolvskillingsgatan","lines":"64, 65","arr":["64","65"],"terminus":0,"mode":"bus","color":"#0059a9","colorDark":"#00294f","angle":100.9,"snapDist":2,"label":0}},{"type":"Feature","geometry":{"type":"Point","coordinates":[11.937015,57.674373]},"properties":{"name":"Marklandsgatan","lines":"64, X2, X3","arr":["64","X2","X3"],"terminus":0,"mode":"bus","color":"#0059a9","colorDark":"#00294f","angle":139.4,"snapDist":2,"label":0}},{"type":"Feature","geometry":{"type":"Point","coordinates":[11.96442,57.685328]},"properties":{"name":"Medicinaregatan","lines":"64, 258, 753","arr":["64","258","753"],"terminus":0,"mode":"bus","color":"#0059a9","colorDark":"#00294f","angle":111.3,"snapDist":4,"label":0}},{"type":"Feature","geometry":{"type":"Point","coordinates":[11.968413,57.689027]},"properties":{"name":"Wavrinskys Plats","lines":"64","arr":["64"],"terminus":0,"mode":"bus","color":"#0059a9","colorDark":"#00294f","angle":137.8,"snapDist":1,"label":0}},{"type":"Feature","geometry":{"type":"Point","coordinates":[11.973321,57.690025]},"properties":{"name":"Chalmers","lines":"64, 258, 753","arr":["64","258","753"],"terminus":0,"mode":"bus","color":"#0059a9","colorDark":"#00294f","angle":145.3,"snapDist":2,"label":0}},{"type":"Feature","geometry":{"type":"Point","coordinates":[11.97334,57.693322]},"properties":{"name":"Kapellplatsen","lines":"64, 258, 753","arr":["64","258","753"],"terminus":0,"mode":"bus","color":"#0059a9","colorDark":"#00294f","angle":75.7,"snapDist":3,"label":0}},{"type":"Feature","geometry":{"type":"Point","coordinates":[11.970458,57.698917]},"properties":{"name":"Vasaplatsen","lines":"64, 753","arr":["64","753"],"terminus":0,"mode":"bus","color":"#0059a9","colorDark":"#00294f","angle":141.9,"snapDist":0,"label":0}},{"type":"Feature","geometry":{"type":"Point","coordinates":[11.974114,57.700422]},"properties":{"name":"Valand","lines":"64, 753","arr":["64","753"],"terminus":0,"mode":"bus","color":"#0059a9","colorDark":"#00294f","angle":141.2,"snapDist":0,"label":0}},{"type":"Feature","geometry":{"type":"Point","coordinates":[11.915923,57.670918]},"properties":{"name":"Gerdas gård","lines":"65","arr":["65"],"terminus":1,"mode":"bus","color":"#0059a9","colorDark":"#00294f","angle":9.4,"snapDist":3,"label":1}},{"type":"Feature","geometry":{"type":"Point","coordinates":[11.912316,57.673535]},"properties":{"name":"Fyrktorget","lines":"65","arr":["65"],"terminus":0,"mode":"bus","color":"#0059a9","colorDark":"#00294f","angle":101.5,"snapDist":4,"label":0}},{"type":"Feature","geometry":{"type":"Point","coordinates":[11.901592,57.680888]},"properties":{"name":"Kungssten","lines":"65, 184, 190","arr":["65","184","190"],"terminus":0,"mode":"bus","color":"#0059a9","colorDark":"#00294f","angle":162.4,"snapDist":1,"label":0}},{"type":"Feature","geometry":{"type":"Point","coordinates":[11.927667,57.6718]},"properties":{"name":"Axel Dahlströms Torg","lines":"65","arr":["65"],"terminus":0,"mode":"bus","color":"#0059a9","colorDark":"#00294f","angle":220.8,"snapDist":9,"label":1}},{"type":"Feature","geometry":{"type":"Point","coordinates":[11.929266,57.668122]},"properties":{"name":"Högsbo Sjukhus","lines":"65","arr":["65"],"terminus":0,"mode":"bus","color":"#0059a9","colorDark":"#00294f","angle":183.9,"snapDist":6,"label":1}},{"type":"Feature","geometry":{"type":"Point","coordinates":[11.935866,57.674302]},"properties":{"name":"Marklandsgatan","lines":"65, 82, 84, 95, 180, 184, 758","arr":["65","82","84","95","180","184","758"],"terminus":1,"mode":"bus","color":"#0059a9","colorDark":"#00294f","angle":338.8,"snapDist":1,"label":0}},{"type":"Feature","geometry":{"type":"Point","coordinates":[11.9285,57.668406]},"properties":{"name":"Högsbo Sjukhus","lines":"65","arr":["65"],"terminus":0,"mode":"bus","color":"#0059a9","colorDark":"#00294f","angle":94.1,"snapDist":4,"label":0}},{"type":"Feature","geometry":{"type":"Point","coordinates":[11.927601,57.671831]},"properties":{"name":"Axel Dahlströms Torg","lines":"65","arr":["65"],"terminus":0,"mode":"bus","color":"#0059a9","colorDark":"#00294f","angle":40.7,"snapDist":6,"label":0}},{"type":"Feature","geometry":{"type":"Point","coordinates":[11.912157,57.67303]},"properties":{"name":"Fyrktorget","lines":"65","arr":["65"],"terminus":0,"mode":"bus","color":"#0059a9","colorDark":"#00294f","angle":278.8,"snapDist":5,"label":0}},{"type":"Feature","geometry":{"type":"Point","coordinates":[11.99432,57.699519]},"properties":{"name":"Liseberg Station","lines":"69","arr":["69"],"terminus":1,"mode":"bus","color":"#0059a9","colorDark":"#00294f","angle":79.3,"snapDist":0,"label":1}},{"type":"Feature","geometry":{"type":"Point","coordinates":[11.992364,57.704361]},"properties":{"name":"Gårdatorget","lines":"69, 754","arr":["69","754"],"terminus":0,"mode":"bus","color":"#0059a9","colorDark":"#00294f","angle":85.6,"snapDist":3,"label":1}},{"type":"Feature","geometry":{"type":"Point","coordinates":[11.977673,57.708044]},"properties":{"name":"Polhemsplatsen","lines":"69, 173, 503, 510, 513, X3, X4","arr":["69","173","503","510","513","X3","X4"],"terminus":1,"mode":"bus","color":"#0059a9","colorDark":"#00294f","angle":77.7,"snapDist":2,"label":1}},{"type":"Feature","geometry":{"type":"Point","coordinates":[11.977495,57.707909]},"properties":{"name":"Polhemsplatsen","lines":"69, 173, 503, 510, 513, X3, X4","arr":["69","173","503","510","513","X3","X4"],"terminus":1,"mode":"bus","color":"#0059a9","colorDark":"#00294f","angle":259.8,"snapDist":9,"label":0}},{"type":"Feature","geometry":{"type":"Point","coordinates":[11.992382,57.704238]},"properties":{"name":"Gårdatorget","lines":"69, 754","arr":["69","754"],"terminus":0,"mode":"bus","color":"#0059a9","colorDark":"#00294f","angle":264.7,"snapDist":4,"label":0}},{"type":"Feature","geometry":{"type":"Point","coordinates":[12.049219,57.796324]},"properties":{"name":"Angered Centrum","lines":"71","arr":["71"],"terminus":1,"mode":"bus","color":"#0059a9","colorDark":"#00294f","angle":157.3,"snapDist":0,"label":0}},{"type":"Feature","geometry":{"type":"Point","coordinates":[12.046882,57.79175]},"properties":{"name":"Spadegatan","lines":"71, 74, 401","arr":["71","74","401"],"terminus":0,"mode":"bus","color":"#0059a9","colorDark":"#00294f","angle":272.8,"snapDist":7,"label":1}},{"type":"Feature","geometry":{"type":"Point","coordinates":[12.045348,57.789077]},"properties":{"name":"Angered Garaget","lines":"71, 74, 401","arr":["71","74","401"],"terminus":0,"mode":"bus","color":"#0059a9","colorDark":"#00294f","angle":280.5,"snapDist":5,"label":1}},{"type":"Feature","geometry":{"type":"Point","coordinates":[12.041292,57.780972]},"properties":{"name":"Branddammsbacken","lines":"71, 179","arr":["71","179"],"terminus":0,"mode":"bus","color":"#0059a9","colorDark":"#00294f","angle":-90.2,"snapDist":8,"label":1}},{"type":"Feature","geometry":{"type":"Point","coordinates":[12.040559,57.77859]},"properties":{"name":"Sandeslättsgatan","lines":"71, 179","arr":["71","179"],"terminus":0,"mode":"bus","color":"#0059a9","colorDark":"#00294f","angle":292.2,"snapDist":3,"label":1}},{"type":"Feature","geometry":{"type":"Point","coordinates":[12.041283,57.781164]},"properties":{"name":"Branddammsbacken","lines":"71, 179","arr":["71","179"],"terminus":0,"mode":"bus","color":"#0059a9","colorDark":"#00294f","angle":87.9,"snapDist":9,"label":0}},{"type":"Feature","geometry":{"type":"Point","coordinates":[12.034167,57.783126]},"properties":{"name":"Gropens Gård","lines":"71","arr":["71"],"terminus":0,"mode":"bus","color":"#0059a9","colorDark":"#00294f","angle":337,"snapDist":7,"label":1}},{"type":"Feature","geometry":{"type":"Point","coordinates":[12.029194,57.781985]},"properties":{"name":"Bredfjällsgatan","lines":"71","arr":["71"],"terminus":0,"mode":"bus","color":"#0059a9","colorDark":"#00294f","angle":338.2,"snapDist":10,"label":1}},{"type":"Feature","geometry":{"type":"Point","coordinates":[12.020947,57.776664]},"properties":{"name":"Hjällbovallen","lines":"71","arr":["71"],"terminus":0,"mode":"bus","color":"#0059a9","colorDark":"#00294f","angle":274.2,"snapDist":5,"label":1}},{"type":"Feature","geometry":{"type":"Point","coordinates":[12.023323,57.772504]},"properties":{"name":"Bläsebogärdet","lines":"71","arr":["71"],"terminus":0,"mode":"bus","color":"#0059a9","colorDark":"#00294f","angle":274.8,"snapDist":6,"label":1}},{"type":"Feature","geometry":{"type":"Point","coordinates":[12.030605,57.771692]},"properties":{"name":"Handbollsvägen","lines":"71, 78","arr":["71","78"],"terminus":0,"mode":"bus","color":"#0059a9","colorDark":"#00294f","angle":160.4,"snapDist":4,"label":1}},{"type":"Feature","geometry":{"type":"Point","coordinates":[12.035045,57.772441]},"properties":{"name":"Eriksbo Västergärde","lines":"71, 78","arr":["71","78"],"terminus":0,"mode":"bus","color":"#0059a9","colorDark":"#00294f","angle":153.9,"snapDist":4,"label":1}},{"type":"Feature","geometry":{"type":"Point","coordinates":[12.04082,57.772785]},"properties":{"name":"Eriksbo Skola","lines":"71, 78","arr":["71","78"],"terminus":0,"mode":"bus","color":"#0059a9","colorDark":"#00294f","angle":184.3,"snapDist":3,"label":1}},{"type":"Feature","geometry":{"type":"Point","coordinates":[12.045921,57.772154]},"properties":{"name":"Eriksbo Östergärde","lines":"71, 78","arr":["71","78"],"terminus":1,"mode":"bus","color":"#0059a9","colorDark":"#00294f","angle":217.8,"snapDist":1,"label":1}},{"type":"Feature","geometry":{"type":"Point","coordinates":[12.049308,57.772529]},"properties":{"name":"Angereds Storåsväg","lines":"71, 78, 179, X3","arr":["71","78","179","X3"],"terminus":1,"mode":"bus","color":"#0059a9","colorDark":"#00294f","angle":331.6,"snapDist":6,"label":1}},{"type":"Feature","geometry":{"type":"Point","coordinates":[12.040691,57.772873]},"properties":{"name":"Eriksbo Skola","lines":"71, 78, 179","arr":["71","78","179"],"terminus":0,"mode":"bus","color":"#0059a9","colorDark":"#00294f","angle":5.7,"snapDist":6,"label":0}},{"type":"Feature","geometry":{"type":"Point","coordinates":[12.036408,57.77273]},"properties":{"name":"Eriksbo Västergärde","lines":"71, 78, 179","arr":["71","78","179"],"terminus":0,"mode":"bus","color":"#0059a9","colorDark":"#00294f","angle":346.8,"snapDist":5,"label":0}},{"type":"Feature","geometry":{"type":"Point","coordinates":[12.031753,57.771916]},"properties":{"name":"Handbollsvägen","lines":"71, 78, 179","arr":["71","78","179"],"terminus":0,"mode":"bus","color":"#0059a9","colorDark":"#00294f","angle":347.3,"snapDist":6,"label":0}},{"type":"Feature","geometry":{"type":"Point","coordinates":[12.023352,57.773046]},"properties":{"name":"Bläsebogärdet","lines":"71, 179","arr":["71","179"],"terminus":0,"mode":"bus","color":"#0059a9","colorDark":"#00294f","angle":91.8,"snapDist":7,"label":0}},{"type":"Feature","geometry":{"type":"Point","coordinates":[12.021221,57.775888]},"properties":{"name":"Hjällbovallen","lines":"71, 179","arr":["71","179"],"terminus":0,"mode":"bus","color":"#0059a9","colorDark":"#00294f","angle":77.1,"snapDist":4,"label":0}},{"type":"Feature","geometry":{"type":"Point","coordinates":[12.029436,57.782037]},"properties":{"name":"Bredfjällsgatan","lines":"71, 179","arr":["71","179"],"terminus":0,"mode":"bus","color":"#0059a9","colorDark":"#00294f","angle":158.2,"snapDist":10,"label":0}},{"type":"Feature","geometry":{"type":"Point","coordinates":[12.035709,57.783426]},"properties":{"name":"Gropens Gård","lines":"71, 179","arr":["71","179"],"terminus":0,"mode":"bus","color":"#0059a9","colorDark":"#00294f","angle":151.4,"snapDist":8,"label":0}},{"type":"Feature","geometry":{"type":"Point","coordinates":[12.045352,57.78909]},"properties":{"name":"Angered Garaget","lines":"71, 74, 179, 401","arr":["71","74","179","401"],"terminus":0,"mode":"bus","color":"#0059a9","colorDark":"#00294f","angle":94.4,"snapDist":3,"label":0}},{"type":"Feature","geometry":{"type":"Point","coordinates":[12.046887,57.791804]},"properties":{"name":"Spadegatan","lines":"71, 74, 179, 401","arr":["71","74","179","401"],"terminus":0,"mode":"bus","color":"#0059a9","colorDark":"#00294f","angle":92.8,"snapDist":5,"label":0}},{"type":"Feature","geometry":{"type":"Point","coordinates":[12.048575,57.795611]},"properties":{"name":"Angered Centrum","lines":"71, 73, 74, 75, 76, 77, 179","arr":["71","73","74","75","76","77","179"],"terminus":1,"mode":"bus","color":"#0059a9","colorDark":"#00294f","angle":79.7,"snapDist":3,"label":0}},{"type":"Feature","geometry":{"type":"Point","coordinates":[12.048961,57.795996]},"properties":{"name":"Angered Centrum","lines":"73","arr":["73"],"terminus":1,"mode":"bus","color":"#0059a9","colorDark":"#00294f","angle":155.6,"snapDist":3,"label":0}},{"type":"Feature","geometry":{"type":"Point","coordinates":[12.033069,57.801761]},"properties":{"name":"Salviagatan","lines":"73, 178","arr":["73","178"],"terminus":0,"mode":"bus","color":"#0059a9","colorDark":"#00294f","angle":90.4,"snapDist":3,"label":1}},{"type":"Feature","geometry":{"type":"Point","coordinates":[12.033535,57.804033]},"properties":{"name":"Gårdsten Centrum","lines":"73, 178","arr":["73","178"],"terminus":0,"mode":"bus","color":"#0059a9","colorDark":"#00294f","angle":75.2,"snapDist":1,"label":1}},{"type":"Feature","geometry":{"type":"Point","coordinates":[12.032424,57.809759]},"properties":{"name":"Saffransgatan","lines":"73, 178","arr":["73","178"],"terminus":0,"mode":"bus","color":"#0059a9","colorDark":"#00294f","angle":52.6,"snapDist":4,"label":1}},{"type":"Feature","geometry":{"type":"Point","coordinates":[12.022572,57.808448]},"properties":{"name":"Timjansgatan","lines":"73","arr":["73"],"terminus":0,"mode":"bus","color":"#0059a9","colorDark":"#00294f","angle":272.7,"snapDist":5,"label":1}},{"type":"Feature","geometry":{"type":"Point","coordinates":[12.02446,57.803909]},"properties":{"name":"Kanelgatan","lines":"73","arr":["73"],"terminus":0,"mode":"bus","color":"#0059a9","colorDark":"#00294f","angle":240.9,"snapDist":8,"label":1}},{"type":"Feature","geometry":{"type":"Point","coordinates":[12.024386,57.800873]},"properties":{"name":"Peppargatan","lines":"73","arr":["73"],"terminus":1,"mode":"bus","color":"#0059a9","colorDark":"#00294f","angle":87.1,"snapDist":3,"label":1}},{"type":"Feature","geometry":{"type":"Point","coordinates":[12.024333,57.801051]},"properties":{"name":"Peppargatan","lines":"73, 173","arr":["73","173"],"terminus":1,"mode":"bus","color":"#0059a9","colorDark":"#00294f","angle":104.2,"snapDist":7,"label":0}},{"type":"Feature","geometry":{"type":"Point","coordinates":[12.024372,57.803993]},"properties":{"name":"Kanelgatan","lines":"73, 173","arr":["73","173"],"terminus":0,"mode":"bus","color":"#0059a9","colorDark":"#00294f","angle":60.9,"snapDist":2,"label":0}},{"type":"Feature","geometry":{"type":"Point","coordinates":[12.022556,57.807978]},"properties":{"name":"Timjansgatan","lines":"73, 173","arr":["73","173"],"terminus":0,"mode":"bus","color":"#0059a9","colorDark":"#00294f","angle":90.8,"snapDist":5,"label":0}},{"type":"Feature","geometry":{"type":"Point","coordinates":[12.032402,57.809774]},"properties":{"name":"Saffransgatan","lines":"73, 173, 178","arr":["73","173","178"],"terminus":0,"mode":"bus","color":"#0059a9","colorDark":"#00294f","angle":232.6,"snapDist":8,"label":0}},{"type":"Feature","geometry":{"type":"Point","coordinates":[12.033687,57.803733]},"properties":{"name":"Gårdsten Centrum","lines":"73, 173, 178","arr":["73","173","178"],"terminus":0,"mode":"bus","color":"#0059a9","colorDark":"#00294f","angle":254.8,"snapDist":4,"label":0}},{"type":"Feature","geometry":{"type":"Point","coordinates":[12.033067,57.801489]},"properties":{"name":"Salviagatan","lines":"73, 173, 178","arr":["73","173","178"],"terminus":0,"mode":"bus","color":"#0059a9","colorDark":"#00294f","angle":269.2,"snapDist":3,"label":0}},{"type":"Feature","geometry":{"type":"Point","coordinates":[12.104961,57.738312]},"properties":{"name":"Partille centrum","lines":"74","arr":["74"],"terminus":1,"mode":"bus","color":"#0059a9","colorDark":"#00294f","angle":281,"snapDist":2,"label":1}},{"type":"Feature","geometry":{"type":"Point","coordinates":[12.093827,57.739974]},"properties":{"name":"Artles torg","lines":"74, 510","arr":["74","510"],"terminus":0,"mode":"bus","color":"#0059a9","colorDark":"#00294f","angle":351.5,"snapDist":8,"label":1}},{"type":"Feature","geometry":{"type":"Point","coordinates":[12.084912,57.741319]},"properties":{"name":"Jennyhill","lines":"74, 510","arr":["74","510"],"terminus":0,"mode":"bus","color":"#0059a9","colorDark":"#00294f","angle":16.8,"snapDist":9,"label":1}},{"type":"Feature","geometry":{"type":"Point","coordinates":[12.065419,57.776991]},"properties":{"name":"Linnarhultsvägen","lines":"74, X3","arr":["74","X3"],"terminus":0,"mode":"bus","color":"#0059a9","colorDark":"#00294f","angle":337.8,"snapDist":6,"label":1}},{"type":"Feature","geometry":{"type":"Point","coordinates":[12.055162,57.774138]},"properties":{"name":"Långavallsgatan","lines":"74","arr":["74"],"terminus":0,"mode":"bus","color":"#0059a9","colorDark":"#00294f","angle":325.6,"snapDist":7,"label":1}},{"type":"Feature","geometry":{"type":"Point","coordinates":[12.050256,57.773555]},"properties":{"name":"Angereds Storåsväg","lines":"74","arr":["74"],"terminus":0,"mode":"bus","color":"#0059a9","colorDark":"#00294f","angle":80.5,"snapDist":7,"label":0}},{"type":"Feature","geometry":{"type":"Point","coordinates":[12.048268,57.778743]},"properties":{"name":"Storås Industriväg","lines":"74","arr":["74"],"terminus":0,"mode":"bus","color":"#0059a9","colorDark":"#00294f","angle":98.9,"snapDist":8,"label":1}},{"type":"Feature","geometry":{"type":"Point","coordinates":[12.047851,57.785728]},"properties":{"name":"Storås","lines":"74","arr":["74"],"terminus":0,"mode":"bus","color":"#0059a9","colorDark":"#00294f","angle":113.7,"snapDist":9,"label":0}},{"type":"Feature","geometry":{"type":"Point","coordinates":[12.049297,57.796412]},"properties":{"name":"Angered Centrum","lines":"74","arr":["74"],"terminus":1,"mode":"bus","color":"#0059a9","colorDark":"#00294f","angle":156.3,"snapDist":0,"label":0}},{"type":"Feature","geometry":{"type":"Point","coordinates":[12.047358,57.784991]},"properties":{"name":"Storås","lines":"74","arr":["74"],"terminus":0,"mode":"bus","color":"#0059a9","colorDark":"#00294f","angle":281.8,"snapDist":8,"label":0}},{"type":"Feature","geometry":{"type":"Point","coordinates":[12.048156,57.778025]},"properties":{"name":"Storås Industriväg","lines":"74","arr":["74"],"terminus":0,"mode":"bus","color":"#0059a9","colorDark":"#00294f","angle":267.6,"snapDist":9,"label":0}},{"type":"Feature","geometry":{"type":"Point","coordinates":[12.051332,57.772899]},"properties":{"name":"Angereds Storåsväg","lines":"74, X3","arr":["74","X3"],"terminus":0,"mode":"bus","color":"#0059a9","colorDark":"#00294f","angle":162.8,"snapDist":4,"label":0}},{"type":"Feature","geometry":{"type":"Point","coordinates":[12.054415,57.773777]},"properties":{"name":"Långavallsgatan","lines":"74","arr":["74"],"terminus":0,"mode":"bus","color":"#0059a9","colorDark":"#00294f","angle":146.8,"snapDist":1,"label":0}},{"type":"Feature","geometry":{"type":"Point","coordinates":[12.064449,57.776635]},"properties":{"name":"Linnarhultsvägen","lines":"74, X3","arr":["74","X3"],"terminus":0,"mode":"bus","color":"#0059a9","colorDark":"#00294f","angle":146.5,"snapDist":3,"label":0}},{"type":"Feature","geometry":{"type":"Point","coordinates":[12.085203,57.741282]},"properties":{"name":"Jennyhill","lines":"74, 510","arr":["74","510"],"terminus":0,"mode":"bus","color":"#0059a9","colorDark":"#00294f","angle":190.8,"snapDist":8,"label":0}},{"type":"Feature","geometry":{"type":"Point","coordinates":[12.093617,57.739957]},"properties":{"name":"Artles torg","lines":"74, 510","arr":["74","510"],"terminus":0,"mode":"bus","color":"#0059a9","colorDark":"#00294f","angle":171.5,"snapDist":6,"label":0}},{"type":"Feature","geometry":{"type":"Point","coordinates":[12.049008,57.796075]},"properties":{"name":"Angered Centrum","lines":"75","arr":["75"],"terminus":1,"mode":"bus","color":"#0059a9","colorDark":"#00294f","angle":155.8,"snapDist":2,"label":0}},{"type":"Feature","geometry":{"type":"Point","coordinates":[12.052611,57.800863]},"properties":{"name":"Rappedalen","lines":"75, X76","arr":["75","X76"],"terminus":0,"mode":"bus","color":"#0059a9","colorDark":"#00294f","angle":83.4,"snapDist":7,"label":1}},{"type":"Feature","geometry":{"type":"Point","coordinates":[12.052246,57.804399]},"properties":{"name":"Trädgårdsgärdet","lines":"75, X76","arr":["75","X76"],"terminus":0,"mode":"bus","color":"#0059a9","colorDark":"#00294f","angle":69,"snapDist":6,"label":1}},{"type":"Feature","geometry":{"type":"Point","coordinates":[12.051893,57.808787]},"properties":{"name":"Kryddnejlikegatan","lines":"75, 178","arr":["75","178"],"terminus":0,"mode":"bus","color":"#0059a9","colorDark":"#00294f","angle":350,"snapDist":9,"label":1}},{"type":"Feature","geometry":{"type":"Point","coordinates":[12.046998,57.808561]},"properties":{"name":"Gunnaredsvägen","lines":"75, 178","arr":["75","178"],"terminus":0,"mode":"bus","color":"#0059a9","colorDark":"#00294f","angle":5,"snapDist":5,"label":1}},{"type":"Feature","geometry":{"type":"Point","coordinates":[12.039898,57.812559]},"properties":{"name":"Fänkålsgatan","lines":"75, 77, 178, X77","arr":["75","77","178","X77"],"terminus":0,"mode":"bus","color":"#0059a9","colorDark":"#00294f","angle":100.6,"snapDist":4,"label":1}},{"type":"Feature","geometry":{"type":"Point","coordinates":[12.039995,57.81554]},"properties":{"name":"Lövgärdets Centrum","lines":"75, 77, 178, X77","arr":["75","77","178","X77"],"terminus":0,"mode":"bus","color":"#0059a9","colorDark":"#00294f","angle":49.2,"snapDist":4,"label":1}},{"type":"Feature","geometry":{"type":"Point","coordinates":[12.033097,57.816152]},"properties":{"name":"Mejramgatan","lines":"75, 77, 178, X77","arr":["75","77","178","X77"],"terminus":0,"mode":"bus","color":"#0059a9","colorDark":"#00294f","angle":11.5,"snapDist":1,"label":1}},{"type":"Feature","geometry":{"type":"Point","coordinates":[12.030672,57.81815]},"properties":{"name":"Körvelgatan","lines":"75, 77, 178, X77","arr":["75","77","178","X77"],"terminus":0,"mode":"bus","color":"#0059a9","colorDark":"#00294f","angle":86.5,"snapDist":1,"label":1}},{"type":"Feature","geometry":{"type":"Point","coordinates":[12.03369,57.820947]},"properties":{"name":"Persiljegatan","lines":"75, 77, 178","arr":["75","77","178"],"terminus":1,"mode":"bus","color":"#0059a9","colorDark":"#00294f","angle":186.2,"snapDist":3,"label":1}},{"type":"Feature","geometry":{"type":"Point","coordinates":[12.030687,57.818025]},"properties":{"name":"Körvelgatan","lines":"75, 77, 178, X77","arr":["75","77","178","X77"],"terminus":0,"mode":"bus","color":"#0059a9","colorDark":"#00294f","angle":266.5,"snapDist":2,"label":0}},{"type":"Feature","geometry":{"type":"Point","coordinates":[12.03341,57.816118]},"properties":{"name":"Mejramgatan","lines":"75, 77, 178, X77","arr":["75","77","178","X77"],"terminus":0,"mode":"bus","color":"#0059a9","colorDark":"#00294f","angle":8.7,"snapDist":2,"label":0}},{"type":"Feature","geometry":{"type":"Point","coordinates":[12.040373,57.815489]},"properties":{"name":"Lövgärdets Centrum","lines":"75, 77, 178, X77","arr":["75","77","178","X77"],"terminus":0,"mode":"bus","color":"#0059a9","colorDark":"#00294f","angle":237.9,"snapDist":3,"label":0}},{"type":"Feature","geometry":{"type":"Point","coordinates":[12.039851,57.812427]},"properties":{"name":"Fänkålsgatan","lines":"75, 77, 178, X77","arr":["75","77","178","X77"],"terminus":0,"mode":"bus","color":"#0059a9","colorDark":"#00294f","angle":284.4,"snapDist":3,"label":0}},{"type":"Feature","geometry":{"type":"Point","coordinates":[12.048662,57.808532]},"properties":{"name":"Gunnaredsvägen","lines":"75, 178","arr":["75","178"],"terminus":0,"mode":"bus","color":"#0059a9","colorDark":"#00294f","angle":179,"snapDist":4,"label":0}},{"type":"Feature","geometry":{"type":"Point","coordinates":[12.051858,57.808783]},"properties":{"name":"Kryddnejlikegatan","lines":"75, 178","arr":["75","178"],"terminus":0,"mode":"bus","color":"#0059a9","colorDark":"#00294f","angle":170,"snapDist":7,"label":0}},{"type":"Feature","geometry":{"type":"Point","coordinates":[12.052873,57.803497]},"properties":{"name":"Trädgårdsgärdet","lines":"75, X76","arr":["75","X76"],"terminus":0,"mode":"bus","color":"#0059a9","colorDark":"#00294f","angle":251.4,"snapDist":7,"label":0}},{"type":"Feature","geometry":{"type":"Point","coordinates":[12.052586,57.800977]},"properties":{"name":"Rappedalen","lines":"75, X76","arr":["75","X76"],"terminus":0,"mode":"bus","color":"#0059a9","colorDark":"#00294f","angle":263.4,"snapDist":4,"label":0}},{"type":"Feature","geometry":{"type":"Point","coordinates":[12.049074,57.796157]},"properties":{"name":"Angered Centrum","lines":"76","arr":["76"],"terminus":1,"mode":"bus","color":"#0059a9","colorDark":"#00294f","angle":152.6,"snapDist":1,"label":0}},{"type":"Feature","geometry":{"type":"Point","coordinates":[12.056175,57.799256]},"properties":{"name":"Fjäderharvsgatan","lines":"76","arr":["76"],"terminus":0,"mode":"bus","color":"#0059a9","colorDark":"#00294f","angle":221.8,"snapDist":6,"label":1}},{"type":"Feature","geometry":{"type":"Point","coordinates":[12.063151,57.800886]},"properties":{"name":"Vättleskolan","lines":"76","arr":["76"],"terminus":0,"mode":"bus","color":"#0059a9","colorDark":"#00294f","angle":85.2,"snapDist":5,"label":1}},{"type":"Feature","geometry":{"type":"Point","coordinates":[12.068574,57.804925]},"properties":{"name":"Rannebergen Centrum","lines":"76, 178, X76","arr":["76","178","X76"],"terminus":1,"mode":"bus","color":"#0059a9","colorDark":"#00294f","angle":168,"snapDist":4,"label":1}},{"type":"Feature","geometry":{"type":"Point","coordinates":[12.073945,57.804794]},"properties":{"name":"Fjällbruden","lines":"76, 178, X76","arr":["76","178","X76"],"terminus":0,"mode":"bus","color":"#0059a9","colorDark":"#00294f","angle":221.1,"snapDist":4,"label":1}},{"type":"Feature","geometry":{"type":"Point","coordinates":[12.075881,57.802426]},"properties":{"name":"Fjällhavren","lines":"76, 178, X76","arr":["76","178","X76"],"terminus":0,"mode":"bus","color":"#0059a9","colorDark":"#00294f","angle":256.1,"snapDist":2,"label":1}},{"type":"Feature","geometry":{"type":"Point","coordinates":[12.07391,57.799848]},"properties":{"name":"Fjällkåpan","lines":"76, 178, X76","arr":["76","178","X76"],"terminus":0,"mode":"bus","color":"#0059a9","colorDark":"#00294f","angle":307.4,"snapDist":4,"label":1}},{"type":"Feature","geometry":{"type":"Point","coordinates":[12.067313,57.800889]},"properties":{"name":"Fjällsyran","lines":"76, 178, X76","arr":["76","178","X76"],"terminus":1,"mode":"bus","color":"#0059a9","colorDark":"#00294f","angle":51.1,"snapDist":8,"label":1}},{"type":"Feature","geometry":{"type":"Point","coordinates":[12.062857,57.80071]},"properties":{"name":"Vättleskolan","lines":"76","arr":["76"],"terminus":0,"mode":"bus","color":"#0059a9","colorDark":"#00294f","angle":266.5,"snapDist":0,"label":0}},{"type":"Feature","geometry":{"type":"Point","coordinates":[12.056047,57.799407]},"properties":{"name":"Fjäderharvsgatan","lines":"76","arr":["76"],"terminus":0,"mode":"bus","color":"#0059a9","colorDark":"#00294f","angle":42.5,"snapDist":8,"label":0}},{"type":"Feature","geometry":{"type":"Point","coordinates":[12.049156,57.796245]},"properties":{"name":"Angered Centrum","lines":"77","arr":["77"],"terminus":1,"mode":"bus","color":"#0059a9","colorDark":"#00294f","angle":160.1,"snapDist":1,"label":0}},{"type":"Feature","geometry":{"type":"Point","coordinates":[12.043687,57.804935]},"properties":{"name":"Trädgårdsberget","lines":"77, X77","arr":["77","X77"],"terminus":0,"mode":"bus","color":"#0059a9","colorDark":"#00294f","angle":93.5,"snapDist":7,"label":1}},{"type":"Feature","geometry":{"type":"Point","coordinates":[12.043559,57.804802]},"properties":{"name":"Trädgårdsberget","lines":"77, X77","arr":["77","X77"],"terminus":0,"mode":"bus","color":"#0059a9","colorDark":"#00294f","angle":278.4,"snapDist":9,"label":0}},{"type":"Feature","geometry":{"type":"Point","coordinates":[12.007116,57.73259]},"properties":{"name":"Nylösegatan","lines":"78","arr":["78"],"terminus":0,"mode":"bus","color":"#0059a9","colorDark":"#00294f","angle":86.1,"snapDist":6,"label":1}},{"type":"Feature","geometry":{"type":"Point","coordinates":[12.00707,57.743208]},"properties":{"name":"Alekärrsgatan","lines":"78","arr":["78"],"terminus":0,"mode":"bus","color":"#0059a9","colorDark":"#00294f","angle":96.5,"snapDist":9,"label":1}},{"type":"Feature","geometry":{"type":"Point","coordinates":[12.010543,57.749378]},"properties":{"name":"Skräppekärr Östra","lines":"78","arr":["78"],"terminus":0,"mode":"bus","color":"#0059a9","colorDark":"#00294f","angle":105.4,"snapDist":9,"label":1}},{"type":"Feature","geometry":{"type":"Point","coordinates":[12.011172,57.753532]},"properties":{"name":"Alelyckan","lines":"78","arr":["78"],"terminus":0,"mode":"bus","color":"#0059a9","colorDark":"#00294f","angle":88.7,"snapDist":11,"label":1}},{"type":"Feature","geometry":{"type":"Point","coordinates":[12.010687,57.757075]},"properties":{"name":"Kretsloppsparken","lines":"78","arr":["78"],"terminus":0,"mode":"bus","color":"#0059a9","colorDark":"#00294f","angle":85.3,"snapDist":7,"label":1}},{"type":"Feature","geometry":{"type":"Point","coordinates":[12.011267,57.760722]},"properties":{"name":"Burmabacken","lines":"78","arr":["78"],"terminus":0,"mode":"bus","color":"#0059a9","colorDark":"#00294f","angle":87.3,"snapDist":6,"label":1}},{"type":"Feature","geometry":{"type":"Point","coordinates":[12.010322,57.762642]},"properties":{"name":"Lärjeholm","lines":"78","arr":["78"],"terminus":0,"mode":"bus","color":"#0059a9","colorDark":"#00294f","angle":81.9,"snapDist":10,"label":1}},{"type":"Feature","geometry":{"type":"Point","coordinates":[12.010303,57.762879]},"properties":{"name":"Lärjeholm","lines":"78","arr":["78"],"terminus":0,"mode":"bus","color":"#0059a9","colorDark":"#00294f","angle":271.3,"snapDist":7,"label":0}},{"type":"Feature","geometry":{"type":"Point","coordinates":[12.010757,57.759715]},"properties":{"name":"Burmabacken","lines":"78","arr":["78"],"terminus":0,"mode":"bus","color":"#0059a9","colorDark":"#00294f","angle":278.5,"snapDist":9,"label":0}},{"type":"Feature","geometry":{"type":"Point","coordinates":[12.010713,57.756901]},"properties":{"name":"Kretsloppsparken","lines":"78, 173","arr":["78","173"],"terminus":0,"mode":"bus","color":"#0059a9","colorDark":"#00294f","angle":265.7,"snapDist":10,"label":0}},{"type":"Feature","geometry":{"type":"Point","coordinates":[12.011205,57.75259]},"properties":{"name":"Alelyckan","lines":"78, 173","arr":["78","173"],"terminus":0,"mode":"bus","color":"#0059a9","colorDark":"#00294f","angle":270.3,"snapDist":12,"label":0}},{"type":"Feature","geometry":{"type":"Point","coordinates":[12.010305,57.748898]},"properties":{"name":"Skräppekärr Östra","lines":"78, 173","arr":["78","173"],"terminus":0,"mode":"bus","color":"#0059a9","colorDark":"#00294f","angle":284.6,"snapDist":10,"label":0}},{"type":"Feature","geometry":{"type":"Point","coordinates":[12.006804,57.742033]},"properties":{"name":"Alekärrsgatan","lines":"78, 173","arr":["78","173"],"terminus":0,"mode":"bus","color":"#0059a9","colorDark":"#00294f","angle":272.6,"snapDist":8,"label":0}},{"type":"Feature","geometry":{"type":"Point","coordinates":[12.007141,57.732432]},"properties":{"name":"Nylösegatan","lines":"78, 173","arr":["78","173"],"terminus":0,"mode":"bus","color":"#0059a9","colorDark":"#00294f","angle":265.2,"snapDist":7,"label":0}},{"type":"Feature","geometry":{"type":"Point","coordinates":[11.920867,57.59688]},"properties":{"name":"Lillövägen","lines":"82, 258","arr":["82","258"],"terminus":1,"mode":"bus","color":"#0059a9","colorDark":"#00294f","angle":185.3,"snapDist":2,"label":1}},{"type":"Feature","geometry":{"type":"Point","coordinates":[11.925446,57.597797]},"properties":{"name":"Ugglegården","lines":"82, 258","arr":["82","258"],"terminus":0,"mode":"bus","color":"#0059a9","colorDark":"#00294f","angle":140.4,"snapDist":3,"label":1}},{"type":"Feature","geometry":{"type":"Point","coordinates":[11.930249,57.59975]},"properties":{"name":"Brända Berget","lines":"82, 258","arr":["82","258"],"terminus":0,"mode":"bus","color":"#0059a9","colorDark":"#00294f","angle":172.1,"snapDist":4,"label":1}},{"type":"Feature","geometry":{"type":"Point","coordinates":[11.936381,57.599801]},"properties":{"name":"Enebacken","lines":"82, 258","arr":["82","258"],"terminus":0,"mode":"bus","color":"#0059a9","colorDark":"#00294f","angle":182,"snapDist":2,"label":1}},{"type":"Feature","geometry":{"type":"Point","coordinates":[11.946256,57.599261]},"properties":{"name":"Sandås","lines":"82, 258","arr":["82","258"],"terminus":0,"mode":"bus","color":"#0059a9","colorDark":"#00294f","angle":201.2,"snapDist":8,"label":1}},{"type":"Feature","geometry":{"type":"Point","coordinates":[11.947508,57.601787]},"properties":{"name":"Högen","lines":"82","arr":["82"],"terminus":0,"mode":"bus","color":"#0059a9","colorDark":"#00294f","angle":89.3,"snapDist":3,"label":1}},{"type":"Feature","geometry":{"type":"Point","coordinates":[11.94655,57.606527]},"properties":{"name":"Vassgången","lines":"82","arr":["82"],"terminus":0,"mode":"bus","color":"#0059a9","colorDark":"#00294f","angle":88.5,"snapDist":2,"label":1}},{"type":"Feature","geometry":{"type":"Point","coordinates":[11.94486,57.610274]},"properties":{"name":"Lövviksvägen","lines":"82","arr":["82"],"terminus":0,"mode":"bus","color":"#0059a9","colorDark":"#00294f","angle":49.3,"snapDist":2,"label":1}},{"type":"Feature","geometry":{"type":"Point","coordinates":[11.941024,57.612521]},"properties":{"name":"Granliden","lines":"82","arr":["82"],"terminus":0,"mode":"bus","color":"#0059a9","colorDark":"#00294f","angle":51.6,"snapDist":2,"label":1}},{"type":"Feature","geometry":{"type":"Point","coordinates":[11.942151,57.615382]},"properties":{"name":"Askims Kyrka","lines":"82","arr":["82"],"terminus":0,"mode":"bus","color":"#0059a9","colorDark":"#00294f","angle":89.2,"snapDist":3,"label":1}},{"type":"Feature","geometry":{"type":"Point","coordinates":[11.946317,57.622145]},"properties":{"name":"Otterbäck","lines":"82","arr":["82"],"terminus":0,"mode":"bus","color":"#0059a9","colorDark":"#00294f","angle":80.3,"snapDist":5,"label":1}},{"type":"Feature","geometry":{"type":"Point","coordinates":[11.945145,57.626468]},"properties":{"name":"Trollåsen","lines":"82","arr":["82"],"terminus":0,"mode":"bus","color":"#0059a9","colorDark":"#00294f","angle":82.8,"snapDist":7,"label":1}},{"type":"Feature","geometry":{"type":"Point","coordinates":[11.945374,57.631896]},"properties":{"name":"Ringestensvägen","lines":"82","arr":["82"],"terminus":0,"mode":"bus","color":"#0059a9","colorDark":"#00294f","angle":81.9,"snapDist":3,"label":1}},{"type":"Feature","geometry":{"type":"Point","coordinates":[11.942995,57.636295]},"properties":{"name":"Backa","lines":"82","arr":["82"],"terminus":0,"mode":"bus","color":"#0059a9","colorDark":"#00294f","angle":132.7,"snapDist":7,"label":1}},{"type":"Feature","geometry":{"type":"Point","coordinates":[11.941096,57.64085]},"properties":{"name":"Kobbegården","lines":"82","arr":["82"],"terminus":0,"mode":"bus","color":"#0059a9","colorDark":"#00294f","angle":71.2,"snapDist":5,"label":1}},{"type":"Feature","geometry":{"type":"Point","coordinates":[11.939939,57.643242]},"properties":{"name":"Pilegårdsvägen","lines":"82, 83, 84, 86","arr":["82","83","84","86"],"terminus":0,"mode":"bus","color":"#0059a9","colorDark":"#00294f","angle":76.3,"snapDist":6,"label":1}},{"type":"Feature","geometry":{"type":"Point","coordinates":[11.939321,57.647356]},"properties":{"name":"Frölunda Smedja","lines":"82, 83, 84, 86","arr":["82","83","84","86"],"terminus":0,"mode":"bus","color":"#0059a9","colorDark":"#00294f","angle":89,"snapDist":6,"label":1}},{"type":"Feature","geometry":{"type":"Point","coordinates":[11.939507,57.651169]},"properties":{"name":"F O Peterssons Gata","lines":"82, 758","arr":["82","758"],"terminus":0,"mode":"bus","color":"#0059a9","colorDark":"#00294f","angle":66.6,"snapDist":3,"label":1}},{"type":"Feature","geometry":{"type":"Point","coordinates":[11.939854,57.655664]},"properties":{"name":"Amalia Jönssons Gata","lines":"82, 758","arr":["82","758"],"terminus":0,"mode":"bus","color":"#0059a9","colorDark":"#00294f","angle":108.2,"snapDist":3,"label":1}},{"type":"Feature","geometry":{"type":"Point","coordinates":[11.939583,57.65852]},"properties":{"name":"Beatrice Lesslies Gata","lines":"82, 758","arr":["82","758"],"terminus":0,"mode":"bus","color":"#0059a9","colorDark":"#00294f","angle":83.4,"snapDist":6,"label":0}},{"type":"Feature","geometry":{"type":"Point","coordinates":[11.939101,57.660471]},"properties":{"name":"Olof Asklunds Gata","lines":"82, 758","arr":["82","758"],"terminus":0,"mode":"bus","color":"#0059a9","colorDark":"#00294f","angle":78.6,"snapDist":8,"label":1}},{"type":"Feature","geometry":{"type":"Point","coordinates":[11.940219,57.664644]},"properties":{"name":"J A Wettergrens Gata","lines":"82, 758","arr":["82","758"],"terminus":0,"mode":"bus","color":"#0059a9","colorDark":"#00294f","angle":78.5,"snapDist":5,"label":1}},{"type":"Feature","geometry":{"type":"Point","coordinates":[11.940181,57.664746]},"properties":{"name":"J A Wettergrens Gata","lines":"82, 758","arr":["82","758"],"terminus":0,"mode":"bus","color":"#0059a9","colorDark":"#00294f","angle":258.5,"snapDist":4,"label":0}},{"type":"Feature","geometry":{"type":"Point","coordinates":[11.939137,57.660373]},"properties":{"name":"Olof Asklunds Gata","lines":"82, 758","arr":["82","758"],"terminus":0,"mode":"bus","color":"#0059a9","colorDark":"#00294f","angle":258.6,"snapDist":6,"label":0}},{"type":"Feature","geometry":{"type":"Point","coordinates":[11.939709,57.65799]},"properties":{"name":"Beatrice Lesslies Gata","lines":"82, 758","arr":["82","758"],"terminus":0,"mode":"bus","color":"#0059a9","colorDark":"#00294f","angle":262.9,"snapDist":2,"label":0}},{"type":"Feature","geometry":{"type":"Point","coordinates":[11.939312,57.654885]},"properties":{"name":"Amalia Jönssons Gata","lines":"82, 758","arr":["82","758"],"terminus":0,"mode":"bus","color":"#0059a9","colorDark":"#00294f","angle":290.5,"snapDist":5,"label":0}},{"type":"Feature","geometry":{"type":"Point","coordinates":[11.939553,57.651106]},"properties":{"name":"F O Peterssons Gata","lines":"82, 758","arr":["82","758"],"terminus":0,"mode":"bus","color":"#0059a9","colorDark":"#00294f","angle":250.4,"snapDist":2,"label":0}},{"type":"Feature","geometry":{"type":"Point","coordinates":[11.939395,57.648081]},"properties":{"name":"Frölunda Smedja","lines":"82, 83, 84, 86","arr":["82","83","84","86"],"terminus":0,"mode":"bus","color":"#0059a9","colorDark":"#00294f","angle":274.4,"snapDist":12,"label":0}},{"type":"Feature","geometry":{"type":"Point","coordinates":[11.939706,57.643759]},"properties":{"name":"Pilegårdsvägen","lines":"82, 83, 84, 86","arr":["82","83","84","86"],"terminus":0,"mode":"bus","color":"#0059a9","colorDark":"#00294f","angle":256.8,"snapDist":5,"label":0}},{"type":"Feature","geometry":{"type":"Point","coordinates":[11.941227,57.640622]},"properties":{"name":"Kobbegården","lines":"82","arr":["82"],"terminus":0,"mode":"bus","color":"#0059a9","colorDark":"#00294f","angle":250.3,"snapDist":6,"label":0}},{"type":"Feature","geometry":{"type":"Point","coordinates":[11.943968,57.636849]},"properties":{"name":"Backa","lines":"82","arr":["82"],"terminus":0,"mode":"bus","color":"#0059a9","colorDark":"#00294f","angle":314.4,"snapDist":5,"label":0}},{"type":"Feature","geometry":{"type":"Point","coordinates":[11.94541,57.631765]},"properties":{"name":"Ringestensvägen","lines":"82","arr":["82"],"terminus":0,"mode":"bus","color":"#0059a9","colorDark":"#00294f","angle":261.6,"snapDist":1,"label":0}},{"type":"Feature","geometry":{"type":"Point","coordinates":[11.945064,57.626818]},"properties":{"name":"Trollåsen","lines":"82","arr":["82"],"terminus":0,"mode":"bus","color":"#0059a9","colorDark":"#00294f","angle":263,"snapDist":9,"label":0}},{"type":"Feature","geometry":{"type":"Point","coordinates":[11.946493,57.621562]},"properties":{"name":"Otterbäck","lines":"82","arr":["82"],"terminus":0,"mode":"bus","color":"#0059a9","colorDark":"#00294f","angle":266.8,"snapDist":8,"label":0}},{"type":"Feature","geometry":{"type":"Point","coordinates":[11.942147,57.615409]},"properties":{"name":"Askims Kyrka","lines":"82","arr":["82"],"terminus":0,"mode":"bus","color":"#0059a9","colorDark":"#00294f","angle":266,"snapDist":8,"label":0}},{"type":"Feature","geometry":{"type":"Point","coordinates":[11.941275,57.612349]},"properties":{"name":"Granliden","lines":"82","arr":["82"],"terminus":0,"mode":"bus","color":"#0059a9","colorDark":"#00294f","angle":232.3,"snapDist":2,"label":0}},{"type":"Feature","geometry":{"type":"Point","coordinates":[11.945057,57.610144]},"properties":{"name":"Lövviksvägen","lines":"82","arr":["82"],"terminus":0,"mode":"bus","color":"#0059a9","colorDark":"#00294f","angle":233.4,"snapDist":3,"label":0}},{"type":"Feature","geometry":{"type":"Point","coordinates":[11.94655,57.60639]},"properties":{"name":"Vassgången","lines":"82","arr":["82"],"terminus":0,"mode":"bus","color":"#0059a9","colorDark":"#00294f","angle":271,"snapDist":3,"label":0}},{"type":"Feature","geometry":{"type":"Point","coordinates":[11.947513,57.601588]},"properties":{"name":"Högen","lines":"82","arr":["82"],"terminus":0,"mode":"bus","color":"#0059a9","colorDark":"#00294f","angle":267.8,"snapDist":2,"label":0}},{"type":"Feature","geometry":{"type":"Point","coordinates":[11.94628,57.599256]},"properties":{"name":"Sandås","lines":"82, 258","arr":["82","258"],"terminus":0,"mode":"bus","color":"#0059a9","colorDark":"#00294f","angle":21.2,"snapDist":6,"label":0}},{"type":"Feature","geometry":{"type":"Point","coordinates":[11.935732,57.599809]},"properties":{"name":"Enebacken","lines":"82, 258","arr":["82","258"],"terminus":0,"mode":"bus","color":"#0059a9","colorDark":"#00294f","angle":1.3,"snapDist":8,"label":0}},{"type":"Feature","geometry":{"type":"Point","coordinates":[11.930129,57.599741]},"properties":{"name":"Brända Berget","lines":"82, 258","arr":["82","258"],"terminus":0,"mode":"bus","color":"#0059a9","colorDark":"#00294f","angle":352.1,"snapDist":5,"label":0}},{"type":"Feature","geometry":{"type":"Point","coordinates":[11.925276,57.597722]},"properties":{"name":"Ugglegården","lines":"82, 258","arr":["82","258"],"terminus":0,"mode":"bus","color":"#0059a9","colorDark":"#00294f","angle":320.4,"snapDist":4,"label":0}},{"type":"Feature","geometry":{"type":"Point","coordinates":[11.964641,57.629942]},"properties":{"name":"Askims Svartmosse","lines":"83, 84","arr":["83","84"],"terminus":1,"mode":"bus","color":"#0059a9","colorDark":"#00294f","angle":230.3,"snapDist":3,"label":1}},{"type":"Feature","geometry":{"type":"Point","coordinates":[11.962406,57.633699]},"properties":{"name":"Varpemossen","lines":"83, 84","arr":["83","84"],"terminus":0,"mode":"bus","color":"#0059a9","colorDark":"#00294f","angle":63.1,"snapDist":8,"label":1}},{"type":"Feature","geometry":{"type":"Point","coordinates":[11.960118,57.63387]},"properties":{"name":"Gåsmossen","lines":"83","arr":["83"],"terminus":0,"mode":"bus","color":"#0059a9","colorDark":"#00294f","angle":327.2,"snapDist":6,"label":1}},{"type":"Feature","geometry":{"type":"Point","coordinates":[11.950776,57.636736]},"properties":{"name":"Knapehall","lines":"83","arr":["83"],"terminus":0,"mode":"bus","color":"#0059a9","colorDark":"#00294f","angle":41.4,"snapDist":6,"label":1}},{"type":"Feature","geometry":{"type":"Point","coordinates":[11.945014,57.637013]},"properties":{"name":"Backa","lines":"83","arr":["83"],"terminus":0,"mode":"bus","color":"#0059a9","colorDark":"#00294f","angle":318.6,"snapDist":4,"label":0}},{"type":"Feature","geometry":{"type":"Point","coordinates":[11.951408,57.640254]},"properties":{"name":"Stora Åvägen","lines":"83, 84","arr":["83","84"],"terminus":0,"mode":"bus","color":"#0059a9","colorDark":"#00294f","angle":92,"snapDist":7,"label":1}},{"type":"Feature","geometry":{"type":"Point","coordinates":[11.949793,57.641453]},"properties":{"name":"Hantverksvägen","lines":"83, 84, 86","arr":["83","84","86"],"terminus":0,"mode":"bus","color":"#0059a9","colorDark":"#00294f","angle":0.4,"snapDist":4,"label":1}},{"type":"Feature","geometry":{"type":"Point","coordinates":[11.943263,57.641521]},"properties":{"name":"Kobbegårdsvägen","lines":"83, 84, 86","arr":["83","84","86"],"terminus":0,"mode":"bus","color":"#0059a9","colorDark":"#00294f","angle":2,"snapDist":5,"label":1}},{"type":"Feature","geometry":{"type":"Point","coordinates":[11.934653,57.648944]},"properties":{"name":"Radiomotet","lines":"83, 84, 751","arr":["83","84","751"],"terminus":0,"mode":"bus","color":"#0059a9","colorDark":"#00294f","angle":18.1,"snapDist":5,"label":1}},{"type":"Feature","geometry":{"type":"Point","coordinates":[11.928886,57.649768]},"properties":{"name":"Radiovägen","lines":"83, 95, 185, 751","arr":["83","95","185","751"],"terminus":0,"mode":"bus","color":"#0059a9","colorDark":"#00294f","angle":6.9,"snapDist":3,"label":1}},{"type":"Feature","geometry":{"type":"Point","coordinates":[11.919386,57.64962]},"properties":{"name":"Västra Frölunda Kyrka","lines":"83, 95, 185, 751","arr":["83","95","185","751"],"terminus":0,"mode":"bus","color":"#0059a9","colorDark":"#00294f","angle":343.7,"snapDist":4,"label":1}},{"type":"Feature","geometry":{"type":"Point","coordinates":[11.909263,57.652125]},"properties":{"name":"Frölunda Torg","lines":"83, 86, 89, 95","arr":["83","86","89","95"],"terminus":1,"mode":"bus","color":"#0059a9","colorDark":"#00294f","angle":136,"snapDist":0,"label":0}},{"type":"Feature","geometry":{"type":"Point","coordinates":[11.920731,57.649761]},"properties":{"name":"Västra Frölunda Kyrka","lines":"83, 95, 185, 751","arr":["83","95","185","751"],"terminus":0,"mode":"bus","color":"#0059a9","colorDark":"#00294f","angle":169.5,"snapDist":8,"label":0}},{"type":"Feature","geometry":{"type":"Point","coordinates":[11.928922,57.649706]},"properties":{"name":"Radiovägen","lines":"83, 751","arr":["83","751"],"terminus":0,"mode":"bus","color":"#0059a9","colorDark":"#00294f","angle":186.5,"snapDist":8,"label":0}},{"type":"Feature","geometry":{"type":"Point","coordinates":[11.935047,57.648821]},"properties":{"name":"Radiomotet","lines":"83, 84, 751","arr":["83","84","751"],"terminus":0,"mode":"bus","color":"#0059a9","colorDark":"#00294f","angle":197.9,"snapDist":6,"label":0}},{"type":"Feature","geometry":{"type":"Point","coordinates":[11.942685,57.641534]},"properties":{"name":"Kobbegårdsvägen","lines":"83, 84, 86","arr":["83","84","86"],"terminus":0,"mode":"bus","color":"#0059a9","colorDark":"#00294f","angle":179.6,"snapDist":3,"label":0}},{"type":"Feature","geometry":{"type":"Point","coordinates":[11.949597,57.641453]},"properties":{"name":"Hantverksvägen","lines":"83, 84, 86","arr":["83","84","86"],"terminus":0,"mode":"bus","color":"#0059a9","colorDark":"#00294f","angle":179.8,"snapDist":4,"label":0}},{"type":"Feature","geometry":{"type":"Point","coordinates":[11.951408,57.640254]},"properties":{"name":"Stora Åvägen","lines":"83, 84","arr":["83","84"],"terminus":0,"mode":"bus","color":"#0059a9","colorDark":"#00294f","angle":272,"snapDist":5,"label":0}},{"type":"Feature","geometry":{"type":"Point","coordinates":[11.94524,57.637119]},"properties":{"name":"Backa","lines":"83","arr":["83"],"terminus":0,"mode":"bus","color":"#0059a9","colorDark":"#00294f","angle":138.6,"snapDist":4,"label":0}},{"type":"Feature","geometry":{"type":"Point","coordinates":[11.951834,57.636239]},"properties":{"name":"Knapehall","lines":"83","arr":["83"],"terminus":0,"mode":"bus","color":"#0059a9","colorDark":"#00294f","angle":221.9,"snapDist":6,"label":0}},{"type":"Feature","geometry":{"type":"Point","coordinates":[11.959496,57.633651]},"properties":{"name":"Gåsmossen","lines":"83","arr":["83"],"terminus":0,"mode":"bus","color":"#0059a9","colorDark":"#00294f","angle":149.3,"snapDist":5,"label":0}},{"type":"Feature","geometry":{"type":"Point","coordinates":[11.963042,57.633047]},"properties":{"name":"Varpemossen","lines":"83, 84","arr":["83","84"],"terminus":0,"mode":"bus","color":"#0059a9","colorDark":"#00294f","angle":243,"snapDist":6,"label":0}},{"type":"Feature","geometry":{"type":"Point","coordinates":[11.954419,57.636611]},"properties":{"name":"Sisjöbäckens väg","lines":"84","arr":["84"],"terminus":0,"mode":"bus","color":"#0059a9","colorDark":"#00294f","angle":38.1,"snapDist":5,"label":1}},{"type":"Feature","geometry":{"type":"Point","coordinates":[11.9303,57.650056]},"properties":{"name":"Radiovägen","lines":"84, 95, 185","arr":["84","95","185"],"terminus":0,"mode":"bus","color":"#0059a9","colorDark":"#00294f","angle":96.6,"snapDist":6,"label":0}},{"type":"Feature","geometry":{"type":"Point","coordinates":[11.931952,57.653158]},"properties":{"name":"Sändaregatan","lines":"84, 95, 185","arr":["84","95","185"],"terminus":0,"mode":"bus","color":"#0059a9","colorDark":"#00294f","angle":103.6,"snapDist":2,"label":1}},{"type":"Feature","geometry":{"type":"Point","coordinates":[11.933105,57.657421]},"properties":{"name":"Radiotorget","lines":"84, 95, 185","arr":["84","95","185"],"terminus":0,"mode":"bus","color":"#0059a9","colorDark":"#00294f","angle":96.6,"snapDist":4,"label":1}},{"type":"Feature","geometry":{"type":"Point","coordinates":[11.934401,57.660846]},"properties":{"name":"Armlängdsgatan","lines":"84, 95, 185","arr":["84","95","185"],"terminus":0,"mode":"bus","color":"#0059a9","colorDark":"#00294f","angle":96.6,"snapDist":2,"label":1}},{"type":"Feature","geometry":{"type":"Point","coordinates":[11.934993,57.664048]},"properties":{"name":"Synhållsgatan","lines":"84, 95, 185","arr":["84","95","185"],"terminus":0,"mode":"bus","color":"#0059a9","colorDark":"#00294f","angle":86,"snapDist":5,"label":1}},{"type":"Feature","geometry":{"type":"Point","coordinates":[11.935411,57.667446]},"properties":{"name":"Tvärhandsgatan","lines":"84, 95, 185","arr":["84","95","185"],"terminus":0,"mode":"bus","color":"#0059a9","colorDark":"#00294f","angle":96.5,"snapDist":5,"label":1}},{"type":"Feature","geometry":{"type":"Point","coordinates":[11.937012,57.669522]},"properties":{"name":"Högsbo","lines":"84, 95, 185","arr":["84","95","185"],"terminus":0,"mode":"bus","color":"#0059a9","colorDark":"#00294f","angle":99.8,"snapDist":3,"label":1}},{"type":"Feature","geometry":{"type":"Point","coordinates":[11.935353,57.673115]},"properties":{"name":"Högsboleden","lines":"84, 95, 185","arr":["84","95","185"],"terminus":0,"mode":"bus","color":"#0059a9","colorDark":"#00294f","angle":270.4,"snapDist":6,"label":1}},{"type":"Feature","geometry":{"type":"Point","coordinates":[11.936985,57.669438]},"properties":{"name":"Högsbo","lines":"84, 95, 185","arr":["84","95","185"],"terminus":0,"mode":"bus","color":"#0059a9","colorDark":"#00294f","angle":279.8,"snapDist":3,"label":0}},{"type":"Feature","geometry":{"type":"Point","coordinates":[11.935377,57.667684]},"properties":{"name":"Tvärhandsgatan","lines":"84, 95, 185","arr":["84","95","185"],"terminus":0,"mode":"bus","color":"#0059a9","colorDark":"#00294f","angle":263.9,"snapDist":8,"label":0}},{"type":"Feature","geometry":{"type":"Point","coordinates":[11.934992,57.664049]},"properties":{"name":"Synhållsgatan","lines":"84, 95, 185","arr":["84","95","185"],"terminus":0,"mode":"bus","color":"#0059a9","colorDark":"#00294f","angle":266,"snapDist":6,"label":0}},{"type":"Feature","geometry":{"type":"Point","coordinates":[11.934386,57.660774]},"properties":{"name":"Armlängdsgatan","lines":"84, 95, 185","arr":["84","95","185"],"terminus":0,"mode":"bus","color":"#0059a9","colorDark":"#00294f","angle":276,"snapDist":4,"label":0}},{"type":"Feature","geometry":{"type":"Point","coordinates":[11.933073,57.657273]},"properties":{"name":"Radiotorget","lines":"84, 95, 185","arr":["84","95","185"],"terminus":0,"mode":"bus","color":"#0059a9","colorDark":"#00294f","angle":276.6,"snapDist":4,"label":0}},{"type":"Feature","geometry":{"type":"Point","coordinates":[11.931893,57.653026]},"properties":{"name":"Sändaregatan","lines":"84, 95, 185","arr":["84","95","185"],"terminus":0,"mode":"bus","color":"#0059a9","colorDark":"#00294f","angle":282.9,"snapDist":3,"label":0}},{"type":"Feature","geometry":{"type":"Point","coordinates":[11.93036,57.650273]},"properties":{"name":"Radiovägen","lines":"84","arr":["84"],"terminus":0,"mode":"bus","color":"#0059a9","colorDark":"#00294f","angle":278.8,"snapDist":6,"label":0}},{"type":"Feature","geometry":{"type":"Point","coordinates":[11.955902,57.636205]},"properties":{"name":"Sisjöbäckens väg","lines":"84","arr":["84"],"terminus":0,"mode":"bus","color":"#0059a9","colorDark":"#00294f","angle":197.1,"snapDist":6,"label":0}},{"type":"Feature","geometry":{"type":"Point","coordinates":[12.017425,57.680704]},"properties":{"name":"Kallebäcks Källa","lines":"86","arr":["86"],"terminus":1,"mode":"bus","color":"#0059a9","colorDark":"#00294f","angle":-51,"snapDist":2,"label":0}},{"type":"Feature","geometry":{"type":"Point","coordinates":[12.003969,57.677871]},"properties":{"name":"Lana","lines":"86, 758","arr":["86","758"],"terminus":0,"mode":"bus","color":"#0059a9","colorDark":"#00294f","angle":263.6,"snapDist":0,"label":1}},{"type":"Feature","geometry":{"type":"Point","coordinates":[12.008112,57.674993]},"properties":{"name":"Krokslätts torg","lines":"86, 757","arr":["86","757"],"terminus":0,"mode":"bus","color":"#0059a9","colorDark":"#00294f","angle":242.7,"snapDist":7,"label":1}},{"type":"Feature","geometry":{"type":"Point","coordinates":[12.010275,57.671155]},"properties":{"name":"Krokslätts Fabriker","lines":"86, 757","arr":["86","757"],"terminus":0,"mode":"bus","color":"#0059a9","colorDark":"#00294f","angle":248.8,"snapDist":7,"label":1}},{"type":"Feature","geometry":{"type":"Point","coordinates":[12.010197,57.665781]},"properties":{"name":"Lackarebäck","lines":"86","arr":["86"],"terminus":0,"mode":"bus","color":"#0059a9","colorDark":"#00294f","angle":343.2,"snapDist":9,"label":1}},{"type":"Feature","geometry":{"type":"Point","coordinates":[11.992485,57.658104]},"properties":{"name":"Vetekornsgatan","lines":"86, 753","arr":["86","753"],"terminus":0,"mode":"bus","color":"#0059a9","colorDark":"#00294f","angle":302.6,"snapDist":5,"label":1}},{"type":"Feature","geometry":{"type":"Point","coordinates":[11.990408,57.654589]},"properties":{"name":"Pedagogen Park Norra","lines":"86, 753","arr":["86","753"],"terminus":0,"mode":"bus","color":"#0059a9","colorDark":"#00294f","angle":297.4,"snapDist":1,"label":1}},{"type":"Feature","geometry":{"type":"Point","coordinates":[11.986806,57.650274]},"properties":{"name":"Pedagogen Park Södra","lines":"86, 751","arr":["86","751"],"terminus":0,"mode":"bus","color":"#0059a9","colorDark":"#00294f","angle":346.9,"snapDist":4,"label":1}},{"type":"Feature","geometry":{"type":"Point","coordinates":[11.978006,57.650022]},"properties":{"name":"Fässberg","lines":"86, 751","arr":["86","751"],"terminus":0,"mode":"bus","color":"#0059a9","colorDark":"#00294f","angle":16.8,"snapDist":7,"label":1}},{"type":"Feature","geometry":{"type":"Point","coordinates":[11.971283,57.650672]},"properties":{"name":"Eklanda skola","lines":"86, 751","arr":["86","751"],"terminus":0,"mode":"bus","color":"#0059a9","colorDark":"#00294f","angle":1.2,"snapDist":3,"label":1}},{"type":"Feature","geometry":{"type":"Point","coordinates":[11.964028,57.650988]},"properties":{"name":"Eklanda torg","lines":"86, 758","arr":["86","758"],"terminus":0,"mode":"bus","color":"#0059a9","colorDark":"#00294f","angle":350.1,"snapDist":5,"label":1}},{"type":"Feature","geometry":{"type":"Point","coordinates":[11.954726,57.649899]},"properties":{"name":"Norra Långebergsgatan","lines":"86, 751, 758","arr":["86","751","758"],"terminus":0,"mode":"bus","color":"#0059a9","colorDark":"#00294f","angle":353.3,"snapDist":5,"label":1}},{"type":"Feature","geometry":{"type":"Point","coordinates":[11.947809,57.649886]},"properties":{"name":"Köpcentrum 421","lines":"86, 751, 758","arr":["86","751","758"],"terminus":0,"mode":"bus","color":"#0059a9","colorDark":"#00294f","angle":359.5,"snapDist":7,"label":1}},{"type":"Feature","geometry":{"type":"Point","coordinates":[11.942462,57.649639]},"properties":{"name":"Lona Knapes Gata","lines":"86, 751, 758","arr":["86","751","758"],"terminus":0,"mode":"bus","color":"#0059a9","colorDark":"#00294f","angle":353,"snapDist":7,"label":1}},{"type":"Feature","geometry":{"type":"Point","coordinates":[11.954295,57.641423]},"properties":{"name":"Datavägen","lines":"86","arr":["86"],"terminus":0,"mode":"bus","color":"#0059a9","colorDark":"#00294f","angle":180.5,"snapDist":5,"label":1}},{"type":"Feature","geometry":{"type":"Point","coordinates":[11.95485,57.643293]},"properties":{"name":"Sisjö Kullegata","lines":"86","arr":["86"],"terminus":0,"mode":"bus","color":"#0059a9","colorDark":"#00294f","angle":0.5,"snapDist":4,"label":1}},{"type":"Feature","geometry":{"type":"Point","coordinates":[11.955542,57.643645]},"properties":{"name":"Sisjö Kullegata","lines":"86","arr":["86"],"terminus":0,"mode":"bus","color":"#0059a9","colorDark":"#00294f","angle":271.2,"snapDist":4,"label":0}},{"type":"Feature","geometry":{"type":"Point","coordinates":[11.954925,57.64142]},"properties":{"name":"Datavägen","lines":"86","arr":["86"],"terminus":0,"mode":"bus","color":"#0059a9","colorDark":"#00294f","angle":0.4,"snapDist":3,"label":0}},{"type":"Feature","geometry":{"type":"Point","coordinates":[11.941689,57.649583]},"properties":{"name":"Lona Knapes Gata","lines":"86, 751, 758","arr":["86","751","758"],"terminus":0,"mode":"bus","color":"#0059a9","colorDark":"#00294f","angle":172.9,"snapDist":11,"label":0}},{"type":"Feature","geometry":{"type":"Point","coordinates":[11.949358,57.6499]},"properties":{"name":"Köpcentrum 421","lines":"86, 751, 758","arr":["86","751","758"],"terminus":0,"mode":"bus","color":"#0059a9","colorDark":"#00294f","angle":179.5,"snapDist":6,"label":0}},{"type":"Feature","geometry":{"type":"Point","coordinates":[11.95692,57.649925]},"properties":{"name":"Norra Långebergsgatan","lines":"86, 751, 758","arr":["86","751","758"],"terminus":0,"mode":"bus","color":"#0059a9","colorDark":"#00294f","angle":179.8,"snapDist":9,"label":0}},{"type":"Feature","geometry":{"type":"Point","coordinates":[11.964298,57.651019]},"properties":{"name":"Eklanda torg","lines":"86, 758","arr":["86","758"],"terminus":0,"mode":"bus","color":"#0059a9","colorDark":"#00294f","angle":167.7,"snapDist":1,"label":0}},{"type":"Feature","geometry":{"type":"Point","coordinates":[11.971556,57.65067]},"properties":{"name":"Eklanda skola","lines":"86, 751","arr":["86","751"],"terminus":0,"mode":"bus","color":"#0059a9","colorDark":"#00294f","angle":180.6,"snapDist":2,"label":0}},{"type":"Feature","geometry":{"type":"Point","coordinates":[11.977431,57.650114]},"properties":{"name":"Fässberg","lines":"86, 751","arr":["86","751"],"terminus":0,"mode":"bus","color":"#0059a9","colorDark":"#00294f","angle":196.8,"snapDist":5,"label":0}},{"type":"Feature","geometry":{"type":"Point","coordinates":[11.987101,57.650262]},"properties":{"name":"Pedagogen Park Södra","lines":"86, 751","arr":["86","751"],"terminus":0,"mode":"bus","color":"#0059a9","colorDark":"#00294f","angle":169.1,"snapDist":5,"label":0}},{"type":"Feature","geometry":{"type":"Point","coordinates":[11.990651,57.654718]},"properties":{"name":"Pedagogen Park Norra","lines":"86, 753","arr":["86","753"],"terminus":0,"mode":"bus","color":"#0059a9","colorDark":"#00294f","angle":117.4,"snapDist":2,"label":0}},{"type":"Feature","geometry":{"type":"Point","coordinates":[11.992569,57.658174]},"properties":{"name":"Vetekornsgatan","lines":"86, 753","arr":["86","753"],"terminus":0,"mode":"bus","color":"#0059a9","colorDark":"#00294f","angle":125.3,"snapDist":4,"label":0}},{"type":"Feature","geometry":{"type":"Point","coordinates":[12.011603,57.666405]},"properties":{"name":"Lackarebäck","lines":"86, 757","arr":["86","757"],"terminus":0,"mode":"bus","color":"#0059a9","colorDark":"#00294f","angle":77,"snapDist":5,"label":0}},{"type":"Feature","geometry":{"type":"Point","coordinates":[12.010163,57.671994]},"properties":{"name":"Krokslätts Fabriker","lines":"86, 757","arr":["86","757"],"terminus":0,"mode":"bus","color":"#0059a9","colorDark":"#00294f","angle":72.4,"snapDist":9,"label":0}},{"type":"Feature","geometry":{"type":"Point","coordinates":[12.00783,57.6756]},"properties":{"name":"Krokslätts torg","lines":"86, 757","arr":["86","757"],"terminus":0,"mode":"bus","color":"#0059a9","colorDark":"#00294f","angle":60.7,"snapDist":11,"label":0}},{"type":"Feature","geometry":{"type":"Point","coordinates":[12.00388,57.67884]},"properties":{"name":"Lana","lines":"86, 758","arr":["86","758"],"terminus":0,"mode":"bus","color":"#0059a9","colorDark":"#00294f","angle":64.9,"snapDist":8,"label":0}},{"type":"Feature","geometry":{"type":"Point","coordinates":[11.940553,57.588464]},"properties":{"name":"Skintebo","lines":"89, X2","arr":["89","X2"],"terminus":1,"mode":"bus","color":"#0059a9","colorDark":"#00294f","angle":221,"snapDist":4,"label":1}},{"type":"Feature","geometry":{"type":"Point","coordinates":[11.94906,57.589275]},"properties":{"name":"Hästebäck","lines":"89, X2","arr":["89","X2"],"terminus":0,"mode":"bus","color":"#0059a9","colorDark":"#00294f","angle":86.2,"snapDist":7,"label":1}},{"type":"Feature","geometry":{"type":"Point","coordinates":[11.949677,57.593578]},"properties":{"name":"Uggledal","lines":"89, X2","arr":["89","X2"],"terminus":0,"mode":"bus","color":"#0059a9","colorDark":"#00294f","angle":85.2,"snapDist":2,"label":1}},{"type":"Feature","geometry":{"type":"Point","coordinates":[11.948838,57.597798]},"properties":{"name":"Bassås","lines":"89, X2","arr":["89","X2"],"terminus":0,"mode":"bus","color":"#0059a9","colorDark":"#00294f","angle":111.3,"snapDist":2,"label":1}},{"type":"Feature","geometry":{"type":"Point","coordinates":[11.952178,57.599686]},"properties":{"name":"Brottkärrsmotet","lines":"89, 258, X2","arr":["89","258","X2"],"terminus":0,"mode":"bus","color":"#0059a9","colorDark":"#00294f","angle":148.4,"snapDist":8,"label":1}},{"type":"Feature","geometry":{"type":"Point","coordinates":[11.955691,57.601167]},"properties":{"name":"Lyckhem","lines":"89, 258, X2","arr":["89","258","X2"],"terminus":0,"mode":"bus","color":"#0059a9","colorDark":"#00294f","angle":119.1,"snapDist":4,"label":1}},{"type":"Feature","geometry":{"type":"Point","coordinates":[11.93942,57.617336]},"properties":{"name":"Hovås Nedre","lines":"89, 180, 184, 258, X2, X3","arr":["89","180","184","258","X2","X3"],"terminus":1,"mode":"bus","color":"#0059a9","colorDark":"#00294f","angle":73.3,"snapDist":8,"label":1}},{"type":"Feature","geometry":{"type":"Point","coordinates":[11.93718,57.620856]},"properties":{"name":"Hovåsskolan","lines":"89, 180, 184, 258, X2","arr":["89","180","184","258","X2"],"terminus":0,"mode":"bus","color":"#0059a9","colorDark":"#00294f","angle":71.6,"snapDist":1,"label":1}},{"type":"Feature","geometry":{"type":"Point","coordinates":[11.93403,57.626552]},"properties":{"name":"Askimsbadet","lines":"89, 180, 184, 258, X2","arr":["89","180","184","258","X2"],"terminus":0,"mode":"bus","color":"#0059a9","colorDark":"#00294f","angle":75.8,"snapDist":6,"label":1}},{"type":"Feature","geometry":{"type":"Point","coordinates":[11.931983,57.630864]},"properties":{"name":"Trollängen","lines":"89, 180, 184, 258, X2","arr":["89","180","184","258","X2"],"terminus":0,"mode":"bus","color":"#0059a9","colorDark":"#00294f","angle":80.3,"snapDist":8,"label":1}},{"type":"Feature","geometry":{"type":"Point","coordinates":[11.931689,57.635848]},"properties":{"name":"Askims Stationsväg","lines":"89, 180, 184, 258, X2","arr":["89","180","184","258","X2"],"terminus":0,"mode":"bus","color":"#0059a9","colorDark":"#00294f","angle":92.7,"snapDist":5,"label":1}},{"type":"Feature","geometry":{"type":"Point","coordinates":[11.932082,57.639852]},"properties":{"name":"Pilegården","lines":"89, 180, 184, 258, X2","arr":["89","180","184","258","X2"],"terminus":0,"mode":"bus","color":"#0059a9","colorDark":"#00294f","angle":92,"snapDist":10,"label":1}},{"type":"Feature","geometry":{"type":"Point","coordinates":[11.931873,57.638756]},"properties":{"name":"Pilegården","lines":"89, 180, 184, 258, X2","arr":["89","180","184","258","X2"],"terminus":0,"mode":"bus","color":"#0059a9","colorDark":"#00294f","angle":271.6,"snapDist":7,"label":0}},{"type":"Feature","geometry":{"type":"Point","coordinates":[11.931454,57.634917]},"properties":{"name":"Askims Stationsväg","lines":"89, 180, 184, 258, X2","arr":["89","180","184","258","X2"],"terminus":0,"mode":"bus","color":"#0059a9","colorDark":"#00294f","angle":271.9,"snapDist":7,"label":0}},{"type":"Feature","geometry":{"type":"Point","coordinates":[11.932478,57.629384]},"properties":{"name":"Trollängen","lines":"89, 180, 184, 258, X2","arr":["89","180","184","258","X2"],"terminus":0,"mode":"bus","color":"#0059a9","colorDark":"#00294f","angle":255.4,"snapDist":10,"label":0}},{"type":"Feature","geometry":{"type":"Point","coordinates":[11.934337,57.625571]},"properties":{"name":"Askimsbadet","lines":"89, 180, 184, 258, X2","arr":["89","180","184","258","X2"],"terminus":0,"mode":"bus","color":"#0059a9","colorDark":"#00294f","angle":255.8,"snapDist":9,"label":0}},{"type":"Feature","geometry":{"type":"Point","coordinates":[11.936417,57.621794]},"properties":{"name":"Hovåsskolan","lines":"89, 180, 184, 258, X2","arr":["89","180","184","258","X2"],"terminus":0,"mode":"bus","color":"#0059a9","colorDark":"#00294f","angle":251.9,"snapDist":0,"label":0}},{"type":"Feature","geometry":{"type":"Point","coordinates":[11.939446,57.616931]},"properties":{"name":"Hovås Nedre","lines":"89, 180, 184, 258, X2, X3","arr":["89","180","184","258","X2","X3"],"terminus":1,"mode":"bus","color":"#0059a9","colorDark":"#00294f","angle":253.3,"snapDist":7,"label":0}},{"type":"Feature","geometry":{"type":"Point","coordinates":[11.952064,57.599746]},"properties":{"name":"Brottkärrsmotet","lines":"89, 258, X2","arr":["89","258","X2"],"terminus":0,"mode":"bus","color":"#0059a9","colorDark":"#00294f","angle":325.5,"snapDist":1,"label":0}},{"type":"Feature","geometry":{"type":"Point","coordinates":[11.948616,57.597756]},"properties":{"name":"Bassås","lines":"89, X2","arr":["89","X2"],"terminus":0,"mode":"bus","color":"#0059a9","colorDark":"#00294f","angle":294.1,"snapDist":3,"label":0}},{"type":"Feature","geometry":{"type":"Point","coordinates":[11.949561,57.592815]},"properties":{"name":"Uggledal","lines":"89, X2","arr":["89","X2"],"terminus":0,"mode":"bus","color":"#0059a9","colorDark":"#00294f","angle":275,"snapDist":4,"label":0}},{"type":"Feature","geometry":{"type":"Point","coordinates":[11.949044,57.590033]},"properties":{"name":"Hästebäck","lines":"89, X2","arr":["89","X2"],"terminus":0,"mode":"bus","color":"#0059a9","colorDark":"#00294f","angle":274.8,"snapDist":6,"label":0}},{"type":"Feature","geometry":{"type":"Point","coordinates":[11.94013,57.588653]},"properties":{"name":"Skintebo","lines":"89, X2","arr":["89","X2"],"terminus":1,"mode":"bus","color":"#0059a9","colorDark":"#00294f","angle":31.5,"snapDist":5,"label":0}},{"type":"Feature","geometry":{"type":"Point","coordinates":[11.949153,57.701354]},"properties":{"name":"Järnvågen","lines":"90, 91, 114, 290, X2, X5, X6","arr":["90","91","114","290","X2","X5","X6"],"terminus":1,"mode":"bus","color":"#0059a9","colorDark":"#00294f","angle":347.3,"snapDist":5,"label":1}},{"type":"Feature","geometry":{"type":"Point","coordinates":[11.918272,57.692811]},"properties":{"name":"Kustgatan","lines":"90","arr":["90"],"terminus":0,"mode":"bus","color":"#0059a9","colorDark":"#00294f","angle":220.6,"snapDist":5,"label":1}},{"type":"Feature","geometry":{"type":"Point","coordinates":[11.922624,57.692751]},"properties":{"name":"Blåsutgatan","lines":"90","arr":["90"],"terminus":0,"mode":"bus","color":"#0059a9","colorDark":"#00294f","angle":247.7,"snapDist":5,"label":1}},{"type":"Feature","geometry":{"type":"Point","coordinates":[11.924863,57.689507]},"properties":{"name":"Gråberget","lines":"90","arr":["90"],"terminus":0,"mode":"bus","color":"#0059a9","colorDark":"#00294f","angle":37.4,"snapDist":3,"label":1}},{"type":"Feature","geometry":{"type":"Point","coordinates":[11.922502,57.692916]},"properties":{"name":"Blåsutgatan","lines":"90","arr":["90"],"terminus":0,"mode":"bus","color":"#0059a9","colorDark":"#00294f","angle":68.6,"snapDist":5,"label":0}},{"type":"Feature","geometry":{"type":"Point","coordinates":[11.918496,57.692717]},"properties":{"name":"Kustgatan","lines":"90","arr":["90"],"terminus":0,"mode":"bus","color":"#0059a9","colorDark":"#00294f","angle":35.8,"snapDist":5,"label":0}},{"type":"Feature","geometry":{"type":"Point","coordinates":[11.915024,57.691437]},"properties":{"name":"Jaegerdorffsplatsen","lines":"90, 190","arr":["90","190"],"terminus":0,"mode":"bus","color":"#0059a9","colorDark":"#00294f","angle":312.1,"snapDist":1,"label":1}},{"type":"Feature","geometry":{"type":"Point","coordinates":[11.887104,57.659144]},"properties":{"name":"Beryllgatan","lines":"90","arr":["90"],"terminus":0,"mode":"bus","color":"#0059a9","colorDark":"#00294f","angle":325.3,"snapDist":4,"label":1}},{"type":"Feature","geometry":{"type":"Point","coordinates":[11.88199,57.657241]},"properties":{"name":"Östes Gata","lines":"90","arr":["90"],"terminus":0,"mode":"bus","color":"#0059a9","colorDark":"#00294f","angle":323.8,"snapDist":6,"label":1}},{"type":"Feature","geometry":{"type":"Point","coordinates":[11.877799,57.655725]},"properties":{"name":"Västes Gata","lines":"90","arr":["90"],"terminus":0,"mode":"bus","color":"#0059a9","colorDark":"#00294f","angle":330.7,"snapDist":6,"label":1}},{"type":"Feature","geometry":{"type":"Point","coordinates":[11.872819,57.654782]},"properties":{"name":"Björnåsgatan","lines":"90","arr":["90"],"terminus":0,"mode":"bus","color":"#0059a9","colorDark":"#00294f","angle":341.7,"snapDist":7,"label":1}},{"type":"Feature","geometry":{"type":"Point","coordinates":[11.868466,57.652001]},"properties":{"name":"Fiskebäcksskolan","lines":"90, 97","arr":["90","97"],"terminus":0,"mode":"bus","color":"#0059a9","colorDark":"#00294f","angle":294.4,"snapDist":4,"label":1}},{"type":"Feature","geometry":{"type":"Point","coordinates":[11.867691,57.648442]},"properties":{"name":"Sikgatan","lines":"90, 97","arr":["90","97"],"terminus":0,"mode":"bus","color":"#0059a9","colorDark":"#00294f","angle":263.6,"snapDist":4,"label":1}},{"type":"Feature","geometry":{"type":"Point","coordinates":[11.871425,57.647864]},"properties":{"name":"Aprikosgatan","lines":"90, 194","arr":["90","194"],"terminus":1,"mode":"bus","color":"#0059a9","colorDark":"#00294f","angle":180.2,"snapDist":5,"label":1}},{"type":"Feature","geometry":{"type":"Point","coordinates":[11.877003,57.647804]},"properties":{"name":"Melongatan","lines":"90, 194","arr":["90","194"],"terminus":0,"mode":"bus","color":"#0059a9","colorDark":"#00294f","angle":182.3,"snapDist":7,"label":1}},{"type":"Feature","geometry":{"type":"Point","coordinates":[11.885656,57.646294]},"properties":{"name":"Åkerberget","lines":"90, 94, 194, 196","arr":["90","94","194","196"],"terminus":0,"mode":"bus","color":"#0059a9","colorDark":"#00294f","angle":197,"snapDist":3,"label":1}},{"type":"Feature","geometry":{"type":"Point","coordinates":[11.889879,57.647013]},"properties":{"name":"Grevebergsgatan","lines":"90, 94, 194, 196","arr":["90","94","194","196"],"terminus":0,"mode":"bus","color":"#0059a9","colorDark":"#00294f","angle":127.2,"snapDist":8,"label":1}},{"type":"Feature","geometry":{"type":"Point","coordinates":[11.893517,57.648835]},"properties":{"name":"Grevegårdsvägen","lines":"90, 94, 194, 196","arr":["90","94","194","196"],"terminus":0,"mode":"bus","color":"#0059a9","colorDark":"#00294f","angle":150.6,"snapDist":4,"label":1}},{"type":"Feature","geometry":{"type":"Point","coordinates":[11.898333,57.650242]},"properties":{"name":"Björkhöjdsgatan","lines":"90, 94, 194, 196","arr":["90","94","194","196"],"terminus":0,"mode":"bus","color":"#0059a9","colorDark":"#00294f","angle":151.4,"snapDist":4,"label":1}},{"type":"Feature","geometry":{"type":"Point","coordinates":[11.899199,57.650635]},"properties":{"name":"Björkhöjdsgatan","lines":"90, 94","arr":["90","94"],"terminus":0,"mode":"bus","color":"#0059a9","colorDark":"#00294f","angle":330.8,"snapDist":7,"label":0}},{"type":"Feature","geometry":{"type":"Point","coordinates":[11.893103,57.648889]},"properties":{"name":"Grevegårdsvägen","lines":"90, 94","arr":["90","94"],"terminus":0,"mode":"bus","color":"#0059a9","colorDark":"#00294f","angle":342.4,"snapDist":6,"label":0}},{"type":"Feature","geometry":{"type":"Point","coordinates":[11.890276,57.647427]},"properties":{"name":"Grevebergsgatan","lines":"90, 94","arr":["90","94"],"terminus":0,"mode":"bus","color":"#0059a9","colorDark":"#00294f","angle":299.7,"snapDist":5,"label":0}},{"type":"Feature","geometry":{"type":"Point","coordinates":[11.885099,57.646552]},"properties":{"name":"Åkerberget","lines":"90, 94","arr":["90","94"],"terminus":0,"mode":"bus","color":"#0059a9","colorDark":"#00294f","angle":29.7,"snapDist":3,"label":0}},{"type":"Feature","geometry":{"type":"Point","coordinates":[11.87705,57.647802]},"properties":{"name":"Melongatan","lines":"90","arr":["90"],"terminus":0,"mode":"bus","color":"#0059a9","colorDark":"#00294f","angle":2.3,"snapDist":7,"label":0}},{"type":"Feature","geometry":{"type":"Point","coordinates":[11.872556,57.647859]},"properties":{"name":"Aprikosgatan","lines":"90","arr":["90"],"terminus":0,"mode":"bus","color":"#0059a9","colorDark":"#00294f","angle":0.4,"snapDist":6,"label":0}},{"type":"Feature","geometry":{"type":"Point","coordinates":[11.867675,57.648526]},"properties":{"name":"Sikgatan","lines":"90, 97, 197","arr":["90","97","197"],"terminus":0,"mode":"bus","color":"#0059a9","colorDark":"#00294f","angle":84.9,"snapDist":7,"label":0}},{"type":"Feature","geometry":{"type":"Point","coordinates":[11.869127,57.652784]},"properties":{"name":"Fiskebäcksskolan","lines":"90, 97, 197","arr":["90","97","197"],"terminus":0,"mode":"bus","color":"#0059a9","colorDark":"#00294f","angle":114.2,"snapDist":3,"label":0}},{"type":"Feature","geometry":{"type":"Point","coordinates":[11.873029,57.654814]},"properties":{"name":"Björnåsgatan","lines":"90","arr":["90"],"terminus":0,"mode":"bus","color":"#0059a9","colorDark":"#00294f","angle":164.9,"snapDist":7,"label":0}},{"type":"Feature","geometry":{"type":"Point","coordinates":[11.877063,57.655529]},"properties":{"name":"Västes Gata","lines":"90","arr":["90"],"terminus":0,"mode":"bus","color":"#0059a9","colorDark":"#00294f","angle":153.8,"snapDist":5,"label":0}},{"type":"Feature","geometry":{"type":"Point","coordinates":[11.882164,57.657309]},"properties":{"name":"Östes Gata","lines":"90","arr":["90"],"terminus":0,"mode":"bus","color":"#0059a9","colorDark":"#00294f","angle":144.5,"snapDist":7,"label":0}},{"type":"Feature","geometry":{"type":"Point","coordinates":[11.887336,57.659147]},"properties":{"name":"Beryllgatan","lines":"90, 91, 97, 197, X5","arr":["90","91","97","197","X5"],"terminus":0,"mode":"bus","color":"#0059a9","colorDark":"#00294f","angle":142.1,"snapDist":5,"label":0}},{"type":"Feature","geometry":{"type":"Point","coordinates":[11.915501,57.69172]},"properties":{"name":"Jaegerdorffsplatsen","lines":"90, 190","arr":["90","190"],"terminus":0,"mode":"bus","color":"#0059a9","colorDark":"#00294f","angle":131.9,"snapDist":3,"label":0}},{"type":"Feature","geometry":{"type":"Point","coordinates":[11.948932,57.700998]},"properties":{"name":"Järnvågen","lines":"90, 91, 193, 194, 196, 197","arr":["90","91","193","194","196","197"],"terminus":1,"mode":"bus","color":"#0059a9","colorDark":"#00294f","angle":171.6,"snapDist":1,"label":0}},{"type":"Feature","geometry":{"type":"Point","coordinates":[11.889281,57.679262]},"properties":{"name":"Nya Varvets Torg","lines":"91, 114","arr":["91","114"],"terminus":0,"mode":"bus","color":"#0059a9","colorDark":"#00294f","angle":33.6,"snapDist":4,"label":1}},{"type":"Feature","geometry":{"type":"Point","coordinates":[11.879717,57.680295]},"properties":{"name":"Toredamm","lines":"91","arr":["91"],"terminus":0,"mode":"bus","color":"#0059a9","colorDark":"#00294f","angle":347.2,"snapDist":6,"label":1}},{"type":"Feature","geometry":{"type":"Point","coordinates":[11.874137,57.679694]},"properties":{"name":"Tångudden","lines":"91","arr":["91"],"terminus":0,"mode":"bus","color":"#0059a9","colorDark":"#00294f","angle":349.9,"snapDist":3,"label":1}},{"type":"Feature","geometry":{"type":"Point","coordinates":[11.871041,57.67765]},"properties":{"name":"Sjögången","lines":"91","arr":["91"],"terminus":0,"mode":"bus","color":"#0059a9","colorDark":"#00294f","angle":289.5,"snapDist":4,"label":1}},{"type":"Feature","geometry":{"type":"Point","coordinates":[11.87736,57.676266]},"properties":{"name":"Skogsrydsgatan","lines":"91","arr":["91"],"terminus":0,"mode":"bus","color":"#0059a9","colorDark":"#00294f","angle":207.5,"snapDist":4,"label":1}},{"type":"Feature","geometry":{"type":"Point","coordinates":[11.881022,57.674544]},"properties":{"name":"Krokebacksgatan","lines":"91","arr":["91"],"terminus":0,"mode":"bus","color":"#0059a9","colorDark":"#00294f","angle":232.6,"snapDist":3,"label":1}},{"type":"Feature","geometry":{"type":"Point","coordinates":[11.871739,57.669001]},"properties":{"name":"Käringberget","lines":"91","arr":["91"],"terminus":0,"mode":"bus","color":"#0059a9","colorDark":"#00294f","angle":261.3,"snapDist":5,"label":1}},{"type":"Feature","geometry":{"type":"Point","coordinates":[11.874112,57.664357]},"properties":{"name":"Påvelunds Centrum","lines":"91, 97, 197","arr":["91","97","197"],"terminus":0,"mode":"bus","color":"#0059a9","colorDark":"#00294f","angle":179.8,"snapDist":3,"label":1}},{"type":"Feature","geometry":{"type":"Point","coordinates":[11.881206,57.662017]},"properties":{"name":"Pingstvägen","lines":"91, 97, 197","arr":["91","97","197"],"terminus":0,"mode":"bus","color":"#0059a9","colorDark":"#00294f","angle":203.6,"snapDist":5,"label":1}},{"type":"Feature","geometry":{"type":"Point","coordinates":[11.887427,57.66096]},"properties":{"name":"Madbäcksvägen","lines":"91, 97, 197","arr":["91","97","197"],"terminus":0,"mode":"bus","color":"#0059a9","colorDark":"#00294f","angle":193.4,"snapDist":6,"label":1}},{"type":"Feature","geometry":{"type":"Point","coordinates":[11.886994,57.658944]},"properties":{"name":"Beryllgatan","lines":"91, 97, X5","arr":["91","97","X5"],"terminus":0,"mode":"bus","color":"#0059a9","colorDark":"#00294f","angle":112,"snapDist":2,"label":0}},{"type":"Feature","geometry":{"type":"Point","coordinates":[11.89934,57.657925]},"properties":{"name":"Rud","lines":"91, 97","arr":["91","97"],"terminus":0,"mode":"bus","color":"#0059a9","colorDark":"#00294f","angle":230.4,"snapDist":1,"label":1}},{"type":"Feature","geometry":{"type":"Point","coordinates":[11.903093,57.654712]},"properties":{"name":"Munspelsgatan","lines":"91, 97","arr":["91","97"],"terminus":0,"mode":"bus","color":"#0059a9","colorDark":"#00294f","angle":237.1,"snapDist":4,"label":1}},{"type":"Feature","geometry":{"type":"Point","coordinates":[11.909114,57.652129]},"properties":{"name":"Frölunda Torg","lines":"91, 97","arr":["91","97"],"terminus":1,"mode":"bus","color":"#0059a9","colorDark":"#00294f","angle":136.3,"snapDist":0,"label":0}},{"type":"Feature","geometry":{"type":"Point","coordinates":[11.902374,57.655335]},"properties":{"name":"Munspelsgatan","lines":"91, 97","arr":["91","97"],"terminus":0,"mode":"bus","color":"#0059a9","colorDark":"#00294f","angle":59.1,"snapDist":4,"label":0}},{"type":"Feature","geometry":{"type":"Point","coordinates":[11.899401,57.657982]},"properties":{"name":"Rud","lines":"91, 97","arr":["91","97"],"terminus":0,"mode":"bus","color":"#0059a9","colorDark":"#00294f","angle":66.2,"snapDist":4,"label":0}},{"type":"Feature","geometry":{"type":"Point","coordinates":[11.887628,57.660933]},"properties":{"name":"Madbäcksvägen","lines":"91, 97","arr":["91","97"],"terminus":0,"mode":"bus","color":"#0059a9","colorDark":"#00294f","angle":14.1,"snapDist":5,"label":0}},{"type":"Feature","geometry":{"type":"Point","coordinates":[11.880877,57.662093]},"properties":{"name":"Pingstvägen","lines":"91, 97","arr":["91","97"],"terminus":0,"mode":"bus","color":"#0059a9","colorDark":"#00294f","angle":23.6,"snapDist":5,"label":0}},{"type":"Feature","geometry":{"type":"Point","coordinates":[11.874139,57.664357]},"properties":{"name":"Påvelunds Centrum","lines":"91, 97","arr":["91","97"],"terminus":0,"mode":"bus","color":"#0059a9","colorDark":"#00294f","angle":359.8,"snapDist":6,"label":0}},{"type":"Feature","geometry":{"type":"Point","coordinates":[11.872129,57.669427]},"properties":{"name":"Käringberget","lines":"91, 114","arr":["91","114"],"terminus":0,"mode":"bus","color":"#0059a9","colorDark":"#00294f","angle":153.1,"snapDist":7,"label":0}},{"type":"Feature","geometry":{"type":"Point","coordinates":[11.882575,57.674233]},"properties":{"name":"Fågelvägen","lines":"91, 114","arr":["91","114"],"terminus":0,"mode":"bus","color":"#0059a9","colorDark":"#00294f","angle":145.7,"snapDist":3,"label":1}},{"type":"Feature","geometry":{"type":"Point","coordinates":[11.90011,57.619686]},"properties":{"name":"Näsbovägen","lines":"92, 93, 193","arr":["92","93","193"],"terminus":1,"mode":"bus","color":"#0059a9","colorDark":"#00294f","angle":39.5,"snapDist":1,"label":1}},{"type":"Feature","geometry":{"type":"Point","coordinates":[11.900687,57.62482]},"properties":{"name":"Hammarvägen","lines":"92, 93, 94, 193","arr":["92","93","94","193"],"terminus":0,"mode":"bus","color":"#0059a9","colorDark":"#00294f","angle":75.8,"snapDist":7,"label":1}},{"type":"Feature","geometry":{"type":"Point","coordinates":[11.900331,57.62788]},"properties":{"name":"Rödgatan","lines":"92, 93, 94, 193","arr":["92","93","94","193"],"terminus":0,"mode":"bus","color":"#0059a9","colorDark":"#00294f","angle":88,"snapDist":5,"label":1}},{"type":"Feature","geometry":{"type":"Point","coordinates":[11.899393,57.631473]},"properties":{"name":"Kulörgatan","lines":"92, 93, 94, 193","arr":["92","93","94","193"],"terminus":0,"mode":"bus","color":"#0059a9","colorDark":"#00294f","angle":89.4,"snapDist":9,"label":1}},{"type":"Feature","geometry":{"type":"Point","coordinates":[11.898545,57.634074]},"properties":{"name":"Åkered","lines":"92, 93, 94, 193","arr":["92","93","94","193"],"terminus":0,"mode":"bus","color":"#0059a9","colorDark":"#00294f","angle":87.3,"snapDist":5,"label":0}},{"type":"Feature","geometry":{"type":"Point","coordinates":[11.909145,57.637073]},"properties":{"name":"Kannebäck","lines":"92, 93, 193","arr":["92","93","193"],"terminus":0,"mode":"bus","color":"#0059a9","colorDark":"#00294f","angle":143.9,"snapDist":5,"label":1}},{"type":"Feature","geometry":{"type":"Point","coordinates":[11.915137,57.640429]},"properties":{"name":"Hults Bro","lines":"92, 93, 193","arr":["92","93","193"],"terminus":0,"mode":"bus","color":"#0059a9","colorDark":"#00294f","angle":108.1,"snapDist":5,"label":1}},{"type":"Feature","geometry":{"type":"Point","coordinates":[11.916916,57.64338]},"properties":{"name":"Ängås","lines":"92, 93, 193","arr":["92","93","193"],"terminus":0,"mode":"bus","color":"#0059a9","colorDark":"#00294f","angle":107.1,"snapDist":7,"label":1}},{"type":"Feature","geometry":{"type":"Point","coordinates":[11.917246,57.646064]},"properties":{"name":"Toftaåsgatan","lines":"92, 93, 193","arr":["92","93","193"],"terminus":0,"mode":"bus","color":"#0059a9","colorDark":"#00294f","angle":90.5,"snapDist":2,"label":1}},{"type":"Feature","geometry":{"type":"Point","coordinates":[11.909876,57.652109]},"properties":{"name":"Frölunda Torg","lines":"92, 93","arr":["92","93"],"terminus":1,"mode":"bus","color":"#0059a9","colorDark":"#00294f","angle":136,"snapDist":1,"label":0}},{"type":"Feature","geometry":{"type":"Point","coordinates":[11.917104,57.645843]},"properties":{"name":"Toftaåsgatan","lines":"92, 93","arr":["92","93"],"terminus":0,"mode":"bus","color":"#0059a9","colorDark":"#00294f","angle":268.3,"snapDist":4,"label":0}},{"type":"Feature","geometry":{"type":"Point","coordinates":[11.916806,57.643196]},"properties":{"name":"Ängås","lines":"92, 93","arr":["92","93"],"terminus":0,"mode":"bus","color":"#0059a9","colorDark":"#00294f","angle":287.9,"snapDist":8,"label":0}},{"type":"Feature","geometry":{"type":"Point","coordinates":[11.914993,57.640193]},"properties":{"name":"Hults Bro","lines":"92, 93","arr":["92","93"],"terminus":0,"mode":"bus","color":"#0059a9","colorDark":"#00294f","angle":288.1,"snapDist":6,"label":0}},{"type":"Feature","geometry":{"type":"Point","coordinates":[11.90783,57.636572]},"properties":{"name":"Kannebäck","lines":"92, 93","arr":["92","93"],"terminus":0,"mode":"bus","color":"#0059a9","colorDark":"#00294f","angle":324.6,"snapDist":6,"label":0}},{"type":"Feature","geometry":{"type":"Point","coordinates":[11.898484,57.633726]},"properties":{"name":"Åkered","lines":"92, 93, 94","arr":["92","93","94"],"terminus":0,"mode":"bus","color":"#0059a9","colorDark":"#00294f","angle":251.4,"snapDist":5,"label":0}},{"type":"Feature","geometry":{"type":"Point","coordinates":[11.899637,57.630781]},"properties":{"name":"Kulörgatan","lines":"92, 93, 94","arr":["92","93","94"],"terminus":0,"mode":"bus","color":"#0059a9","colorDark":"#00294f","angle":253.8,"snapDist":3,"label":0}},{"type":"Feature","geometry":{"type":"Point","coordinates":[11.900443,57.626795]},"properties":{"name":"Rödgatan","lines":"92, 93, 94","arr":["92","93","94"],"terminus":0,"mode":"bus","color":"#0059a9","colorDark":"#00294f","angle":267.1,"snapDist":9,"label":0}},{"type":"Feature","geometry":{"type":"Point","coordinates":[11.900766,57.624654]},"properties":{"name":"Hammarvägen","lines":"92, 93, 94","arr":["92","93","94"],"terminus":0,"mode":"bus","color":"#0059a9","colorDark":"#00294f","angle":255.8,"snapDist":9,"label":0}},{"type":"Feature","geometry":{"type":"Point","coordinates":[11.915428,57.634878]},"properties":{"name":"Välen","lines":"93","arr":["93"],"terminus":0,"mode":"bus","color":"#0059a9","colorDark":"#00294f","angle":244.6,"snapDist":1,"label":1}},{"type":"Feature","geometry":{"type":"Point","coordinates":[11.917877,57.632772]},"properties":{"name":"Gjutegården","lines":"93","arr":["93"],"terminus":0,"mode":"bus","color":"#0059a9","colorDark":"#00294f","angle":210.8,"snapDist":1,"label":1}},{"type":"Feature","geometry":{"type":"Point","coordinates":[11.92256,57.631988]},"properties":{"name":"Hultåsen","lines":"93","arr":["93"],"terminus":0,"mode":"bus","color":"#0059a9","colorDark":"#00294f","angle":16.9,"snapDist":1,"label":1}},{"type":"Feature","geometry":{"type":"Point","coordinates":[11.917712,57.632824]},"properties":{"name":"Gjutegården","lines":"93","arr":["93"],"terminus":0,"mode":"bus","color":"#0059a9","colorDark":"#00294f","angle":211.7,"snapDist":5,"label":0}},{"type":"Feature","geometry":{"type":"Point","coordinates":[11.914903,57.635477]},"properties":{"name":"Välen","lines":"93","arr":["93"],"terminus":0,"mode":"bus","color":"#0059a9","colorDark":"#00294f","angle":243,"snapDist":3,"label":0}},{"type":"Feature","geometry":{"type":"Point","coordinates":[11.900197,57.619641]},"properties":{"name":"Näsbovägen","lines":"94","arr":["94"],"terminus":1,"mode":"bus","color":"#0059a9","colorDark":"#00294f","angle":45.7,"snapDist":1,"label":0}},{"type":"Feature","geometry":{"type":"Point","coordinates":[11.900468,57.642265]},"properties":{"name":"Opaltorget","lines":"94","arr":["94"],"terminus":0,"mode":"bus","color":"#0059a9","colorDark":"#00294f","angle":53.3,"snapDist":3,"label":1}},{"type":"Feature","geometry":{"type":"Point","coordinates":[11.897168,57.634696]},"properties":{"name":"Åkered","lines":"94, 196","arr":["94","196"],"terminus":1,"mode":"bus","color":"#0059a9","colorDark":"#00294f","angle":0.9,"snapDist":5,"label":1}},{"type":"Feature","geometry":{"type":"Point","coordinates":[11.888506,57.634159]},"properties":{"name":"Brungatan","lines":"94, 196","arr":["94","196"],"terminus":0,"mode":"bus","color":"#0059a9","colorDark":"#00294f","angle":347.1,"snapDist":6,"label":1}},{"type":"Feature","geometry":{"type":"Point","coordinates":[11.87894,57.636226]},"properties":{"name":"Halleskärsgatan","lines":"94","arr":["94"],"terminus":0,"mode":"bus","color":"#0059a9","colorDark":"#00294f","angle":191.2,"snapDist":5,"label":1}},{"type":"Feature","geometry":{"type":"Point","coordinates":[11.873211,57.637821]},"properties":{"name":"Önnereds Brygga","lines":"94","arr":["94"],"terminus":0,"mode":"bus","color":"#0059a9","colorDark":"#00294f","angle":49.5,"snapDist":1,"label":1}},{"type":"Feature","geometry":{"type":"Point","coordinates":[11.880119,57.636767]},"properties":{"name":"Halleskärsgatan","lines":"94, 196","arr":["94","196"],"terminus":0,"mode":"bus","color":"#0059a9","colorDark":"#00294f","angle":102.5,"snapDist":8,"label":0}},{"type":"Feature","geometry":{"type":"Point","coordinates":[11.881182,57.639301]},"properties":{"name":"Juteskärsgatan","lines":"94, 196","arr":["94","196"],"terminus":0,"mode":"bus","color":"#0059a9","colorDark":"#00294f","angle":95.5,"snapDist":2,"label":1}},{"type":"Feature","geometry":{"type":"Point","coordinates":[11.880725,57.642341]},"properties":{"name":"Klåveskärsgatan","lines":"94, 196","arr":["94","196"],"terminus":0,"mode":"bus","color":"#0059a9","colorDark":"#00294f","angle":84,"snapDist":6,"label":1}},{"type":"Feature","geometry":{"type":"Point","coordinates":[11.881265,57.644836]},"properties":{"name":"Stenskärsgatan","lines":"94, 196","arr":["94","196"],"terminus":0,"mode":"bus","color":"#0059a9","colorDark":"#00294f","angle":114.7,"snapDist":6,"label":1}},{"type":"Feature","geometry":{"type":"Point","coordinates":[11.88185,57.645381]},"properties":{"name":"Stenskärsgatan","lines":"94","arr":["94"],"terminus":0,"mode":"bus","color":"#0059a9","colorDark":"#00294f","angle":306.1,"snapDist":7,"label":0}},{"type":"Feature","geometry":{"type":"Point","coordinates":[11.880785,57.642074]},"properties":{"name":"Klåveskärsgatan","lines":"94","arr":["94"],"terminus":0,"mode":"bus","color":"#0059a9","colorDark":"#00294f","angle":263.1,"snapDist":9,"label":0}},{"type":"Feature","geometry":{"type":"Point","coordinates":[11.881146,57.639144]},"properties":{"name":"Juteskärsgatan","lines":"94","arr":["94"],"terminus":0,"mode":"bus","color":"#0059a9","colorDark":"#00294f","angle":279.8,"snapDist":1,"label":0}},{"type":"Feature","geometry":{"type":"Point","coordinates":[11.873093,57.637816]},"properties":{"name":"Önnereds Brygga","lines":"94","arr":["94"],"terminus":0,"mode":"bus","color":"#0059a9","colorDark":"#00294f","angle":46.8,"snapDist":0,"label":0}},{"type":"Feature","geometry":{"type":"Point","coordinates":[11.881001,57.636017]},"properties":{"name":"Halleskärsgatan","lines":"94","arr":["94"],"terminus":0,"mode":"bus","color":"#0059a9","colorDark":"#00294f","angle":190,"snapDist":3,"label":0}},{"type":"Feature","geometry":{"type":"Point","coordinates":[11.890898,57.634473]},"properties":{"name":"Brungatan","lines":"94","arr":["94"],"terminus":0,"mode":"bus","color":"#0059a9","colorDark":"#00294f","angle":152,"snapDist":4,"label":0}},{"type":"Feature","geometry":{"type":"Point","coordinates":[11.896843,57.634645]},"properties":{"name":"Åkered","lines":"94","arr":["94"],"terminus":0,"mode":"bus","color":"#0059a9","colorDark":"#00294f","angle":188.6,"snapDist":5,"label":0}},{"type":"Feature","geometry":{"type":"Point","coordinates":[11.853211,57.648842]},"properties":{"name":"Fiskebäcks Småbåtshamn","lines":"97, 197","arr":["97","197"],"terminus":1,"mode":"bus","color":"#0059a9","colorDark":"#00294f","angle":165.3,"snapDist":6,"label":1}},{"type":"Feature","geometry":{"type":"Point","coordinates":[11.861221,57.64561]},"properties":{"name":"Fiskebäcks Hamn","lines":"97, 197","arr":["97","197"],"terminus":0,"mode":"bus","color":"#0059a9","colorDark":"#00294f","angle":241,"snapDist":0,"label":1}},{"type":"Feature","geometry":{"type":"Point","coordinates":[11.870811,57.655082]},"properties":{"name":"Björnåsgatan","lines":"97, 197","arr":["97","197"],"terminus":0,"mode":"bus","color":"#0059a9","colorDark":"#00294f","angle":61.4,"snapDist":10,"label":0}},{"type":"Feature","geometry":{"type":"Point","coordinates":[11.872341,57.660412]},"properties":{"name":"Skärvallsgatan","lines":"97, 197","arr":["97","197"],"terminus":0,"mode":"bus","color":"#0059a9","colorDark":"#00294f","angle":98.6,"snapDist":6,"label":1}},{"type":"Feature","geometry":{"type":"Point","coordinates":[11.872038,57.659256]},"properties":{"name":"Skärvallsgatan","lines":"97","arr":["97"],"terminus":0,"mode":"bus","color":"#0059a9","colorDark":"#00294f","angle":278.1,"snapDist":8,"label":0}},{"type":"Feature","geometry":{"type":"Point","coordinates":[11.87093,57.65497]},"properties":{"name":"Björnåsgatan","lines":"97","arr":["97"],"terminus":0,"mode":"bus","color":"#0059a9","colorDark":"#00294f","angle":240.5,"snapDist":1,"label":0}},{"type":"Feature","geometry":{"type":"Point","coordinates":[11.860975,57.645838]},"properties":{"name":"Fiskebäcks Hamn","lines":"97","arr":["97"],"terminus":0,"mode":"bus","color":"#0059a9","colorDark":"#00294f","angle":59.2,"snapDist":4,"label":0}},{"type":"Feature","geometry":{"type":"Point","coordinates":[11.945005,57.719981]},"properties":{"name":"Vågmästareplatsen","lines":"99","arr":["99"],"terminus":0,"mode":"bus","color":"#0059a9","colorDark":"#00294f","angle":266.2,"snapDist":4,"label":0}},{"type":"Feature","geometry":{"type":"Point","coordinates":[11.945005,57.717377]},"properties":{"name":"Madängsgatan","lines":"99","arr":["99"],"terminus":0,"mode":"bus","color":"#0059a9","colorDark":"#00294f","angle":275.4,"snapDist":5,"label":1}},{"type":"Feature","geometry":{"type":"Point","coordinates":[11.94112,57.711506]},"properties":{"name":"Regnbågsgatan","lines":"99","arr":["99"],"terminus":0,"mode":"bus","color":"#0059a9","colorDark":"#00294f","angle":350.3,"snapDist":11,"label":1}},{"type":"Feature","geometry":{"type":"Point","coordinates":[11.933401,57.710496]},"properties":{"name":"Polstjärnegatan","lines":"99","arr":["99"],"terminus":0,"mode":"bus","color":"#0059a9","colorDark":"#00294f","angle":324.2,"snapDist":12,"label":1}},{"type":"Feature","geometry":{"type":"Point","coordinates":[11.90166,57.680328]},"properties":{"name":"Kungssten","lines":"99, 199, X90","arr":["99","199","X90"],"terminus":0,"mode":"bus","color":"#0059a9","colorDark":"#00294f","angle":317,"snapDist":3,"label":0}},{"type":"Feature","geometry":{"type":"Point","coordinates":[11.909565,57.652115]},"properties":{"name":"Frölunda Torg","lines":"99","arr":["99"],"terminus":1,"mode":"bus","color":"#0059a9","colorDark":"#00294f","angle":136.2,"snapDist":0,"label":0}},{"type":"Feature","geometry":{"type":"Point","coordinates":[11.903026,57.680519]},"properties":{"name":"Kungssten","lines":"99, 199, X90","arr":["99","199","X90"],"terminus":0,"mode":"bus","color":"#0059a9","colorDark":"#00294f","angle":146.1,"snapDist":1,"label":0}},{"type":"Feature","geometry":{"type":"Point","coordinates":[11.93186,57.710291]},"properties":{"name":"Polstjärnegatan","lines":"99","arr":["99"],"terminus":0,"mode":"bus","color":"#0059a9","colorDark":"#00294f","angle":158.6,"snapDist":7,"label":0}},{"type":"Feature","geometry":{"type":"Point","coordinates":[11.941144,57.711508]},"properties":{"name":"Regnbågsgatan","lines":"99","arr":["99"],"terminus":0,"mode":"bus","color":"#0059a9","colorDark":"#00294f","angle":170.3,"snapDist":10,"label":0}},{"type":"Feature","geometry":{"type":"Point","coordinates":[11.94503,57.717516]},"properties":{"name":"Madängsgatan","lines":"99","arr":["99"],"terminus":0,"mode":"bus","color":"#0059a9","colorDark":"#00294f","angle":95.4,"snapDist":6,"label":0}},{"type":"Feature","geometry":{"type":"Point","coordinates":[12.570438,57.667706]},"properties":{"name":"Bollebygd station","lines":"101, 611","arr":["101","611"],"terminus":1,"mode":"bus","color":"#0059a9","colorDark":"#00294f","angle":350.7,"snapDist":1,"label":1}},{"type":"Feature","geometry":{"type":"Point","coordinates":[12.556656,57.67036]},"properties":{"name":"Bollebygd skola","lines":"101","arr":["101"],"terminus":0,"mode":"bus","color":"#0059a9","colorDark":"#00294f","angle":358.7,"snapDist":2,"label":1}},{"type":"Feature","geometry":{"type":"Point","coordinates":[12.211076,57.68547]},"properties":{"name":"Landvettermotet","lines":"101","arr":["101"],"terminus":0,"mode":"bus","color":"#0059a9","colorDark":"#00294f","angle":12.1,"snapDist":4,"label":1}},{"type":"Feature","geometry":{"type":"Point","coordinates":[12.02579,57.677115]},"properties":{"name":"Delsjömotet","lines":"101, 512, 754, X4, X6","arr":["101","512","754","X4","X6"],"terminus":0,"mode":"bus","color":"#0059a9","colorDark":"#00294f","angle":28.6,"snapDist":5,"label":1}},{"type":"Feature","geometry":{"type":"Point","coordinates":[11.986571,57.696971]},"properties":{"name":"Korsvägen","lines":"101","arr":["101"],"terminus":0,"mode":"bus","color":"#0059a9","colorDark":"#00294f","angle":2.8,"snapDist":1,"label":0}},{"type":"Feature","geometry":{"type":"Point","coordinates":[11.976106,57.708492]},"properties":{"name":"Åkareplatsen","lines":"101","arr":["101"],"terminus":1,"mode":"bus","color":"#0059a9","colorDark":"#00294f","angle":206.8,"snapDist":3,"label":0}},{"type":"Feature","geometry":{"type":"Point","coordinates":[11.986906,57.696775]},"properties":{"name":"Korsvägen","lines":"101, FLYG, X4","arr":["101","FLYG","X4"],"terminus":0,"mode":"bus","color":"#0059a9","colorDark":"#00294f","angle":171.3,"snapDist":1,"label":0}},{"type":"Feature","geometry":{"type":"Point","coordinates":[12.025637,57.676449]},"properties":{"name":"Delsjömotet","lines":"101, 512, 754, X4, X6","arr":["101","512","754","X4","X6"],"terminus":0,"mode":"bus","color":"#0059a9","colorDark":"#00294f","angle":222.9,"snapDist":7,"label":0}},{"type":"Feature","geometry":{"type":"Point","coordinates":[12.21148,57.685034]},"properties":{"name":"Landvettermotet","lines":"101","arr":["101"],"terminus":0,"mode":"bus","color":"#0059a9","colorDark":"#00294f","angle":181.3,"snapDist":2,"label":0}},{"type":"Feature","geometry":{"type":"Point","coordinates":[12.556673,57.67036]},"properties":{"name":"Bollebygd skola","lines":"101","arr":["101"],"terminus":0,"mode":"bus","color":"#0059a9","colorDark":"#00294f","angle":178.7,"snapDist":0,"label":0}},{"type":"Feature","geometry":{"type":"Point","coordinates":[12.570584,57.667929]},"properties":{"name":"Bollebygd station","lines":"101","arr":["101"],"terminus":1,"mode":"bus","color":"#0059a9","colorDark":"#00294f","angle":166.9,"snapDist":1,"label":0}},{"type":"Feature","geometry":{"type":"Point","coordinates":[11.966572,57.706738]},"properties":{"name":"Brunnsparken","lines":"114","arr":["114"],"terminus":1,"mode":"bus","color":"#0059a9","colorDark":"#00294f","angle":343.8,"snapDist":5,"label":1}},{"type":"Feature","geometry":{"type":"Point","coordinates":[11.890009,57.683545]},"properties":{"name":"Örlogsvägen","lines":"114","arr":["114"],"terminus":0,"mode":"bus","color":"#0059a9","colorDark":"#00294f","angle":26.4,"snapDist":4,"label":1}},{"type":"Feature","geometry":{"type":"Point","coordinates":[11.88996,57.683558]},"properties":{"name":"Örlogsvägen","lines":"114","arr":["114"],"terminus":0,"mode":"bus","color":"#0059a9","colorDark":"#00294f","angle":-153.6,"snapDist":4,"label":0}},{"type":"Feature","geometry":{"type":"Point","coordinates":[11.890018,57.679062]},"properties":{"name":"Nya Varvets Torg","lines":"114","arr":["114"],"terminus":0,"mode":"bus","color":"#0059a9","colorDark":"#00294f","angle":200.9,"snapDist":4,"label":0}},{"type":"Feature","geometry":{"type":"Point","coordinates":[11.882638,57.674364]},"properties":{"name":"Fågelvägen","lines":"114","arr":["114"],"terminus":0,"mode":"bus","color":"#0059a9","colorDark":"#00294f","angle":328.4,"snapDist":6,"label":0}},{"type":"Feature","geometry":{"type":"Point","coordinates":[11.870555,57.669]},"properties":{"name":"Käringberget","lines":"114","arr":["114"],"terminus":0,"mode":"bus","color":"#0059a9","colorDark":"#00294f","angle":333.5,"snapDist":5,"label":0}},{"type":"Feature","geometry":{"type":"Point","coordinates":[11.84326,57.660855]},"properties":{"name":"Saltholmen","lines":"114","arr":["114"],"terminus":1,"mode":"bus","color":"#0059a9","colorDark":"#00294f","angle":21.5,"snapDist":1,"label":1}},{"type":"Feature","geometry":{"type":"Point","coordinates":[11.949562,57.701041]},"properties":{"name":"Järnvågen","lines":"114, 290, 291, X5, X6","arr":["114","290","291","X5","X6"],"terminus":0,"mode":"bus","color":"#0059a9","colorDark":"#00294f","angle":173,"snapDist":6,"label":0}},{"type":"Feature","geometry":{"type":"Point","coordinates":[12.002803,57.727378]},"properties":{"name":"Gamlestads Torg","lines":"127, 131","arr":["127","131"],"terminus":1,"mode":"bus","color":"#0059a9","colorDark":"#00294f","angle":305.5,"snapDist":6,"label":0}},{"type":"Feature","geometry":{"type":"Point","coordinates":[11.896486,57.712362]},"properties":{"name":"Höstvädersgatan","lines":"128, 131, 199, X77","arr":["128","131","199","X77"],"terminus":0,"mode":"bus","color":"#0059a9","colorDark":"#00294f","angle":109.6,"snapDist":10,"label":1}},{"type":"Feature","geometry":{"type":"Point","coordinates":[11.928097,57.719447]},"properties":{"name":"Rambergsvallen","lines":"128, 131, 141, X77","arr":["128","131","141","X77"],"terminus":0,"mode":"bus","color":"#0059a9","colorDark":"#00294f","angle":159.6,"snapDist":7,"label":1}},{"type":"Feature","geometry":{"type":"Point","coordinates":[11.972137,57.710017]},"properties":{"name":"Nils Ericson Terminalen","lines":"128","arr":["128"],"terminus":1,"mode":"bus","color":"#0059a9","colorDark":"#00294f","angle":311.1,"snapDist":4,"label":0}},{"type":"Feature","geometry":{"type":"Point","coordinates":[11.927695,57.719639]},"properties":{"name":"Rambergsvallen","lines":"128, 131, 141, 142, X77","arr":["128","131","141","142","X77"],"terminus":0,"mode":"bus","color":"#0059a9","colorDark":"#00294f","angle":346.3,"snapDist":5,"label":0}},{"type":"Feature","geometry":{"type":"Point","coordinates":[11.909877,57.716871]},"properties":{"name":"Eketrägatan","lines":"128, 131, 142, 199, X77","arr":["128","131","142","199","X77"],"terminus":0,"mode":"bus","color":"#0059a9","colorDark":"#00294f","angle":329.1,"snapDist":5,"label":0}},{"type":"Feature","geometry":{"type":"Point","coordinates":[11.896122,57.712112]},"properties":{"name":"Höstvädersgatan","lines":"128, 131, 142, 199, X77","arr":["128","131","142","199","X77"],"terminus":0,"mode":"bus","color":"#0059a9","colorDark":"#00294f","angle":295.2,"snapDist":0,"label":0}},{"type":"Feature","geometry":{"type":"Point","coordinates":[11.752138,57.728701]},"properties":{"name":"Hornkamsgatan","lines":"131, X1","arr":["131","X1"],"terminus":1,"mode":"bus","color":"#0059a9","colorDark":"#00294f","angle":130.6,"snapDist":1,"label":1}},{"type":"Feature","geometry":{"type":"Point","coordinates":[11.761124,57.729691]},"properties":{"name":"Lönnrunan","lines":"131, X1","arr":["131","X1"],"terminus":0,"mode":"bus","color":"#0059a9","colorDark":"#00294f","angle":230.8,"snapDist":17,"label":1}},{"type":"Feature","geometry":{"type":"Point","coordinates":[11.762617,57.730961]},"properties":{"name":"Runslingan","lines":"131, X1","arr":["131","X1"],"terminus":0,"mode":"bus","color":"#0059a9","colorDark":"#00294f","angle":132.7,"snapDist":6,"label":1}},{"type":"Feature","geometry":{"type":"Point","coordinates":[11.771252,57.731763]},"properties":{"name":"Runskriftsgatan","lines":"131, X1","arr":["131","X1"],"terminus":0,"mode":"bus","color":"#0059a9","colorDark":"#00294f","angle":167.1,"snapDist":11,"label":1}},{"type":"Feature","geometry":{"type":"Point","coordinates":[11.780623,57.730732]},"properties":{"name":"Högstensgatan","lines":"131, X1","arr":["131","X1"],"terminus":0,"mode":"bus","color":"#0059a9","colorDark":"#00294f","angle":215.3,"snapDist":8,"label":1}},{"type":"Feature","geometry":{"type":"Point","coordinates":[11.782778,57.714707]},"properties":{"name":"Torslandakrysset","lines":"131, X1","arr":["131","X1"],"terminus":0,"mode":"bus","color":"#0059a9","colorDark":"#00294f","angle":232.4,"snapDist":8,"label":0}},{"type":"Feature","geometry":{"type":"Point","coordinates":[11.782973,57.714577]},"properties":{"name":"Torslandakrysset","lines":"131, X1","arr":["131","X1"],"terminus":0,"mode":"bus","color":"#0059a9","colorDark":"#00294f","angle":50.1,"snapDist":5,"label":0}},{"type":"Feature","geometry":{"type":"Point","coordinates":[11.779264,57.731072]},"properties":{"name":"Högstensgatan","lines":"131, X1","arr":["131","X1"],"terminus":0,"mode":"bus","color":"#0059a9","colorDark":"#00294f","angle":15.9,"snapDist":6,"label":0}},{"type":"Feature","geometry":{"type":"Point","coordinates":[11.771045,57.731738]},"properties":{"name":"Runskriftsgatan","lines":"131, X1","arr":["131","X1"],"terminus":0,"mode":"bus","color":"#0059a9","colorDark":"#00294f","angle":347.1,"snapDist":8,"label":0}},{"type":"Feature","geometry":{"type":"Point","coordinates":[11.763491,57.731419]},"properties":{"name":"Runslingan","lines":"131, X1","arr":["131","X1"],"terminus":0,"mode":"bus","color":"#0059a9","colorDark":"#00294f","angle":325.3,"snapDist":6,"label":0}},{"type":"Feature","geometry":{"type":"Point","coordinates":[11.760253,57.72972]},"properties":{"name":"Lönnrunan","lines":"131, X1","arr":["131","X1"],"terminus":0,"mode":"bus","color":"#0059a9","colorDark":"#00294f","angle":329.7,"snapDist":3,"label":0}},{"type":"Feature","geometry":{"type":"Point","coordinates":[11.935759,57.768054]},"properties":{"name":"Skogomevägen","lines":"135, 137","arr":["135","137"],"terminus":0,"mode":"bus","color":"#0059a9","colorDark":"#00294f","angle":83.8,"snapDist":6,"label":1}},{"type":"Feature","geometry":{"type":"Point","coordinates":[11.86415,57.776927]},"properties":{"name":"Säve Flygplats","lines":"135","arr":["135"],"terminus":1,"mode":"bus","color":"#0059a9","colorDark":"#00294f","angle":185.5,"snapDist":2,"label":1}},{"type":"Feature","geometry":{"type":"Point","coordinates":[11.935785,57.767928]},"properties":{"name":"Skogomevägen","lines":"135, 137","arr":["135","137"],"terminus":0,"mode":"bus","color":"#0059a9","colorDark":"#00294f","angle":263.3,"snapDist":7,"label":0}},{"type":"Feature","geometry":{"type":"Point","coordinates":[11.88051,57.817824]},"properties":{"name":"Kornhalls Färja","lines":"137","arr":["137"],"terminus":0,"mode":"bus","color":"#0059a9","colorDark":"#00294f","angle":17.3,"snapDist":4,"label":0}},{"type":"Feature","geometry":{"type":"Point","coordinates":[11.875929,57.818997]},"properties":{"name":"Kornhall","lines":"137","arr":["137"],"terminus":0,"mode":"bus","color":"#0059a9","colorDark":"#00294f","angle":346.3,"snapDist":3,"label":1}},{"type":"Feature","geometry":{"type":"Point","coordinates":[11.868587,57.819408]},"properties":{"name":"Ulvesundsvägen","lines":"137, 921","arr":["137","921"],"terminus":0,"mode":"bus","color":"#0059a9","colorDark":"#00294f","angle":19.2,"snapDist":3,"label":1}},{"type":"Feature","geometry":{"type":"Point","coordinates":[11.861126,57.820383]},"properties":{"name":"Hammar södra","lines":"137, 921","arr":["137","921"],"terminus":0,"mode":"bus","color":"#0059a9","colorDark":"#00294f","angle":358.6,"snapDist":3,"label":1}},{"type":"Feature","geometry":{"type":"Point","coordinates":[11.853658,57.819363]},"properties":{"name":"Hammars korsväg","lines":"137, 921","arr":["137","921"],"terminus":0,"mode":"bus","color":"#0059a9","colorDark":"#00294f","angle":342.1,"snapDist":1,"label":1}},{"type":"Feature","geometry":{"type":"Point","coordinates":[11.848182,57.818439]},"properties":{"name":"Harestad östra","lines":"137, 921","arr":["137","921"],"terminus":0,"mode":"bus","color":"#0059a9","colorDark":"#00294f","angle":342.6,"snapDist":2,"label":1}},{"type":"Feature","geometry":{"type":"Point","coordinates":[11.842729,57.817518]},"properties":{"name":"Sjöhedsvägen","lines":"137, 921","arr":["137","921"],"terminus":0,"mode":"bus","color":"#0059a9","colorDark":"#00294f","angle":341.2,"snapDist":3,"label":1}},{"type":"Feature","geometry":{"type":"Point","coordinates":[11.837925,57.817698]},"properties":{"name":"Harestads kyrka","lines":"137","arr":["137"],"terminus":0,"mode":"bus","color":"#0059a9","colorDark":"#00294f","angle":28.5,"snapDist":12,"label":1}},{"type":"Feature","geometry":{"type":"Point","coordinates":[11.831086,57.819563]},"properties":{"name":"Harestad västra","lines":"137","arr":["137"],"terminus":0,"mode":"bus","color":"#0059a9","colorDark":"#00294f","angle":26.3,"snapDist":4,"label":1}},{"type":"Feature","geometry":{"type":"Point","coordinates":[11.826174,57.821429]},"properties":{"name":"Torps bro","lines":"137","arr":["137"],"terminus":0,"mode":"bus","color":"#0059a9","colorDark":"#00294f","angle":46,"snapDist":7,"label":1}},{"type":"Feature","geometry":{"type":"Point","coordinates":[11.82211,57.823635]},"properties":{"name":"Flateby södra","lines":"137, 922","arr":["137","922"],"terminus":0,"mode":"bus","color":"#0059a9","colorDark":"#00294f","angle":44.8,"snapDist":3,"label":1}},{"type":"Feature","geometry":{"type":"Point","coordinates":[11.817375,57.826264]},"properties":{"name":"Flateby norra","lines":"137, 922","arr":["137","922"],"terminus":0,"mode":"bus","color":"#0059a9","colorDark":"#00294f","angle":54.2,"snapDist":1,"label":1}},{"type":"Feature","geometry":{"type":"Point","coordinates":[11.814887,57.828145]},"properties":{"name":"Flateby Norgård","lines":"137, 922","arr":["137","922"],"terminus":0,"mode":"bus","color":"#0059a9","colorDark":"#00294f","angle":46.7,"snapDist":3,"label":1}},{"type":"Feature","geometry":{"type":"Point","coordinates":[11.810414,57.829627]},"properties":{"name":"Torrebräcka","lines":"137, 922","arr":["137","922"],"terminus":0,"mode":"bus","color":"#0059a9","colorDark":"#00294f","angle":27.2,"snapDist":4,"label":1}},{"type":"Feature","geometry":{"type":"Point","coordinates":[11.805472,57.831642]},"properties":{"name":"Hermansby östra","lines":"137, 915, 922","arr":["137","915","922"],"terminus":0,"mode":"bus","color":"#0059a9","colorDark":"#00294f","angle":44.5,"snapDist":3,"label":1}},{"type":"Feature","geometry":{"type":"Point","coordinates":[11.800363,57.834079]},"properties":{"name":"Lerlycke södra","lines":"137, 915, 922","arr":["137","915","922"],"terminus":0,"mode":"bus","color":"#0059a9","colorDark":"#00294f","angle":42.6,"snapDist":6,"label":1}},{"type":"Feature","geometry":{"type":"Point","coordinates":[11.796465,57.83625]},"properties":{"name":"Lerlycke norra","lines":"137, 915, 922","arr":["137","915","922"],"terminus":0,"mode":"bus","color":"#0059a9","colorDark":"#00294f","angle":46.4,"snapDist":3,"label":1}},{"type":"Feature","geometry":{"type":"Point","coordinates":[11.79352,57.840879]},"properties":{"name":"Hallbjörtorpsvägen","lines":"137, 915, 922","arr":["137","915","922"],"terminus":0,"mode":"bus","color":"#0059a9","colorDark":"#00294f","angle":92.3,"snapDist":6,"label":1}},{"type":"Feature","geometry":{"type":"Point","coordinates":[11.792782,57.844194]},"properties":{"name":"Kärna bussterminal","lines":"137","arr":["137"],"terminus":1,"mode":"bus","color":"#0059a9","colorDark":"#00294f","angle":347.2,"snapDist":2,"label":1}},{"type":"Feature","geometry":{"type":"Point","coordinates":[11.793519,57.840871]},"properties":{"name":"Hallbjörtorpsvägen","lines":"137","arr":["137"],"terminus":0,"mode":"bus","color":"#0059a9","colorDark":"#00294f","angle":272.3,"snapDist":4,"label":0}},{"type":"Feature","geometry":{"type":"Point","coordinates":[11.79648,57.836241]},"properties":{"name":"Lerlycke norra","lines":"137","arr":["137"],"terminus":0,"mode":"bus","color":"#0059a9","colorDark":"#00294f","angle":227.8,"snapDist":4,"label":0}},{"type":"Feature","geometry":{"type":"Point","coordinates":[11.800337,57.834092]},"properties":{"name":"Lerlycke södra","lines":"137","arr":["137"],"terminus":0,"mode":"bus","color":"#0059a9","colorDark":"#00294f","angle":222.6,"snapDist":3,"label":0}},{"type":"Feature","geometry":{"type":"Point","coordinates":[11.805339,57.831711]},"properties":{"name":"Hermansby östra","lines":"137","arr":["137"],"terminus":0,"mode":"bus","color":"#0059a9","colorDark":"#00294f","angle":224.3,"snapDist":5,"label":0}},{"type":"Feature","geometry":{"type":"Point","coordinates":[11.810407,57.829629]},"properties":{"name":"Torrebräcka","lines":"137","arr":["137"],"terminus":0,"mode":"bus","color":"#0059a9","colorDark":"#00294f","angle":207.2,"snapDist":3,"label":0}},{"type":"Feature","geometry":{"type":"Point","coordinates":[11.814901,57.828138]},"properties":{"name":"Flateby Norgård","lines":"137","arr":["137"],"terminus":0,"mode":"bus","color":"#0059a9","colorDark":"#00294f","angle":226.7,"snapDist":3,"label":0}},{"type":"Feature","geometry":{"type":"Point","coordinates":[11.817371,57.826268]},"properties":{"name":"Flateby norra","lines":"137","arr":["137"],"terminus":0,"mode":"bus","color":"#0059a9","colorDark":"#00294f","angle":234.2,"snapDist":4,"label":0}},{"type":"Feature","geometry":{"type":"Point","coordinates":[11.821756,57.823827]},"properties":{"name":"Flateby södra","lines":"137","arr":["137"],"terminus":0,"mode":"bus","color":"#0059a9","colorDark":"#00294f","angle":225.9,"snapDist":5,"label":0}},{"type":"Feature","geometry":{"type":"Point","coordinates":[11.826191,57.821419]},"properties":{"name":"Torps bro","lines":"137","arr":["137"],"terminus":0,"mode":"bus","color":"#0059a9","colorDark":"#00294f","angle":226,"snapDist":3,"label":0}},{"type":"Feature","geometry":{"type":"Point","coordinates":[11.83109,57.819562]},"properties":{"name":"Harestad västra","lines":"137","arr":["137"],"terminus":0,"mode":"bus","color":"#0059a9","colorDark":"#00294f","angle":206.3,"snapDist":3,"label":0}},{"type":"Feature","geometry":{"type":"Point","coordinates":[11.838028,57.817668]},"properties":{"name":"Harestads kyrka","lines":"137","arr":["137"],"terminus":0,"mode":"bus","color":"#0059a9","colorDark":"#00294f","angle":207.8,"snapDist":9,"label":0}},{"type":"Feature","geometry":{"type":"Point","coordinates":[11.842751,57.817522]},"properties":{"name":"Sjöhedsvägen","lines":"137, 921","arr":["137","921"],"terminus":0,"mode":"bus","color":"#0059a9","colorDark":"#00294f","angle":161.2,"snapDist":7,"label":0}},{"type":"Feature","geometry":{"type":"Point","coordinates":[11.84817,57.818437]},"properties":{"name":"Harestad östra","lines":"137, 921","arr":["137","921"],"terminus":0,"mode":"bus","color":"#0059a9","colorDark":"#00294f","angle":162.6,"snapDist":1,"label":0}},{"type":"Feature","geometry":{"type":"Point","coordinates":[11.854362,57.819481]},"properties":{"name":"Hammars korsväg","lines":"137, 921","arr":["137","921"],"terminus":0,"mode":"bus","color":"#0059a9","colorDark":"#00294f","angle":162.6,"snapDist":1,"label":0}},{"type":"Feature","geometry":{"type":"Point","coordinates":[11.861163,57.820384]},"properties":{"name":"Hammar södra","lines":"137, 921","arr":["137","921"],"terminus":0,"mode":"bus","color":"#0059a9","colorDark":"#00294f","angle":178.6,"snapDist":3,"label":0}},{"type":"Feature","geometry":{"type":"Point","coordinates":[11.868678,57.819391]},"properties":{"name":"Ulvesundsvägen","lines":"137","arr":["137"],"terminus":0,"mode":"bus","color":"#0059a9","colorDark":"#00294f","angle":199.7,"snapDist":3,"label":0}},{"type":"Feature","geometry":{"type":"Point","coordinates":[11.876491,57.819011]},"properties":{"name":"Kornhall","lines":"137","arr":["137"],"terminus":0,"mode":"bus","color":"#0059a9","colorDark":"#00294f","angle":201.1,"snapDist":0,"label":0}},{"type":"Feature","geometry":{"type":"Point","coordinates":[11.846749,57.725181]},"properties":{"name":"Volvo Torslanda TLA","lines":"139, 142, 179","arr":["139","142","179"],"terminus":0,"mode":"bus","color":"#0059a9","colorDark":"#00294f","angle":72.2,"snapDist":9,"label":1}},{"type":"Feature","geometry":{"type":"Point","coordinates":[11.844927,57.731706]},"properties":{"name":"IAC Group","lines":"139, 142, 179","arr":["139","142","179"],"terminus":1,"mode":"bus","color":"#0059a9","colorDark":"#00294f","angle":26.8,"snapDist":4,"label":1}},{"type":"Feature","geometry":{"type":"Point","coordinates":[11.846666,57.725319]},"properties":{"name":"Volvo Torslanda TLA","lines":"139, 142, 179","arr":["139","142","179"],"terminus":0,"mode":"bus","color":"#0059a9","colorDark":"#00294f","angle":254.5,"snapDist":11,"label":0}},{"type":"Feature","geometry":{"type":"Point","coordinates":[11.894582,57.719803]},"properties":{"name":"Önskevädersgatan","lines":"141, 145","arr":["141","145"],"terminus":0,"mode":"bus","color":"#0059a9","colorDark":"#00294f","angle":61.1,"snapDist":9,"label":1}},{"type":"Feature","geometry":{"type":"Point","coordinates":[11.893474,57.723749]},"properties":{"name":"Friskväderstorget","lines":"141, 145","arr":["141","145"],"terminus":0,"mode":"bus","color":"#0059a9","colorDark":"#00294f","angle":84.9,"snapDist":2,"label":1}},{"type":"Feature","geometry":{"type":"Point","coordinates":[11.893718,57.72715]},"properties":{"name":"Väderilsgatan","lines":"141, 145","arr":["141","145"],"terminus":0,"mode":"bus","color":"#0059a9","colorDark":"#00294f","angle":97.3,"snapDist":3,"label":1}},{"type":"Feature","geometry":{"type":"Point","coordinates":[11.891903,57.755539]},"properties":{"name":"Volvo Tuve L B","lines":"141, 148, 190","arr":["141","148","190"],"terminus":1,"mode":"bus","color":"#0059a9","colorDark":"#00294f","angle":25.9,"snapDist":1,"label":1}},{"type":"Feature","geometry":{"type":"Point","coordinates":[11.884234,57.756311]},"properties":{"name":"Volvo Tuve L A","lines":"141, 148, 190","arr":["141","148","190"],"terminus":1,"mode":"bus","color":"#0059a9","colorDark":"#00294f","angle":2.8,"snapDist":6,"label":1}},{"type":"Feature","geometry":{"type":"Point","coordinates":[11.8937,57.727073]},"properties":{"name":"Väderilsgatan","lines":"141, 145","arr":["141","145"],"terminus":0,"mode":"bus","color":"#0059a9","colorDark":"#00294f","angle":277.7,"snapDist":5,"label":0}},{"type":"Feature","geometry":{"type":"Point","coordinates":[11.893493,57.723634]},"properties":{"name":"Friskväderstorget","lines":"141, 145","arr":["141","145"],"terminus":0,"mode":"bus","color":"#0059a9","colorDark":"#00294f","angle":265.8,"snapDist":3,"label":0}},{"type":"Feature","geometry":{"type":"Point","coordinates":[11.894918,57.719463]},"properties":{"name":"Önskevädersgatan","lines":"141, 145","arr":["141","145"],"terminus":0,"mode":"bus","color":"#0059a9","colorDark":"#00294f","angle":246.4,"snapDist":11,"label":0}},{"type":"Feature","geometry":{"type":"Point","coordinates":[11.841488,57.721898]},"properties":{"name":"Volvo Torslanda TA","lines":"142, 145, 159, 179","arr":["142","145","159","179"],"terminus":0,"mode":"bus","color":"#0059a9","colorDark":"#00294f","angle":156.5,"snapDist":1,"label":0}},{"type":"Feature","geometry":{"type":"Point","coordinates":[11.860163,57.737612]},"properties":{"name":"John Bunyans Väg","lines":"142, 148","arr":["142","148"],"terminus":0,"mode":"bus","color":"#0059a9","colorDark":"#00294f","angle":196.4,"snapDist":7,"label":1}},{"type":"Feature","geometry":{"type":"Point","coordinates":[11.87203,57.735162]},"properties":{"name":"Hisingen Logistikpark","lines":"142, 148","arr":["142","148"],"terminus":1,"mode":"bus","color":"#0059a9","colorDark":"#00294f","angle":225,"snapDist":7,"label":1}},{"type":"Feature","geometry":{"type":"Point","coordinates":[11.841248,57.721844]},"properties":{"name":"Volvo Torslanda TA","lines":"145, 185","arr":["145","185"],"terminus":1,"mode":"bus","color":"#0059a9","colorDark":"#00294f","angle":157.9,"snapDist":3,"label":1}},{"type":"Feature","geometry":{"type":"Point","coordinates":[11.935381,57.728624]},"properties":{"name":"Wieselgrensgatan","lines":"145","arr":["145"],"terminus":0,"mode":"bus","color":"#0059a9","colorDark":"#00294f","angle":94.1,"snapDist":5,"label":0}},{"type":"Feature","geometry":{"type":"Point","coordinates":[11.871564,57.735265]},"properties":{"name":"Hisingen Logistikpark","lines":"148","arr":["148"],"terminus":0,"mode":"bus","color":"#0059a9","colorDark":"#00294f","angle":20.9,"snapDist":11,"label":0}},{"type":"Feature","geometry":{"type":"Point","coordinates":[11.860653,57.737538]},"properties":{"name":"John Bunyans Väg","lines":"148","arr":["148"],"terminus":0,"mode":"bus","color":"#0059a9","colorDark":"#00294f","angle":15.2,"snapDist":6,"label":0}},{"type":"Feature","geometry":{"type":"Point","coordinates":[11.864224,57.741736]},"properties":{"name":"Kålsered","lines":"148, 179","arr":["148","179"],"terminus":0,"mode":"bus","color":"#0059a9","colorDark":"#00294f","angle":300.2,"snapDist":9,"label":1}},{"type":"Feature","geometry":{"type":"Point","coordinates":[11.870836,57.750362]},"properties":{"name":"Lexby Odlareväg","lines":"148, 179","arr":["148","179"],"terminus":0,"mode":"bus","color":"#0059a9","colorDark":"#00294f","angle":110.4,"snapDist":10,"label":1}},{"type":"Feature","geometry":{"type":"Point","coordinates":[11.892092,57.775671]},"properties":{"name":"Granhäll","lines":"148, 178, 179","arr":["148","178","179"],"terminus":0,"mode":"bus","color":"#0059a9","colorDark":"#00294f","angle":110.2,"snapDist":11,"label":0}},{"type":"Feature","geometry":{"type":"Point","coordinates":[11.927703,57.790723]},"properties":{"name":"Skändla Rös","lines":"148, 178, 179","arr":["148","178","179"],"terminus":0,"mode":"bus","color":"#0059a9","colorDark":"#00294f","angle":145.7,"snapDist":12,"label":0}},{"type":"Feature","geometry":{"type":"Point","coordinates":[12.048309,57.795571]},"properties":{"name":"Angered Centrum","lines":"148, 179, 401","arr":["148","179","401"],"terminus":1,"mode":"bus","color":"#0059a9","colorDark":"#00294f","angle":96.3,"snapDist":5,"label":0}},{"type":"Feature","geometry":{"type":"Point","coordinates":[11.990512,57.800735]},"properties":{"name":"Klareberg","lines":"148, 178, 179","arr":["148","178","179"],"terminus":0,"mode":"bus","color":"#0059a9","colorDark":"#00294f","angle":15.2,"snapDist":7,"label":0}},{"type":"Feature","geometry":{"type":"Point","coordinates":[11.925581,57.790074]},"properties":{"name":"Skändla Rös","lines":"148, 178, 179","arr":["148","178","179"],"terminus":0,"mode":"bus","color":"#0059a9","colorDark":"#00294f","angle":333.5,"snapDist":15,"label":0}},{"type":"Feature","geometry":{"type":"Point","coordinates":[11.891497,57.774858]},"properties":{"name":"Granhäll","lines":"148, 178, 179","arr":["148","178","179"],"terminus":0,"mode":"bus","color":"#0059a9","colorDark":"#00294f","angle":293.2,"snapDist":12,"label":0}},{"type":"Feature","geometry":{"type":"Point","coordinates":[11.8708,57.75031]},"properties":{"name":"Lexby Odlareväg","lines":"148, 179","arr":["148","179"],"terminus":0,"mode":"bus","color":"#0059a9","colorDark":"#00294f","angle":290.4,"snapDist":7,"label":0}},{"type":"Feature","geometry":{"type":"Point","coordinates":[12.015064,57.725473]},"properties":{"name":"Byfogdegatan","lines":"167","arr":["167"],"terminus":0,"mode":"bus","color":"#0059a9","colorDark":"#00294f","angle":178.9,"snapDist":5,"label":1}},{"type":"Feature","geometry":{"type":"Point","coordinates":[12.024167,57.72644]},"properties":{"name":"Sävenäs Lokstation","lines":"167","arr":["167"],"terminus":0,"mode":"bus","color":"#0059a9","colorDark":"#00294f","angle":162.4,"snapDist":5,"label":1}},{"type":"Feature","geometry":{"type":"Point","coordinates":[12.030232,57.727486]},"properties":{"name":"SKF R-porten","lines":"167","arr":["167"],"terminus":0,"mode":"bus","color":"#0059a9","colorDark":"#00294f","angle":162.6,"snapDist":5,"label":1}},{"type":"Feature","geometry":{"type":"Point","coordinates":[12.038864,57.730201]},"properties":{"name":"Lindareverkstaden","lines":"167","arr":["167"],"terminus":0,"mode":"bus","color":"#0059a9","colorDark":"#00294f","angle":160.5,"snapDist":4,"label":1}},{"type":"Feature","geometry":{"type":"Point","coordinates":[12.043883,57.731113]},"properties":{"name":"Nordbakels","lines":"167","arr":["167"],"terminus":0,"mode":"bus","color":"#0059a9","colorDark":"#00294f","angle":161.2,"snapDist":4,"label":1}},{"type":"Feature","geometry":{"type":"Point","coordinates":[12.053301,57.732615]},"properties":{"name":"Industrivägen","lines":"167","arr":["167"],"terminus":0,"mode":"bus","color":"#0059a9","colorDark":"#00294f","angle":173.8,"snapDist":3,"label":1}},{"type":"Feature","geometry":{"type":"Point","coordinates":[12.053426,57.732622]},"properties":{"name":"Industrivägen","lines":"167","arr":["167"],"terminus":0,"mode":"bus","color":"#0059a9","colorDark":"#00294f","angle":354.4,"snapDist":5,"label":0}},{"type":"Feature","geometry":{"type":"Point","coordinates":[12.044654,57.731249]},"properties":{"name":"Nordbakels","lines":"167","arr":["167"],"terminus":0,"mode":"bus","color":"#0059a9","colorDark":"#00294f","angle":341.9,"snapDist":6,"label":0}},{"type":"Feature","geometry":{"type":"Point","coordinates":[12.038688,57.730172]},"properties":{"name":"Lindareverkstaden","lines":"167","arr":["167"],"terminus":0,"mode":"bus","color":"#0059a9","colorDark":"#00294f","angle":343.2,"snapDist":5,"label":0}},{"type":"Feature","geometry":{"type":"Point","coordinates":[12.029253,57.727319]},"properties":{"name":"SKF R-porten","lines":"167","arr":["167"],"terminus":0,"mode":"bus","color":"#0059a9","colorDark":"#00294f","angle":342.1,"snapDist":3,"label":0}},{"type":"Feature","geometry":{"type":"Point","coordinates":[12.024013,57.726415]},"properties":{"name":"Sävenäs Lokstation","lines":"167","arr":["167"],"terminus":0,"mode":"bus","color":"#0059a9","colorDark":"#00294f","angle":343.1,"snapDist":6,"label":0}},{"type":"Feature","geometry":{"type":"Point","coordinates":[12.015061,57.725473]},"properties":{"name":"Byfogdegatan","lines":"167","arr":["167"],"terminus":0,"mode":"bus","color":"#0059a9","colorDark":"#00294f","angle":358.9,"snapDist":5,"label":0}},{"type":"Feature","geometry":{"type":"Point","coordinates":[11.99958,57.731524]},"properties":{"name":"Slakthusgatan","lines":"168","arr":["168"],"terminus":0,"mode":"bus","color":"#0059a9","colorDark":"#00294f","angle":291.3,"snapDist":5,"label":1}},{"type":"Feature","geometry":{"type":"Point","coordinates":[12.00135,57.733977]},"properties":{"name":"Marieholm","lines":"168","arr":["168"],"terminus":0,"mode":"bus","color":"#0059a9","colorDark":"#00294f","angle":109.6,"snapDist":4,"label":1}},{"type":"Feature","geometry":{"type":"Point","coordinates":[12.0027,57.736366]},"properties":{"name":"Lärjehamnen","lines":"168","arr":["168"],"terminus":0,"mode":"bus","color":"#0059a9","colorDark":"#00294f","angle":285.1,"snapDist":2,"label":1}},{"type":"Feature","geometry":{"type":"Point","coordinates":[12.003488,57.739321]},"properties":{"name":"Göteborgs Varv","lines":"168","arr":["168"],"terminus":0,"mode":"bus","color":"#0059a9","colorDark":"#00294f","angle":103.5,"snapDist":5,"label":1}},{"type":"Feature","geometry":{"type":"Point","coordinates":[12.005013,57.742297]},"properties":{"name":"Dickson Södra","lines":"168","arr":["168"],"terminus":0,"mode":"bus","color":"#0059a9","colorDark":"#00294f","angle":285.5,"snapDist":5,"label":1}},{"type":"Feature","geometry":{"type":"Point","coordinates":[12.006522,57.74651]},"properties":{"name":"Dickson Norra","lines":"168","arr":["168"],"terminus":0,"mode":"bus","color":"#0059a9","colorDark":"#00294f","angle":90,"snapDist":4,"label":1}},{"type":"Feature","geometry":{"type":"Point","coordinates":[12.004651,57.754075]},"properties":{"name":"Färgfabrikerna","lines":"168","arr":["168"],"terminus":0,"mode":"bus","color":"#0059a9","colorDark":"#00294f","angle":79,"snapDist":8,"label":1}},{"type":"Feature","geometry":{"type":"Point","coordinates":[12.003378,57.75589]},"properties":{"name":"Skräppekärr","lines":"168","arr":["168"],"terminus":0,"mode":"bus","color":"#0059a9","colorDark":"#00294f","angle":-115.9,"snapDist":15,"label":1}},{"type":"Feature","geometry":{"type":"Point","coordinates":[12.005125,57.752626]},"properties":{"name":"Färgfabrikerna","lines":"168","arr":["168"],"terminus":0,"mode":"bus","color":"#0059a9","colorDark":"#00294f","angle":80.4,"snapDist":3,"label":0}},{"type":"Feature","geometry":{"type":"Point","coordinates":[12.006528,57.746275]},"properties":{"name":"Dickson Norra","lines":"168","arr":["168"],"terminus":0,"mode":"bus","color":"#0059a9","colorDark":"#00294f","angle":-92.5,"snapDist":4,"label":0}},{"type":"Feature","geometry":{"type":"Point","coordinates":[12.005029,57.742328]},"properties":{"name":"Dickson Södra","lines":"168","arr":["168"],"terminus":0,"mode":"bus","color":"#0059a9","colorDark":"#00294f","angle":-74.5,"snapDist":7,"label":0}},{"type":"Feature","geometry":{"type":"Point","coordinates":[12.003566,57.739492]},"properties":{"name":"Göteborgs Varv","lines":"168","arr":["168"],"terminus":0,"mode":"bus","color":"#0059a9","colorDark":"#00294f","angle":-75.2,"snapDist":6,"label":0}},{"type":"Feature","geometry":{"type":"Point","coordinates":[12.002537,57.736044]},"properties":{"name":"Lärjehamnen","lines":"168","arr":["168"],"terminus":0,"mode":"bus","color":"#0059a9","colorDark":"#00294f","angle":105.7,"snapDist":6,"label":0}},{"type":"Feature","geometry":{"type":"Point","coordinates":[12.001348,57.733975]},"properties":{"name":"Marieholm","lines":"168","arr":["168"],"terminus":0,"mode":"bus","color":"#0059a9","colorDark":"#00294f","angle":-70.4,"snapDist":5,"label":0}},{"type":"Feature","geometry":{"type":"Point","coordinates":[11.999589,57.731536]},"properties":{"name":"Slakthusgatan","lines":"168","arr":["168"],"terminus":0,"mode":"bus","color":"#0059a9","colorDark":"#00294f","angle":-68.7,"snapDist":6,"label":0}},{"type":"Feature","geometry":{"type":"Point","coordinates":[11.974895,57.702477]},"properties":{"name":"Heden","lines":"173, 510, 513","arr":["173","510","513"],"terminus":1,"mode":"bus","color":"#0059a9","colorDark":"#00294f","angle":226.6,"snapDist":9,"label":0}},{"type":"Feature","geometry":{"type":"Point","coordinates":[12.018156,57.789449]},"properties":{"name":"Eliebergsvägen","lines":"173, 401","arr":["173","401"],"terminus":0,"mode":"bus","color":"#0059a9","colorDark":"#00294f","angle":209.9,"snapDist":1,"label":1}},{"type":"Feature","geometry":{"type":"Point","coordinates":[12.022358,57.788828]},"properties":{"name":"Steken","lines":"173, 401","arr":["173","401"],"terminus":0,"mode":"bus","color":"#0059a9","colorDark":"#00294f","angle":196.2,"snapDist":7,"label":1}},{"type":"Feature","geometry":{"type":"Point","coordinates":[12.022423,57.788818]},"properties":{"name":"Steken","lines":"173, 401","arr":["173","401"],"terminus":0,"mode":"bus","color":"#0059a9","colorDark":"#00294f","angle":16.3,"snapDist":5,"label":0}},{"type":"Feature","geometry":{"type":"Point","coordinates":[12.0175,57.789662]},"properties":{"name":"Eliebergsvägen","lines":"173, 401","arr":["173","401"],"terminus":0,"mode":"bus","color":"#0059a9","colorDark":"#00294f","angle":12.5,"snapDist":5,"label":0}},{"type":"Feature","geometry":{"type":"Point","coordinates":[11.878072,57.756622]},"properties":{"name":"Stenebyvägen","lines":"178, 179","arr":["178","179"],"terminus":0,"mode":"bus","color":"#0059a9","colorDark":"#00294f","angle":111.4,"snapDist":6,"label":1}},{"type":"Feature","geometry":{"type":"Point","coordinates":[11.877284,57.755835]},"properties":{"name":"Stenebyvägen","lines":"178, 179","arr":["178","179"],"terminus":0,"mode":"bus","color":"#0059a9","colorDark":"#00294f","angle":291.2,"snapDist":7,"label":0}},{"type":"Feature","geometry":{"type":"Point","coordinates":[11.93333,57.648931]},"properties":{"name":"Radiomotet","lines":"180, 184, 258, X2, X3","arr":["180","184","258","X2","X3"],"terminus":0,"mode":"bus","color":"#0059a9","colorDark":"#00294f","angle":105.5,"snapDist":2,"label":0}},{"type":"Feature","geometry":{"type":"Point","coordinates":[11.93552,57.673949]},"properties":{"name":"Marklandsgatan","lines":"180, 184","arr":["180","184"],"terminus":0,"mode":"bus","color":"#0059a9","colorDark":"#00294f","angle":63.2,"snapDist":5,"label":0}},{"type":"Feature","geometry":{"type":"Point","coordinates":[11.933241,57.648446]},"properties":{"name":"Radiomotet","lines":"180, 184, 258, X2, X3","arr":["180","184","258","X2","X3"],"terminus":0,"mode":"bus","color":"#0059a9","colorDark":"#00294f","angle":38.3,"snapDist":7,"label":0}},{"type":"Feature","geometry":{"type":"Point","coordinates":[11.910177,57.652101]},"properties":{"name":"Frölunda Torg","lines":"185, 199, X90","arr":["185","199","X90"],"terminus":1,"mode":"bus","color":"#0059a9","colorDark":"#00294f","angle":139.2,"snapDist":1,"label":0}},{"type":"Feature","geometry":{"type":"Point","coordinates":[11.919838,57.694483]},"properties":{"name":"Chapmans Torg","lines":"190","arr":["190"],"terminus":0,"mode":"bus","color":"#0059a9","colorDark":"#00294f","angle":133,"snapDist":0,"label":1}},{"type":"Feature","geometry":{"type":"Point","coordinates":[11.926987,57.696952]},"properties":{"name":"Kaptensgatan","lines":"190","arr":["190"],"terminus":0,"mode":"bus","color":"#0059a9","colorDark":"#00294f","angle":151,"snapDist":2,"label":1}},{"type":"Feature","geometry":{"type":"Point","coordinates":[11.93893,57.695067]},"properties":{"name":"Fjällskolan","lines":"190","arr":["190"],"terminus":0,"mode":"bus","color":"#0059a9","colorDark":"#00294f","angle":147.4,"snapDist":8,"label":1}},{"type":"Feature","geometry":{"type":"Point","coordinates":[11.941875,57.69567]},"properties":{"name":"Paradisgatan","lines":"190","arr":["190"],"terminus":0,"mode":"bus","color":"#0059a9","colorDark":"#00294f","angle":172.9,"snapDist":3,"label":0}},{"type":"Feature","geometry":{"type":"Point","coordinates":[11.952166,57.699904]},"properties":{"name":"Järntorget","lines":"190","arr":["190"],"terminus":1,"mode":"bus","color":"#0059a9","colorDark":"#00294f","angle":79.1,"snapDist":34,"label":0}},{"type":"Feature","geometry":{"type":"Point","coordinates":[11.94219,57.695725]},"properties":{"name":"Paradisgatan","lines":"190","arr":["190"],"terminus":0,"mode":"bus","color":"#0059a9","colorDark":"#00294f","angle":335.6,"snapDist":2,"label":0}},{"type":"Feature","geometry":{"type":"Point","coordinates":[11.938827,57.695032]},"properties":{"name":"Fjällskolan","lines":"190","arr":["190"],"terminus":0,"mode":"bus","color":"#0059a9","colorDark":"#00294f","angle":327.4,"snapDist":6,"label":0}},{"type":"Feature","geometry":{"type":"Point","coordinates":[11.927728,57.697196]},"properties":{"name":"Kaptensgatan","lines":"190","arr":["190"],"terminus":0,"mode":"bus","color":"#0059a9","colorDark":"#00294f","angle":331.2,"snapDist":1,"label":0}},{"type":"Feature","geometry":{"type":"Point","coordinates":[11.919343,57.694244]},"properties":{"name":"Chapmans Torg","lines":"190","arr":["190"],"terminus":0,"mode":"bus","color":"#0059a9","colorDark":"#00294f","angle":312.5,"snapDist":2,"label":0}},{"type":"Feature","geometry":{"type":"Point","coordinates":[11.921435,57.716945]},"properties":{"name":"Volvo Lundby Norra","lines":"199, X76","arr":["199","X76"],"terminus":0,"mode":"bus","color":"#0059a9","colorDark":"#00294f","angle":36.6,"snapDist":5,"label":1}},{"type":"Feature","geometry":{"type":"Point","coordinates":[11.933569,57.648552]},"properties":{"name":"Radiomotet","lines":"199","arr":["199"],"terminus":0,"mode":"bus","color":"#0059a9","colorDark":"#00294f","angle":214.6,"snapDist":6,"label":0}},{"type":"Feature","geometry":{"type":"Point","coordinates":[11.938388,57.659341]},"properties":{"name":"Beatrice Lesslies Gata","lines":"199","arr":["199"],"terminus":1,"mode":"bus","color":"#0059a9","colorDark":"#00294f","angle":181.6,"snapDist":4,"label":1}},{"type":"Feature","geometry":{"type":"Point","coordinates":[11.910028,57.652103]},"properties":{"name":"Frölunda Torg","lines":"199, X90","arr":["199","X90"],"terminus":0,"mode":"bus","color":"#0059a9","colorDark":"#00294f","angle":134.2,"snapDist":1,"label":0}},{"type":"Feature","geometry":{"type":"Point","coordinates":[11.921369,57.716909]},"properties":{"name":"Volvo Lundby Norra","lines":"199, X76","arr":["199","X76"],"terminus":0,"mode":"bus","color":"#0059a9","colorDark":"#00294f","angle":233.6,"snapDist":5,"label":0}},{"type":"Feature","geometry":{"type":"Point","coordinates":[11.968602,57.689012]},"properties":{"name":"Wavrinskys Plats","lines":"258, 753","arr":["258","753"],"terminus":0,"mode":"bus","color":"#0059a9","colorDark":"#00294f","angle":102.7,"snapDist":1,"label":0}},{"type":"Feature","geometry":{"type":"Point","coordinates":[11.975284,57.702744]},"properties":{"name":"Heden","lines":"258, 503","arr":["258","503"],"terminus":1,"mode":"bus","color":"#0059a9","colorDark":"#00294f","angle":52.9,"snapDist":5,"label":0}},{"type":"Feature","geometry":{"type":"Point","coordinates":[11.972097,57.710072]},"properties":{"name":"Nils Ericson Terminalen","lines":"290","arr":["290"],"terminus":1,"mode":"bus","color":"#0059a9","colorDark":"#00294f","angle":311.9,"snapDist":4,"label":0}},{"type":"Feature","geometry":{"type":"Point","coordinates":[11.7817,57.708754]},"properties":{"name":"Amhult Resecentrum","lines":"290, X6","arr":["290","X6"],"terminus":0,"mode":"bus","color":"#0059a9","colorDark":"#00294f","angle":323.2,"snapDist":5,"label":0}},{"type":"Feature","geometry":{"type":"Point","coordinates":[11.703168,57.708586]},"properties":{"name":"Lilla Varholmen","lines":"290, 291","arr":["290","291"],"terminus":0,"mode":"bus","color":"#0059a9","colorDark":"#00294f","angle":159.7,"snapDist":7,"label":0}},{"type":"Feature","geometry":{"type":"Point","coordinates":[11.665044,57.698335]},"properties":{"name":"Hönö färjeläge","lines":"290","arr":["290"],"terminus":0,"mode":"bus","color":"#0059a9","colorDark":"#00294f","angle":346.5,"snapDist":19,"label":0}},{"type":"Feature","geometry":{"type":"Point","coordinates":[11.647169,57.699558]},"properties":{"name":"Hönö norra","lines":"290, 1","arr":["290","OC1"],"terminus":0,"mode":"bus","color":"#0059a9","colorDark":"#00294f","angle":70.7,"snapDist":1,"label":1}},{"type":"Feature","geometry":{"type":"Point","coordinates":[11.646698,57.701756]},"properties":{"name":"Kanndalen","lines":"290, 1","arr":["290","OC1"],"terminus":0,"mode":"bus","color":"#0059a9","colorDark":"#00294f","angle":91.6,"snapDist":1,"label":1}},{"type":"Feature","geometry":{"type":"Point","coordinates":[11.656211,57.708526]},"properties":{"name":"Öckerö hamn","lines":"290, 1","arr":["290","OC1"],"terminus":0,"mode":"bus","color":"#0059a9","colorDark":"#00294f","angle":122.9,"snapDist":2,"label":1}},{"type":"Feature","geometry":{"type":"Point","coordinates":[11.657935,57.711006]},"properties":{"name":"Öckerö färjeläge","lines":"290, 1","arr":["290","OC1"],"terminus":0,"mode":"bus","color":"#0059a9","colorDark":"#00294f","angle":88.9,"snapDist":1,"label":1}},{"type":"Feature","geometry":{"type":"Point","coordinates":[11.655031,57.715138]},"properties":{"name":"Intaget","lines":"290, 1","arr":["290","OC1"],"terminus":0,"mode":"bus","color":"#0059a9","colorDark":"#00294f","angle":98.1,"snapDist":2,"label":1}},{"type":"Feature","geometry":{"type":"Point","coordinates":[11.653178,57.720554]},"properties":{"name":"Blåbärsvägen","lines":"290, 1","arr":["290","OC1"],"terminus":0,"mode":"bus","color":"#0059a9","colorDark":"#00294f","angle":51.6,"snapDist":1,"label":1}},{"type":"Feature","geometry":{"type":"Point","coordinates":[11.65024,57.723303]},"properties":{"name":"Propellerfabriken","lines":"290, 1","arr":["290","OC1"],"terminus":0,"mode":"bus","color":"#0059a9","colorDark":"#00294f","angle":100.3,"snapDist":3,"label":1}},{"type":"Feature","geometry":{"type":"Point","coordinates":[11.653813,57.730834]},"properties":{"name":"Hälsö södra","lines":"290, 1","arr":["290","OC1"],"terminus":0,"mode":"bus","color":"#0059a9","colorDark":"#00294f","angle":107.8,"snapDist":3,"label":1}},{"type":"Feature","geometry":{"type":"Point","coordinates":[11.655101,57.731886]},"properties":{"name":"Hälsö hamn","lines":"290, 1","arr":["290","OC1"],"terminus":0,"mode":"bus","color":"#0059a9","colorDark":"#00294f","angle":128.4,"snapDist":2,"label":1}},{"type":"Feature","geometry":{"type":"Point","coordinates":[11.649601,57.735865]},"properties":{"name":"Västeräng","lines":"290, 1","arr":["290","OC1"],"terminus":0,"mode":"bus","color":"#0059a9","colorDark":"#00294f","angle":49.7,"snapDist":3,"label":1}},{"type":"Feature","geometry":{"type":"Point","coordinates":[11.642138,57.743813]},"properties":{"name":"Burö färjeläge","lines":"290, 1","arr":["290","OC1"],"terminus":1,"mode":"bus","color":"#0059a9","colorDark":"#00294f","angle":81.9,"snapDist":8,"label":1}},{"type":"Feature","geometry":{"type":"Point","coordinates":[11.649727,57.735786]},"properties":{"name":"Västeräng","lines":"290, 1","arr":["290","OC1"],"terminus":0,"mode":"bus","color":"#0059a9","colorDark":"#00294f","angle":229.7,"snapDist":3,"label":0}},{"type":"Feature","geometry":{"type":"Point","coordinates":[11.654902,57.731762]},"properties":{"name":"Hälsö hamn","lines":"290, 1","arr":["290","OC1"],"terminus":0,"mode":"bus","color":"#0059a9","colorDark":"#00294f","angle":309.6,"snapDist":4,"label":0}},{"type":"Feature","geometry":{"type":"Point","coordinates":[11.65368,57.730579]},"properties":{"name":"Hälsö södra","lines":"290, 1","arr":["290","OC1"],"terminus":0,"mode":"bus","color":"#0059a9","colorDark":"#00294f","angle":279,"snapDist":5,"label":0}},{"type":"Feature","geometry":{"type":"Point","coordinates":[11.650553,57.722305]},"properties":{"name":"Propellerfabriken","lines":"290, 1","arr":["290","OC1"],"terminus":0,"mode":"bus","color":"#0059a9","colorDark":"#00294f","angle":239,"snapDist":4,"label":0}},{"type":"Feature","geometry":{"type":"Point","coordinates":[11.654353,57.719613]},"properties":{"name":"Blåbärsvägen","lines":"290, 1","arr":["290","OC1"],"terminus":0,"mode":"bus","color":"#0059a9","colorDark":"#00294f","angle":238.5,"snapDist":4,"label":0}},{"type":"Feature","geometry":{"type":"Point","coordinates":[11.655018,57.715081]},"properties":{"name":"Intaget","lines":"290, 1","arr":["290","OC1"],"terminus":0,"mode":"bus","color":"#0059a9","colorDark":"#00294f","angle":276.5,"snapDist":0,"label":0}},{"type":"Feature","geometry":{"type":"Point","coordinates":[11.65768,57.710071]},"properties":{"name":"Öckerö färjeläge","lines":"290, 1","arr":["290","OC1"],"terminus":0,"mode":"bus","color":"#0059a9","colorDark":"#00294f","angle":286.8,"snapDist":7,"label":0}},{"type":"Feature","geometry":{"type":"Point","coordinates":[11.656209,57.708524]},"properties":{"name":"Öckerö hamn","lines":"290, 1","arr":["290","OC1"],"terminus":0,"mode":"bus","color":"#0059a9","colorDark":"#00294f","angle":302.9,"snapDist":2,"label":0}},{"type":"Feature","geometry":{"type":"Point","coordinates":[11.646739,57.701181]},"properties":{"name":"Kanndalen","lines":"290, 1","arr":["290","OC1"],"terminus":0,"mode":"bus","color":"#0059a9","colorDark":"#00294f","angle":265.4,"snapDist":2,"label":0}},{"type":"Feature","geometry":{"type":"Point","coordinates":[11.648355,57.699043]},"properties":{"name":"Hönö norra","lines":"290, 2","arr":["290","OC2"],"terminus":0,"mode":"bus","color":"#0059a9","colorDark":"#00294f","angle":169,"snapDist":4,"label":0}},{"type":"Feature","geometry":{"type":"Point","coordinates":[11.66604,57.698693]},"properties":{"name":"Hönö färjeläge","lines":"290, 291","arr":["290","291"],"terminus":0,"mode":"bus","color":"#0059a9","colorDark":"#00294f","angle":243.9,"snapDist":6,"label":0}},{"type":"Feature","geometry":{"type":"Point","coordinates":[11.781337,57.708926]},"properties":{"name":"Amhult Resecentrum","lines":"290, 291, X6","arr":["290","291","X6"],"terminus":0,"mode":"bus","color":"#0059a9","colorDark":"#00294f","angle":123.6,"snapDist":4,"label":0}},{"type":"Feature","geometry":{"type":"Point","coordinates":[11.654866,57.67294]},"properties":{"name":"Fotö","lines":"291, 2","arr":["291","OC2"],"terminus":1,"mode":"bus","color":"#0059a9","colorDark":"#00294f","angle":5.9,"snapDist":2,"label":1}},{"type":"Feature","geometry":{"type":"Point","coordinates":[11.659978,57.672722]},"properties":{"name":"Söö","lines":"291, 2","arr":["291","OC2"],"terminus":0,"mode":"bus","color":"#0059a9","colorDark":"#00294f","angle":160.7,"snapDist":1,"label":1}},{"type":"Feature","geometry":{"type":"Point","coordinates":[11.661611,57.683129]},"properties":{"name":"Brevik","lines":"291, 2","arr":["291","OC2"],"terminus":0,"mode":"bus","color":"#0059a9","colorDark":"#00294f","angle":52.2,"snapDist":5,"label":1}},{"type":"Feature","geometry":{"type":"Point","coordinates":[11.658214,57.684267]},"properties":{"name":"Bustaden","lines":"291, 2","arr":["291","OC2"],"terminus":0,"mode":"bus","color":"#0059a9","colorDark":"#00294f","angle":5.8,"snapDist":3,"label":1}},{"type":"Feature","geometry":{"type":"Point","coordinates":[11.656927,57.688141]},"properties":{"name":"Vipekärr","lines":"291","arr":["291"],"terminus":0,"mode":"bus","color":"#0059a9","colorDark":"#00294f","angle":83,"snapDist":9,"label":1}},{"type":"Feature","geometry":{"type":"Point","coordinates":[11.653893,57.694184]},"properties":{"name":"Hedens by","lines":"291","arr":["291"],"terminus":0,"mode":"bus","color":"#0059a9","colorDark":"#00294f","angle":59.8,"snapDist":12,"label":1}},{"type":"Feature","geometry":{"type":"Point","coordinates":[11.654385,57.696654]},"properties":{"name":"Västra Gärdet","lines":"291, 1","arr":["291","OC1"],"terminus":0,"mode":"bus","color":"#0059a9","colorDark":"#00294f","angle":137,"snapDist":2,"label":1}},{"type":"Feature","geometry":{"type":"Point","coordinates":[11.968319,57.871778]},"properties":{"name":"Kungälv resecentrum","lines":"302","arr":["302"],"terminus":1,"mode":"bus","color":"#0059a9","colorDark":"#00294f","angle":267.8,"snapDist":1,"label":1}},{"type":"Feature","geometry":{"type":"Point","coordinates":[11.974413,57.873557]},"properties":{"name":"Kongahällagatan","lines":"302, 307, 308, 309, 401, 1, 3, X4","arr":["302","307","308","309","401","KV1","KV3","X4"],"terminus":0,"mode":"bus","color":"#0059a9","colorDark":"#00294f","angle":157.2,"snapDist":5,"label":1}},{"type":"Feature","geometry":{"type":"Point","coordinates":[11.943609,57.870334]},"properties":{"name":"Rollsbovägen","lines":"302, 303, 1, 2","arr":["302","303","KV1","KV2"],"terminus":0,"mode":"bus","color":"#0059a9","colorDark":"#00294f","angle":329,"snapDist":2,"label":1}},{"type":"Feature","geometry":{"type":"Point","coordinates":[11.925826,57.865199]},"properties":{"name":"Ytterby vägskäl","lines":"302, 303, 1, 2","arr":["302","303","KV1","KV2"],"terminus":0,"mode":"bus","color":"#0059a9","colorDark":"#00294f","angle":61.2,"snapDist":0,"label":1}},{"type":"Feature","geometry":{"type":"Point","coordinates":[11.918551,57.862621]},"properties":{"name":"Ytterby station","lines":"302, 303","arr":["302","303"],"terminus":0,"mode":"bus","color":"#0059a9","colorDark":"#00294f","angle":4,"snapDist":6,"label":0}},{"type":"Feature","geometry":{"type":"Point","coordinates":[11.903833,57.874676]},"properties":{"name":"Guddeby","lines":"302, 920","arr":["302","920"],"terminus":1,"mode":"bus","color":"#0059a9","colorDark":"#00294f","angle":45.6,"snapDist":11,"label":1}},{"type":"Feature","geometry":{"type":"Point","coordinates":[11.896961,57.878654]},"properties":{"name":"Guddehjälm östra","lines":"302, 920","arr":["302","920"],"terminus":0,"mode":"bus","color":"#0059a9","colorDark":"#00294f","angle":51.1,"snapDist":5,"label":1}},{"type":"Feature","geometry":{"type":"Point","coordinates":[11.894114,57.8811]},"properties":{"name":"Guddehjälm västra","lines":"302, 920","arr":["302","920"],"terminus":0,"mode":"bus","color":"#0059a9","colorDark":"#00294f","angle":67.5,"snapDist":4,"label":1}},{"type":"Feature","geometry":{"type":"Point","coordinates":[11.889359,57.886394]},"properties":{"name":"Bredsten","lines":"302, 920","arr":["302","920"],"terminus":0,"mode":"bus","color":"#0059a9","colorDark":"#00294f","angle":55.6,"snapDist":12,"label":1}},{"type":"Feature","geometry":{"type":"Point","coordinates":[11.885644,57.889067]},"properties":{"name":"Bollestadsvägen","lines":"302, 920","arr":["302","920"],"terminus":0,"mode":"bus","color":"#0059a9","colorDark":"#00294f","angle":51.9,"snapDist":8,"label":1}},{"type":"Feature","geometry":{"type":"Point","coordinates":[11.879167,57.891916]},"properties":{"name":"Skårbyvägen","lines":"302","arr":["302"],"terminus":0,"mode":"bus","color":"#0059a9","colorDark":"#00294f","angle":25.1,"snapDist":6,"label":1}},{"type":"Feature","geometry":{"type":"Point","coordinates":[11.873758,57.892966]},"properties":{"name":"Ekelöv östra","lines":"302","arr":["302"],"terminus":0,"mode":"bus","color":"#0059a9","colorDark":"#00294f","angle":7.1,"snapDist":4,"label":1}},{"type":"Feature","geometry":{"type":"Point","coordinates":[11.865638,57.892565]},"properties":{"name":"Ekelöv västra","lines":"302","arr":["302"],"terminus":0,"mode":"bus","color":"#0059a9","colorDark":"#00294f","angle":356.7,"snapDist":5,"label":1}},{"type":"Feature","geometry":{"type":"Point","coordinates":[11.850409,57.893889]},"properties":{"name":"Gategården","lines":"302","arr":["302"],"terminus":0,"mode":"bus","color":"#0059a9","colorDark":"#00294f","angle":1.8,"snapDist":3,"label":1}},{"type":"Feature","geometry":{"type":"Point","coordinates":[11.840673,57.893946]},"properties":{"name":"Risby","lines":"302","arr":["302"],"terminus":0,"mode":"bus","color":"#0059a9","colorDark":"#00294f","angle":356.2,"snapDist":10,"label":1}},{"type":"Feature","geometry":{"type":"Point","coordinates":[11.827408,57.89523]},"properties":{"name":"Hålta kyrka","lines":"302","arr":["302"],"terminus":0,"mode":"bus","color":"#0059a9","colorDark":"#00294f","angle":17.1,"snapDist":6,"label":1}},{"type":"Feature","geometry":{"type":"Point","coordinates":[11.813429,57.896409]},"properties":{"name":"Vävra övre","lines":"302, 924, 927","arr":["302","924","927"],"terminus":1,"mode":"bus","color":"#0059a9","colorDark":"#00294f","angle":6.1,"snapDist":6,"label":1}},{"type":"Feature","geometry":{"type":"Point","coordinates":[11.804781,57.896105]},"properties":{"name":"Vävra korsväg","lines":"302, 924, 927","arr":["302","924","927"],"terminus":0,"mode":"bus","color":"#0059a9","colorDark":"#00294f","angle":346.4,"snapDist":6,"label":1}},{"type":"Feature","geometry":{"type":"Point","coordinates":[11.787629,57.892109]},"properties":{"name":"Lökeberg","lines":"302, 923, 924, 927","arr":["302","923","924","927"],"terminus":1,"mode":"bus","color":"#0059a9","colorDark":"#00294f","angle":329.5,"snapDist":13,"label":1}},{"type":"Feature","geometry":{"type":"Point","coordinates":[11.776728,57.889667]},"properties":{"name":"Gullbringa","lines":"302, 923, 927","arr":["302","923","927"],"terminus":0,"mode":"bus","color":"#0059a9","colorDark":"#00294f","angle":356,"snapDist":7,"label":1}},{"type":"Feature","geometry":{"type":"Point","coordinates":[11.751454,57.891023]},"properties":{"name":"Gethagen","lines":"302, 923, 927","arr":["302","923","927"],"terminus":0,"mode":"bus","color":"#0059a9","colorDark":"#00294f","angle":343.7,"snapDist":4,"label":0}},{"type":"Feature","geometry":{"type":"Point","coordinates":[11.743341,57.892701]},"properties":{"name":"Tjuvkilsboden","lines":"302, 305, 927","arr":["302","305","927"],"terminus":0,"mode":"bus","color":"#0059a9","colorDark":"#00294f","angle":63.9,"snapDist":10,"label":1}},{"type":"Feature","geometry":{"type":"Point","coordinates":[11.739945,57.894696]},"properties":{"name":"Stenskärsvägen","lines":"302, 305, 927","arr":["302","305","927"],"terminus":0,"mode":"bus","color":"#0059a9","colorDark":"#00294f","angle":31.8,"snapDist":4,"label":1}},{"type":"Feature","geometry":{"type":"Point","coordinates":[11.730516,57.897857]},"properties":{"name":"Saltskärsvägen","lines":"302, 305, 927","arr":["302","305","927"],"terminus":0,"mode":"bus","color":"#0059a9","colorDark":"#00294f","angle":24.2,"snapDist":4,"label":1}},{"type":"Feature","geometry":{"type":"Point","coordinates":[11.716204,57.895081]},"properties":{"name":"Toftebergsvägen","lines":"302, 927","arr":["302","927"],"terminus":0,"mode":"bus","color":"#0059a9","colorDark":"#00294f","angle":337.9,"snapDist":1,"label":1}},{"type":"Feature","geometry":{"type":"Point","coordinates":[11.704143,57.89246]},"properties":{"name":"Nordösundet","lines":"302, 927","arr":["302","927"],"terminus":0,"mode":"bus","color":"#0059a9","colorDark":"#00294f","angle":-59.9,"snapDist":6,"label":1}},{"type":"Feature","geometry":{"type":"Point","coordinates":[11.699147,57.889803]},"properties":{"name":"Nordön","lines":"302","arr":["302"],"terminus":0,"mode":"bus","color":"#0059a9","colorDark":"#00294f","angle":2.5,"snapDist":8,"label":1}},{"type":"Feature","geometry":{"type":"Point","coordinates":[11.683812,57.889907]},"properties":{"name":"Nordöhamnen","lines":"302","arr":["302"],"terminus":0,"mode":"bus","color":"#0059a9","colorDark":"#00294f","angle":15.5,"snapDist":5,"label":1}},{"type":"Feature","geometry":{"type":"Point","coordinates":[11.668184,57.889406]},"properties":{"name":"Rökan","lines":"302","arr":["302"],"terminus":0,"mode":"bus","color":"#0059a9","colorDark":"#00294f","angle":9.6,"snapDist":6,"label":1}},{"type":"Feature","geometry":{"type":"Point","coordinates":[11.648611,57.893183]},"properties":{"name":"Långås","lines":"302","arr":["302"],"terminus":0,"mode":"bus","color":"#0059a9","colorDark":"#00294f","angle":27.7,"snapDist":10,"label":1}},{"type":"Feature","geometry":{"type":"Point","coordinates":[11.6417,57.893872]},"properties":{"name":"Instö lid","lines":"302","arr":["302"],"terminus":0,"mode":"bus","color":"#0059a9","colorDark":"#00294f","angle":343.1,"snapDist":9,"label":1}},{"type":"Feature","geometry":{"type":"Point","coordinates":[11.62985,57.892922]},"properties":{"name":"Mittsund","lines":"302","arr":["302"],"terminus":0,"mode":"bus","color":"#0059a9","colorDark":"#00294f","angle":347.8,"snapDist":6,"label":1}},{"type":"Feature","geometry":{"type":"Point","coordinates":[11.612645,57.890213]},"properties":{"name":"Gunnarsdalsvägen","lines":"302","arr":["302"],"terminus":0,"mode":"bus","color":"#0059a9","colorDark":"#00294f","angle":329,"snapDist":3,"label":1}},{"type":"Feature","geometry":{"type":"Point","coordinates":[11.597671,57.888579]},"properties":{"name":"Danske sten","lines":"302","arr":["302"],"terminus":0,"mode":"bus","color":"#0059a9","colorDark":"#00294f","angle":354.4,"snapDist":5,"label":1}},{"type":"Feature","geometry":{"type":"Point","coordinates":[11.589236,57.88672]},"properties":{"name":"Marstrands färjeläge","lines":"302","arr":["302"],"terminus":1,"mode":"bus","color":"#0059a9","colorDark":"#00294f","angle":152.3,"snapDist":7,"label":1}},{"type":"Feature","geometry":{"type":"Point","coordinates":[11.597952,57.888592]},"properties":{"name":"Danske sten","lines":"302","arr":["302"],"terminus":0,"mode":"bus","color":"#0059a9","colorDark":"#00294f","angle":176.8,"snapDist":2,"label":0}},{"type":"Feature","geometry":{"type":"Point","coordinates":[11.61388,57.890551]},"properties":{"name":"Gunnarsdalsvägen","lines":"302","arr":["302"],"terminus":0,"mode":"bus","color":"#0059a9","colorDark":"#00294f","angle":155.6,"snapDist":6,"label":0}},{"type":"Feature","geometry":{"type":"Point","coordinates":[11.629606,57.892894]},"properties":{"name":"Mittsund","lines":"302","arr":["302"],"terminus":0,"mode":"bus","color":"#0059a9","colorDark":"#00294f","angle":167.3,"snapDist":4,"label":0}},{"type":"Feature","geometry":{"type":"Point","coordinates":[11.642941,57.894077]},"properties":{"name":"Instö lid","lines":"302","arr":["302"],"terminus":0,"mode":"bus","color":"#0059a9","colorDark":"#00294f","angle":164.6,"snapDist":5,"label":0}},{"type":"Feature","geometry":{"type":"Point","coordinates":[11.651117,57.892777]},"properties":{"name":"Långås","lines":"302","arr":["302"],"terminus":0,"mode":"bus","color":"#0059a9","colorDark":"#00294f","angle":189.2,"snapDist":5,"label":0}},{"type":"Feature","geometry":{"type":"Point","coordinates":[11.671621,57.889553]},"properties":{"name":"Rökan","lines":"302","arr":["302"],"terminus":0,"mode":"bus","color":"#0059a9","colorDark":"#00294f","angle":159.2,"snapDist":3,"label":0}},{"type":"Feature","geometry":{"type":"Point","coordinates":[11.683807,57.889908]},"properties":{"name":"Nordöhamnen","lines":"302","arr":["302"],"terminus":0,"mode":"bus","color":"#0059a9","colorDark":"#00294f","angle":195.5,"snapDist":3,"label":0}},{"type":"Feature","geometry":{"type":"Point","coordinates":[11.69855,57.889826]},"properties":{"name":"Nordön","lines":"302, 927","arr":["302","927"],"terminus":0,"mode":"bus","color":"#0059a9","colorDark":"#00294f","angle":184.8,"snapDist":0,"label":0}},{"type":"Feature","geometry":{"type":"Point","coordinates":[11.70414,57.892457]},"properties":{"name":"Nordösundet","lines":"302, 927","arr":["302","927"],"terminus":0,"mode":"bus","color":"#0059a9","colorDark":"#00294f","angle":120.1,"snapDist":7,"label":0}},{"type":"Feature","geometry":{"type":"Point","coordinates":[11.716619,57.895171]},"properties":{"name":"Toftebergsvägen","lines":"302, 927","arr":["302","927"],"terminus":0,"mode":"bus","color":"#0059a9","colorDark":"#00294f","angle":158.1,"snapDist":2,"label":0}},{"type":"Feature","geometry":{"type":"Point","coordinates":[11.730911,57.897761]},"properties":{"name":"Saltskärsvägen","lines":"302, 305, 927","arr":["302","305","927"],"terminus":0,"mode":"bus","color":"#0059a9","colorDark":"#00294f","angle":206.7,"snapDist":4,"label":0}},{"type":"Feature","geometry":{"type":"Point","coordinates":[11.740159,57.89462]},"properties":{"name":"Stenskärsvägen","lines":"302, 305, 927","arr":["302","305","927"],"terminus":0,"mode":"bus","color":"#0059a9","colorDark":"#00294f","angle":214.8,"snapDist":3,"label":0}},{"type":"Feature","geometry":{"type":"Point","coordinates":[11.743931,57.891989]},"properties":{"name":"Tjuvkilsboden","lines":"302, 923, 927","arr":["302","923","927"],"terminus":0,"mode":"bus","color":"#0059a9","colorDark":"#00294f","angle":246.1,"snapDist":4,"label":0}},{"type":"Feature","geometry":{"type":"Point","coordinates":[11.750865,57.890891]},"properties":{"name":"Gethagen","lines":"302, 923, 927","arr":["302","923","927"],"terminus":1,"mode":"bus","color":"#0059a9","colorDark":"#00294f","angle":256.1,"snapDist":4,"label":1}},{"type":"Feature","geometry":{"type":"Point","coordinates":[11.776286,57.889665]},"properties":{"name":"Gullbringa","lines":"302, 923, 924, 927","arr":["302","923","924","927"],"terminus":0,"mode":"bus","color":"#0059a9","colorDark":"#00294f","angle":183.6,"snapDist":9,"label":0}},{"type":"Feature","geometry":{"type":"Point","coordinates":[11.788713,57.892458]},"properties":{"name":"Lökeberg","lines":"302, 923, 924, 927","arr":["302","923","924","927"],"terminus":1,"mode":"bus","color":"#0059a9","colorDark":"#00294f","angle":148.5,"snapDist":6,"label":0}},{"type":"Feature","geometry":{"type":"Point","coordinates":[11.806459,57.896327]},"properties":{"name":"Vävra korsväg","lines":"302, 910, 924, 927","arr":["302","910","924","927"],"terminus":0,"mode":"bus","color":"#0059a9","colorDark":"#00294f","angle":165.8,"snapDist":6,"label":0}},{"type":"Feature","geometry":{"type":"Point","coordinates":[11.813629,57.896398]},"properties":{"name":"Vävra övre","lines":"302, 910, 924, 927","arr":["302","910","924","927"],"terminus":1,"mode":"bus","color":"#0059a9","colorDark":"#00294f","angle":185.6,"snapDist":6,"label":0}},{"type":"Feature","geometry":{"type":"Point","coordinates":[11.827871,57.895154]},"properties":{"name":"Hålta kyrka","lines":"302","arr":["302"],"terminus":0,"mode":"bus","color":"#0059a9","colorDark":"#00294f","angle":197.3,"snapDist":3,"label":0}},{"type":"Feature","geometry":{"type":"Point","coordinates":[11.841014,57.893925]},"properties":{"name":"Risby","lines":"302","arr":["302"],"terminus":0,"mode":"bus","color":"#0059a9","colorDark":"#00294f","angle":264.9,"snapDist":5,"label":0}},{"type":"Feature","geometry":{"type":"Point","coordinates":[11.850393,57.893889]},"properties":{"name":"Gategården","lines":"302","arr":["302"],"terminus":0,"mode":"bus","color":"#0059a9","colorDark":"#00294f","angle":181.8,"snapDist":10,"label":0}},{"type":"Feature","geometry":{"type":"Point","coordinates":[11.865316,57.892555]},"properties":{"name":"Ekelöv västra","lines":"302","arr":["302"],"terminus":0,"mode":"bus","color":"#0059a9","colorDark":"#00294f","angle":176.7,"snapDist":3,"label":0}},{"type":"Feature","geometry":{"type":"Point","coordinates":[11.874711,57.892883]},"properties":{"name":"Ekelöv östra","lines":"302","arr":["302"],"terminus":0,"mode":"bus","color":"#0059a9","colorDark":"#00294f","angle":192.7,"snapDist":5,"label":0}},{"type":"Feature","geometry":{"type":"Point","coordinates":[11.880026,57.891691]},"properties":{"name":"Skårbyvägen","lines":"302","arr":["302"],"terminus":0,"mode":"bus","color":"#0059a9","colorDark":"#00294f","angle":206.2,"snapDist":4,"label":0}},{"type":"Feature","geometry":{"type":"Point","coordinates":[11.885768,57.888981]},"properties":{"name":"Bollestadsvägen","lines":"302","arr":["302"],"terminus":0,"mode":"bus","color":"#0059a9","colorDark":"#00294f","angle":232.2,"snapDist":8,"label":0}},{"type":"Feature","geometry":{"type":"Point","coordinates":[11.889528,57.886253]},"properties":{"name":"Bredsten","lines":"302, 920","arr":["302","920"],"terminus":0,"mode":"bus","color":"#0059a9","colorDark":"#00294f","angle":237.5,"snapDist":1,"label":0}},{"type":"Feature","geometry":{"type":"Point","coordinates":[11.894306,57.880874]},"properties":{"name":"Guddehjälm västra","lines":"302, 920","arr":["302","920"],"terminus":0,"mode":"bus","color":"#0059a9","colorDark":"#00294f","angle":-115,"snapDist":3,"label":0}},{"type":"Feature","geometry":{"type":"Point","coordinates":[11.897548,57.878264]},"properties":{"name":"Guddehjälm östra","lines":"302, 920","arr":["302","920"],"terminus":0,"mode":"bus","color":"#0059a9","colorDark":"#00294f","angle":230.8,"snapDist":3,"label":0}},{"type":"Feature","geometry":{"type":"Point","coordinates":[11.903873,57.874655]},"properties":{"name":"Guddeby","lines":"302, 920","arr":["302","920"],"terminus":1,"mode":"bus","color":"#0059a9","colorDark":"#00294f","angle":225.2,"snapDist":1,"label":0}},{"type":"Feature","geometry":{"type":"Point","coordinates":[11.927059,57.864576]},"properties":{"name":"Ytterby vägskäl","lines":"302, 303, 1, 2","arr":["302","303","KV1","KV2"],"terminus":0,"mode":"bus","color":"#0059a9","colorDark":"#00294f","angle":203.4,"snapDist":1,"label":0}},{"type":"Feature","geometry":{"type":"Point","coordinates":[11.943918,57.870309]},"properties":{"name":"Rollsbovägen","lines":"302, 303, 1, 2","arr":["302","303","KV1","KV2"],"terminus":0,"mode":"bus","color":"#0059a9","colorDark":"#00294f","angle":150,"snapDist":2,"label":0}},{"type":"Feature","geometry":{"type":"Point","coordinates":[11.974592,57.873598]},"properties":{"name":"Kongahällagatan","lines":"302, 307, 308, 309, 401, 1, 3, X4","arr":["302","307","308","309","401","KV1","KV3","X4"],"terminus":0,"mode":"bus","color":"#0059a9","colorDark":"#00294f","angle":-22.8,"snapDist":9,"label":0}},{"type":"Feature","geometry":{"type":"Point","coordinates":[11.968401,57.871798]},"properties":{"name":"Kungälv resecentrum","lines":"303","arr":["303"],"terminus":1,"mode":"bus","color":"#0059a9","colorDark":"#00294f","angle":269,"snapDist":1,"label":0}},{"type":"Feature","geometry":{"type":"Point","coordinates":[11.964286,57.871192]},"properties":{"name":"Vikingatorget","lines":"303, 319, 1","arr":["303","319","KV1"],"terminus":0,"mode":"bus","color":"#0059a9","colorDark":"#00294f","angle":339.4,"snapDist":7,"label":1}},{"type":"Feature","geometry":{"type":"Point","coordinates":[11.957335,57.869809]},"properties":{"name":"Nordmannatorget","lines":"303, 319, 1","arr":["303","319","KV1"],"terminus":0,"mode":"bus","color":"#0059a9","colorDark":"#00294f","angle":330.1,"snapDist":4,"label":1}},{"type":"Feature","geometry":{"type":"Point","coordinates":[11.952211,57.868714]},"properties":{"name":"Christian IV:s väg","lines":"303, 319, 1","arr":["303","319","KV1"],"terminus":0,"mode":"bus","color":"#0059a9","colorDark":"#00294f","angle":343.1,"snapDist":7,"label":1}},{"type":"Feature","geometry":{"type":"Point","coordinates":[11.950851,57.870529]},"properties":{"name":"Solhultsgatan","lines":"303, 319, 1, 2","arr":["303","319","KV1","KV2"],"terminus":0,"mode":"bus","color":"#0059a9","colorDark":"#00294f","angle":75.9,"snapDist":2,"label":1}},{"type":"Feature","geometry":{"type":"Point","coordinates":[11.916775,57.857111]},"properties":{"name":"Ytterby brandstation","lines":"303, 928, 2","arr":["303","928","KV2"],"terminus":0,"mode":"bus","color":"#0059a9","colorDark":"#00294f","angle":304.3,"snapDist":6,"label":1}},{"type":"Feature","geometry":{"type":"Point","coordinates":[11.910982,57.85373]},"properties":{"name":"Kyrkbäcksgatan","lines":"303, 928, 2","arr":["303","928","KV2"],"terminus":0,"mode":"bus","color":"#0059a9","colorDark":"#00294f","angle":341.6,"snapDist":4,"label":1}},{"type":"Feature","geometry":{"type":"Point","coordinates":[11.902753,57.853258]},"properties":{"name":"Dannemarksgatan","lines":"303, 928, 2","arr":["303","928","KV2"],"terminus":0,"mode":"bus","color":"#0059a9","colorDark":"#00294f","angle":345.4,"snapDist":3,"label":1}},{"type":"Feature","geometry":{"type":"Point","coordinates":[11.89268,57.853426]},"properties":{"name":"Tegskiftegatan","lines":"303, 928, 2","arr":["303","928","KV2"],"terminus":0,"mode":"bus","color":"#0059a9","colorDark":"#00294f","angle":12.9,"snapDist":3,"label":1}},{"type":"Feature","geometry":{"type":"Point","coordinates":[11.88322,57.854927]},"properties":{"name":"Kanehallsvägen","lines":"303, 928, 2","arr":["303","928","KV2"],"terminus":0,"mode":"bus","color":"#0059a9","colorDark":"#00294f","angle":20.7,"snapDist":6,"label":1}},{"type":"Feature","geometry":{"type":"Point","coordinates":[11.877927,57.856042]},"properties":{"name":"Vena","lines":"303","arr":["303"],"terminus":0,"mode":"bus","color":"#0059a9","colorDark":"#00294f","angle":15.3,"snapDist":11,"label":1}},{"type":"Feature","geometry":{"type":"Point","coordinates":[11.863758,57.856848]},"properties":{"name":"Kuröd","lines":"303","arr":["303"],"terminus":0,"mode":"bus","color":"#0059a9","colorDark":"#00294f","angle":4.5,"snapDist":13,"label":1}},{"type":"Feature","geometry":{"type":"Point","coordinates":[11.847383,57.857339]},"properties":{"name":"Trädal östra","lines":"303, 922","arr":["303","922"],"terminus":1,"mode":"bus","color":"#0059a9","colorDark":"#00294f","angle":358.4,"snapDist":11,"label":1}},{"type":"Feature","geometry":{"type":"Point","coordinates":[11.84093,57.857072]},"properties":{"name":"Trädal västra","lines":"303, 922","arr":["303","922"],"terminus":0,"mode":"bus","color":"#0059a9","colorDark":"#00294f","angle":351.6,"snapDist":6,"label":1}},{"type":"Feature","geometry":{"type":"Point","coordinates":[11.817717,57.855277]},"properties":{"name":"Staby","lines":"303","arr":["303"],"terminus":0,"mode":"bus","color":"#0059a9","colorDark":"#00294f","angle":354,"snapDist":11,"label":1}},{"type":"Feature","geometry":{"type":"Point","coordinates":[11.807595,57.852515]},"properties":{"name":"Stora Skår","lines":"303","arr":["303"],"terminus":0,"mode":"bus","color":"#0059a9","colorDark":"#00294f","angle":315.4,"snapDist":9,"label":1}},{"type":"Feature","geometry":{"type":"Point","coordinates":[11.804147,57.850287]},"properties":{"name":"Kärna östra","lines":"303","arr":["303"],"terminus":0,"mode":"bus","color":"#0059a9","colorDark":"#00294f","angle":286.7,"snapDist":8,"label":1}},{"type":"Feature","geometry":{"type":"Point","coordinates":[11.795984,57.845141]},"properties":{"name":"Kärnavägen","lines":"303","arr":["303"],"terminus":0,"mode":"bus","color":"#0059a9","colorDark":"#00294f","angle":304.8,"snapDist":10,"label":1}},{"type":"Feature","geometry":{"type":"Point","coordinates":[11.792232,57.843826]},"properties":{"name":"Kärna bussterminal","lines":"303, 922","arr":["303","922"],"terminus":1,"mode":"bus","color":"#0059a9","colorDark":"#00294f","angle":238,"snapDist":10,"label":0}},{"type":"Feature","geometry":{"type":"Point","coordinates":[11.797431,57.846204]},"properties":{"name":"Kärnavägen","lines":"303, 926","arr":["303","926"],"terminus":0,"mode":"bus","color":"#0059a9","colorDark":"#00294f","angle":135.5,"snapDist":7,"label":0}},{"type":"Feature","geometry":{"type":"Point","coordinates":[11.803407,57.849138]},"properties":{"name":"Kärna östra","lines":"303, 926","arr":["303","926"],"terminus":0,"mode":"bus","color":"#0059a9","colorDark":"#00294f","angle":119.2,"snapDist":9,"label":0}},{"type":"Feature","geometry":{"type":"Point","coordinates":[11.808377,57.852935]},"properties":{"name":"Stora Skår","lines":"303, 926","arr":["303","926"],"terminus":0,"mode":"bus","color":"#0059a9","colorDark":"#00294f","angle":134.9,"snapDist":7,"label":0}},{"type":"Feature","geometry":{"type":"Point","coordinates":[11.819566,57.855382]},"properties":{"name":"Staby","lines":"303","arr":["303"],"terminus":0,"mode":"bus","color":"#0059a9","colorDark":"#00294f","angle":173.5,"snapDist":3,"label":0}},{"type":"Feature","geometry":{"type":"Point","coordinates":[11.841869,57.857145]},"properties":{"name":"Trädal västra","lines":"303","arr":["303"],"terminus":0,"mode":"bus","color":"#0059a9","colorDark":"#00294f","angle":171.9,"snapDist":3,"label":0}},{"type":"Feature","geometry":{"type":"Point","coordinates":[11.848602,57.857362]},"properties":{"name":"Trädal östra","lines":"303","arr":["303"],"terminus":0,"mode":"bus","color":"#0059a9","colorDark":"#00294f","angle":178.3,"snapDist":7,"label":0}},{"type":"Feature","geometry":{"type":"Point","coordinates":[11.864757,57.856764]},"properties":{"name":"Kuröd","lines":"303","arr":["303"],"terminus":0,"mode":"bus","color":"#0059a9","colorDark":"#00294f","angle":191.4,"snapDist":9,"label":0}},{"type":"Feature","geometry":{"type":"Point","coordinates":[11.87904,57.855823]},"properties":{"name":"Vena","lines":"303, 928","arr":["303","928"],"terminus":0,"mode":"bus","color":"#0059a9","colorDark":"#00294f","angle":204.3,"snapDist":5,"label":0}},{"type":"Feature","geometry":{"type":"Point","coordinates":[11.883701,57.854828]},"properties":{"name":"Kanehallsvägen","lines":"303, 928","arr":["303","928"],"terminus":0,"mode":"bus","color":"#0059a9","colorDark":"#00294f","angle":199.6,"snapDist":5,"label":0}},{"type":"Feature","geometry":{"type":"Point","coordinates":[11.894336,57.85322]},"properties":{"name":"Tegskiftegatan","lines":"303, 926","arr":["303","926"],"terminus":0,"mode":"bus","color":"#0059a9","colorDark":"#00294f","angle":192.6,"snapDist":9,"label":0}},{"type":"Feature","geometry":{"type":"Point","coordinates":[11.903361,57.853337]},"properties":{"name":"Dannemarksgatan","lines":"303, 926","arr":["303","926"],"terminus":0,"mode":"bus","color":"#0059a9","colorDark":"#00294f","angle":165.4,"snapDist":4,"label":0}},{"type":"Feature","geometry":{"type":"Point","coordinates":[11.912424,57.854146]},"properties":{"name":"Kyrkbäcksgatan","lines":"303, 921, 926","arr":["303","921","926"],"terminus":0,"mode":"bus","color":"#0059a9","colorDark":"#00294f","angle":142.6,"snapDist":4,"label":0}},{"type":"Feature","geometry":{"type":"Point","coordinates":[11.916537,57.856924]},"properties":{"name":"Ytterby brandstation","lines":"303, 921, 926","arr":["303","921","926"],"terminus":0,"mode":"bus","color":"#0059a9","colorDark":"#00294f","angle":123.4,"snapDist":0,"label":0}},{"type":"Feature","geometry":{"type":"Point","coordinates":[11.951097,57.869908]},"properties":{"name":"Solhultsgatan","lines":"303, 319, 1, 2","arr":["303","319","KV1","KV2"],"terminus":0,"mode":"bus","color":"#0059a9","colorDark":"#00294f","angle":258.5,"snapDist":6,"label":0}},{"type":"Feature","geometry":{"type":"Point","coordinates":[11.952253,57.868721]},"properties":{"name":"Christian IV:s väg","lines":"303, 319, 1","arr":["303","319","KV1"],"terminus":0,"mode":"bus","color":"#0059a9","colorDark":"#00294f","angle":163.1,"snapDist":3,"label":0}},{"type":"Feature","geometry":{"type":"Point","coordinates":[11.957493,57.869855]},"properties":{"name":"Nordmannatorget","lines":"303, 319, 1","arr":["303","319","KV1"],"terminus":0,"mode":"bus","color":"#0059a9","colorDark":"#00294f","angle":151.4,"snapDist":3,"label":0}},{"type":"Feature","geometry":{"type":"Point","coordinates":[11.96469,57.87122]},"properties":{"name":"Vikingatorget","lines":"303, 319, 1","arr":["303","319","KV1"],"terminus":0,"mode":"bus","color":"#0059a9","colorDark":"#00294f","angle":158.4,"snapDist":3,"label":0}},{"type":"Feature","geometry":{"type":"Point","coordinates":[11.792935,57.843848]},"properties":{"name":"Kärna bussterminal","lines":"305","arr":["305"],"terminus":1,"mode":"bus","color":"#0059a9","colorDark":"#00294f","angle":158.8,"snapDist":2,"label":0}},{"type":"Feature","geometry":{"type":"Point","coordinates":[11.787363,57.848087]},"properties":{"name":"Kärna bygdegård","lines":"305, 923","arr":["305","923"],"terminus":0,"mode":"bus","color":"#0059a9","colorDark":"#00294f","angle":68.3,"snapDist":4,"label":1}},{"type":"Feature","geometry":{"type":"Point","coordinates":[11.778786,57.855247]},"properties":{"name":"Skåttan","lines":"305","arr":["305"],"terminus":0,"mode":"bus","color":"#0059a9","colorDark":"#00294f","angle":42.5,"snapDist":5,"label":1}},{"type":"Feature","geometry":{"type":"Point","coordinates":[11.77325,57.85686]},"properties":{"name":"Ranneberg södra","lines":"305","arr":["305"],"terminus":0,"mode":"bus","color":"#0059a9","colorDark":"#00294f","angle":40.9,"snapDist":6,"label":1}},{"type":"Feature","geometry":{"type":"Point","coordinates":[11.765452,57.860207]},"properties":{"name":"Ranneberg norra","lines":"305","arr":["305"],"terminus":0,"mode":"bus","color":"#0059a9","colorDark":"#00294f","angle":40.8,"snapDist":3,"label":1}},{"type":"Feature","geometry":{"type":"Point","coordinates":[11.755133,57.863191]},"properties":{"name":"Stora Ryr","lines":"305","arr":["305"],"terminus":0,"mode":"bus","color":"#0059a9","colorDark":"#00294f","angle":31.2,"snapDist":3,"label":1}},{"type":"Feature","geometry":{"type":"Point","coordinates":[11.748148,57.86566]},"properties":{"name":"Stora Ryr norra","lines":"305","arr":["305"],"terminus":0,"mode":"bus","color":"#0059a9","colorDark":"#00294f","angle":35.8,"snapDist":8,"label":1}},{"type":"Feature","geometry":{"type":"Point","coordinates":[11.740595,57.868899]},"properties":{"name":"Mellan-Ryr","lines":"305","arr":["305"],"terminus":0,"mode":"bus","color":"#0059a9","colorDark":"#00294f","angle":137.8,"snapDist":5,"label":1}},{"type":"Feature","geometry":{"type":"Point","coordinates":[11.734784,57.87125]},"properties":{"name":"Lilla Ryr","lines":"305","arr":["305"],"terminus":0,"mode":"bus","color":"#0059a9","colorDark":"#00294f","angle":29.3,"snapDist":6,"label":1}},{"type":"Feature","geometry":{"type":"Point","coordinates":[11.730772,57.872057]},"properties":{"name":"Lyckans förskola","lines":"305","arr":["305"],"terminus":0,"mode":"bus","color":"#0059a9","colorDark":"#00294f","angle":12.6,"snapDist":6,"label":1}},{"type":"Feature","geometry":{"type":"Point","coordinates":[11.728477,57.873988]},"properties":{"name":"Lycke","lines":"305","arr":["305"],"terminus":0,"mode":"bus","color":"#0059a9","colorDark":"#00294f","angle":79.9,"snapDist":1,"label":1}},{"type":"Feature","geometry":{"type":"Point","coordinates":[11.728816,57.877724]},"properties":{"name":"Heavägen","lines":"305","arr":["305"],"terminus":0,"mode":"bus","color":"#0059a9","colorDark":"#00294f","angle":77.2,"snapDist":3,"label":1}},{"type":"Feature","geometry":{"type":"Point","coordinates":[11.727652,57.878983]},"properties":{"name":"Hea","lines":"305","arr":["305"],"terminus":0,"mode":"bus","color":"#0059a9","colorDark":"#00294f","angle":53.8,"snapDist":4,"label":1}},{"type":"Feature","geometry":{"type":"Point","coordinates":[11.723956,57.882475]},"properties":{"name":"Erslycke","lines":"305","arr":["305"],"terminus":0,"mode":"bus","color":"#0059a9","colorDark":"#00294f","angle":64.7,"snapDist":3,"label":1}},{"type":"Feature","geometry":{"type":"Point","coordinates":[11.722033,57.887018]},"properties":{"name":"Skräddarön","lines":"305","arr":["305"],"terminus":0,"mode":"bus","color":"#0059a9","colorDark":"#00294f","angle":141.7,"snapDist":5,"label":1}},{"type":"Feature","geometry":{"type":"Point","coordinates":[11.732317,57.890359]},"properties":{"name":"Sörängen","lines":"305","arr":["305"],"terminus":0,"mode":"bus","color":"#0059a9","colorDark":"#00294f","angle":151.4,"snapDist":6,"label":1}},{"type":"Feature","geometry":{"type":"Point","coordinates":[11.723569,57.899206]},"properties":{"name":"Tjuvkils förskola","lines":"305, 927","arr":["305","927"],"terminus":0,"mode":"bus","color":"#0059a9","colorDark":"#00294f","angle":199.6,"snapDist":3,"label":1}},{"type":"Feature","geometry":{"type":"Point","coordinates":[11.713143,57.90001]},"properties":{"name":"Tjuvkilshuvud","lines":"305, 927","arr":["305","927"],"terminus":1,"mode":"bus","color":"#0059a9","colorDark":"#00294f","angle":37.2,"snapDist":1,"label":1}},{"type":"Feature","geometry":{"type":"Point","coordinates":[11.723611,57.899198]},"properties":{"name":"Tjuvkils förskola","lines":"305, 927","arr":["305","927"],"terminus":0,"mode":"bus","color":"#0059a9","colorDark":"#00294f","angle":19.6,"snapDist":4,"label":0}},{"type":"Feature","geometry":{"type":"Point","coordinates":[11.742333,57.892295]},"properties":{"name":"Tjuvkilsboden","lines":"305, 923","arr":["305","923"],"terminus":0,"mode":"bus","color":"#0059a9","colorDark":"#00294f","angle":4.4,"snapDist":5,"label":0}},{"type":"Feature","geometry":{"type":"Point","coordinates":[11.730711,57.889887]},"properties":{"name":"Sörängen","lines":"305","arr":["305"],"terminus":0,"mode":"bus","color":"#0059a9","colorDark":"#00294f","angle":331,"snapDist":15,"label":0}},{"type":"Feature","geometry":{"type":"Point","coordinates":[11.72203,57.887017]},"properties":{"name":"Skräddarön","lines":"305","arr":["305"],"terminus":0,"mode":"bus","color":"#0059a9","colorDark":"#00294f","angle":321.7,"snapDist":5,"label":0}},{"type":"Feature","geometry":{"type":"Point","coordinates":[11.723956,57.882476]},"properties":{"name":"Erslycke","lines":"305","arr":["305"],"terminus":0,"mode":"bus","color":"#0059a9","colorDark":"#00294f","angle":244.7,"snapDist":3,"label":0}},{"type":"Feature","geometry":{"type":"Point","coordinates":[11.727634,57.878996]},"properties":{"name":"Hea","lines":"305","arr":["305"],"terminus":0,"mode":"bus","color":"#0059a9","colorDark":"#00294f","angle":233.8,"snapDist":12,"label":0}},{"type":"Feature","geometry":{"type":"Point","coordinates":[11.72874,57.877826]},"properties":{"name":"Heavägen","lines":"305","arr":["305"],"terminus":0,"mode":"bus","color":"#0059a9","colorDark":"#00294f","angle":249,"snapDist":0,"label":0}},{"type":"Feature","geometry":{"type":"Point","coordinates":[11.728644,57.872803]},"properties":{"name":"Lycke","lines":"305, 926","arr":["305","926"],"terminus":0,"mode":"bus","color":"#0059a9","colorDark":"#00294f","angle":221.3,"snapDist":5,"label":0}},{"type":"Feature","geometry":{"type":"Point","coordinates":[11.730998,57.872023]},"properties":{"name":"Lyckans förskola","lines":"305, 926","arr":["305","926"],"terminus":0,"mode":"bus","color":"#0059a9","colorDark":"#00294f","angle":196.1,"snapDist":2,"label":0}},{"type":"Feature","geometry":{"type":"Point","coordinates":[11.734678,57.871282]},"properties":{"name":"Lilla Ryr","lines":"305, 926","arr":["305","926"],"terminus":0,"mode":"bus","color":"#0059a9","colorDark":"#00294f","angle":209.3,"snapDist":4,"label":0}},{"type":"Feature","geometry":{"type":"Point","coordinates":[11.740512,57.868884]},"properties":{"name":"Mellan-Ryr","lines":"305, 926","arr":["305","926"],"terminus":0,"mode":"bus","color":"#0059a9","colorDark":"#00294f","angle":223.8,"snapDist":7,"label":0}},{"type":"Feature","geometry":{"type":"Point","coordinates":[11.748161,57.865655]},"properties":{"name":"Stora Ryr norra","lines":"305, 926","arr":["305","926"],"terminus":0,"mode":"bus","color":"#0059a9","colorDark":"#00294f","angle":215.8,"snapDist":3,"label":0}},{"type":"Feature","geometry":{"type":"Point","coordinates":[11.75513,57.863192]},"properties":{"name":"Stora Ryr","lines":"305, 926","arr":["305","926"],"terminus":0,"mode":"bus","color":"#0059a9","colorDark":"#00294f","angle":211.2,"snapDist":2,"label":0}},{"type":"Feature","geometry":{"type":"Point","coordinates":[11.765423,57.86022]},"properties":{"name":"Ranneberg norra","lines":"305, 926","arr":["305","926"],"terminus":0,"mode":"bus","color":"#0059a9","colorDark":"#00294f","angle":220.8,"snapDist":4,"label":0}},{"type":"Feature","geometry":{"type":"Point","coordinates":[11.77323,57.856869]},"properties":{"name":"Ranneberg södra","lines":"305, 926","arr":["305","926"],"terminus":0,"mode":"bus","color":"#0059a9","colorDark":"#00294f","angle":220.9,"snapDist":4,"label":0}},{"type":"Feature","geometry":{"type":"Point","coordinates":[11.778776,57.855251]},"properties":{"name":"Skåttan","lines":"305, 926","arr":["305","926"],"terminus":0,"mode":"bus","color":"#0059a9","colorDark":"#00294f","angle":222.5,"snapDist":0,"label":0}},{"type":"Feature","geometry":{"type":"Point","coordinates":[11.787425,57.848002]},"properties":{"name":"Kärna bygdegård","lines":"305, 923, 926","arr":["305","923","926"],"terminus":0,"mode":"bus","color":"#0059a9","colorDark":"#00294f","angle":249,"snapDist":4,"label":0}},{"type":"Feature","geometry":{"type":"Point","coordinates":[11.968825,57.871907]},"properties":{"name":"Kungälv resecentrum","lines":"307, 308","arr":["307","308"],"terminus":1,"mode":"bus","color":"#0059a9","colorDark":"#00294f","angle":88.5,"snapDist":2,"label":0}},{"type":"Feature","geometry":{"type":"Point","coordinates":[11.9759,57.874714]},"properties":{"name":"Mimers hus","lines":"307, 309, 1","arr":["307","309","KV1"],"terminus":0,"mode":"bus","color":"#0059a9","colorDark":"#00294f","angle":53.7,"snapDist":5,"label":1}},{"type":"Feature","geometry":{"type":"Point","coordinates":[11.971896,57.877957]},"properties":{"name":"Kungälvs sjukhus","lines":"307, 309, 1","arr":["307","309","KV1"],"terminus":0,"mode":"bus","color":"#0059a9","colorDark":"#00294f","angle":58.5,"snapDist":0,"label":1}},{"type":"Feature","geometry":{"type":"Point","coordinates":[11.971173,57.882885]},"properties":{"name":"Jordliden","lines":"307, 309, 1","arr":["307","309","KV1"],"terminus":0,"mode":"bus","color":"#0059a9","colorDark":"#00294f","angle":77.3,"snapDist":4,"label":1}},{"type":"Feature","geometry":{"type":"Point","coordinates":[11.964924,57.887125]},"properties":{"name":"Munkegärde","lines":"307, 309, 1","arr":["307","309","KV1"],"terminus":0,"mode":"bus","color":"#0059a9","colorDark":"#00294f","angle":27.5,"snapDist":3,"label":1}},{"type":"Feature","geometry":{"type":"Point","coordinates":[11.954641,57.888966]},"properties":{"name":"Ulvegärde","lines":"307, 309, 1","arr":["307","309","KV1"],"terminus":0,"mode":"bus","color":"#0059a9","colorDark":"#00294f","angle":2.1,"snapDist":7,"label":1}},{"type":"Feature","geometry":{"type":"Point","coordinates":[11.947877,57.889373]},"properties":{"name":"Solgärde vårdcentral","lines":"307, 309, 319","arr":["307","309","319"],"terminus":0,"mode":"bus","color":"#0059a9","colorDark":"#00294f","angle":17.8,"snapDist":4,"label":1}},{"type":"Feature","geometry":{"type":"Point","coordinates":[11.942772,57.89183]},"properties":{"name":"Solbräcke","lines":"307, 309, 319","arr":["307","309","319"],"terminus":0,"mode":"bus","color":"#0059a9","colorDark":"#00294f","angle":51.9,"snapDist":3,"label":1}},{"type":"Feature","geometry":{"type":"Point","coordinates":[11.938074,57.895386]},"properties":{"name":"Arntorp södra","lines":"307, 309, 319","arr":["307","309","319"],"terminus":0,"mode":"bus","color":"#0059a9","colorDark":"#00294f","angle":52,"snapDist":6,"label":1}},{"type":"Feature","geometry":{"type":"Point","coordinates":[11.932804,57.89842]},"properties":{"name":"Arntorp norra","lines":"307, 309, 319","arr":["307","309","319"],"terminus":0,"mode":"bus","color":"#0059a9","colorDark":"#00294f","angle":53.8,"snapDist":7,"label":1}},{"type":"Feature","geometry":{"type":"Point","coordinates":[11.927302,57.902612]},"properties":{"name":"Vegestorpsvägen","lines":"307, 309, 319, 911","arr":["307","309","319","911"],"terminus":0,"mode":"bus","color":"#0059a9","colorDark":"#00294f","angle":58.4,"snapDist":5,"label":1}},{"type":"Feature","geometry":{"type":"Point","coordinates":[11.926992,57.904978]},"properties":{"name":"Kareby skola","lines":"307, 309, 911, 912, 913, 917, 925","arr":["307","309","911","912","913","917","925"],"terminus":1,"mode":"bus","color":"#0059a9","colorDark":"#00294f","angle":202.2,"snapDist":5,"label":1}},{"type":"Feature","geometry":{"type":"Point","coordinates":[11.946582,57.906476]},"properties":{"name":"Löstorpsvägen","lines":"307","arr":["307"],"terminus":0,"mode":"bus","color":"#0059a9","colorDark":"#00294f","angle":185.9,"snapDist":6,"label":1}},{"type":"Feature","geometry":{"type":"Point","coordinates":[11.953199,57.907601]},"properties":{"name":"Björkenäs","lines":"307","arr":["307"],"terminus":0,"mode":"bus","color":"#0059a9","colorDark":"#00294f","angle":167,"snapDist":3,"label":1}},{"type":"Feature","geometry":{"type":"Point","coordinates":[11.963173,57.90841]},"properties":{"name":"Löstorp östra","lines":"307","arr":["307"],"terminus":0,"mode":"bus","color":"#0059a9","colorDark":"#00294f","angle":167.4,"snapDist":5,"label":1}},{"type":"Feature","geometry":{"type":"Point","coordinates":[11.968485,57.909063]},"properties":{"name":"Rishagen","lines":"307","arr":["307"],"terminus":0,"mode":"bus","color":"#0059a9","colorDark":"#00294f","angle":168.4,"snapDist":0,"label":1}},{"type":"Feature","geometry":{"type":"Point","coordinates":[11.977797,57.910121]},"properties":{"name":"Kringeldammen","lines":"307, 917","arr":["307","917"],"terminus":0,"mode":"bus","color":"#0059a9","colorDark":"#00294f","angle":140.7,"snapDist":4,"label":1}},{"type":"Feature","geometry":{"type":"Point","coordinates":[11.981523,57.910484]},"properties":{"name":"Olserödsvägen","lines":"307","arr":["307"],"terminus":0,"mode":"bus","color":"#0059a9","colorDark":"#00294f","angle":185.7,"snapDist":2,"label":1}},{"type":"Feature","geometry":{"type":"Point","coordinates":[11.990897,57.912154]},"properties":{"name":"Prästvägen","lines":"307","arr":["307"],"terminus":0,"mode":"bus","color":"#0059a9","colorDark":"#00294f","angle":136.8,"snapDist":2,"label":1}},{"type":"Feature","geometry":{"type":"Point","coordinates":[11.995279,57.91471]},"properties":{"name":"Rostocksvägen","lines":"307, 918","arr":["307","918"],"terminus":0,"mode":"bus","color":"#0059a9","colorDark":"#00294f","angle":111.3,"snapDist":4,"label":1}},{"type":"Feature","geometry":{"type":"Point","coordinates":[11.997728,57.916909]},"properties":{"name":"Sanner","lines":"307, 918","arr":["307","918"],"terminus":0,"mode":"bus","color":"#0059a9","colorDark":"#00294f","angle":137.7,"snapDist":2,"label":1}},{"type":"Feature","geometry":{"type":"Point","coordinates":[12.005767,57.9189]},"properties":{"name":"Barkeröd","lines":"307, 918","arr":["307","918"],"terminus":0,"mode":"bus","color":"#0059a9","colorDark":"#00294f","angle":163.5,"snapDist":2,"label":1}},{"type":"Feature","geometry":{"type":"Point","coordinates":[12.016499,57.921641]},"properties":{"name":"Alekärrsvägen","lines":"307, 918","arr":["307","918"],"terminus":0,"mode":"bus","color":"#0059a9","colorDark":"#00294f","angle":165.1,"snapDist":3,"label":1}},{"type":"Feature","geometry":{"type":"Point","coordinates":[12.020835,57.922243]},"properties":{"name":"Romelanda kyrka","lines":"307, 918","arr":["307","918"],"terminus":0,"mode":"bus","color":"#0059a9","colorDark":"#00294f","angle":177.1,"snapDist":2,"label":1}},{"type":"Feature","geometry":{"type":"Point","coordinates":[12.031726,57.924399]},"properties":{"name":"Diseröds centrum","lines":"307","arr":["307"],"terminus":1,"mode":"bus","color":"#0059a9","colorDark":"#00294f","angle":292.1,"snapDist":5,"label":1}},{"type":"Feature","geometry":{"type":"Point","coordinates":[12.031552,57.924168]},"properties":{"name":"Diseröds centrum","lines":"307, 308","arr":["307","308"],"terminus":1,"mode":"bus","color":"#0059a9","colorDark":"#00294f","angle":291.8,"snapDist":5,"label":0}},{"type":"Feature","geometry":{"type":"Point","coordinates":[12.019519,57.922052]},"properties":{"name":"Romelanda kyrka","lines":"307, 918","arr":["307","918"],"terminus":0,"mode":"bus","color":"#0059a9","colorDark":"#00294f","angle":-15.4,"snapDist":5,"label":0}},{"type":"Feature","geometry":{"type":"Point","coordinates":[12.016291,57.921611]},"properties":{"name":"Alekärrsvägen","lines":"307, 918","arr":["307","918"],"terminus":0,"mode":"bus","color":"#0059a9","colorDark":"#00294f","angle":344.4,"snapDist":4,"label":0}},{"type":"Feature","geometry":{"type":"Point","coordinates":[12.005766,57.9189]},"properties":{"name":"Barkeröd","lines":"307, 918","arr":["307","918"],"terminus":0,"mode":"bus","color":"#0059a9","colorDark":"#00294f","angle":343.5,"snapDist":6,"label":0}},{"type":"Feature","geometry":{"type":"Point","coordinates":[11.997708,57.916973]},"properties":{"name":"Sanner","lines":"307, 918","arr":["307","918"],"terminus":0,"mode":"bus","color":"#0059a9","colorDark":"#00294f","angle":51.1,"snapDist":6,"label":0}},{"type":"Feature","geometry":{"type":"Point","coordinates":[11.995275,57.914706]},"properties":{"name":"Rostocksvägen","lines":"307, 918","arr":["307","918"],"terminus":0,"mode":"bus","color":"#0059a9","colorDark":"#00294f","angle":291.3,"snapDist":5,"label":0}},{"type":"Feature","geometry":{"type":"Point","coordinates":[11.990893,57.912151]},"properties":{"name":"Prästvägen","lines":"307","arr":["307"],"terminus":0,"mode":"bus","color":"#0059a9","colorDark":"#00294f","angle":316.8,"snapDist":4,"label":0}},{"type":"Feature","geometry":{"type":"Point","coordinates":[11.981527,57.910484]},"properties":{"name":"Olserödsvägen","lines":"307","arr":["307"],"terminus":0,"mode":"bus","color":"#0059a9","colorDark":"#00294f","angle":5.7,"snapDist":4,"label":0}},{"type":"Feature","geometry":{"type":"Point","coordinates":[11.97781,57.910126]},"properties":{"name":"Kringeldammen","lines":"307","arr":["307"],"terminus":0,"mode":"bus","color":"#0059a9","colorDark":"#00294f","angle":320.7,"snapDist":4,"label":0}},{"type":"Feature","geometry":{"type":"Point","coordinates":[11.968484,57.909063]},"properties":{"name":"Rishagen","lines":"307, 917","arr":["307","917"],"terminus":0,"mode":"bus","color":"#0059a9","colorDark":"#00294f","angle":348.4,"snapDist":6,"label":0}},{"type":"Feature","geometry":{"type":"Point","coordinates":[11.963161,57.908409]},"properties":{"name":"Löstorp östra","lines":"307, 917","arr":["307","917"],"terminus":0,"mode":"bus","color":"#0059a9","colorDark":"#00294f","angle":347.4,"snapDist":3,"label":0}},{"type":"Feature","geometry":{"type":"Point","coordinates":[11.952458,57.907535]},"properties":{"name":"Björkenäs","lines":"307, 917","arr":["307","917"],"terminus":0,"mode":"bus","color":"#0059a9","colorDark":"#00294f","angle":-5.7,"snapDist":3,"label":0}},{"type":"Feature","geometry":{"type":"Point","coordinates":[11.947426,57.906618]},"properties":{"name":"Löstorpsvägen","lines":"307, 917","arr":["307","917"],"terminus":0,"mode":"bus","color":"#0059a9","colorDark":"#00294f","angle":-24.2,"snapDist":4,"label":0}},{"type":"Feature","geometry":{"type":"Point","coordinates":[11.926486,57.905088]},"properties":{"name":"Kareby skola","lines":"307, 917","arr":["307","917"],"terminus":1,"mode":"bus","color":"#0059a9","colorDark":"#00294f","angle":22.2,"snapDist":3,"label":0}},{"type":"Feature","geometry":{"type":"Point","coordinates":[11.924583,57.904977]},"properties":{"name":"Kareby korsväg","lines":"307, 309, 319, 925","arr":["307","309","319","925"],"terminus":1,"mode":"bus","color":"#0059a9","colorDark":"#00294f","angle":237.2,"snapDist":2,"label":1}},{"type":"Feature","geometry":{"type":"Point","coordinates":[11.928576,57.901497]},"properties":{"name":"Vegestorpsvägen","lines":"307, 309, 319","arr":["307","309","319"],"terminus":0,"mode":"bus","color":"#0059a9","colorDark":"#00294f","angle":238.9,"snapDist":6,"label":0}},{"type":"Feature","geometry":{"type":"Point","coordinates":[11.933333,57.898056]},"properties":{"name":"Arntorp norra","lines":"307, 309, 319","arr":["307","309","319"],"terminus":0,"mode":"bus","color":"#0059a9","colorDark":"#00294f","angle":230.5,"snapDist":7,"label":0}},{"type":"Feature","geometry":{"type":"Point","coordinates":[11.939726,57.89399]},"properties":{"name":"Arntorp södra","lines":"307, 309, 319","arr":["307","309","319"],"terminus":0,"mode":"bus","color":"#0059a9","colorDark":"#00294f","angle":237,"snapDist":3,"label":0}},{"type":"Feature","geometry":{"type":"Point","coordinates":[11.944604,57.890616]},"properties":{"name":"Solbräcke","lines":"307, 309, 319","arr":["307","309","319"],"terminus":0,"mode":"bus","color":"#0059a9","colorDark":"#00294f","angle":229.5,"snapDist":4,"label":0}},{"type":"Feature","geometry":{"type":"Point","coordinates":[11.950236,57.889098]},"properties":{"name":"Solgärde vårdcentral","lines":"307, 309, 917, 1","arr":["307","309","917","KV1"],"terminus":0,"mode":"bus","color":"#0059a9","colorDark":"#00294f","angle":187.4,"snapDist":6,"label":0}},{"type":"Feature","geometry":{"type":"Point","coordinates":[11.956122,57.888934]},"properties":{"name":"Ulvegärde","lines":"307, 309, 917, 1","arr":["307","309","917","KV1"],"terminus":0,"mode":"bus","color":"#0059a9","colorDark":"#00294f","angle":182.1,"snapDist":1,"label":0}},{"type":"Feature","geometry":{"type":"Point","coordinates":[11.963383,57.887534]},"properties":{"name":"Munkegärde","lines":"307, 309, 917, 1","arr":["307","309","917","KV1"],"terminus":0,"mode":"bus","color":"#0059a9","colorDark":"#00294f","angle":207.9,"snapDist":2,"label":0}},{"type":"Feature","geometry":{"type":"Point","coordinates":[11.971376,57.882063]},"properties":{"name":"Jordliden","lines":"307, 309, 1","arr":["307","309","KV1"],"terminus":0,"mode":"bus","color":"#0059a9","colorDark":"#00294f","angle":262.9,"snapDist":3,"label":0}},{"type":"Feature","geometry":{"type":"Point","coordinates":[11.971807,57.877868]},"properties":{"name":"Kungälvs sjukhus","lines":"307, 309, 1","arr":["307","309","KV1"],"terminus":0,"mode":"bus","color":"#0059a9","colorDark":"#00294f","angle":238.4,"snapDist":3,"label":0}},{"type":"Feature","geometry":{"type":"Point","coordinates":[11.968607,57.871855]},"properties":{"name":"Kungälv resecentrum","lines":"307, X4","arr":["307","X4"],"terminus":1,"mode":"bus","color":"#0059a9","colorDark":"#00294f","angle":89.2,"snapDist":5,"label":0}},{"type":"Feature","geometry":{"type":"Point","coordinates":[11.983197,57.876458]},"properties":{"name":"Floragatan","lines":"308, 914","arr":["308","914"],"terminus":0,"mode":"bus","color":"#0059a9","colorDark":"#00294f","angle":145.8,"snapDist":5,"label":1}},{"type":"Feature","geometry":{"type":"Point","coordinates":[11.986464,57.881485]},"properties":{"name":"Tvetgatan","lines":"308, 914","arr":["308","914"],"terminus":0,"mode":"bus","color":"#0059a9","colorDark":"#00294f","angle":97.3,"snapDist":5,"label":1}},{"type":"Feature","geometry":{"type":"Point","coordinates":[11.988917,57.884761]},"properties":{"name":"Trankärrsvägen","lines":"308, 914","arr":["308","914"],"terminus":0,"mode":"bus","color":"#0059a9","colorDark":"#00294f","angle":110.2,"snapDist":5,"label":1}},{"type":"Feature","geometry":{"type":"Point","coordinates":[12.004146,57.896116]},"properties":{"name":"Tvibotten","lines":"308","arr":["308"],"terminus":0,"mode":"bus","color":"#0059a9","colorDark":"#00294f","angle":116.3,"snapDist":4,"label":1}},{"type":"Feature","geometry":{"type":"Point","coordinates":[12.008579,57.903629]},"properties":{"name":"Aleklätten","lines":"308, 918","arr":["308","918"],"terminus":0,"mode":"bus","color":"#0059a9","colorDark":"#00294f","angle":82.6,"snapDist":6,"label":1}},{"type":"Feature","geometry":{"type":"Point","coordinates":[12.010971,57.909747]},"properties":{"name":"Rostock","lines":"308, 918","arr":["308","918"],"terminus":0,"mode":"bus","color":"#0059a9","colorDark":"#00294f","angle":111.5,"snapDist":5,"label":1}},{"type":"Feature","geometry":{"type":"Point","coordinates":[12.016925,57.91422]},"properties":{"name":"Välan","lines":"308, 918","arr":["308","918"],"terminus":0,"mode":"bus","color":"#0059a9","colorDark":"#00294f","angle":109.8,"snapDist":3,"label":1}},{"type":"Feature","geometry":{"type":"Point","coordinates":[12.02631,57.920161]},"properties":{"name":"Dösebackavägen","lines":"308, 918","arr":["308","918"],"terminus":0,"mode":"bus","color":"#0059a9","colorDark":"#00294f","angle":148.2,"snapDist":4,"label":1}},{"type":"Feature","geometry":{"type":"Point","coordinates":[12.038565,57.928827]},"properties":{"name":"Häljerödsvägen","lines":"308","arr":["308"],"terminus":0,"mode":"bus","color":"#0059a9","colorDark":"#00294f","angle":131.1,"snapDist":4,"label":1}},{"type":"Feature","geometry":{"type":"Point","coordinates":[12.041448,57.935315]},"properties":{"name":"Hög","lines":"308","arr":["308"],"terminus":0,"mode":"bus","color":"#0059a9","colorDark":"#00294f","angle":34.7,"snapDist":3,"label":1}},{"type":"Feature","geometry":{"type":"Point","coordinates":[12.03668,57.936916]},"properties":{"name":"Lysegården","lines":"308","arr":["308"],"terminus":0,"mode":"bus","color":"#0059a9","colorDark":"#00294f","angle":27.1,"snapDist":5,"label":1}},{"type":"Feature","geometry":{"type":"Point","coordinates":[12.02047,57.939355]},"properties":{"name":"Berget","lines":"308","arr":["308"],"terminus":0,"mode":"bus","color":"#0059a9","colorDark":"#00294f","angle":3.8,"snapDist":6,"label":1}},{"type":"Feature","geometry":{"type":"Point","coordinates":[12.014424,57.941306]},"properties":{"name":"Dyrödsvägen","lines":"308","arr":["308"],"terminus":0,"mode":"bus","color":"#0059a9","colorDark":"#00294f","angle":36.8,"snapDist":6,"label":1}},{"type":"Feature","geometry":{"type":"Point","coordinates":[12.016558,57.953081]},"properties":{"name":"Duvesjön","lines":"308","arr":["308"],"terminus":0,"mode":"bus","color":"#0059a9","colorDark":"#00294f","angle":135,"snapDist":5,"label":1}},{"type":"Feature","geometry":{"type":"Point","coordinates":[12.013022,57.96117]},"properties":{"name":"Grandalen","lines":"308","arr":["308"],"terminus":1,"mode":"bus","color":"#0059a9","colorDark":"#00294f","angle":115.9,"snapDist":6,"label":1}},{"type":"Feature","geometry":{"type":"Point","coordinates":[12.016437,57.953009]},"properties":{"name":"Duvesjön","lines":"308","arr":["308"],"terminus":0,"mode":"bus","color":"#0059a9","colorDark":"#00294f","angle":310.7,"snapDist":4,"label":0}},{"type":"Feature","geometry":{"type":"Point","coordinates":[12.014293,57.941361]},"properties":{"name":"Dyrödsvägen","lines":"308","arr":["308"],"terminus":0,"mode":"bus","color":"#0059a9","colorDark":"#00294f","angle":221.3,"snapDist":4,"label":0}},{"type":"Feature","geometry":{"type":"Point","coordinates":[12.020249,57.939366]},"properties":{"name":"Berget","lines":"308","arr":["308"],"terminus":0,"mode":"bus","color":"#0059a9","colorDark":"#00294f","angle":186.8,"snapDist":2,"label":0}},{"type":"Feature","geometry":{"type":"Point","coordinates":[12.03667,57.936918]},"properties":{"name":"Lysegården","lines":"308","arr":["308"],"terminus":0,"mode":"bus","color":"#0059a9","colorDark":"#00294f","angle":207.1,"snapDist":0,"label":0}},{"type":"Feature","geometry":{"type":"Point","coordinates":[12.042274,57.934637]},"properties":{"name":"Hög","lines":"308","arr":["308"],"terminus":0,"mode":"bus","color":"#0059a9","colorDark":"#00294f","angle":275.6,"snapDist":8,"label":0}},{"type":"Feature","geometry":{"type":"Point","coordinates":[12.038599,57.928849]},"properties":{"name":"Häljerödsvägen","lines":"308","arr":["308"],"terminus":0,"mode":"bus","color":"#0059a9","colorDark":"#00294f","angle":310.6,"snapDist":4,"label":0}},{"type":"Feature","geometry":{"type":"Point","coordinates":[12.025424,57.919863]},"properties":{"name":"Dösebackavägen","lines":"308, 918","arr":["308","918"],"terminus":0,"mode":"bus","color":"#0059a9","colorDark":"#00294f","angle":327.6,"snapDist":6,"label":0}},{"type":"Feature","geometry":{"type":"Point","coordinates":[12.016834,57.914087]},"properties":{"name":"Välan","lines":"308, 918","arr":["308","918"],"terminus":0,"mode":"bus","color":"#0059a9","colorDark":"#00294f","angle":289.8,"snapDist":7,"label":0}},{"type":"Feature","geometry":{"type":"Point","coordinates":[12.01088,57.909734]},"properties":{"name":"Rostock","lines":"308, 918","arr":["308","918"],"terminus":0,"mode":"bus","color":"#0059a9","colorDark":"#00294f","angle":20.5,"snapDist":5,"label":0}},{"type":"Feature","geometry":{"type":"Point","coordinates":[12.008626,57.903435]},"properties":{"name":"Aleklätten","lines":"308","arr":["308"],"terminus":0,"mode":"bus","color":"#0059a9","colorDark":"#00294f","angle":262.1,"snapDist":9,"label":0}},{"type":"Feature","geometry":{"type":"Point","coordinates":[12.003391,57.895317]},"properties":{"name":"Tvibotten","lines":"308","arr":["308"],"terminus":0,"mode":"bus","color":"#0059a9","colorDark":"#00294f","angle":296.7,"snapDist":10,"label":0}},{"type":"Feature","geometry":{"type":"Point","coordinates":[11.988413,57.884289]},"properties":{"name":"Trankärrsvägen","lines":"308, 914","arr":["308","914"],"terminus":0,"mode":"bus","color":"#0059a9","colorDark":"#00294f","angle":298.2,"snapDist":6,"label":0}},{"type":"Feature","geometry":{"type":"Point","coordinates":[11.986316,57.880437]},"properties":{"name":"Tvetgatan","lines":"308, 3","arr":["308","KV3"],"terminus":0,"mode":"bus","color":"#0059a9","colorDark":"#00294f","angle":275.8,"snapDist":2,"label":0}},{"type":"Feature","geometry":{"type":"Point","coordinates":[11.98317,57.876448]},"properties":{"name":"Floragatan","lines":"308, 3","arr":["308","KV3"],"terminus":0,"mode":"bus","color":"#0059a9","colorDark":"#00294f","angle":325.8,"snapDist":3,"label":0}},{"type":"Feature","geometry":{"type":"Point","coordinates":[11.971698,57.871815]},"properties":{"name":"Isbadet Oasen","lines":"309, 914","arr":["309","914"],"terminus":1,"mode":"bus","color":"#0059a9","colorDark":"#00294f","angle":271.6,"snapDist":1,"label":1}},{"type":"Feature","geometry":{"type":"Point","coordinates":[11.923671,57.905266]},"properties":{"name":"Kareby korsväg","lines":"309","arr":["309"],"terminus":0,"mode":"bus","color":"#0059a9","colorDark":"#00294f","angle":347.1,"snapDist":5,"label":0}},{"type":"Feature","geometry":{"type":"Point","coordinates":[11.906385,57.903618]},"properties":{"name":"Skårby östra","lines":"309, 911","arr":["309","911"],"terminus":0,"mode":"bus","color":"#0059a9","colorDark":"#00294f","angle":12.8,"snapDist":5,"label":1}},{"type":"Feature","geometry":{"type":"Point","coordinates":[11.899794,57.903318]},"properties":{"name":"Skårby","lines":"309, 911","arr":["309","911"],"terminus":0,"mode":"bus","color":"#0059a9","colorDark":"#00294f","angle":337.8,"snapDist":8,"label":1}},{"type":"Feature","geometry":{"type":"Point","coordinates":[11.890156,57.909745]},"properties":{"name":"Skårby viadukt","lines":"309, 911","arr":["309","911"],"terminus":0,"mode":"bus","color":"#0059a9","colorDark":"#00294f","angle":59.6,"snapDist":7,"label":1}},{"type":"Feature","geometry":{"type":"Point","coordinates":[11.880144,57.910386]},"properties":{"name":"Skårby kvarn","lines":"309, 911","arr":["309","911"],"terminus":0,"mode":"bus","color":"#0059a9","colorDark":"#00294f","angle":6.3,"snapDist":6,"label":1}},{"type":"Feature","geometry":{"type":"Point","coordinates":[11.871635,57.911734]},"properties":{"name":"Skårby mosse","lines":"309, 911","arr":["309","911"],"terminus":0,"mode":"bus","color":"#0059a9","colorDark":"#00294f","angle":6.5,"snapDist":5,"label":1}},{"type":"Feature","geometry":{"type":"Point","coordinates":[11.862727,57.909814]},"properties":{"name":"Bufferöd","lines":"309, 911","arr":["309","911"],"terminus":0,"mode":"bus","color":"#0059a9","colorDark":"#00294f","angle":339.6,"snapDist":6,"label":1}},{"type":"Feature","geometry":{"type":"Point","coordinates":[11.856158,57.908366]},"properties":{"name":"Mellan-Restad","lines":"309, 911","arr":["309","911"],"terminus":0,"mode":"bus","color":"#0059a9","colorDark":"#00294f","angle":324.8,"snapDist":4,"label":1}},{"type":"Feature","geometry":{"type":"Point","coordinates":[11.848776,57.906752]},"properties":{"name":"Restads vägskäl","lines":"309, 910, 911","arr":["309","910","911"],"terminus":1,"mode":"bus","color":"#0059a9","colorDark":"#00294f","angle":20.8,"snapDist":1,"label":1}},{"type":"Feature","geometry":{"type":"Point","coordinates":[11.838955,57.908332]},"properties":{"name":"Restads smedja","lines":"309, 910","arr":["309","910"],"terminus":0,"mode":"bus","color":"#0059a9","colorDark":"#00294f","angle":31.4,"snapDist":8,"label":1}},{"type":"Feature","geometry":{"type":"Point","coordinates":[11.826536,57.910852]},"properties":{"name":"Ytter-Restad","lines":"309, 910","arr":["309","910"],"terminus":0,"mode":"bus","color":"#0059a9","colorDark":"#00294f","angle":358.4,"snapDist":4,"label":1}},{"type":"Feature","geometry":{"type":"Point","coordinates":[11.815374,57.913475]},"properties":{"name":"Knapegården","lines":"309, 910","arr":["309","910"],"terminus":0,"mode":"bus","color":"#0059a9","colorDark":"#00294f","angle":45.8,"snapDist":3,"label":1}},{"type":"Feature","geometry":{"type":"Point","coordinates":[11.803452,57.916237]},"properties":{"name":"Ödsmåls korsväg","lines":"309","arr":["309"],"terminus":0,"mode":"bus","color":"#0059a9","colorDark":"#00294f","angle":0,"snapDist":9,"label":1}},{"type":"Feature","geometry":{"type":"Point","coordinates":[11.805149,57.921585]},"properties":{"name":"Åseby","lines":"309","arr":["309"],"terminus":0,"mode":"bus","color":"#0059a9","colorDark":"#00294f","angle":107.3,"snapDist":5,"label":1}},{"type":"Feature","geometry":{"type":"Point","coordinates":[11.807775,57.923782]},"properties":{"name":"Åsebyberg","lines":"309","arr":["309"],"terminus":0,"mode":"bus","color":"#0059a9","colorDark":"#00294f","angle":130.4,"snapDist":1,"label":1}},{"type":"Feature","geometry":{"type":"Point","coordinates":[11.816731,57.928417]},"properties":{"name":"Kåröd","lines":"309","arr":["309"],"terminus":0,"mode":"bus","color":"#0059a9","colorDark":"#00294f","angle":132,"snapDist":4,"label":1}},{"type":"Feature","geometry":{"type":"Point","coordinates":[11.821933,57.931537]},"properties":{"name":"Solberga prästgård","lines":"309","arr":["309"],"terminus":0,"mode":"bus","color":"#0059a9","colorDark":"#00294f","angle":131.1,"snapDist":7,"label":1}},{"type":"Feature","geometry":{"type":"Point","coordinates":[11.821259,57.940003]},"properties":{"name":"Solberga korsväg","lines":"309","arr":["309"],"terminus":0,"mode":"bus","color":"#0059a9","colorDark":"#00294f","angle":72.2,"snapDist":4,"label":1}},{"type":"Feature","geometry":{"type":"Point","coordinates":[11.820152,57.944886]},"properties":{"name":"Tunge skola","lines":"309","arr":["309"],"terminus":0,"mode":"bus","color":"#0059a9","colorDark":"#00294f","angle":199.9,"snapDist":18,"label":1}},{"type":"Feature","geometry":{"type":"Point","coordinates":[11.819374,57.952729]},"properties":{"name":"Vitsten","lines":"309","arr":["309"],"terminus":0,"mode":"bus","color":"#0059a9","colorDark":"#00294f","angle":122.3,"snapDist":7,"label":1}},{"type":"Feature","geometry":{"type":"Point","coordinates":[11.821025,57.955797]},"properties":{"name":"Arödsvägen","lines":"309","arr":["309"],"terminus":0,"mode":"bus","color":"#0059a9","colorDark":"#00294f","angle":98.7,"snapDist":4,"label":1}},{"type":"Feature","geometry":{"type":"Point","coordinates":[11.808897,57.954987]},"properties":{"name":"Övre Knaverstad","lines":"309","arr":["309"],"terminus":0,"mode":"bus","color":"#0059a9","colorDark":"#00294f","angle":335.9,"snapDist":7,"label":1}},{"type":"Feature","geometry":{"type":"Point","coordinates":[11.804822,57.954856]},"properties":{"name":"Prästbol östra","lines":"309","arr":["309"],"terminus":0,"mode":"bus","color":"#0059a9","colorDark":"#00294f","angle":7,"snapDist":2,"label":1}},{"type":"Feature","geometry":{"type":"Point","coordinates":[11.799012,57.953724]},"properties":{"name":"Prästbol","lines":"309","arr":["309"],"terminus":0,"mode":"bus","color":"#0059a9","colorDark":"#00294f","angle":312.8,"snapDist":9,"label":1}},{"type":"Feature","geometry":{"type":"Point","coordinates":[11.792444,57.953743]},"properties":{"name":"Lid","lines":"309","arr":["309"],"terminus":0,"mode":"bus","color":"#0059a9","colorDark":"#00294f","angle":7.1,"snapDist":13,"label":1}},{"type":"Feature","geometry":{"type":"Point","coordinates":[11.787857,57.955344]},"properties":{"name":"Nedre Knaverstad","lines":"309","arr":["309"],"terminus":0,"mode":"bus","color":"#0059a9","colorDark":"#00294f","angle":111,"snapDist":7,"label":1}},{"type":"Feature","geometry":{"type":"Point","coordinates":[11.772408,57.955392]},"properties":{"name":"Aröd","lines":"309","arr":["309"],"terminus":0,"mode":"bus","color":"#0059a9","colorDark":"#00294f","angle":351.1,"snapDist":5,"label":1}},{"type":"Feature","geometry":{"type":"Point","coordinates":[11.762467,57.951434]},"properties":{"name":"Aröd Jacobsvägen","lines":"309","arr":["309"],"terminus":1,"mode":"bus","color":"#0059a9","colorDark":"#00294f","angle":331.1,"snapDist":1,"label":1}},{"type":"Feature","geometry":{"type":"Point","coordinates":[11.772396,57.955391]},"properties":{"name":"Aröd","lines":"309","arr":["309"],"terminus":0,"mode":"bus","color":"#0059a9","colorDark":"#00294f","angle":171.1,"snapDist":1,"label":0}},{"type":"Feature","geometry":{"type":"Point","coordinates":[11.787889,57.955303]},"properties":{"name":"Nedre Knaverstad","lines":"309","arr":["309"],"terminus":0,"mode":"bus","color":"#0059a9","colorDark":"#00294f","angle":199.7,"snapDist":2,"label":0}},{"type":"Feature","geometry":{"type":"Point","coordinates":[11.792351,57.95375]},"properties":{"name":"Lid","lines":"309","arr":["309"],"terminus":0,"mode":"bus","color":"#0059a9","colorDark":"#00294f","angle":187.9,"snapDist":7,"label":0}},{"type":"Feature","geometry":{"type":"Point","coordinates":[11.799077,57.953762]},"properties":{"name":"Prästbol","lines":"309","arr":["309"],"terminus":0,"mode":"bus","color":"#0059a9","colorDark":"#00294f","angle":132.8,"snapDist":0,"label":0}},{"type":"Feature","geometry":{"type":"Point","coordinates":[11.804857,57.954854]},"properties":{"name":"Prästbol östra","lines":"309","arr":["309"],"terminus":0,"mode":"bus","color":"#0059a9","colorDark":"#00294f","angle":187,"snapDist":1,"label":0}},{"type":"Feature","geometry":{"type":"Point","coordinates":[11.80891,57.95499]},"properties":{"name":"Övre Knaverstad","lines":"309","arr":["309"],"terminus":0,"mode":"bus","color":"#0059a9","colorDark":"#00294f","angle":155.9,"snapDist":2,"label":0}},{"type":"Feature","geometry":{"type":"Point","coordinates":[11.821106,57.956076]},"properties":{"name":"Arödsvägen","lines":"309","arr":["309"],"terminus":0,"mode":"bus","color":"#0059a9","colorDark":"#00294f","angle":278.7,"snapDist":6,"label":0}},{"type":"Feature","geometry":{"type":"Point","coordinates":[11.818651,57.9521]},"properties":{"name":"Vitsten","lines":"309","arr":["309"],"terminus":0,"mode":"bus","color":"#0059a9","colorDark":"#00294f","angle":296.7,"snapDist":6,"label":0}},{"type":"Feature","geometry":{"type":"Point","coordinates":[11.821296,57.939941]},"properties":{"name":"Solberga korsväg","lines":"309","arr":["309"],"terminus":0,"mode":"bus","color":"#0059a9","colorDark":"#00294f","angle":252.2,"snapDist":4,"label":0}},{"type":"Feature","geometry":{"type":"Point","coordinates":[11.821858,57.931491]},"properties":{"name":"Solberga prästgård","lines":"309","arr":["309"],"terminus":0,"mode":"bus","color":"#0059a9","colorDark":"#00294f","angle":311.1,"snapDist":10,"label":0}},{"type":"Feature","geometry":{"type":"Point","coordinates":[11.816715,57.928407]},"properties":{"name":"Kåröd","lines":"309","arr":["309"],"terminus":0,"mode":"bus","color":"#0059a9","colorDark":"#00294f","angle":312,"snapDist":6,"label":0}},{"type":"Feature","geometry":{"type":"Point","coordinates":[11.807832,57.923817]},"properties":{"name":"Åsebyberg","lines":"309","arr":["309"],"terminus":0,"mode":"bus","color":"#0059a9","colorDark":"#00294f","angle":310.4,"snapDist":6,"label":0}},{"type":"Feature","geometry":{"type":"Point","coordinates":[11.805155,57.921595]},"properties":{"name":"Åseby","lines":"309","arr":["309"],"terminus":0,"mode":"bus","color":"#0059a9","colorDark":"#00294f","angle":287.3,"snapDist":6,"label":0}},{"type":"Feature","geometry":{"type":"Point","coordinates":[11.804943,57.915925]},"properties":{"name":"Ödsmåls korsväg","lines":"309","arr":["309"],"terminus":0,"mode":"bus","color":"#0059a9","colorDark":"#00294f","angle":197.9,"snapDist":3,"label":0}},{"type":"Feature","geometry":{"type":"Point","coordinates":[11.815295,57.913518]},"properties":{"name":"Knapegården","lines":"309","arr":["309"],"terminus":0,"mode":"bus","color":"#0059a9","colorDark":"#00294f","angle":225.8,"snapDist":3,"label":0}},{"type":"Feature","geometry":{"type":"Point","coordinates":[11.826517,57.910849]},"properties":{"name":"Ytter-Restad","lines":"309","arr":["309"],"terminus":0,"mode":"bus","color":"#0059a9","colorDark":"#00294f","angle":163.5,"snapDist":5,"label":0}},{"type":"Feature","geometry":{"type":"Point","coordinates":[11.83897,57.908327]},"properties":{"name":"Restads smedja","lines":"309","arr":["309"],"terminus":0,"mode":"bus","color":"#0059a9","colorDark":"#00294f","angle":211.4,"snapDist":6,"label":0}},{"type":"Feature","geometry":{"type":"Point","coordinates":[11.848788,57.90675]},"properties":{"name":"Restads vägskäl","lines":"309, 911","arr":["309","911"],"terminus":1,"mode":"bus","color":"#0059a9","colorDark":"#00294f","angle":200.8,"snapDist":1,"label":0}},{"type":"Feature","geometry":{"type":"Point","coordinates":[11.856194,57.908379]},"properties":{"name":"Mellan-Restad","lines":"309, 911","arr":["309","911"],"terminus":0,"mode":"bus","color":"#0059a9","colorDark":"#00294f","angle":144.8,"snapDist":1,"label":0}},{"type":"Feature","geometry":{"type":"Point","coordinates":[11.86276,57.90982]},"properties":{"name":"Bufferöd","lines":"309, 911","arr":["309","911"],"terminus":0,"mode":"bus","color":"#0059a9","colorDark":"#00294f","angle":159.6,"snapDist":4,"label":0}},{"type":"Feature","geometry":{"type":"Point","coordinates":[11.87162,57.911735]},"properties":{"name":"Skårby mosse","lines":"309, 911","arr":["309","911"],"terminus":0,"mode":"bus","color":"#0059a9","colorDark":"#00294f","angle":186.5,"snapDist":2,"label":0}},{"type":"Feature","geometry":{"type":"Point","coordinates":[11.880185,57.910384]},"properties":{"name":"Skårby kvarn","lines":"309, 911","arr":["309","911"],"terminus":0,"mode":"bus","color":"#0059a9","colorDark":"#00294f","angle":186.3,"snapDist":3,"label":0}},{"type":"Feature","geometry":{"type":"Point","coordinates":[11.890138,57.909761]},"properties":{"name":"Skårby viadukt","lines":"309, 911","arr":["309","911"],"terminus":0,"mode":"bus","color":"#0059a9","colorDark":"#00294f","angle":239.6,"snapDist":5,"label":0}},{"type":"Feature","geometry":{"type":"Point","coordinates":[11.898435,57.903398]},"properties":{"name":"Skårby","lines":"309, 911","arr":["309","911"],"terminus":0,"mode":"bus","color":"#0059a9","colorDark":"#00294f","angle":234.2,"snapDist":6,"label":0}},{"type":"Feature","geometry":{"type":"Point","coordinates":[11.90636,57.90362]},"properties":{"name":"Skårby östra","lines":"309, 911","arr":["309","911"],"terminus":0,"mode":"bus","color":"#0059a9","colorDark":"#00294f","angle":192.8,"snapDist":4,"label":0}},{"type":"Feature","geometry":{"type":"Point","coordinates":[11.968932,57.871922]},"properties":{"name":"Kungälv resecentrum","lines":"309, 319","arr":["309","319"],"terminus":1,"mode":"bus","color":"#0059a9","colorDark":"#00294f","angle":88.7,"snapDist":3,"label":0}},{"type":"Feature","geometry":{"type":"Point","coordinates":[11.793246,57.843926]},"properties":{"name":"Kärna bussterminal","lines":"313, 930","arr":["313","930"],"terminus":1,"mode":"bus","color":"#0059a9","colorDark":"#00294f","angle":149.7,"snapDist":1,"label":0}},{"type":"Feature","geometry":{"type":"Point","coordinates":[11.783323,57.84327]},"properties":{"name":"Torsby prästgård","lines":"313","arr":["313"],"terminus":0,"mode":"bus","color":"#0059a9","colorDark":"#00294f","angle":27.7,"snapDist":6,"label":1}},{"type":"Feature","geometry":{"type":"Point","coordinates":[11.766534,57.847052]},"properties":{"name":"Råckeröd","lines":"313","arr":["313"],"terminus":0,"mode":"bus","color":"#0059a9","colorDark":"#00294f","angle":14.4,"snapDist":6,"label":1}},{"type":"Feature","geometry":{"type":"Point","coordinates":[11.756667,57.846558]},"properties":{"name":"Bräcke östra","lines":"313","arr":["313"],"terminus":0,"mode":"bus","color":"#0059a9","colorDark":"#00294f","angle":349,"snapDist":2,"label":1}},{"type":"Feature","geometry":{"type":"Point","coordinates":[11.742742,57.844759]},"properties":{"name":"Hållsungavägen","lines":"313","arr":["313"],"terminus":0,"mode":"bus","color":"#0059a9","colorDark":"#00294f","angle":-22,"snapDist":8,"label":1}},{"type":"Feature","geometry":{"type":"Point","coordinates":[11.734043,57.843387]},"properties":{"name":"Tofta vägskäl","lines":"313","arr":["313"],"terminus":0,"mode":"bus","color":"#0059a9","colorDark":"#00294f","angle":352.9,"snapDist":4,"label":1}},{"type":"Feature","geometry":{"type":"Point","coordinates":[11.731304,57.844068]},"properties":{"name":"Sundhammarvägen","lines":"313","arr":["313"],"terminus":0,"mode":"bus","color":"#0059a9","colorDark":"#00294f","angle":57.8,"snapDist":2,"label":1}},{"type":"Feature","geometry":{"type":"Point","coordinates":[11.729155,57.847328]},"properties":{"name":"Holm","lines":"313","arr":["313"],"terminus":0,"mode":"bus","color":"#0059a9","colorDark":"#00294f","angle":216.7,"snapDist":4,"label":1}},{"type":"Feature","geometry":{"type":"Point","coordinates":[11.724586,57.84791]},"properties":{"name":"Sjöhåla östra","lines":"313","arr":["313"],"terminus":0,"mode":"bus","color":"#0059a9","colorDark":"#00294f","angle":1,"snapDist":5,"label":1}},{"type":"Feature","geometry":{"type":"Point","coordinates":[11.715005,57.847773]},"properties":{"name":"Sjöhåla mellangård","lines":"313","arr":["313"],"terminus":0,"mode":"bus","color":"#0059a9","colorDark":"#00294f","angle":325.9,"snapDist":1,"label":1}},{"type":"Feature","geometry":{"type":"Point","coordinates":[11.709865,57.845796]},"properties":{"name":"Sjöhåla västra","lines":"313","arr":["313"],"terminus":0,"mode":"bus","color":"#0059a9","colorDark":"#00294f","angle":-18,"snapDist":11,"label":1}},{"type":"Feature","geometry":{"type":"Point","coordinates":[11.705611,57.844764]},"properties":{"name":"Holmängen","lines":"313","arr":["313"],"terminus":0,"mode":"bus","color":"#0059a9","colorDark":"#00294f","angle":315.5,"snapDist":6,"label":1}},{"type":"Feature","geometry":{"type":"Point","coordinates":[11.698582,57.842902]},"properties":{"name":"Kovikshamn östra","lines":"313","arr":["313"],"terminus":0,"mode":"bus","color":"#0059a9","colorDark":"#00294f","angle":357.9,"snapDist":5,"label":1}},{"type":"Feature","geometry":{"type":"Point","coordinates":[11.689137,57.842415]},"properties":{"name":"Kovikshamn västra","lines":"313","arr":["313"],"terminus":0,"mode":"bus","color":"#0059a9","colorDark":"#00294f","angle":350.8,"snapDist":8,"label":1}},{"type":"Feature","geometry":{"type":"Point","coordinates":[11.684564,57.841418]},"properties":{"name":"Kovikshamns brygga","lines":"313","arr":["313"],"terminus":0,"mode":"bus","color":"#0059a9","colorDark":"#00294f","angle":317.9,"snapDist":2,"label":1}},{"type":"Feature","geometry":{"type":"Point","coordinates":[11.689101,57.842412]},"properties":{"name":"Kovikshamn västra","lines":"313","arr":["313"],"terminus":0,"mode":"bus","color":"#0059a9","colorDark":"#00294f","angle":170.8,"snapDist":2,"label":0}},{"type":"Feature","geometry":{"type":"Point","coordinates":[11.698601,57.842902]},"properties":{"name":"Kovikshamn östra","lines":"313","arr":["313"],"terminus":0,"mode":"bus","color":"#0059a9","colorDark":"#00294f","angle":177.9,"snapDist":2,"label":0}},{"type":"Feature","geometry":{"type":"Point","coordinates":[11.705618,57.844768]},"properties":{"name":"Holmängen","lines":"313","arr":["313"],"terminus":0,"mode":"bus","color":"#0059a9","colorDark":"#00294f","angle":135.5,"snapDist":4,"label":0}},{"type":"Feature","geometry":{"type":"Point","coordinates":[11.709888,57.8458]},"properties":{"name":"Sjöhåla västra","lines":"313","arr":["313"],"terminus":0,"mode":"bus","color":"#0059a9","colorDark":"#00294f","angle":342,"snapDist":2,"label":0}},{"type":"Feature","geometry":{"type":"Point","coordinates":[11.714516,57.847598]},"properties":{"name":"Sjöhåla mellangård","lines":"313","arr":["313"],"terminus":0,"mode":"bus","color":"#0059a9","colorDark":"#00294f","angle":326.1,"snapDist":5,"label":0}},{"type":"Feature","geometry":{"type":"Point","coordinates":[11.724614,57.84791]},"properties":{"name":"Sjöhåla östra","lines":"313","arr":["313"],"terminus":0,"mode":"bus","color":"#0059a9","colorDark":"#00294f","angle":181,"snapDist":4,"label":0}},{"type":"Feature","geometry":{"type":"Point","coordinates":[11.729173,57.847321]},"properties":{"name":"Holm","lines":"313","arr":["313"],"terminus":0,"mode":"bus","color":"#0059a9","colorDark":"#00294f","angle":36.7,"snapDist":4,"label":0}},{"type":"Feature","geometry":{"type":"Point","coordinates":[11.731137,57.844216]},"properties":{"name":"Sundhammarvägen","lines":"313","arr":["313"],"terminus":0,"mode":"bus","color":"#0059a9","colorDark":"#00294f","angle":-109,"snapDist":3,"label":0}},{"type":"Feature","geometry":{"type":"Point","coordinates":[11.73293,57.842963]},"properties":{"name":"Tofta vägskäl","lines":"313","arr":["313"],"terminus":0,"mode":"bus","color":"#0059a9","colorDark":"#00294f","angle":295.6,"snapDist":1,"label":0}},{"type":"Feature","geometry":{"type":"Point","coordinates":[11.72935,57.838811]},"properties":{"name":"Brunnefjäll","lines":"313","arr":["313"],"terminus":0,"mode":"bus","color":"#0059a9","colorDark":"#00294f","angle":304.5,"snapDist":5,"label":1}},{"type":"Feature","geometry":{"type":"Point","coordinates":[11.721257,57.835556]},"properties":{"name":"Åkerhög östra","lines":"313","arr":["313"],"terminus":0,"mode":"bus","color":"#0059a9","colorDark":"#00294f","angle":343.1,"snapDist":2,"label":1}},{"type":"Feature","geometry":{"type":"Point","coordinates":[11.710138,57.833028]},"properties":{"name":"Åkerhög västra","lines":"313","arr":["313"],"terminus":0,"mode":"bus","color":"#0059a9","colorDark":"#00294f","angle":320.3,"snapDist":2,"label":1}},{"type":"Feature","geometry":{"type":"Point","coordinates":[11.699448,57.829919]},"properties":{"name":"Trälen","lines":"313","arr":["313"],"terminus":0,"mode":"bus","color":"#0059a9","colorDark":"#00294f","angle":8.7,"snapDist":6,"label":1}},{"type":"Feature","geometry":{"type":"Point","coordinates":[11.697063,57.830233]},"properties":{"name":"Vedhall","lines":"313","arr":["313"],"terminus":0,"mode":"bus","color":"#0059a9","colorDark":"#00294f","angle":37.2,"snapDist":3,"label":1}},{"type":"Feature","geometry":{"type":"Point","coordinates":[11.699418,57.829921]},"properties":{"name":"Trälen","lines":"313","arr":["313"],"terminus":0,"mode":"bus","color":"#0059a9","colorDark":"#00294f","angle":8.7,"snapDist":0,"label":0}},{"type":"Feature","geometry":{"type":"Point","coordinates":[11.710116,57.833018]},"properties":{"name":"Åkerhög västra","lines":"313","arr":["313"],"terminus":0,"mode":"bus","color":"#0059a9","colorDark":"#00294f","angle":140.3,"snapDist":2,"label":0}},{"type":"Feature","geometry":{"type":"Point","coordinates":[11.720908,57.835506]},"properties":{"name":"Åkerhög östra","lines":"313","arr":["313"],"terminus":0,"mode":"bus","color":"#0059a9","colorDark":"#00294f","angle":165.4,"snapDist":2,"label":0}},{"type":"Feature","geometry":{"type":"Point","coordinates":[11.729297,57.838769]},"properties":{"name":"Brunnefjäll","lines":"313","arr":["313"],"terminus":0,"mode":"bus","color":"#0059a9","colorDark":"#00294f","angle":304.5,"snapDist":1,"label":0}},{"type":"Feature","geometry":{"type":"Point","coordinates":[11.732703,57.84271]},"properties":{"name":"Tofta vägskäl","lines":"313","arr":["313"],"terminus":0,"mode":"bus","color":"#0059a9","colorDark":"#00294f","angle":295.6,"snapDist":2,"label":0}},{"type":"Feature","geometry":{"type":"Point","coordinates":[11.742739,57.844758]},"properties":{"name":"Hållsungavägen","lines":"313","arr":["313"],"terminus":0,"mode":"bus","color":"#0059a9","colorDark":"#00294f","angle":338,"snapDist":4,"label":0}},{"type":"Feature","geometry":{"type":"Point","coordinates":[11.756832,57.846576]},"properties":{"name":"Bräcke östra","lines":"313","arr":["313"],"terminus":0,"mode":"bus","color":"#0059a9","colorDark":"#00294f","angle":169,"snapDist":5,"label":0}},{"type":"Feature","geometry":{"type":"Point","coordinates":[11.766536,57.847052]},"properties":{"name":"Råckeröd","lines":"313","arr":["313"],"terminus":0,"mode":"bus","color":"#0059a9","colorDark":"#00294f","angle":-165.6,"snapDist":5,"label":0}},{"type":"Feature","geometry":{"type":"Point","coordinates":[11.783403,57.843247]},"properties":{"name":"Torsby prästgård","lines":"313","arr":["313"],"terminus":0,"mode":"bus","color":"#0059a9","colorDark":"#00294f","angle":27.7,"snapDist":2,"label":0}},{"type":"Feature","geometry":{"type":"Point","coordinates":[11.943372,57.871632]},"properties":{"name":"Truckgatan","lines":"319","arr":["319"],"terminus":0,"mode":"bus","color":"#0059a9","colorDark":"#00294f","angle":39.4,"snapDist":1,"label":1}},{"type":"Feature","geometry":{"type":"Point","coordinates":[11.934998,57.871585]},"properties":{"name":"Maskingatan","lines":"319","arr":["319"],"terminus":0,"mode":"bus","color":"#0059a9","colorDark":"#00294f","angle":10.9,"snapDist":10,"label":1}},{"type":"Feature","geometry":{"type":"Point","coordinates":[11.930936,57.874241]},"properties":{"name":"ICA centrallager","lines":"319","arr":["319"],"terminus":0,"mode":"bus","color":"#0059a9","colorDark":"#00294f","angle":98.3,"snapDist":6,"label":1}},{"type":"Feature","geometry":{"type":"Point","coordinates":[11.932505,57.877328]},"properties":{"name":"Bilgatan västra","lines":"319","arr":["319"],"terminus":0,"mode":"bus","color":"#0059a9","colorDark":"#00294f","angle":174.5,"snapDist":1,"label":1}},{"type":"Feature","geometry":{"type":"Point","coordinates":[11.938723,57.87842]},"properties":{"name":"Bilgatan östra","lines":"319","arr":["319"],"terminus":0,"mode":"bus","color":"#0059a9","colorDark":"#00294f","angle":150.9,"snapDist":7,"label":1}},{"type":"Feature","geometry":{"type":"Point","coordinates":[11.942939,57.88062]},"properties":{"name":"Rattgatan","lines":"319","arr":["319"],"terminus":0,"mode":"bus","color":"#0059a9","colorDark":"#00294f","angle":113.1,"snapDist":6,"label":1}},{"type":"Feature","geometry":{"type":"Point","coordinates":[11.947708,57.887229]},"properties":{"name":"Snusfabriken","lines":"319","arr":["319"],"terminus":0,"mode":"bus","color":"#0059a9","colorDark":"#00294f","angle":109.1,"snapDist":0,"label":1}},{"type":"Feature","geometry":{"type":"Point","coordinates":[11.923779,57.905671]},"properties":{"name":"Kareby korsväg","lines":"319, 911, 912, 917","arr":["319","911","912","917"],"terminus":0,"mode":"bus","color":"#0059a9","colorDark":"#00294f","angle":57.3,"snapDist":6,"label":0}},{"type":"Feature","geometry":{"type":"Point","coordinates":[11.921057,57.908638]},"properties":{"name":"Kareby kyrka","lines":"319, 912, 917, 925","arr":["319","912","917","925"],"terminus":0,"mode":"bus","color":"#0059a9","colorDark":"#00294f","angle":67.3,"snapDist":10,"label":1}},{"type":"Feature","geometry":{"type":"Point","coordinates":[11.918894,57.912037]},"properties":{"name":"Myrebackavägen","lines":"319, 912, 917, 925","arr":["319","912","917","925"],"terminus":1,"mode":"bus","color":"#0059a9","colorDark":"#00294f","angle":74.8,"snapDist":6,"label":1}},{"type":"Feature","geometry":{"type":"Point","coordinates":[11.918566,57.915288]},"properties":{"name":"Hanekullen","lines":"319, 912, 917, 925","arr":["319","912","917","925"],"terminus":0,"mode":"bus","color":"#0059a9","colorDark":"#00294f","angle":92.4,"snapDist":4,"label":1}},{"type":"Feature","geometry":{"type":"Point","coordinates":[11.913912,57.922782]},"properties":{"name":"Hagstorp","lines":"319, 912, 925","arr":["319","912","925"],"terminus":0,"mode":"bus","color":"#0059a9","colorDark":"#00294f","angle":35.8,"snapDist":7,"label":1}},{"type":"Feature","geometry":{"type":"Point","coordinates":[11.905735,57.926879]},"properties":{"name":"Lundby","lines":"319, 925","arr":["319","925"],"terminus":1,"mode":"bus","color":"#0059a9","colorDark":"#00294f","angle":43,"snapDist":5,"label":1}},{"type":"Feature","geometry":{"type":"Point","coordinates":[11.888901,57.932392]},"properties":{"name":"Ingetorps sjö","lines":"319","arr":["319"],"terminus":0,"mode":"bus","color":"#0059a9","colorDark":"#00294f","angle":32.1,"snapDist":6,"label":1}},{"type":"Feature","geometry":{"type":"Point","coordinates":[11.875641,57.936021]},"properties":{"name":"Ingetorps gård","lines":"319","arr":["319"],"terminus":0,"mode":"bus","color":"#0059a9","colorDark":"#00294f","angle":34.3,"snapDist":3,"label":1}},{"type":"Feature","geometry":{"type":"Point","coordinates":[11.872022,57.937267]},"properties":{"name":"Lunnagården","lines":"319","arr":["319"],"terminus":0,"mode":"bus","color":"#0059a9","colorDark":"#00294f","angle":30.8,"snapDist":1,"label":1}},{"type":"Feature","geometry":{"type":"Point","coordinates":[11.862512,57.938432]},"properties":{"name":"Lunna","lines":"319","arr":["319"],"terminus":0,"mode":"bus","color":"#0059a9","colorDark":"#00294f","angle":18.5,"snapDist":9,"label":1}},{"type":"Feature","geometry":{"type":"Point","coordinates":[11.854823,57.941792]},"properties":{"name":"Kode korsväg","lines":"319","arr":["319"],"terminus":0,"mode":"bus","color":"#0059a9","colorDark":"#00294f","angle":55,"snapDist":5,"label":1}},{"type":"Feature","geometry":{"type":"Point","coordinates":[11.850692,57.943907]},"properties":{"name":"Kode station","lines":"319","arr":["319"],"terminus":0,"mode":"bus","color":"#0059a9","colorDark":"#00294f","angle":66.5,"snapDist":3,"label":0}},{"type":"Feature","geometry":{"type":"Point","coordinates":[11.847719,57.947935]},"properties":{"name":"Bräcke","lines":"319","arr":["319"],"terminus":1,"mode":"bus","color":"#0059a9","colorDark":"#00294f","angle":107.1,"snapDist":3,"label":1}},{"type":"Feature","geometry":{"type":"Point","coordinates":[11.85085,57.943711]},"properties":{"name":"Kode station","lines":"319, 903","arr":["319","903"],"terminus":1,"mode":"bus","color":"#0059a9","colorDark":"#00294f","angle":247.9,"snapDist":4,"label":1}},{"type":"Feature","geometry":{"type":"Point","coordinates":[11.855235,57.941491]},"properties":{"name":"Kode korsväg","lines":"319","arr":["319"],"terminus":0,"mode":"bus","color":"#0059a9","colorDark":"#00294f","angle":233.2,"snapDist":6,"label":0}},{"type":"Feature","geometry":{"type":"Point","coordinates":[11.864165,57.938308]},"properties":{"name":"Lunna","lines":"319","arr":["319"],"terminus":0,"mode":"bus","color":"#0059a9","colorDark":"#00294f","angle":177.5,"snapDist":5,"label":0}},{"type":"Feature","geometry":{"type":"Point","coordinates":[11.872165,57.937221]},"properties":{"name":"Lunnagården","lines":"319","arr":["319"],"terminus":0,"mode":"bus","color":"#0059a9","colorDark":"#00294f","angle":209.6,"snapDist":0,"label":0}},{"type":"Feature","geometry":{"type":"Point","coordinates":[11.8758,57.935963]},"properties":{"name":"Ingetorps gård","lines":"319","arr":["319"],"terminus":0,"mode":"bus","color":"#0059a9","colorDark":"#00294f","angle":214.3,"snapDist":2,"label":0}},{"type":"Feature","geometry":{"type":"Point","coordinates":[11.890409,57.931884]},"properties":{"name":"Ingetorps sjö","lines":"319","arr":["319"],"terminus":0,"mode":"bus","color":"#0059a9","colorDark":"#00294f","angle":211.3,"snapDist":4,"label":0}},{"type":"Feature","geometry":{"type":"Point","coordinates":[11.905745,57.926874]},"properties":{"name":"Lundby","lines":"319","arr":["319"],"terminus":0,"mode":"bus","color":"#0059a9","colorDark":"#00294f","angle":223,"snapDist":4,"label":0}},{"type":"Feature","geometry":{"type":"Point","coordinates":[11.915662,57.921382]},"properties":{"name":"Hagstorp","lines":"319, 912","arr":["319","912"],"terminus":0,"mode":"bus","color":"#0059a9","colorDark":"#00294f","angle":252.9,"snapDist":5,"label":0}},{"type":"Feature","geometry":{"type":"Point","coordinates":[11.918481,57.91413]},"properties":{"name":"Hanekullen","lines":"319, 912","arr":["319","912"],"terminus":0,"mode":"bus","color":"#0059a9","colorDark":"#00294f","angle":92,"snapDist":4,"label":0}},{"type":"Feature","geometry":{"type":"Point","coordinates":[11.918972,57.911628]},"properties":{"name":"Myrebackavägen","lines":"319, 912","arr":["319","912"],"terminus":0,"mode":"bus","color":"#0059a9","colorDark":"#00294f","angle":236.4,"snapDist":2,"label":0}},{"type":"Feature","geometry":{"type":"Point","coordinates":[11.920804,57.908945]},"properties":{"name":"Kareby kyrka","lines":"319, 912","arr":["319","912"],"terminus":0,"mode":"bus","color":"#0059a9","colorDark":"#00294f","angle":244.1,"snapDist":12,"label":0}},{"type":"Feature","geometry":{"type":"Point","coordinates":[11.947931,57.887585]},"properties":{"name":"Snusfabriken","lines":"319","arr":["319"],"terminus":0,"mode":"bus","color":"#0059a9","colorDark":"#00294f","angle":292.3,"snapDist":2,"label":0}},{"type":"Feature","geometry":{"type":"Point","coordinates":[11.943765,57.881799]},"properties":{"name":"Rattgatan","lines":"319","arr":["319"],"terminus":0,"mode":"bus","color":"#0059a9","colorDark":"#00294f","angle":290.7,"snapDist":6,"label":0}},{"type":"Feature","geometry":{"type":"Point","coordinates":[11.938419,57.87833]},"properties":{"name":"Bilgatan östra","lines":"319","arr":["319"],"terminus":0,"mode":"bus","color":"#0059a9","colorDark":"#00294f","angle":330.9,"snapDist":8,"label":0}},{"type":"Feature","geometry":{"type":"Point","coordinates":[11.932356,57.87732]},"properties":{"name":"Bilgatan västra","lines":"319","arr":["319"],"terminus":0,"mode":"bus","color":"#0059a9","colorDark":"#00294f","angle":354.5,"snapDist":1,"label":0}},{"type":"Feature","geometry":{"type":"Point","coordinates":[11.931061,57.873073]},"properties":{"name":"ICA centrallager","lines":"319","arr":["319"],"terminus":0,"mode":"bus","color":"#0059a9","colorDark":"#00294f","angle":242,"snapDist":6,"label":0}},{"type":"Feature","geometry":{"type":"Point","coordinates":[11.935438,57.871537]},"properties":{"name":"Maskingatan","lines":"319","arr":["319"],"terminus":0,"mode":"bus","color":"#0059a9","colorDark":"#00294f","angle":192.2,"snapDist":2,"label":0}},{"type":"Feature","geometry":{"type":"Point","coordinates":[11.942594,57.871973]},"properties":{"name":"Truckgatan","lines":"319","arr":["319"],"terminus":0,"mode":"bus","color":"#0059a9","colorDark":"#00294f","angle":219.3,"snapDist":4,"label":0}},{"type":"Feature","geometry":{"type":"Point","coordinates":[12.036978,57.784615]},"properties":{"name":"Hammarkullens Väg","lines":"401","arr":["401"],"terminus":0,"mode":"bus","color":"#0059a9","colorDark":"#00294f","angle":64,"snapDist":7,"label":1}},{"type":"Feature","geometry":{"type":"Point","coordinates":[12.032367,57.789541]},"properties":{"name":"Ramnebacken","lines":"401","arr":["401"],"terminus":0,"mode":"bus","color":"#0059a9","colorDark":"#00294f","angle":51.2,"snapDist":8,"label":1}},{"type":"Feature","geometry":{"type":"Point","coordinates":[12.016194,57.820273]},"properties":{"name":"Videgårdsvägen","lines":"401","arr":["401"],"terminus":0,"mode":"bus","color":"#0059a9","colorDark":"#00294f","angle":87.7,"snapDist":2,"label":1}},{"type":"Feature","geometry":{"type":"Point","coordinates":[12.014299,57.824794]},"properties":{"name":"Surte station","lines":"401","arr":["401"],"terminus":0,"mode":"bus","color":"#0059a9","colorDark":"#00294f","angle":265.6,"snapDist":2,"label":0}},{"type":"Feature","geometry":{"type":"Point","coordinates":[12.014763,57.828282]},"properties":{"name":"Bruksvägen","lines":"401","arr":["401"],"terminus":0,"mode":"bus","color":"#0059a9","colorDark":"#00294f","angle":78.4,"snapDist":1,"label":1}},{"type":"Feature","geometry":{"type":"Point","coordinates":[12.013789,57.831538]},"properties":{"name":"Surte kyrka","lines":"401","arr":["401"],"terminus":0,"mode":"bus","color":"#0059a9","colorDark":"#00294f","angle":84.4,"snapDist":6,"label":1}},{"type":"Feature","geometry":{"type":"Point","coordinates":[12.014671,57.836911]},"properties":{"name":"Idrottsvägen","lines":"401","arr":["401"],"terminus":0,"mode":"bus","color":"#0059a9","colorDark":"#00294f","angle":92.9,"snapDist":2,"label":1}},{"type":"Feature","geometry":{"type":"Point","coordinates":[12.014674,57.845873]},"properties":{"name":"Sörgårdsvägen","lines":"401","arr":["401"],"terminus":0,"mode":"bus","color":"#0059a9","colorDark":"#00294f","angle":106.3,"snapDist":1,"label":1}},{"type":"Feature","geometry":{"type":"Point","coordinates":[12.014359,57.848643]},"properties":{"name":"Skolvägen","lines":"401","arr":["401"],"terminus":0,"mode":"bus","color":"#0059a9","colorDark":"#00294f","angle":107.4,"snapDist":1,"label":1}},{"type":"Feature","geometry":{"type":"Point","coordinates":[12.014817,57.851188]},"properties":{"name":"Bohus station","lines":"401","arr":["401"],"terminus":0,"mode":"bus","color":"#0059a9","colorDark":"#00294f","angle":95.6,"snapDist":2,"label":1}},{"type":"Feature","geometry":{"type":"Point","coordinates":[11.998795,57.858086]},"properties":{"name":"Eriksdal","lines":"401, X4","arr":["401","X4"],"terminus":0,"mode":"bus","color":"#0059a9","colorDark":"#00294f","angle":59.5,"snapDist":9,"label":0}},{"type":"Feature","geometry":{"type":"Point","coordinates":[11.993055,57.865027]},"properties":{"name":"Fars Hatt","lines":"401, X4","arr":["401","X4"],"terminus":0,"mode":"bus","color":"#0059a9","colorDark":"#00294f","angle":44.6,"snapDist":3,"label":1}},{"type":"Feature","geometry":{"type":"Point","coordinates":[11.9841,57.86821]},"properties":{"name":"Kexbageriet","lines":"401, X4","arr":["401","X4"],"terminus":0,"mode":"bus","color":"#0059a9","colorDark":"#00294f","angle":43,"snapDist":7,"label":1}},{"type":"Feature","geometry":{"type":"Point","coordinates":[11.980118,57.87169]},"properties":{"name":"Västra Parken","lines":"401, X4","arr":["401","X4"],"terminus":0,"mode":"bus","color":"#0059a9","colorDark":"#00294f","angle":55.1,"snapDist":2,"label":1}},{"type":"Feature","geometry":{"type":"Point","coordinates":[11.968719,57.871871]},"properties":{"name":"Kungälv resecentrum","lines":"401","arr":["401"],"terminus":1,"mode":"bus","color":"#0059a9","colorDark":"#00294f","angle":89.3,"snapDist":3,"label":0}},{"type":"Feature","geometry":{"type":"Point","coordinates":[11.968607,57.871848]},"properties":{"name":"Kungälv resecentrum","lines":"401","arr":["401"],"terminus":1,"mode":"bus","color":"#0059a9","colorDark":"#00294f","angle":269.2,"snapDist":1,"label":0}},{"type":"Feature","geometry":{"type":"Point","coordinates":[11.979681,57.871896]},"properties":{"name":"Västra Parken","lines":"401, 3, X4","arr":["401","KV3","X4"],"terminus":0,"mode":"bus","color":"#0059a9","colorDark":"#00294f","angle":232.1,"snapDist":2,"label":0}},{"type":"Feature","geometry":{"type":"Point","coordinates":[11.982469,57.869131]},"properties":{"name":"Kexbageriet","lines":"401, X4","arr":["401","X4"],"terminus":0,"mode":"bus","color":"#0059a9","colorDark":"#00294f","angle":234.2,"snapDist":3,"label":0}},{"type":"Feature","geometry":{"type":"Point","coordinates":[11.993298,57.864903]},"properties":{"name":"Fars Hatt","lines":"401, X4","arr":["401","X4"],"terminus":0,"mode":"bus","color":"#0059a9","colorDark":"#00294f","angle":223.4,"snapDist":4,"label":0}},{"type":"Feature","geometry":{"type":"Point","coordinates":[11.998934,57.857942]},"properties":{"name":"Eriksdal","lines":"401, X4","arr":["401","X4"],"terminus":0,"mode":"bus","color":"#0059a9","colorDark":"#00294f","angle":247.2,"snapDist":7,"label":0}},{"type":"Feature","geometry":{"type":"Point","coordinates":[12.015264,57.851299]},"properties":{"name":"Bohus station","lines":"401","arr":["401"],"terminus":0,"mode":"bus","color":"#0059a9","colorDark":"#00294f","angle":275,"snapDist":4,"label":0}},{"type":"Feature","geometry":{"type":"Point","coordinates":[12.014277,57.848504]},"properties":{"name":"Skolvägen","lines":"401","arr":["401"],"terminus":0,"mode":"bus","color":"#0059a9","colorDark":"#00294f","angle":287.4,"snapDist":2,"label":0}},{"type":"Feature","geometry":{"type":"Point","coordinates":[12.014602,57.845742]},"properties":{"name":"Sörgårdsvägen","lines":"401","arr":["401"],"terminus":0,"mode":"bus","color":"#0059a9","colorDark":"#00294f","angle":286.3,"snapDist":3,"label":0}},{"type":"Feature","geometry":{"type":"Point","coordinates":[12.014727,57.838061]},"properties":{"name":"Idrottsvägen","lines":"401","arr":["401"],"terminus":0,"mode":"bus","color":"#0059a9","colorDark":"#00294f","angle":267,"snapDist":7,"label":0}},{"type":"Feature","geometry":{"type":"Point","coordinates":[12.013942,57.830918]},"properties":{"name":"Surte kyrka","lines":"401","arr":["401"],"terminus":0,"mode":"bus","color":"#0059a9","colorDark":"#00294f","angle":261.5,"snapDist":3,"label":0}},{"type":"Feature","geometry":{"type":"Point","coordinates":[12.014809,57.828164]},"properties":{"name":"Bruksvägen","lines":"401","arr":["401"],"terminus":0,"mode":"bus","color":"#0059a9","colorDark":"#00294f","angle":257.6,"snapDist":3,"label":0}},{"type":"Feature","geometry":{"type":"Point","coordinates":[12.016205,57.82013]},"properties":{"name":"Videgårdsvägen","lines":"401","arr":["401"],"terminus":0,"mode":"bus","color":"#0059a9","colorDark":"#00294f","angle":267.7,"snapDist":2,"label":0}},{"type":"Feature","geometry":{"type":"Point","coordinates":[12.032486,57.789461]},"properties":{"name":"Ramnebacken","lines":"401","arr":["401"],"terminus":0,"mode":"bus","color":"#0059a9","colorDark":"#00294f","angle":231.4,"snapDist":5,"label":0}},{"type":"Feature","geometry":{"type":"Point","coordinates":[12.037082,57.784493]},"properties":{"name":"Hammarkullens Väg","lines":"401","arr":["401"],"terminus":0,"mode":"bus","color":"#0059a9","colorDark":"#00294f","angle":239,"snapDist":7,"label":0}},{"type":"Feature","geometry":{"type":"Point","coordinates":[12.044339,57.892891]},"properties":{"name":"Nödinge station","lines":"402","arr":["402"],"terminus":1,"mode":"bus","color":"#0059a9","colorDark":"#00294f","angle":285,"snapDist":5,"label":1}},{"type":"Feature","geometry":{"type":"Point","coordinates":[12.04435,57.890281]},"properties":{"name":"Backavägen","lines":"402","arr":["402"],"terminus":0,"mode":"bus","color":"#0059a9","colorDark":"#00294f","angle":321.9,"snapDist":1,"label":1}},{"type":"Feature","geometry":{"type":"Point","coordinates":[12.030255,57.870352]},"properties":{"name":"Stora Viken","lines":"402","arr":["402"],"terminus":0,"mode":"bus","color":"#0059a9","colorDark":"#00294f","angle":329.2,"snapDist":4,"label":1}},{"type":"Feature","geometry":{"type":"Point","coordinates":[12.022927,57.864484]},"properties":{"name":"Lilla Viken","lines":"402","arr":["402"],"terminus":0,"mode":"bus","color":"#0059a9","colorDark":"#00294f","angle":262.7,"snapDist":6,"label":1}},{"type":"Feature","geometry":{"type":"Point","coordinates":[12.014855,57.851396]},"properties":{"name":"Bohus station","lines":"402","arr":["402"],"terminus":0,"mode":"bus","color":"#0059a9","colorDark":"#00294f","angle":95.6,"snapDist":2,"label":0}},{"type":"Feature","geometry":{"type":"Point","coordinates":[12.031637,57.851532]},"properties":{"name":"Bohushöjd","lines":"402","arr":["402"],"terminus":0,"mode":"bus","color":"#0059a9","colorDark":"#00294f","angle":248.3,"snapDist":2,"label":1}},{"type":"Feature","geometry":{"type":"Point","coordinates":[12.037483,57.851058]},"properties":{"name":"Jennylund","lines":"402","arr":["402"],"terminus":1,"mode":"bus","color":"#0059a9","colorDark":"#00294f","angle":327.2,"snapDist":5,"label":1}},{"type":"Feature","geometry":{"type":"Point","coordinates":[12.030931,57.852338]},"properties":{"name":"Bohushöjd","lines":"402","arr":["402"],"terminus":0,"mode":"bus","color":"#0059a9","colorDark":"#00294f","angle":45.6,"snapDist":1,"label":0}},{"type":"Feature","geometry":{"type":"Point","coordinates":[12.014893,57.851603]},"properties":{"name":"Bohus station","lines":"402","arr":["402"],"terminus":0,"mode":"bus","color":"#0059a9","colorDark":"#00294f","angle":95.6,"snapDist":2,"label":0}},{"type":"Feature","geometry":{"type":"Point","coordinates":[12.022889,57.864636]},"properties":{"name":"Lilla Viken","lines":"402","arr":["402"],"terminus":0,"mode":"bus","color":"#0059a9","colorDark":"#00294f","angle":79.2,"snapDist":4,"label":0}},{"type":"Feature","geometry":{"type":"Point","coordinates":[12.030603,57.870399]},"properties":{"name":"Stora Viken","lines":"402","arr":["402"],"terminus":0,"mode":"bus","color":"#0059a9","colorDark":"#00294f","angle":152,"snapDist":5,"label":0}},{"type":"Feature","geometry":{"type":"Point","coordinates":[12.044554,57.890367]},"properties":{"name":"Backavägen","lines":"402, 404","arr":["402","404"],"terminus":0,"mode":"bus","color":"#0059a9","colorDark":"#00294f","angle":141.9,"snapDist":1,"label":0}},{"type":"Feature","geometry":{"type":"Point","coordinates":[12.044435,57.893084]},"properties":{"name":"Nödinge station","lines":"402, 404","arr":["402","404"],"terminus":1,"mode":"bus","color":"#0059a9","colorDark":"#00294f","angle":104.9,"snapDist":9,"label":0}},{"type":"Feature","geometry":{"type":"Point","coordinates":[12.044827,57.89385]},"properties":{"name":"Nödinge station","lines":"403, 404, 415","arr":["403","404","415"],"terminus":1,"mode":"bus","color":"#0059a9","colorDark":"#00294f","angle":111.4,"snapDist":7,"label":0}},{"type":"Feature","geometry":{"type":"Point","coordinates":[12.049174,57.900818]},"properties":{"name":"Trollevik","lines":"403","arr":["403"],"terminus":0,"mode":"bus","color":"#0059a9","colorDark":"#00294f","angle":110.6,"snapDist":3,"label":1}},{"type":"Feature","geometry":{"type":"Point","coordinates":[12.053184,57.908811]},"properties":{"name":"Gallåsvägen","lines":"403","arr":["403"],"terminus":0,"mode":"bus","color":"#0059a9","colorDark":"#00294f","angle":113.4,"snapDist":2,"label":1}},{"type":"Feature","geometry":{"type":"Point","coordinates":[12.056761,57.912945]},"properties":{"name":"Södra vägen","lines":"403","arr":["403"],"terminus":0,"mode":"bus","color":"#0059a9","colorDark":"#00294f","angle":120.2,"snapDist":1,"label":1}},{"type":"Feature","geometry":{"type":"Point","coordinates":[12.063286,57.918872]},"properties":{"name":"Nol station","lines":"403","arr":["403"],"terminus":0,"mode":"bus","color":"#0059a9","colorDark":"#00294f","angle":137.5,"snapDist":11,"label":0}},{"type":"Feature","geometry":{"type":"Point","coordinates":[12.067269,57.921976]},"properties":{"name":"Tudors fabrik","lines":"403, 413","arr":["403","413"],"terminus":0,"mode":"bus","color":"#0059a9","colorDark":"#00294f","angle":137.9,"snapDist":10,"label":1}},{"type":"Feature","geometry":{"type":"Point","coordinates":[12.07302,57.922804]},"properties":{"name":"Brandsbovägen","lines":"403, 413","arr":["403","413"],"terminus":0,"mode":"bus","color":"#0059a9","colorDark":"#00294f","angle":198.5,"snapDist":6,"label":1}},{"type":"Feature","geometry":{"type":"Point","coordinates":[12.079275,57.926069]},"properties":{"name":"Himlaskolan","lines":"403","arr":["403"],"terminus":0,"mode":"bus","color":"#0059a9","colorDark":"#00294f","angle":319.5,"snapDist":3,"label":1}},{"type":"Feature","geometry":{"type":"Point","coordinates":[12.079158,57.923683]},"properties":{"name":"Lunnavägen","lines":"403, 413","arr":["403","413"],"terminus":0,"mode":"bus","color":"#0059a9","colorDark":"#00294f","angle":60.1,"snapDist":4,"label":1}},{"type":"Feature","geometry":{"type":"Point","coordinates":[12.093475,57.920883]},"properties":{"name":"Brantbacken","lines":"403, 413","arr":["403","413"],"terminus":0,"mode":"bus","color":"#0059a9","colorDark":"#00294f","angle":151.3,"snapDist":2,"label":1}},{"type":"Feature","geometry":{"type":"Point","coordinates":[12.098713,57.923887]},"properties":{"name":"Alafors fabriker","lines":"403, 413","arr":["403","413"],"terminus":0,"mode":"bus","color":"#0059a9","colorDark":"#00294f","angle":135.1,"snapDist":7,"label":1}},{"type":"Feature","geometry":{"type":"Point","coordinates":[12.096843,57.926156]},"properties":{"name":"Mor Annas väg","lines":"403","arr":["403"],"terminus":0,"mode":"bus","color":"#0059a9","colorDark":"#00294f","angle":53.4,"snapDist":2,"label":1}},{"type":"Feature","geometry":{"type":"Point","coordinates":[12.097125,57.925831]},"properties":{"name":"Mor Annas väg","lines":"403","arr":["403"],"terminus":0,"mode":"bus","color":"#0059a9","colorDark":"#00294f","angle":72,"snapDist":1,"label":0}},{"type":"Feature","geometry":{"type":"Point","coordinates":[12.098488,57.924285]},"properties":{"name":"Alafors fabriker","lines":"403","arr":["403"],"terminus":0,"mode":"bus","color":"#0059a9","colorDark":"#00294f","angle":226.8,"snapDist":4,"label":0}},{"type":"Feature","geometry":{"type":"Point","coordinates":[12.091595,57.92056]},"properties":{"name":"Brantbacken","lines":"403, 413","arr":["403","413"],"terminus":0,"mode":"bus","color":"#0059a9","colorDark":"#00294f","angle":351.9,"snapDist":2,"label":0}},{"type":"Feature","geometry":{"type":"Point","coordinates":[12.079155,57.923685]},"properties":{"name":"Lunnavägen","lines":"403, 413","arr":["403","413"],"terminus":0,"mode":"bus","color":"#0059a9","colorDark":"#00294f","angle":240.1,"snapDist":4,"label":0}},{"type":"Feature","geometry":{"type":"Point","coordinates":[12.072767,57.922849]},"properties":{"name":"Brandsbovägen","lines":"403, 413","arr":["403","413"],"terminus":0,"mode":"bus","color":"#0059a9","colorDark":"#00294f","angle":18.5,"snapDist":1,"label":0}},{"type":"Feature","geometry":{"type":"Point","coordinates":[12.065565,57.921196]},"properties":{"name":"Tudors fabrik","lines":"403, 413","arr":["403","413"],"terminus":0,"mode":"bus","color":"#0059a9","colorDark":"#00294f","angle":-37.8,"snapDist":7,"label":0}},{"type":"Feature","geometry":{"type":"Point","coordinates":[12.063087,57.918773]},"properties":{"name":"Nol station","lines":"403, 413","arr":["403","413"],"terminus":1,"mode":"bus","color":"#0059a9","colorDark":"#00294f","angle":315.5,"snapDist":4,"label":1}},{"type":"Feature","geometry":{"type":"Point","coordinates":[12.056613,57.912809]},"properties":{"name":"Södra vägen","lines":"403","arr":["403"],"terminus":0,"mode":"bus","color":"#0059a9","colorDark":"#00294f","angle":120.2,"snapDist":2,"label":0}},{"type":"Feature","geometry":{"type":"Point","coordinates":[12.053097,57.908704]},"properties":{"name":"Gallåsvägen","lines":"403","arr":["403"],"terminus":0,"mode":"bus","color":"#0059a9","colorDark":"#00294f","angle":113.4,"snapDist":1,"label":0}},{"type":"Feature","geometry":{"type":"Point","coordinates":[12.049103,57.900718]},"properties":{"name":"Trollevik","lines":"403","arr":["403"],"terminus":0,"mode":"bus","color":"#0059a9","colorDark":"#00294f","angle":-69.4,"snapDist":2,"label":0}},{"type":"Feature","geometry":{"type":"Point","coordinates":[12.044634,57.893475]},"properties":{"name":"Nödinge station","lines":"403, 415","arr":["403","415"],"terminus":1,"mode":"bus","color":"#0059a9","colorDark":"#00294f","angle":285.5,"snapDist":4,"label":0}},{"type":"Feature","geometry":{"type":"Point","coordinates":[12.052839,57.898096]},"properties":{"name":"Gulklövergatan","lines":"404, 415","arr":["404","415"],"terminus":0,"mode":"bus","color":"#0059a9","colorDark":"#00294f","angle":156.2,"snapDist":4,"label":1}},{"type":"Feature","geometry":{"type":"Point","coordinates":[12.062842,57.897525]},"properties":{"name":"Lövängsvägen","lines":"404, 415","arr":["404","415"],"terminus":0,"mode":"bus","color":"#0059a9","colorDark":"#00294f","angle":207.4,"snapDist":3,"label":1}},{"type":"Feature","geometry":{"type":"Point","coordinates":[12.067727,57.895117]},"properties":{"name":"Börsagårdsvägen","lines":"404, 415","arr":["404","415"],"terminus":0,"mode":"bus","color":"#0059a9","colorDark":"#00294f","angle":251.4,"snapDist":3,"label":1}},{"type":"Feature","geometry":{"type":"Point","coordinates":[12.06784,57.89125]},"properties":{"name":"Liljegången","lines":"404, 415","arr":["404","415"],"terminus":0,"mode":"bus","color":"#0059a9","colorDark":"#00294f","angle":264.3,"snapDist":5,"label":1}},{"type":"Feature","geometry":{"type":"Point","coordinates":[12.060738,57.888615]},"properties":{"name":"Häroldsvägen","lines":"404","arr":["404"],"terminus":0,"mode":"bus","color":"#0059a9","colorDark":"#00294f","angle":312.9,"snapDist":2,"label":1}},{"type":"Feature","geometry":{"type":"Point","coordinates":[12.055223,57.886489]},"properties":{"name":"Svens kulle","lines":"404","arr":["404"],"terminus":0,"mode":"bus","color":"#0059a9","colorDark":"#00294f","angle":296,"snapDist":4,"label":1}},{"type":"Feature","geometry":{"type":"Point","coordinates":[12.047902,57.885514]},"properties":{"name":"Lillbacka","lines":"404","arr":["404"],"terminus":0,"mode":"bus","color":"#0059a9","colorDark":"#00294f","angle":57.2,"snapDist":7,"label":1}},{"type":"Feature","geometry":{"type":"Point","coordinates":[12.113577,57.926514]},"properties":{"name":"Uspatorpsvägen","lines":"413","arr":["413"],"terminus":0,"mode":"bus","color":"#0059a9","colorDark":"#00294f","angle":177.4,"snapDist":6,"label":1}},{"type":"Feature","geometry":{"type":"Point","coordinates":[12.131917,57.928096]},"properties":{"name":"Grunne","lines":"413","arr":["413"],"terminus":0,"mode":"bus","color":"#0059a9","colorDark":"#00294f","angle":181.5,"snapDist":1,"label":1}},{"type":"Feature","geometry":{"type":"Point","coordinates":[12.134132,57.918471]},"properties":{"name":"Ulvstorp","lines":"413","arr":["413"],"terminus":0,"mode":"bus","color":"#0059a9","colorDark":"#00294f","angle":207.4,"snapDist":0,"label":1}},{"type":"Feature","geometry":{"type":"Point","coordinates":[12.14471,57.915579]},"properties":{"name":"Hästhagen","lines":"413","arr":["413"],"terminus":0,"mode":"bus","color":"#0059a9","colorDark":"#00294f","angle":254.3,"snapDist":6,"label":1}},{"type":"Feature","geometry":{"type":"Point","coordinates":[12.153841,57.911911]},"properties":{"name":"Ragnars hage","lines":"413","arr":["413"],"terminus":0,"mode":"bus","color":"#0059a9","colorDark":"#00294f","angle":198.6,"snapDist":6,"label":1}},{"type":"Feature","geometry":{"type":"Point","coordinates":[12.164762,57.907814]},"properties":{"name":"Rösbacka","lines":"413","arr":["413"],"terminus":0,"mode":"bus","color":"#0059a9","colorDark":"#00294f","angle":193.1,"snapDist":7,"label":1}},{"type":"Feature","geometry":{"type":"Point","coordinates":[12.179536,57.902321]},"properties":{"name":"Lövesik","lines":"413","arr":["413"],"terminus":0,"mode":"bus","color":"#0059a9","colorDark":"#00294f","angle":219.8,"snapDist":3,"label":1}},{"type":"Feature","geometry":{"type":"Point","coordinates":[12.194921,57.892457]},"properties":{"name":"Ryds missionshus","lines":"413","arr":["413"],"terminus":1,"mode":"bus","color":"#0059a9","colorDark":"#00294f","angle":92.3,"snapDist":1,"label":1}},{"type":"Feature","geometry":{"type":"Point","coordinates":[12.179391,57.902385]},"properties":{"name":"Lövesik","lines":"413","arr":["413"],"terminus":0,"mode":"bus","color":"#0059a9","colorDark":"#00294f","angle":39,"snapDist":0,"label":0}},{"type":"Feature","geometry":{"type":"Point","coordinates":[12.16449,57.90785]},"properties":{"name":"Rösbacka","lines":"413","arr":["413"],"terminus":0,"mode":"bus","color":"#0059a9","colorDark":"#00294f","angle":20.2,"snapDist":3,"label":0}},{"type":"Feature","geometry":{"type":"Point","coordinates":[12.154105,57.911863]},"properties":{"name":"Ragnars hage","lines":"413","arr":["413"],"terminus":0,"mode":"bus","color":"#0059a9","colorDark":"#00294f","angle":18.6,"snapDist":7,"label":0}},{"type":"Feature","geometry":{"type":"Point","coordinates":[12.144676,57.915628]},"properties":{"name":"Hästhagen","lines":"413","arr":["413"],"terminus":0,"mode":"bus","color":"#0059a9","colorDark":"#00294f","angle":55.4,"snapDist":0,"label":0}},{"type":"Feature","geometry":{"type":"Point","coordinates":[12.134124,57.918473]},"properties":{"name":"Ulvstorp","lines":"413","arr":["413"],"terminus":0,"mode":"bus","color":"#0059a9","colorDark":"#00294f","angle":27.4,"snapDist":1,"label":0}},{"type":"Feature","geometry":{"type":"Point","coordinates":[12.132145,57.928061]},"properties":{"name":"Grunne","lines":"413","arr":["413"],"terminus":0,"mode":"bus","color":"#0059a9","colorDark":"#00294f","angle":31.9,"snapDist":6,"label":0}},{"type":"Feature","geometry":{"type":"Point","coordinates":[12.112772,57.926518]},"properties":{"name":"Uspatorpsvägen","lines":"413","arr":["413"],"terminus":0,"mode":"bus","color":"#0059a9","colorDark":"#00294f","angle":4,"snapDist":6,"label":0}},{"type":"Feature","geometry":{"type":"Point","coordinates":[12.09919,57.924116]},"properties":{"name":"Alafors fabriker","lines":"413","arr":["413"],"terminus":0,"mode":"bus","color":"#0059a9","colorDark":"#00294f","angle":319,"snapDist":6,"label":0}},{"type":"Feature","geometry":{"type":"Point","coordinates":[12.074627,57.889196]},"properties":{"name":"Hallbackevägen","lines":"415","arr":["415"],"terminus":0,"mode":"bus","color":"#0059a9","colorDark":"#00294f","angle":261.8,"snapDist":4,"label":1}},{"type":"Feature","geometry":{"type":"Point","coordinates":[12.078168,57.885893]},"properties":{"name":"Spejarestigen","lines":"415","arr":["415"],"terminus":0,"mode":"bus","color":"#0059a9","colorDark":"#00294f","angle":217.3,"snapDist":2,"label":1}},{"type":"Feature","geometry":{"type":"Point","coordinates":[12.083114,57.88393]},"properties":{"name":"Dammekärrsvägen","lines":"415","arr":["415"],"terminus":0,"mode":"bus","color":"#0059a9","colorDark":"#00294f","angle":240.6,"snapDist":1,"label":1}},{"type":"Feature","geometry":{"type":"Point","coordinates":[12.098984,57.872361]},"properties":{"name":"Bönabo","lines":"415","arr":["415"],"terminus":1,"mode":"bus","color":"#0059a9","colorDark":"#00294f","angle":157.2,"snapDist":7,"label":1}},{"type":"Feature","geometry":{"type":"Point","coordinates":[12.07803,57.88595]},"properties":{"name":"Spejarestigen","lines":"415","arr":["415"],"terminus":0,"mode":"bus","color":"#0059a9","colorDark":"#00294f","angle":40,"snapDist":1,"label":0}},{"type":"Feature","geometry":{"type":"Point","coordinates":[12.074629,57.889189]},"properties":{"name":"Hallbackevägen","lines":"415","arr":["415"],"terminus":0,"mode":"bus","color":"#0059a9","colorDark":"#00294f","angle":81.8,"snapDist":4,"label":0}},{"type":"Feature","geometry":{"type":"Point","coordinates":[12.067815,57.891409]},"properties":{"name":"Liljegången","lines":"415","arr":["415"],"terminus":0,"mode":"bus","color":"#0059a9","colorDark":"#00294f","angle":87.4,"snapDist":3,"label":0}},{"type":"Feature","geometry":{"type":"Point","coordinates":[12.067624,57.895268]},"properties":{"name":"Börsagårdsvägen","lines":"415","arr":["415"],"terminus":0,"mode":"bus","color":"#0059a9","colorDark":"#00294f","angle":67.3,"snapDist":0,"label":0}},{"type":"Feature","geometry":{"type":"Point","coordinates":[12.06274,57.897554]},"properties":{"name":"Lövängsvägen","lines":"415","arr":["415"],"terminus":0,"mode":"bus","color":"#0059a9","colorDark":"#00294f","angle":28.6,"snapDist":5,"label":0}},{"type":"Feature","geometry":{"type":"Point","coordinates":[12.052137,57.897923]},"properties":{"name":"Gulklövergatan","lines":"415","arr":["415"],"terminus":0,"mode":"bus","color":"#0059a9","colorDark":"#00294f","angle":335,"snapDist":3,"label":0}},{"type":"Feature","geometry":{"type":"Point","coordinates":[11.990777,57.712975]},"properties":{"name":"Svingeln","lines":"501, 502, 503, 513, LERS, X1, X5","arr":["501","502","503","513","LERS","X1","X5"],"terminus":1,"mode":"bus","color":"#0059a9","colorDark":"#00294f","angle":116.2,"snapDist":3,"label":0}},{"type":"Feature","geometry":{"type":"Point","coordinates":[12.110168,57.740336]},"properties":{"name":"Kulturum","lines":"501, 502, 518","arr":["501","502","518"],"terminus":0,"mode":"bus","color":"#0059a9","colorDark":"#00294f","angle":164.3,"snapDist":0,"label":1}},{"type":"Feature","geometry":{"type":"Point","coordinates":[12.118245,57.741051]},"properties":{"name":"Partille arena","lines":"501, 502, 518","arr":["501","502","518"],"terminus":0,"mode":"bus","color":"#0059a9","colorDark":"#00294f","angle":176.8,"snapDist":3,"label":1}},{"type":"Feature","geometry":{"type":"Point","coordinates":[12.122982,57.740957]},"properties":{"name":"Partille port","lines":"501, 502, 518","arr":["501","502","518"],"terminus":0,"mode":"bus","color":"#0059a9","colorDark":"#00294f","angle":183.7,"snapDist":4,"label":1}},{"type":"Feature","geometry":{"type":"Point","coordinates":[12.126787,57.738611]},"properties":{"name":"Skulltorpsvägen","lines":"501, 502, 517, 518","arr":["501","502","517","518"],"terminus":0,"mode":"bus","color":"#0059a9","colorDark":"#00294f","angle":164.1,"snapDist":5,"label":1}},{"type":"Feature","geometry":{"type":"Point","coordinates":[12.13534,57.738984]},"properties":{"name":"Kvastekulla","lines":"501, 518","arr":["501","518"],"terminus":0,"mode":"bus","color":"#0059a9","colorDark":"#00294f","angle":163.2,"snapDist":6,"label":1}},{"type":"Feature","geometry":{"type":"Point","coordinates":[12.140914,57.740927]},"properties":{"name":"Kåbäcken","lines":"501, 518","arr":["501","518"],"terminus":0,"mode":"bus","color":"#0059a9","colorDark":"#00294f","angle":157.3,"snapDist":8,"label":1}},{"type":"Feature","geometry":{"type":"Point","coordinates":[12.146062,57.742057]},"properties":{"name":"Uddared","lines":"501, 518","arr":["501","518"],"terminus":0,"mode":"bus","color":"#0059a9","colorDark":"#00294f","angle":158.5,"snapDist":6,"label":1}},{"type":"Feature","geometry":{"type":"Point","coordinates":[12.151165,57.742971]},"properties":{"name":"Stärtered","lines":"501, 518","arr":["501","518"],"terminus":1,"mode":"bus","color":"#0059a9","colorDark":"#00294f","angle":163.9,"snapDist":5,"label":1}},{"type":"Feature","geometry":{"type":"Point","coordinates":[12.149614,57.742731]},"properties":{"name":"Stärtered","lines":"501, 518","arr":["501","518"],"terminus":1,"mode":"bus","color":"#0059a9","colorDark":"#00294f","angle":343.9,"snapDist":6,"label":0}},{"type":"Feature","geometry":{"type":"Point","coordinates":[12.144689,57.741762]},"properties":{"name":"Uddared","lines":"501, 518","arr":["501","518"],"terminus":0,"mode":"bus","color":"#0059a9","colorDark":"#00294f","angle":338.8,"snapDist":6,"label":0}},{"type":"Feature","geometry":{"type":"Point","coordinates":[12.138843,57.740333]},"properties":{"name":"Kåbäcken","lines":"501, 518","arr":["501","518"],"terminus":0,"mode":"bus","color":"#0059a9","colorDark":"#00294f","angle":320.3,"snapDist":7,"label":0}},{"type":"Feature","geometry":{"type":"Point","coordinates":[12.133999,57.738937]},"properties":{"name":"Kvastekulla","lines":"501, 518","arr":["501","518"],"terminus":0,"mode":"bus","color":"#0059a9","colorDark":"#00294f","angle":2.6,"snapDist":7,"label":0}},{"type":"Feature","geometry":{"type":"Point","coordinates":[12.126992,57.738714]},"properties":{"name":"Skulltorpsvägen","lines":"501, 502, 517, 518","arr":["501","502","517","518"],"terminus":0,"mode":"bus","color":"#0059a9","colorDark":"#00294f","angle":345.4,"snapDist":2,"label":0}},{"type":"Feature","geometry":{"type":"Point","coordinates":[12.122612,57.740969]},"properties":{"name":"Partille port","lines":"501, 502, 518","arr":["501","502","518"],"terminus":0,"mode":"bus","color":"#0059a9","colorDark":"#00294f","angle":3.7,"snapDist":6,"label":0}},{"type":"Feature","geometry":{"type":"Point","coordinates":[12.11778,57.741034]},"properties":{"name":"Partille arena","lines":"501, 502, 518","arr":["501","502","518"],"terminus":0,"mode":"bus","color":"#0059a9","colorDark":"#00294f","angle":354.3,"snapDist":4,"label":0}},{"type":"Feature","geometry":{"type":"Point","coordinates":[12.110084,57.740364]},"properties":{"name":"Kulturum","lines":"501, 502, 518","arr":["501","502","518"],"terminus":0,"mode":"bus","color":"#0059a9","colorDark":"#00294f","angle":346.7,"snapDist":0,"label":0}},{"type":"Feature","geometry":{"type":"Point","coordinates":[12.134071,57.732631]},"properties":{"name":"Häradsvägen","lines":"502, 517","arr":["502","517"],"terminus":0,"mode":"bus","color":"#0059a9","colorDark":"#00294f","angle":287.6,"snapDist":7,"label":1}},{"type":"Feature","geometry":{"type":"Point","coordinates":[12.133424,57.72986]},"properties":{"name":"Stenliden","lines":"502, 517","arr":["502","517"],"terminus":0,"mode":"bus","color":"#0059a9","colorDark":"#00294f","angle":252.4,"snapDist":7,"label":1}},{"type":"Feature","geometry":{"type":"Point","coordinates":[12.13398,57.725793]},"properties":{"name":"Stubbvägen","lines":"502, 517","arr":["502","517"],"terminus":0,"mode":"bus","color":"#0059a9","colorDark":"#00294f","angle":297.9,"snapDist":6,"label":1}},{"type":"Feature","geometry":{"type":"Point","coordinates":[12.127087,57.724912]},"properties":{"name":"Furulund","lines":"502, 503, 511, 512, 516","arr":["502","503","511","512","516"],"terminus":1,"mode":"bus","color":"#0059a9","colorDark":"#00294f","angle":44.8,"snapDist":6,"label":1}},{"type":"Feature","geometry":{"type":"Point","coordinates":[12.128401,57.72491]},"properties":{"name":"Furulunds centrum","lines":"502, 517","arr":["502","517"],"terminus":1,"mode":"bus","color":"#0059a9","colorDark":"#00294f","angle":315,"snapDist":5,"label":1}},{"type":"Feature","geometry":{"type":"Point","coordinates":[12.134553,57.726396]},"properties":{"name":"Stubbvägen","lines":"502, 517","arr":["502","517"],"terminus":0,"mode":"bus","color":"#0059a9","colorDark":"#00294f","angle":110.8,"snapDist":6,"label":0}},{"type":"Feature","geometry":{"type":"Point","coordinates":[12.13332,57.730034]},"properties":{"name":"Stenliden","lines":"502, 517","arr":["502","517"],"terminus":0,"mode":"bus","color":"#0059a9","colorDark":"#00294f","angle":72.1,"snapDist":6,"label":0}},{"type":"Feature","geometry":{"type":"Point","coordinates":[12.134295,57.733161]},"properties":{"name":"Häradsvägen","lines":"502, 517","arr":["502","517"],"terminus":0,"mode":"bus","color":"#0059a9","colorDark":"#00294f","angle":99.3,"snapDist":4,"label":0}},{"type":"Feature","geometry":{"type":"Point","coordinates":[12.105775,57.737767]},"properties":{"name":"Nils Henrikssons väg","lines":"503, 517","arr":["503","517"],"terminus":0,"mode":"bus","color":"#0059a9","colorDark":"#00294f","angle":157.9,"snapDist":5,"label":1}},{"type":"Feature","geometry":{"type":"Point","coordinates":[12.106397,57.733613]},"properties":{"name":"Hålldammen","lines":"503, 511, 512, 516","arr":["503","511","512","516"],"terminus":0,"mode":"bus","color":"#0059a9","colorDark":"#00294f","angle":231,"snapDist":13,"label":1}},{"type":"Feature","geometry":{"type":"Point","coordinates":[12.110102,57.73067]},"properties":{"name":"Björndammen","lines":"503, 511, 512, 516","arr":["503","511","512","516"],"terminus":0,"mode":"bus","color":"#0059a9","colorDark":"#00294f","angle":250.7,"snapDist":3,"label":1}},{"type":"Feature","geometry":{"type":"Point","coordinates":[12.120931,57.729956]},"properties":{"name":"Slättenvägen","lines":"503, 512, 516","arr":["503","512","516"],"terminus":0,"mode":"bus","color":"#0059a9","colorDark":"#00294f","angle":91.2,"snapDist":0,"label":1}},{"type":"Feature","geometry":{"type":"Point","coordinates":[12.12802,57.72416]},"properties":{"name":"Furulund","lines":"503, 511, 512, 516","arr":["503","511","512","516"],"terminus":0,"mode":"bus","color":"#0059a9","colorDark":"#00294f","angle":229.9,"snapDist":4,"label":0}},{"type":"Feature","geometry":{"type":"Point","coordinates":[12.132859,57.720511]},"properties":{"name":"Fritidsvägen","lines":"503, 512, 516","arr":["503","512","516"],"terminus":1,"mode":"bus","color":"#0059a9","colorDark":"#00294f","angle":63.1,"snapDist":2,"label":1}},{"type":"Feature","geometry":{"type":"Point","coordinates":[12.110138,57.730865]},"properties":{"name":"Björndammen","lines":"503, 511, 512, 516","arr":["503","511","512","516"],"terminus":0,"mode":"bus","color":"#0059a9","colorDark":"#00294f","angle":73.5,"snapDist":6,"label":0}},{"type":"Feature","geometry":{"type":"Point","coordinates":[12.106507,57.73354]},"properties":{"name":"Hålldammen","lines":"503, 511, 512, 516","arr":["503","511","512","516"],"terminus":0,"mode":"bus","color":"#0059a9","colorDark":"#00294f","angle":51,"snapDist":8,"label":0}},{"type":"Feature","geometry":{"type":"Point","coordinates":[12.105288,57.737727]},"properties":{"name":"Nils Henrikssons väg","lines":"503, 517","arr":["503","517"],"terminus":0,"mode":"bus","color":"#0059a9","colorDark":"#00294f","angle":339.3,"snapDist":4,"label":0}},{"type":"Feature","geometry":{"type":"Point","coordinates":[12.070654,57.739488]},"properties":{"name":"Frimästaregatan","lines":"510","arr":["510"],"terminus":0,"mode":"bus","color":"#0059a9","colorDark":"#00294f","angle":162.7,"snapDist":5,"label":1}},{"type":"Feature","geometry":{"type":"Point","coordinates":[12.076807,57.740647]},"properties":{"name":"Fjällbo","lines":"510","arr":["510"],"terminus":0,"mode":"bus","color":"#0059a9","colorDark":"#00294f","angle":168.6,"snapDist":4,"label":1}},{"type":"Feature","geometry":{"type":"Point","coordinates":[12.10507,57.738344]},"properties":{"name":"Partille centrum","lines":"510","arr":["510"],"terminus":1,"mode":"bus","color":"#0059a9","colorDark":"#00294f","angle":280.2,"snapDist":2,"label":0}},{"type":"Feature","geometry":{"type":"Point","coordinates":[12.076302,57.740548]},"properties":{"name":"Fjällbo","lines":"510","arr":["510"],"terminus":0,"mode":"bus","color":"#0059a9","colorDark":"#00294f","angle":339.3,"snapDist":3,"label":0}},{"type":"Feature","geometry":{"type":"Point","coordinates":[12.068994,57.739202]},"properties":{"name":"Frimästaregatan","lines":"510","arr":["510"],"terminus":0,"mode":"bus","color":"#0059a9","colorDark":"#00294f","angle":344.2,"snapDist":7,"label":0}},{"type":"Feature","geometry":{"type":"Point","coordinates":[12.213453,57.686247]},"properties":{"name":"Landvetter resecentrum","lines":"511","arr":["511"],"terminus":1,"mode":"bus","color":"#0059a9","colorDark":"#00294f","angle":31.1,"snapDist":6,"label":1}},{"type":"Feature","geometry":{"type":"Point","coordinates":[12.206523,57.69511]},"properties":{"name":"Salmered","lines":"511, 612","arr":["511","612"],"terminus":0,"mode":"bus","color":"#0059a9","colorDark":"#00294f","angle":90.4,"snapDist":6,"label":1}},{"type":"Feature","geometry":{"type":"Point","coordinates":[12.206089,57.697445]},"properties":{"name":"Önnerödsskolan","lines":"511, 612","arr":["511","612"],"terminus":0,"mode":"bus","color":"#0059a9","colorDark":"#00294f","angle":89.2,"snapDist":3,"label":1}},{"type":"Feature","geometry":{"type":"Point","coordinates":[12.205782,57.700849]},"properties":{"name":"Önneröd","lines":"511, 612","arr":["511","612"],"terminus":1,"mode":"bus","color":"#0059a9","colorDark":"#00294f","angle":75.1,"snapDist":2,"label":1}},{"type":"Feature","geometry":{"type":"Point","coordinates":[12.200551,57.701178]},"properties":{"name":"Pinntorpsvägen","lines":"511","arr":["511"],"terminus":0,"mode":"bus","color":"#0059a9","colorDark":"#00294f","angle":353.8,"snapDist":1,"label":1}},{"type":"Feature","geometry":{"type":"Point","coordinates":[12.191908,57.702044]},"properties":{"name":"Tahults östergård","lines":"511","arr":["511"],"terminus":0,"mode":"bus","color":"#0059a9","colorDark":"#00294f","angle":6.3,"snapDist":5,"label":1}},{"type":"Feature","geometry":{"type":"Point","coordinates":[12.187899,57.70119]},"properties":{"name":"Tahults mellangård","lines":"511","arr":["511"],"terminus":0,"mode":"bus","color":"#0059a9","colorDark":"#00294f","angle":318.9,"snapDist":6,"label":1}},{"type":"Feature","geometry":{"type":"Point","coordinates":[12.184889,57.69922]},"properties":{"name":"Uppegårdsvägen","lines":"511","arr":["511"],"terminus":0,"mode":"bus","color":"#0059a9","colorDark":"#00294f","angle":313.9,"snapDist":3,"label":1}},{"type":"Feature","geometry":{"type":"Point","coordinates":[12.179898,57.697459]},"properties":{"name":"Västergårdsvägen","lines":"511","arr":["511"],"terminus":0,"mode":"bus","color":"#0059a9","colorDark":"#00294f","angle":318.8,"snapDist":1,"label":1}},{"type":"Feature","geometry":{"type":"Point","coordinates":[12.17869,57.693091]},"properties":{"name":"Gökskulla","lines":"511","arr":["511"],"terminus":0,"mode":"bus","color":"#0059a9","colorDark":"#00294f","angle":279.9,"snapDist":3,"label":1}},{"type":"Feature","geometry":{"type":"Point","coordinates":[12.175404,57.689727]},"properties":{"name":"Hallen","lines":"511","arr":["511"],"terminus":0,"mode":"bus","color":"#0059a9","colorDark":"#00294f","angle":349.9,"snapDist":0,"label":1}},{"type":"Feature","geometry":{"type":"Point","coordinates":[12.165325,57.686383]},"properties":{"name":"Bårhult","lines":"511","arr":["511"],"terminus":0,"mode":"bus","color":"#0059a9","colorDark":"#00294f","angle":90.2,"snapDist":5,"label":1}},{"type":"Feature","geometry":{"type":"Point","coordinates":[12.149801,57.70672]},"properties":{"name":"Brasebacken","lines":"511, 512, 516","arr":["511","512","516"],"terminus":0,"mode":"bus","color":"#0059a9","colorDark":"#00294f","angle":59.4,"snapDist":2,"label":1}},{"type":"Feature","geometry":{"type":"Point","coordinates":[12.147359,57.708985]},"properties":{"name":"Örjansvägen","lines":"511, 512, 516","arr":["511","512","516"],"terminus":0,"mode":"bus","color":"#0059a9","colorDark":"#00294f","angle":61,"snapDist":4,"label":1}},{"type":"Feature","geometry":{"type":"Point","coordinates":[12.105989,57.738505]},"properties":{"name":"Partille centrum","lines":"511, 516","arr":["511","516"],"terminus":1,"mode":"bus","color":"#0059a9","colorDark":"#00294f","angle":115.9,"snapDist":2,"label":0}},{"type":"Feature","geometry":{"type":"Point","coordinates":[12.147716,57.708641]},"properties":{"name":"Örjansvägen","lines":"511, 512, 516","arr":["511","512","516"],"terminus":0,"mode":"bus","color":"#0059a9","colorDark":"#00294f","angle":241,"snapDist":4,"label":0}},{"type":"Feature","geometry":{"type":"Point","coordinates":[12.149926,57.706607]},"properties":{"name":"Brasebacken","lines":"511, 512, 516","arr":["511","512","516"],"terminus":0,"mode":"bus","color":"#0059a9","colorDark":"#00294f","angle":239.4,"snapDist":2,"label":0}},{"type":"Feature","geometry":{"type":"Point","coordinates":[12.16675,57.68574]},"properties":{"name":"Bårhult","lines":"511","arr":["511"],"terminus":0,"mode":"bus","color":"#0059a9","colorDark":"#00294f","angle":148.9,"snapDist":7,"label":0}},{"type":"Feature","geometry":{"type":"Point","coordinates":[12.175334,57.689445]},"properties":{"name":"Hallen","lines":"511","arr":["511"],"terminus":0,"mode":"bus","color":"#0059a9","colorDark":"#00294f","angle":126.6,"snapDist":3,"label":0}},{"type":"Feature","geometry":{"type":"Point","coordinates":[12.178701,57.693126]},"properties":{"name":"Gökskulla","lines":"511","arr":["511"],"terminus":0,"mode":"bus","color":"#0059a9","colorDark":"#00294f","angle":99.9,"snapDist":1,"label":0}},{"type":"Feature","geometry":{"type":"Point","coordinates":[12.179929,57.697474]},"properties":{"name":"Västergårdsvägen","lines":"511","arr":["511"],"terminus":0,"mode":"bus","color":"#0059a9","colorDark":"#00294f","angle":138.8,"snapDist":2,"label":0}},{"type":"Feature","geometry":{"type":"Point","coordinates":[12.18509,57.699337]},"properties":{"name":"Uppegårdsvägen","lines":"511","arr":["511"],"terminus":0,"mode":"bus","color":"#0059a9","colorDark":"#00294f","angle":133.4,"snapDist":2,"label":0}},{"type":"Feature","geometry":{"type":"Point","coordinates":[12.188364,57.701403]},"properties":{"name":"Tahults mellangård","lines":"511","arr":["511"],"terminus":0,"mode":"bus","color":"#0059a9","colorDark":"#00294f","angle":141.2,"snapDist":2,"label":0}},{"type":"Feature","geometry":{"type":"Point","coordinates":[12.192246,57.702021]},"properties":{"name":"Tahults östergård","lines":"511","arr":["511"],"terminus":0,"mode":"bus","color":"#0059a9","colorDark":"#00294f","angle":187.7,"snapDist":1,"label":0}},{"type":"Feature","geometry":{"type":"Point","coordinates":[12.200746,57.70119]},"properties":{"name":"Pinntorpsvägen","lines":"511","arr":["511"],"terminus":0,"mode":"bus","color":"#0059a9","colorDark":"#00294f","angle":173.8,"snapDist":4,"label":0}},{"type":"Feature","geometry":{"type":"Point","coordinates":[12.206001,57.700173]},"properties":{"name":"Önneröd","lines":"511, 612","arr":["511","612"],"terminus":1,"mode":"bus","color":"#0059a9","colorDark":"#00294f","angle":260.3,"snapDist":7,"label":0}},{"type":"Feature","geometry":{"type":"Point","coordinates":[12.206091,57.69738]},"properties":{"name":"Önnerödsskolan","lines":"511, 612","arr":["511","612"],"terminus":0,"mode":"bus","color":"#0059a9","colorDark":"#00294f","angle":269.2,"snapDist":3,"label":0}},{"type":"Feature","geometry":{"type":"Point","coordinates":[12.206522,57.694962]},"properties":{"name":"Salmered","lines":"511, 612","arr":["511","612"],"terminus":0,"mode":"bus","color":"#0059a9","colorDark":"#00294f","angle":270,"snapDist":5,"label":0}},{"type":"Feature","geometry":{"type":"Point","coordinates":[11.994805,57.698062]},"properties":{"name":"Liseberg Station","lines":"512","arr":["512"],"terminus":1,"mode":"bus","color":"#0059a9","colorDark":"#00294f","angle":81.9,"snapDist":4,"label":1}},{"type":"Feature","geometry":{"type":"Point","coordinates":[12.092406,57.673371]},"properties":{"name":"Mölnlycke företagspark","lines":"512, 516, 3","arr":["512","516","HA3"],"terminus":0,"mode":"bus","color":"#0059a9","colorDark":"#00294f","angle":129.4,"snapDist":4,"label":1}},{"type":"Feature","geometry":{"type":"Point","coordinates":[12.09471,57.680069]},"properties":{"name":"Analysvägen","lines":"512, 516","arr":["512","516"],"terminus":0,"mode":"bus","color":"#0059a9","colorDark":"#00294f","angle":100.7,"snapDist":9,"label":1}},{"type":"Feature","geometry":{"type":"Point","coordinates":[12.100489,57.684142]},"properties":{"name":"Hultet","lines":"512, 516","arr":["512","516"],"terminus":0,"mode":"bus","color":"#0059a9","colorDark":"#00294f","angle":141.2,"snapDist":8,"label":1}},{"type":"Feature","geometry":{"type":"Point","coordinates":[12.110279,57.688426]},"properties":{"name":"Isfabriken","lines":"512, 516","arr":["512","516"],"terminus":0,"mode":"bus","color":"#0059a9","colorDark":"#00294f","angle":127.6,"snapDist":6,"label":1}},{"type":"Feature","geometry":{"type":"Point","coordinates":[12.116626,57.690703]},"properties":{"name":"Hålsjön","lines":"512, 516","arr":["512","516"],"terminus":0,"mode":"bus","color":"#0059a9","colorDark":"#00294f","angle":169.5,"snapDist":6,"label":1}},{"type":"Feature","geometry":{"type":"Point","coordinates":[12.121602,57.692414]},"properties":{"name":"Solbacken","lines":"512, 516","arr":["512","516"],"terminus":0,"mode":"bus","color":"#0059a9","colorDark":"#00294f","angle":144.9,"snapDist":6,"label":1}},{"type":"Feature","geometry":{"type":"Point","coordinates":[12.132121,57.699631]},"properties":{"name":"Gökegård","lines":"512, 516","arr":["512","516"],"terminus":0,"mode":"bus","color":"#0059a9","colorDark":"#00294f","angle":139.6,"snapDist":6,"label":1}},{"type":"Feature","geometry":{"type":"Point","coordinates":[12.140503,57.699527]},"properties":{"name":"Öjersjö brunn","lines":"512, 516","arr":["512","516"],"terminus":0,"mode":"bus","color":"#0059a9","colorDark":"#00294f","angle":179.5,"snapDist":8,"label":1}},{"type":"Feature","geometry":{"type":"Point","coordinates":[12.145907,57.702169]},"properties":{"name":"Öjersjö centrum","lines":"512, 516","arr":["512","516"],"terminus":0,"mode":"bus","color":"#0059a9","colorDark":"#00294f","angle":124.5,"snapDist":5,"label":1}},{"type":"Feature","geometry":{"type":"Point","coordinates":[12.144196,57.711835]},"properties":{"name":"Kåsjön","lines":"512, 516","arr":["512","516"],"terminus":0,"mode":"bus","color":"#0059a9","colorDark":"#00294f","angle":56.7,"snapDist":6,"label":1}},{"type":"Feature","geometry":{"type":"Point","coordinates":[12.137972,57.716477]},"properties":{"name":"Åstebo","lines":"512, 516","arr":["512","516"],"terminus":0,"mode":"bus","color":"#0059a9","colorDark":"#00294f","angle":51.9,"snapDist":5,"label":1}},{"type":"Feature","geometry":{"type":"Point","coordinates":[12.105804,57.738447]},"properties":{"name":"Partille centrum","lines":"512","arr":["512"],"terminus":1,"mode":"bus","color":"#0059a9","colorDark":"#00294f","angle":101.6,"snapDist":3,"label":0}},{"type":"Feature","geometry":{"type":"Point","coordinates":[12.132964,57.720399]},"properties":{"name":"Fritidsvägen","lines":"512, 516","arr":["512","516"],"terminus":0,"mode":"bus","color":"#0059a9","colorDark":"#00294f","angle":241.3,"snapDist":3,"label":0}},{"type":"Feature","geometry":{"type":"Point","coordinates":[12.137398,57.716883]},"properties":{"name":"Åstebo","lines":"512, 516","arr":["512","516"],"terminus":0,"mode":"bus","color":"#0059a9","colorDark":"#00294f","angle":234.2,"snapDist":3,"label":0}},{"type":"Feature","geometry":{"type":"Point","coordinates":[12.144413,57.711663]},"properties":{"name":"Kåsjön","lines":"512, 516","arr":["512","516"],"terminus":0,"mode":"bus","color":"#0059a9","colorDark":"#00294f","angle":235.7,"snapDist":3,"label":0}},{"type":"Feature","geometry":{"type":"Point","coordinates":[12.145612,57.702064]},"properties":{"name":"Öjersjö centrum","lines":"512, 516","arr":["512","516"],"terminus":0,"mode":"bus","color":"#0059a9","colorDark":"#00294f","angle":302.3,"snapDist":3,"label":0}},{"type":"Feature","geometry":{"type":"Point","coordinates":[12.140146,57.699561]},"properties":{"name":"Öjersjö brunn","lines":"512, 516","arr":["512","516"],"terminus":0,"mode":"bus","color":"#0059a9","colorDark":"#00294f","angle":356.3,"snapDist":7,"label":0}},{"type":"Feature","geometry":{"type":"Point","coordinates":[12.131904,57.699519]},"properties":{"name":"Gökegård","lines":"512, 516","arr":["512","516"],"terminus":0,"mode":"bus","color":"#0059a9","colorDark":"#00294f","angle":314.7,"snapDist":7,"label":0}},{"type":"Feature","geometry":{"type":"Point","coordinates":[12.121478,57.692368]},"properties":{"name":"Solbacken","lines":"512, 516","arr":["512","516"],"terminus":0,"mode":"bus","color":"#0059a9","colorDark":"#00294f","angle":324.9,"snapDist":6,"label":0}},{"type":"Feature","geometry":{"type":"Point","coordinates":[12.116349,57.690685]},"properties":{"name":"Hålsjön","lines":"512, 516","arr":["512","516"],"terminus":0,"mode":"bus","color":"#0059a9","colorDark":"#00294f","angle":353.8,"snapDist":7,"label":0}},{"type":"Feature","geometry":{"type":"Point","coordinates":[12.110145,57.688333]},"properties":{"name":"Isfabriken","lines":"512, 516","arr":["512","516"],"terminus":0,"mode":"bus","color":"#0059a9","colorDark":"#00294f","angle":307.6,"snapDist":6,"label":0}},{"type":"Feature","geometry":{"type":"Point","coordinates":[12.100289,57.684056]},"properties":{"name":"Hultet","lines":"512, 516","arr":["512","516"],"terminus":0,"mode":"bus","color":"#0059a9","colorDark":"#00294f","angle":321,"snapDist":8,"label":0}},{"type":"Feature","geometry":{"type":"Point","coordinates":[12.09447,57.678955]},"properties":{"name":"Analysvägen","lines":"512, 516","arr":["512","516"],"terminus":0,"mode":"bus","color":"#0059a9","colorDark":"#00294f","angle":269.9,"snapDist":10,"label":0}},{"type":"Feature","geometry":{"type":"Point","coordinates":[12.092733,57.67399]},"properties":{"name":"Mölnlycke företagspark","lines":"512, 516, 3","arr":["512","516","HA3"],"terminus":0,"mode":"bus","color":"#0059a9","colorDark":"#00294f","angle":279.8,"snapDist":7,"label":0}},{"type":"Feature","geometry":{"type":"Point","coordinates":[11.99351,57.698055]},"properties":{"name":"Liseberg Station","lines":"512","arr":["512"],"terminus":1,"mode":"bus","color":"#0059a9","colorDark":"#00294f","angle":350.3,"snapDist":5,"label":0}},{"type":"Feature","geometry":{"type":"Point","coordinates":[12.009727,57.723136]},"properties":{"name":"Gustavsplatsen","lines":"513, 515","arr":["513","515"],"terminus":0,"mode":"bus","color":"#0059a9","colorDark":"#00294f","angle":161.4,"snapDist":7,"label":1}},{"type":"Feature","geometry":{"type":"Point","coordinates":[12.026147,57.72407]},"properties":{"name":"Munkebäcksmotet","lines":"513, 515, LERS, X5","arr":["513","515","LERS","X5"],"terminus":0,"mode":"bus","color":"#0059a9","colorDark":"#00294f","angle":161.5,"snapDist":7,"label":1}},{"type":"Feature","geometry":{"type":"Point","coordinates":[12.039715,57.726928]},"properties":{"name":"Torpamotet","lines":"513","arr":["513"],"terminus":0,"mode":"bus","color":"#0059a9","colorDark":"#00294f","angle":149.1,"snapDist":3,"label":1}},{"type":"Feature","geometry":{"type":"Point","coordinates":[12.051453,57.72964]},"properties":{"name":"Fräntorp","lines":"513","arr":["513"],"terminus":0,"mode":"bus","color":"#0059a9","colorDark":"#00294f","angle":162.7,"snapDist":10,"label":1}},{"type":"Feature","geometry":{"type":"Point","coordinates":[12.05988,57.731202]},"properties":{"name":"Mellanvägen","lines":"513","arr":["513"],"terminus":0,"mode":"bus","color":"#0059a9","colorDark":"#00294f","angle":165.1,"snapDist":7,"label":1}},{"type":"Feature","geometry":{"type":"Point","coordinates":[12.064571,57.731265]},"properties":{"name":"Gibsons väg","lines":"513","arr":["513"],"terminus":0,"mode":"bus","color":"#0059a9","colorDark":"#00294f","angle":176.5,"snapDist":3,"label":1}},{"type":"Feature","geometry":{"type":"Point","coordinates":[12.070376,57.731884]},"properties":{"name":"Skolvägen","lines":"513","arr":["513"],"terminus":0,"mode":"bus","color":"#0059a9","colorDark":"#00294f","angle":159.4,"snapDist":8,"label":1}},{"type":"Feature","geometry":{"type":"Point","coordinates":[12.075068,57.732768]},"properties":{"name":"Allévägen","lines":"513","arr":["513"],"terminus":0,"mode":"bus","color":"#0059a9","colorDark":"#00294f","angle":166.8,"snapDist":0,"label":1}},{"type":"Feature","geometry":{"type":"Point","coordinates":[12.080941,57.733286]},"properties":{"name":"Sävedalens folkets hus","lines":"513","arr":["513"],"terminus":0,"mode":"bus","color":"#0059a9","colorDark":"#00294f","angle":176.6,"snapDist":1,"label":1}},{"type":"Feature","geometry":{"type":"Point","coordinates":[12.087804,57.734407]},"properties":{"name":"Stora Ringvägen","lines":"513, 514, 515","arr":["513","514","515"],"terminus":0,"mode":"bus","color":"#0059a9","colorDark":"#00294f","angle":159.2,"snapDist":7,"label":1}},{"type":"Feature","geometry":{"type":"Point","coordinates":[12.094675,57.735635]},"properties":{"name":"Finngösa","lines":"513, 514, 515","arr":["513","514","515"],"terminus":0,"mode":"bus","color":"#0059a9","colorDark":"#00294f","angle":170.2,"snapDist":11,"label":1}},{"type":"Feature","geometry":{"type":"Point","coordinates":[12.105723,57.738435]},"properties":{"name":"Partille centrum","lines":"513","arr":["513"],"terminus":1,"mode":"bus","color":"#0059a9","colorDark":"#00294f","angle":100.5,"snapDist":5,"label":0}},{"type":"Feature","geometry":{"type":"Point","coordinates":[12.094561,57.735624]},"properties":{"name":"Finngösa","lines":"513, 514, 515","arr":["513","514","515"],"terminus":0,"mode":"bus","color":"#0059a9","colorDark":"#00294f","angle":350.2,"snapDist":6,"label":0}},{"type":"Feature","geometry":{"type":"Point","coordinates":[12.085766,57.73398]},"properties":{"name":"Stora Ringvägen","lines":"513, 515","arr":["513","515"],"terminus":0,"mode":"bus","color":"#0059a9","colorDark":"#00294f","angle":342.9,"snapDist":6,"label":0}},{"type":"Feature","geometry":{"type":"Point","coordinates":[12.080507,57.733273]},"properties":{"name":"Sävedalens folkets hus","lines":"513","arr":["513"],"terminus":0,"mode":"bus","color":"#0059a9","colorDark":"#00294f","angle":356.1,"snapDist":6,"label":0}},{"type":"Feature","geometry":{"type":"Point","coordinates":[12.074772,57.732729]},"properties":{"name":"Allévägen","lines":"513","arr":["513"],"terminus":0,"mode":"bus","color":"#0059a9","colorDark":"#00294f","angle":345.8,"snapDist":6,"label":0}},{"type":"Feature","geometry":{"type":"Point","coordinates":[12.070283,57.731865]},"properties":{"name":"Skolvägen","lines":"513","arr":["513"],"terminus":0,"mode":"bus","color":"#0059a9","colorDark":"#00294f","angle":338.3,"snapDist":6,"label":0}},{"type":"Feature","geometry":{"type":"Point","coordinates":[12.064462,57.731362]},"properties":{"name":"Gibsons väg","lines":"513","arr":["513"],"terminus":0,"mode":"bus","color":"#0059a9","colorDark":"#00294f","angle":357.3,"snapDist":1,"label":0}},{"type":"Feature","geometry":{"type":"Point","coordinates":[12.059431,57.731138]},"properties":{"name":"Mellanvägen","lines":"513","arr":["513"],"terminus":0,"mode":"bus","color":"#0059a9","colorDark":"#00294f","angle":344.1,"snapDist":6,"label":0}},{"type":"Feature","geometry":{"type":"Point","coordinates":[12.050754,57.729493]},"properties":{"name":"Fräntorp","lines":"513","arr":["513"],"terminus":0,"mode":"bus","color":"#0059a9","colorDark":"#00294f","angle":340,"snapDist":7,"label":0}},{"type":"Feature","geometry":{"type":"Point","coordinates":[12.038054,57.72696]},"properties":{"name":"Torpamotet","lines":"513","arr":["513"],"terminus":0,"mode":"bus","color":"#0059a9","colorDark":"#00294f","angle":335.1,"snapDist":5,"label":0}},{"type":"Feature","geometry":{"type":"Point","coordinates":[12.025935,57.724486]},"properties":{"name":"Munkebäcksmotet","lines":"513, 515, LERS, X5","arr":["513","515","LERS","X5"],"terminus":0,"mode":"bus","color":"#0059a9","colorDark":"#00294f","angle":344.6,"snapDist":6,"label":0}},{"type":"Feature","geometry":{"type":"Point","coordinates":[12.009927,57.723581]},"properties":{"name":"Gustavsplatsen","lines":"513, 515","arr":["513","515"],"terminus":0,"mode":"bus","color":"#0059a9","colorDark":"#00294f","angle":335.3,"snapDist":5,"label":0}},{"type":"Feature","geometry":{"type":"Point","coordinates":[12.048298,57.722175]},"properties":{"name":"Östra Sjukhuset","lines":"514, 515, X5","arr":["514","515","X5"],"terminus":1,"mode":"bus","color":"#0059a9","colorDark":"#00294f","angle":182.1,"snapDist":4,"label":0}},{"type":"Feature","geometry":{"type":"Point","coordinates":[12.0588,57.721413]},"properties":{"name":"Backvägen","lines":"514, 515, X5","arr":["514","515","X5"],"terminus":0,"mode":"bus","color":"#0059a9","colorDark":"#00294f","angle":219.6,"snapDist":6,"label":1}},{"type":"Feature","geometry":{"type":"Point","coordinates":[12.065481,57.720971]},"properties":{"name":"Persplatsen","lines":"514","arr":["514"],"terminus":0,"mode":"bus","color":"#0059a9","colorDark":"#00294f","angle":267.5,"snapDist":5,"label":1}},{"type":"Feature","geometry":{"type":"Point","coordinates":[12.070652,57.71765]},"properties":{"name":"Ljungkullen","lines":"514, X5","arr":["514","X5"],"terminus":1,"mode":"bus","color":"#0059a9","colorDark":"#00294f","angle":216.7,"snapDist":5,"label":1}},{"type":"Feature","geometry":{"type":"Point","coordinates":[12.077831,57.715554]},"properties":{"name":"Kvarnfallsvägen","lines":"514, X5","arr":["514","X5"],"terminus":0,"mode":"bus","color":"#0059a9","colorDark":"#00294f","angle":167,"snapDist":7,"label":1}},{"type":"Feature","geometry":{"type":"Point","coordinates":[12.079776,57.716651]},"properties":{"name":"Soldatheden","lines":"514, X5","arr":["514","X5"],"terminus":0,"mode":"bus","color":"#0059a9","colorDark":"#00294f","angle":76,"snapDist":7,"label":1}},{"type":"Feature","geometry":{"type":"Point","coordinates":[12.081901,57.718818]},"properties":{"name":"Oxledsvägen","lines":"514, X5","arr":["514","X5"],"terminus":0,"mode":"bus","color":"#0059a9","colorDark":"#00294f","angle":137.7,"snapDist":8,"label":1}},{"type":"Feature","geometry":{"type":"Point","coordinates":[12.081902,57.720918]},"properties":{"name":"Björnåsvägen","lines":"514, X5","arr":["514","X5"],"terminus":0,"mode":"bus","color":"#0059a9","colorDark":"#00294f","angle":74.8,"snapDist":5,"label":1}},{"type":"Feature","geometry":{"type":"Point","coordinates":[12.072044,57.720977]},"properties":{"name":"Vallhamra torg","lines":"514, X5","arr":["514","X5"],"terminus":0,"mode":"bus","color":"#0059a9","colorDark":"#00294f","angle":157.9,"snapDist":5,"label":1}},{"type":"Feature","geometry":{"type":"Point","coordinates":[12.088149,57.723596]},"properties":{"name":"Puketorp","lines":"514","arr":["514"],"terminus":0,"mode":"bus","color":"#0059a9","colorDark":"#00294f","angle":174.4,"snapDist":6,"label":1}},{"type":"Feature","geometry":{"type":"Point","coordinates":[12.090994,57.726908]},"properties":{"name":"Åsvägen","lines":"514","arr":["514"],"terminus":0,"mode":"bus","color":"#0059a9","colorDark":"#00294f","angle":83.8,"snapDist":0,"label":1}},{"type":"Feature","geometry":{"type":"Point","coordinates":[12.089537,57.731107]},"properties":{"name":"Korsängen","lines":"514","arr":["514"],"terminus":0,"mode":"bus","color":"#0059a9","colorDark":"#00294f","angle":87.7,"snapDist":1,"label":1}},{"type":"Feature","geometry":{"type":"Point","coordinates":[12.105467,57.738431]},"properties":{"name":"Partille centrum","lines":"514","arr":["514"],"terminus":1,"mode":"bus","color":"#0059a9","colorDark":"#00294f","angle":102.1,"snapDist":5,"label":0}},{"type":"Feature","geometry":{"type":"Point","coordinates":[12.089549,57.731011]},"properties":{"name":"Korsängen","lines":"514","arr":["514"],"terminus":0,"mode":"bus","color":"#0059a9","colorDark":"#00294f","angle":263.2,"snapDist":2,"label":0}},{"type":"Feature","geometry":{"type":"Point","coordinates":[12.090978,57.726988]},"properties":{"name":"Åsvägen","lines":"514","arr":["514"],"terminus":0,"mode":"bus","color":"#0059a9","colorDark":"#00294f","angle":263.8,"snapDist":0,"label":0}},{"type":"Feature","geometry":{"type":"Point","coordinates":[12.088041,57.72359]},"properties":{"name":"Puketorp","lines":"514","arr":["514"],"terminus":0,"mode":"bus","color":"#0059a9","colorDark":"#00294f","angle":354,"snapDist":4,"label":0}},{"type":"Feature","geometry":{"type":"Point","coordinates":[12.07211,57.720991]},"properties":{"name":"Vallhamra torg","lines":"514, X5","arr":["514","X5"],"terminus":0,"mode":"bus","color":"#0059a9","colorDark":"#00294f","angle":339.1,"snapDist":4,"label":0}},{"type":"Feature","geometry":{"type":"Point","coordinates":[12.081902,57.720918]},"properties":{"name":"Björnåsvägen","lines":"514, X5","arr":["514","X5"],"terminus":0,"mode":"bus","color":"#0059a9","colorDark":"#00294f","angle":254.8,"snapDist":4,"label":0}},{"type":"Feature","geometry":{"type":"Point","coordinates":[12.081674,57.718713]},"properties":{"name":"Oxledsvägen","lines":"514, X5","arr":["514","X5"],"terminus":0,"mode":"bus","color":"#0059a9","colorDark":"#00294f","angle":320.2,"snapDist":6,"label":0}},{"type":"Feature","geometry":{"type":"Point","coordinates":[12.079836,57.716524]},"properties":{"name":"Soldatheden","lines":"514, X5","arr":["514","X5"],"terminus":0,"mode":"bus","color":"#0059a9","colorDark":"#00294f","angle":255.4,"snapDist":6,"label":0}},{"type":"Feature","geometry":{"type":"Point","coordinates":[12.076173,57.715436]},"properties":{"name":"Kvarnfallsvägen","lines":"514, X5","arr":["514","X5"],"terminus":0,"mode":"bus","color":"#0059a9","colorDark":"#00294f","angle":3.8,"snapDist":4,"label":0}},{"type":"Feature","geometry":{"type":"Point","coordinates":[12.069706,57.718021]},"properties":{"name":"Ljungkullen","lines":"514, X5","arr":["514","X5"],"terminus":1,"mode":"bus","color":"#0059a9","colorDark":"#00294f","angle":34.3,"snapDist":5,"label":0}},{"type":"Feature","geometry":{"type":"Point","coordinates":[12.065485,57.720926]},"properties":{"name":"Persplatsen","lines":"514","arr":["514"],"terminus":0,"mode":"bus","color":"#0059a9","colorDark":"#00294f","angle":87.1,"snapDist":5,"label":0}},{"type":"Feature","geometry":{"type":"Point","coordinates":[12.058561,57.721518]},"properties":{"name":"Backvägen","lines":"514, 515, X5","arr":["514","515","X5"],"terminus":0,"mode":"bus","color":"#0059a9","colorDark":"#00294f","angle":37.4,"snapDist":4,"label":0}},{"type":"Feature","geometry":{"type":"Point","coordinates":[12.04783,57.722221]},"properties":{"name":"Östra Sjukhuset","lines":"514","arr":["514"],"terminus":1,"mode":"bus","color":"#0059a9","colorDark":"#00294f","angle":202.9,"snapDist":4,"label":0}},{"type":"Feature","geometry":{"type":"Point","coordinates":[12.070801,57.721205]},"properties":{"name":"Vallhamra torg","lines":"515","arr":["515"],"terminus":0,"mode":"bus","color":"#0059a9","colorDark":"#00294f","angle":91.2,"snapDist":4,"label":0}},{"type":"Feature","geometry":{"type":"Point","coordinates":[12.073265,57.723557]},"properties":{"name":"Broängsvägen","lines":"515","arr":["515"],"terminus":0,"mode":"bus","color":"#0059a9","colorDark":"#00294f","angle":124.8,"snapDist":5,"label":1}},{"type":"Feature","geometry":{"type":"Point","coordinates":[12.076722,57.725311]},"properties":{"name":"Bockemossen","lines":"515","arr":["515"],"terminus":0,"mode":"bus","color":"#0059a9","colorDark":"#00294f","angle":139.4,"snapDist":4,"label":1}},{"type":"Feature","geometry":{"type":"Point","coordinates":[12.081186,57.728818]},"properties":{"name":"Frejaplan","lines":"515","arr":["515"],"terminus":0,"mode":"bus","color":"#0059a9","colorDark":"#00294f","angle":103.4,"snapDist":6,"label":1}},{"type":"Feature","geometry":{"type":"Point","coordinates":[12.081803,57.732159]},"properties":{"name":"Magnusvägen","lines":"515","arr":["515"],"terminus":0,"mode":"bus","color":"#0059a9","colorDark":"#00294f","angle":84.9,"snapDist":4,"label":1}},{"type":"Feature","geometry":{"type":"Point","coordinates":[12.105454,57.738399]},"properties":{"name":"Partille centrum","lines":"515, 518","arr":["515","518"],"terminus":1,"mode":"bus","color":"#0059a9","colorDark":"#00294f","angle":102.1,"snapDist":1,"label":0}},{"type":"Feature","geometry":{"type":"Point","coordinates":[12.081822,57.732037]},"properties":{"name":"Magnusvägen","lines":"515","arr":["515"],"terminus":0,"mode":"bus","color":"#0059a9","colorDark":"#00294f","angle":265,"snapDist":3,"label":0}},{"type":"Feature","geometry":{"type":"Point","coordinates":[12.080654,57.727835]},"properties":{"name":"Frejaplan","lines":"515","arr":["515"],"terminus":0,"mode":"bus","color":"#0059a9","colorDark":"#00294f","angle":276.6,"snapDist":2,"label":0}},{"type":"Feature","geometry":{"type":"Point","coordinates":[12.07635,57.725138]},"properties":{"name":"Bockemossen","lines":"515","arr":["515"],"terminus":0,"mode":"bus","color":"#0059a9","colorDark":"#00294f","angle":316.2,"snapDist":7,"label":0}},{"type":"Feature","geometry":{"type":"Point","coordinates":[12.073383,57.723651]},"properties":{"name":"Broängsvägen","lines":"515","arr":["515"],"terminus":0,"mode":"bus","color":"#0059a9","colorDark":"#00294f","angle":302.5,"snapDist":7,"label":0}},{"type":"Feature","geometry":{"type":"Point","coordinates":[12.070818,57.720934]},"properties":{"name":"Vallhamra torg","lines":"515","arr":["515"],"terminus":0,"mode":"bus","color":"#0059a9","colorDark":"#00294f","angle":266.4,"snapDist":3,"label":0}},{"type":"Feature","geometry":{"type":"Point","coordinates":[12.117267,57.657291]},"properties":{"name":"Mölnlycke resecentrum","lines":"516, 601","arr":["516","601"],"terminus":1,"mode":"bus","color":"#0059a9","colorDark":"#00294f","angle":338.7,"snapDist":5,"label":1}},{"type":"Feature","geometry":{"type":"Point","coordinates":[12.10922,57.657288]},"properties":{"name":"Råda stock","lines":"516, 601, 751, 1, 2, X90","arr":["516","601","751","HA1","HA2","X90"],"terminus":0,"mode":"bus","color":"#0059a9","colorDark":"#00294f","angle":355.9,"snapDist":5,"label":1}},{"type":"Feature","geometry":{"type":"Point","coordinates":[12.092358,57.661743]},"properties":{"name":"Råda säteri","lines":"516","arr":["516"],"terminus":0,"mode":"bus","color":"#0059a9","colorDark":"#00294f","angle":69,"snapDist":3,"label":1}},{"type":"Feature","geometry":{"type":"Point","coordinates":[12.091802,57.666712]},"properties":{"name":"Råda portar västra","lines":"516","arr":["516"],"terminus":0,"mode":"bus","color":"#0059a9","colorDark":"#00294f","angle":74.6,"snapDist":4,"label":1}},{"type":"Feature","geometry":{"type":"Point","coordinates":[12.090943,57.670205]},"properties":{"name":"Mölnlyckemotet","lines":"516, 3, X4","arr":["516","HA3","X4"],"terminus":0,"mode":"bus","color":"#0059a9","colorDark":"#00294f","angle":101.3,"snapDist":8,"label":1}},{"type":"Feature","geometry":{"type":"Point","coordinates":[12.090674,57.670044]},"properties":{"name":"Mölnlyckemotet","lines":"516, 3, X4","arr":["516","HA3","X4"],"terminus":0,"mode":"bus","color":"#0059a9","colorDark":"#00294f","angle":280.1,"snapDist":10,"label":0}},{"type":"Feature","geometry":{"type":"Point","coordinates":[12.092079,57.66601]},"properties":{"name":"Råda portar västra","lines":"516","arr":["516"],"terminus":0,"mode":"bus","color":"#0059a9","colorDark":"#00294f","angle":261.4,"snapDist":3,"label":0}},{"type":"Feature","geometry":{"type":"Point","coordinates":[12.092152,57.66211]},"properties":{"name":"Råda säteri","lines":"516","arr":["516"],"terminus":0,"mode":"bus","color":"#0059a9","colorDark":"#00294f","angle":250.8,"snapDist":4,"label":0}},{"type":"Feature","geometry":{"type":"Point","coordinates":[12.109371,57.657214]},"properties":{"name":"Råda stock","lines":"516, 751, 1, 2, X90","arr":["516","751","HA1","HA2","X90"],"terminus":0,"mode":"bus","color":"#0059a9","colorDark":"#00294f","angle":174.6,"snapDist":5,"label":0}},{"type":"Feature","geometry":{"type":"Point","coordinates":[12.105903,57.738479]},"properties":{"name":"Partille centrum","lines":"517","arr":["517"],"terminus":1,"mode":"bus","color":"#0059a9","colorDark":"#00294f","angle":100.2,"snapDist":2,"label":0}},{"type":"Feature","geometry":{"type":"Point","coordinates":[12.108368,57.738251]},"properties":{"name":"Gamla Prästvägen","lines":"517","arr":["517"],"terminus":0,"mode":"bus","color":"#0059a9","colorDark":"#00294f","angle":170.3,"snapDist":8,"label":1}},{"type":"Feature","geometry":{"type":"Point","coordinates":[12.114027,57.738739]},"properties":{"name":"Oluff Nilssons väg","lines":"517","arr":["517"],"terminus":0,"mode":"bus","color":"#0059a9","colorDark":"#00294f","angle":171.1,"snapDist":9,"label":1}},{"type":"Feature","geometry":{"type":"Point","coordinates":[12.122387,57.739142]},"properties":{"name":"Skulltorpsskolan","lines":"517","arr":["517"],"terminus":0,"mode":"bus","color":"#0059a9","colorDark":"#00294f","angle":194.9,"snapDist":1,"label":1}},{"type":"Feature","geometry":{"type":"Point","coordinates":[12.121754,57.739012]},"properties":{"name":"Skulltorpsskolan","lines":"517","arr":["517"],"terminus":0,"mode":"bus","color":"#0059a9","colorDark":"#00294f","angle":339.6,"snapDist":4,"label":0}},{"type":"Feature","geometry":{"type":"Point","coordinates":[12.112426,57.738611]},"properties":{"name":"Oluff Nilssons väg","lines":"517","arr":["517"],"terminus":0,"mode":"bus","color":"#0059a9","colorDark":"#00294f","angle":351.7,"snapDist":10,"label":0}},{"type":"Feature","geometry":{"type":"Point","coordinates":[12.108115,57.738228]},"properties":{"name":"Gamla Prästvägen","lines":"517","arr":["517"],"terminus":0,"mode":"bus","color":"#0059a9","colorDark":"#00294f","angle":350.3,"snapDist":6,"label":0}},{"type":"Feature","geometry":{"type":"Point","coordinates":[12.160504,57.744292]},"properties":{"name":"Högshall","lines":"518, 519","arr":["518","519"],"terminus":0,"mode":"bus","color":"#0059a9","colorDark":"#00294f","angle":199.2,"snapDist":7,"label":1}},{"type":"Feature","geometry":{"type":"Point","coordinates":[12.165155,57.744133]},"properties":{"name":"Hallebacken","lines":"518, 519","arr":["518","519"],"terminus":0,"mode":"bus","color":"#0059a9","colorDark":"#00294f","angle":149.6,"snapDist":5,"label":1}},{"type":"Feature","geometry":{"type":"Point","coordinates":[12.166533,57.744537]},"properties":{"name":"Hallebacken","lines":"518, 519","arr":["518","519"],"terminus":0,"mode":"bus","color":"#0059a9","colorDark":"#00294f","angle":352,"snapDist":15,"label":0}},{"type":"Feature","geometry":{"type":"Point","coordinates":[12.161658,57.744086]},"properties":{"name":"Högshall","lines":"518, 519","arr":["518","519"],"terminus":0,"mode":"bus","color":"#0059a9","colorDark":"#00294f","angle":18.2,"snapDist":8,"label":0}},{"type":"Feature","geometry":{"type":"Point","coordinates":[12.105167,57.738357]},"properties":{"name":"Partille centrum","lines":"519","arr":["519"],"terminus":1,"mode":"bus","color":"#0059a9","colorDark":"#00294f","angle":281.2,"snapDist":1,"label":0}},{"type":"Feature","geometry":{"type":"Point","coordinates":[12.099528,57.740767]},"properties":{"name":"Besebäcksvägen","lines":"519","arr":["519"],"terminus":0,"mode":"bus","color":"#0059a9","colorDark":"#00294f","angle":176.8,"snapDist":7,"label":1}},{"type":"Feature","geometry":{"type":"Point","coordinates":[12.103643,57.741139]},"properties":{"name":"Partille station","lines":"519","arr":["519"],"terminus":0,"mode":"bus","color":"#0059a9","colorDark":"#00294f","angle":156.9,"snapDist":1,"label":0}},{"type":"Feature","geometry":{"type":"Point","coordinates":[12.113517,57.743441]},"properties":{"name":"Lexby","lines":"519","arr":["519"],"terminus":0,"mode":"bus","color":"#0059a9","colorDark":"#00294f","angle":158.5,"snapDist":0,"label":1}},{"type":"Feature","geometry":{"type":"Point","coordinates":[12.120874,57.744523]},"properties":{"name":"Lexby skola","lines":"519","arr":["519"],"terminus":0,"mode":"bus","color":"#0059a9","colorDark":"#00294f","angle":168.6,"snapDist":1,"label":1}},{"type":"Feature","geometry":{"type":"Point","coordinates":[12.138647,57.746729]},"properties":{"name":"Lexbydalsvägen","lines":"519","arr":["519"],"terminus":0,"mode":"bus","color":"#0059a9","colorDark":"#00294f","angle":173.4,"snapDist":5,"label":1}},{"type":"Feature","geometry":{"type":"Point","coordinates":[12.147297,57.74873]},"properties":{"name":"Kåhögs gård","lines":"519","arr":["519"],"terminus":0,"mode":"bus","color":"#0059a9","colorDark":"#00294f","angle":154.7,"snapDist":6,"label":1}},{"type":"Feature","geometry":{"type":"Point","coordinates":[12.151901,57.749693]},"properties":{"name":"Kåhög","lines":"519","arr":["519"],"terminus":0,"mode":"bus","color":"#0059a9","colorDark":"#00294f","angle":179.1,"snapDist":1,"label":1}},{"type":"Feature","geometry":{"type":"Point","coordinates":[12.155842,57.748715]},"properties":{"name":"Kåhögsvägen","lines":"519","arr":["519"],"terminus":0,"mode":"bus","color":"#0059a9","colorDark":"#00294f","angle":210.8,"snapDist":2,"label":1}},{"type":"Feature","geometry":{"type":"Point","coordinates":[12.15591,57.748693]},"properties":{"name":"Kåhögsvägen","lines":"519","arr":["519"],"terminus":0,"mode":"bus","color":"#0059a9","colorDark":"#00294f","angle":31.5,"snapDist":4,"label":0}},{"type":"Feature","geometry":{"type":"Point","coordinates":[12.151563,57.74969]},"properties":{"name":"Kåhög","lines":"519","arr":["519"],"terminus":0,"mode":"bus","color":"#0059a9","colorDark":"#00294f","angle":359.1,"snapDist":2,"label":0}},{"type":"Feature","geometry":{"type":"Point","coordinates":[12.146716,57.748586]},"properties":{"name":"Kåhögs gård","lines":"519","arr":["519"],"terminus":0,"mode":"bus","color":"#0059a9","colorDark":"#00294f","angle":335.4,"snapDist":1,"label":0}},{"type":"Feature","geometry":{"type":"Point","coordinates":[12.137133,57.746652]},"properties":{"name":"Lexbydalsvägen","lines":"519","arr":["519"],"terminus":0,"mode":"bus","color":"#0059a9","colorDark":"#00294f","angle":355.6,"snapDist":5,"label":0}},{"type":"Feature","geometry":{"type":"Point","coordinates":[12.120568,57.744489]},"properties":{"name":"Lexby skola","lines":"519","arr":["519"],"terminus":0,"mode":"bus","color":"#0059a9","colorDark":"#00294f","angle":348.6,"snapDist":3,"label":0}},{"type":"Feature","geometry":{"type":"Point","coordinates":[12.113257,57.743385]},"properties":{"name":"Lexby","lines":"519","arr":["519"],"terminus":0,"mode":"bus","color":"#0059a9","colorDark":"#00294f","angle":338.2,"snapDist":7,"label":0}},{"type":"Feature","geometry":{"type":"Point","coordinates":[12.103375,57.741077]},"properties":{"name":"Partille station","lines":"519","arr":["519"],"terminus":0,"mode":"bus","color":"#0059a9","colorDark":"#00294f","angle":336.7,"snapDist":6,"label":0}},{"type":"Feature","geometry":{"type":"Point","coordinates":[12.097807,57.740522]},"properties":{"name":"Besebäcksvägen","lines":"519","arr":["519"],"terminus":0,"mode":"bus","color":"#0059a9","colorDark":"#00294f","angle":337.9,"snapDist":7,"label":0}},{"type":"Feature","geometry":{"type":"Point","coordinates":[12.27172,57.769585]},"properties":{"name":"Lerum station","lines":"529, 534","arr":["529","534"],"terminus":1,"mode":"bus","color":"#0059a9","colorDark":"#00294f","angle":73.8,"snapDist":0,"label":1}},{"type":"Feature","geometry":{"type":"Point","coordinates":[12.255757,57.757676]},"properties":{"name":"Rydsbergskolan","lines":"529, 530, 535","arr":["529","530","535"],"terminus":0,"mode":"bus","color":"#0059a9","colorDark":"#00294f","angle":52.6,"snapDist":3,"label":1}},{"type":"Feature","geometry":{"type":"Point","coordinates":[12.247489,57.751718]},"properties":{"name":"Hulans centrum","lines":"529, 530, 535, LERS","arr":["529","530","535","LERS"],"terminus":0,"mode":"bus","color":"#0059a9","colorDark":"#00294f","angle":137.7,"snapDist":0,"label":1}},{"type":"Feature","geometry":{"type":"Point","coordinates":[12.202126,57.74913]},"properties":{"name":"Stålebo","lines":"529","arr":["529"],"terminus":0,"mode":"bus","color":"#0059a9","colorDark":"#00294f","angle":353.5,"snapDist":5,"label":1}},{"type":"Feature","geometry":{"type":"Point","coordinates":[12.185608,57.741645]},"properties":{"name":"Jeriko","lines":"529","arr":["529"],"terminus":0,"mode":"bus","color":"#0059a9","colorDark":"#00294f","angle":141.9,"snapDist":5,"label":1}},{"type":"Feature","geometry":{"type":"Point","coordinates":[12.202236,57.749137]},"properties":{"name":"Stålebo","lines":"529","arr":["529"],"terminus":0,"mode":"bus","color":"#0059a9","colorDark":"#00294f","angle":353.5,"snapDist":0,"label":0}},{"type":"Feature","geometry":{"type":"Point","coordinates":[12.272746,57.783478]},"properties":{"name":"Hallsås","lines":"530, 531, 535","arr":["530","531","535"],"terminus":1,"mode":"bus","color":"#0059a9","colorDark":"#00294f","angle":-25.9,"snapDist":17,"label":1}},{"type":"Feature","geometry":{"type":"Point","coordinates":[12.276696,57.783503]},"properties":{"name":"Bergsslingan","lines":"530, 531, 535","arr":["530","531","535"],"terminus":0,"mode":"bus","color":"#0059a9","colorDark":"#00294f","angle":186.3,"snapDist":4,"label":1}},{"type":"Feature","geometry":{"type":"Point","coordinates":[12.27778,57.777126]},"properties":{"name":"Knappekullaskolan","lines":"530, 531, 535, 537, 538","arr":["530","531","535","537","538"],"terminus":0,"mode":"bus","color":"#0059a9","colorDark":"#00294f","angle":306.5,"snapDist":1,"label":1}},{"type":"Feature","geometry":{"type":"Point","coordinates":[12.274019,57.773121]},"properties":{"name":"Dergården","lines":"530, 531, 535, 537, 538","arr":["530","531","535","537","538"],"terminus":0,"mode":"bus","color":"#0059a9","colorDark":"#00294f","angle":280.9,"snapDist":4,"label":1}},{"type":"Feature","geometry":{"type":"Point","coordinates":[12.270793,57.771296]},"properties":{"name":"Vattenpalatset","lines":"530, 531, 535, 537, 538","arr":["530","531","535","537","538"],"terminus":0,"mode":"bus","color":"#0059a9","colorDark":"#00294f","angle":7,"snapDist":6,"label":1}},{"type":"Feature","geometry":{"type":"Point","coordinates":[12.268765,57.769211]},"properties":{"name":"Solkatten","lines":"530, 531, 535, 536, 537, 538, 539","arr":["530","531","535","536","537","538","539"],"terminus":0,"mode":"bus","color":"#0059a9","colorDark":"#00294f","angle":241.5,"snapDist":6,"label":1}},{"type":"Feature","geometry":{"type":"Point","coordinates":[12.271555,57.769373]},"properties":{"name":"Lerum station","lines":"530, 535","arr":["530","535"],"terminus":0,"mode":"bus","color":"#0059a9","colorDark":"#00294f","angle":182.2,"snapDist":5,"label":0}},{"type":"Feature","geometry":{"type":"Point","coordinates":[12.265857,57.768811]},"properties":{"name":"Lerum vårdcentral","lines":"530, 535, 536","arr":["530","535","536"],"terminus":0,"mode":"bus","color":"#0059a9","colorDark":"#00294f","angle":296.3,"snapDist":8,"label":1}},{"type":"Feature","geometry":{"type":"Point","coordinates":[12.260728,57.764318]},"properties":{"name":"Lerum Andersvägen","lines":"530, 535, 536","arr":["530","535","536"],"terminus":0,"mode":"bus","color":"#0059a9","colorDark":"#00294f","angle":316.7,"snapDist":5,"label":1}},{"type":"Feature","geometry":{"type":"Point","coordinates":[12.257743,57.754888]},"properties":{"name":"Ekollonvägen","lines":"530","arr":["530"],"terminus":0,"mode":"bus","color":"#0059a9","colorDark":"#00294f","angle":70,"snapDist":4,"label":1}},{"type":"Feature","geometry":{"type":"Point","coordinates":[12.258546,57.752408]},"properties":{"name":"Eklövsvägen","lines":"530","arr":["530"],"terminus":0,"mode":"bus","color":"#0059a9","colorDark":"#00294f","angle":238.9,"snapDist":1,"label":1}},{"type":"Feature","geometry":{"type":"Point","coordinates":[12.261626,57.754463]},"properties":{"name":"Almekärrs platå","lines":"530","arr":["530"],"terminus":0,"mode":"bus","color":"#0059a9","colorDark":"#00294f","angle":-34.8,"snapDist":8,"label":1}},{"type":"Feature","geometry":{"type":"Point","coordinates":[12.258504,57.752445]},"properties":{"name":"Eklövsvägen","lines":"530","arr":["530"],"terminus":0,"mode":"bus","color":"#0059a9","colorDark":"#00294f","angle":238.9,"snapDist":1,"label":0}},{"type":"Feature","geometry":{"type":"Point","coordinates":[12.257707,57.754936]},"properties":{"name":"Ekollonvägen","lines":"530","arr":["530"],"terminus":0,"mode":"bus","color":"#0059a9","colorDark":"#00294f","angle":246.9,"snapDist":1,"label":0}},{"type":"Feature","geometry":{"type":"Point","coordinates":[12.242279,57.753971]},"properties":{"name":"Aspen station","lines":"530, 535","arr":["530","535"],"terminus":1,"mode":"bus","color":"#0059a9","colorDark":"#00294f","angle":100.5,"snapDist":2,"label":1}},{"type":"Feature","geometry":{"type":"Point","coordinates":[12.260894,57.764401]},"properties":{"name":"Lerum Andersvägen","lines":"530, 535, 536","arr":["530","535","536"],"terminus":0,"mode":"bus","color":"#0059a9","colorDark":"#00294f","angle":136.7,"snapDist":6,"label":0}},{"type":"Feature","geometry":{"type":"Point","coordinates":[12.265881,57.768836]},"properties":{"name":"Lerum vårdcentral","lines":"530, 535, 536","arr":["530","535","536"],"terminus":0,"mode":"bus","color":"#0059a9","colorDark":"#00294f","angle":116.3,"snapDist":6,"label":0}},{"type":"Feature","geometry":{"type":"Point","coordinates":[12.270294,57.77133]},"properties":{"name":"Vattenpalatset","lines":"530, 531, 535, 537, 538","arr":["530","531","535","537","538"],"terminus":0,"mode":"bus","color":"#0059a9","colorDark":"#00294f","angle":187.5,"snapDist":3,"label":0}},{"type":"Feature","geometry":{"type":"Point","coordinates":[12.274704,57.774015]},"properties":{"name":"Dergården","lines":"530, 531, 535, 537, 538","arr":["530","531","535","537","538"],"terminus":0,"mode":"bus","color":"#0059a9","colorDark":"#00294f","angle":120.8,"snapDist":5,"label":0}},{"type":"Feature","geometry":{"type":"Point","coordinates":[12.277759,57.777116]},"properties":{"name":"Knappekullaskolan","lines":"530, 531, 535, 537, 538","arr":["530","531","535","537","538"],"terminus":0,"mode":"bus","color":"#0059a9","colorDark":"#00294f","angle":149.9,"snapDist":2,"label":0}},{"type":"Feature","geometry":{"type":"Point","coordinates":[12.280404,57.780357]},"properties":{"name":"Höjdenhemmet","lines":"530, 531, 535","arr":["530","531","535"],"terminus":0,"mode":"bus","color":"#0059a9","colorDark":"#00294f","angle":105,"snapDist":3,"label":1}},{"type":"Feature","geometry":{"type":"Point","coordinates":[12.280858,57.781824]},"properties":{"name":"Tuvängens äldreboende","lines":"530, 531, 535","arr":["530","531","535"],"terminus":0,"mode":"bus","color":"#0059a9","colorDark":"#00294f","angle":96.6,"snapDist":1,"label":1}},{"type":"Feature","geometry":{"type":"Point","coordinates":[12.276662,57.783505]},"properties":{"name":"Bergsslingan","lines":"530, 531, 535","arr":["530","531","535"],"terminus":0,"mode":"bus","color":"#0059a9","colorDark":"#00294f","angle":6.3,"snapDist":3,"label":0}},{"type":"Feature","geometry":{"type":"Point","coordinates":[12.27143,57.769382]},"properties":{"name":"Lerum station","lines":"531","arr":["531"],"terminus":1,"mode":"bus","color":"#0059a9","colorDark":"#00294f","angle":189.3,"snapDist":1,"label":0}},{"type":"Feature","geometry":{"type":"Point","coordinates":[12.283858,57.777053]},"properties":{"name":"Lerums kyrka","lines":"531, 537, 538","arr":["531","537","538"],"terminus":0,"mode":"bus","color":"#0059a9","colorDark":"#00294f","angle":137.3,"snapDist":4,"label":1}},{"type":"Feature","geometry":{"type":"Point","coordinates":[12.29756,57.774829]},"properties":{"name":"Svenningsgården","lines":"531","arr":["531"],"terminus":0,"mode":"bus","color":"#0059a9","colorDark":"#00294f","angle":135.8,"snapDist":1,"label":1}},{"type":"Feature","geometry":{"type":"Point","coordinates":[12.303638,57.777828]},"properties":{"name":"Gamlebobacken","lines":"531","arr":["531"],"terminus":0,"mode":"bus","color":"#0059a9","colorDark":"#00294f","angle":101.4,"snapDist":1,"label":1}},{"type":"Feature","geometry":{"type":"Point","coordinates":[12.306032,57.779604]},"properties":{"name":"Hedeforsvalvet","lines":"531, 538","arr":["531","538"],"terminus":0,"mode":"bus","color":"#0059a9","colorDark":"#00294f","angle":338,"snapDist":0,"label":1}},{"type":"Feature","geometry":{"type":"Point","coordinates":[12.303126,57.779974]},"properties":{"name":"Hedefors","lines":"531, 538","arr":["531","538"],"terminus":0,"mode":"bus","color":"#0059a9","colorDark":"#00294f","angle":31.3,"snapDist":2,"label":1}},{"type":"Feature","geometry":{"type":"Point","coordinates":[12.300419,57.78096]},"properties":{"name":"Hedefors by","lines":"531, 538","arr":["531","538"],"terminus":0,"mode":"bus","color":"#0059a9","colorDark":"#00294f","angle":69.4,"snapDist":2,"label":1}},{"type":"Feature","geometry":{"type":"Point","coordinates":[12.305032,57.784405]},"properties":{"name":"Ölslanda industriområde","lines":"531, 538","arr":["531","538"],"terminus":0,"mode":"bus","color":"#0059a9","colorDark":"#00294f","angle":170.7,"snapDist":2,"label":1}},{"type":"Feature","geometry":{"type":"Point","coordinates":[12.30865,57.785738]},"properties":{"name":"Hantverksvägen","lines":"531","arr":["531"],"terminus":0,"mode":"bus","color":"#0059a9","colorDark":"#00294f","angle":136.3,"snapDist":3,"label":1}},{"type":"Feature","geometry":{"type":"Point","coordinates":[12.313508,57.787057]},"properties":{"name":"Knavrabro","lines":"531","arr":["531"],"terminus":0,"mode":"bus","color":"#0059a9","colorDark":"#00294f","angle":195.4,"snapDist":1,"label":1}},{"type":"Feature","geometry":{"type":"Point","coordinates":[12.322281,57.787223]},"properties":{"name":"Orrås","lines":"531","arr":["531"],"terminus":0,"mode":"bus","color":"#0059a9","colorDark":"#00294f","angle":160,"snapDist":2,"label":1}},{"type":"Feature","geometry":{"type":"Point","coordinates":[12.333299,57.787754]},"properties":{"name":"Ryggebol","lines":"531","arr":["531"],"terminus":0,"mode":"bus","color":"#0059a9","colorDark":"#00294f","angle":151.5,"snapDist":5,"label":1}},{"type":"Feature","geometry":{"type":"Point","coordinates":[12.344132,57.791014]},"properties":{"name":"Ryggebols skola","lines":"531","arr":["531"],"terminus":0,"mode":"bus","color":"#0059a9","colorDark":"#00294f","angle":168.5,"snapDist":2,"label":1}},{"type":"Feature","geometry":{"type":"Point","coordinates":[12.355519,57.796575]},"properties":{"name":"Gröna vägen","lines":"531","arr":["531"],"terminus":0,"mode":"bus","color":"#0059a9","colorDark":"#00294f","angle":136.1,"snapDist":2,"label":1}},{"type":"Feature","geometry":{"type":"Point","coordinates":[12.361883,57.798021]},"properties":{"name":"Stenhusvägen","lines":"531","arr":["531"],"terminus":0,"mode":"bus","color":"#0059a9","colorDark":"#00294f","angle":167.4,"snapDist":1,"label":1}},{"type":"Feature","geometry":{"type":"Point","coordinates":[12.366973,57.798964]},"properties":{"name":"Berghultsskola","lines":"531","arr":["531"],"terminus":0,"mode":"bus","color":"#0059a9","colorDark":"#00294f","angle":160.3,"snapDist":2,"label":1}},{"type":"Feature","geometry":{"type":"Point","coordinates":[12.369764,57.799966]},"properties":{"name":"Floda portar","lines":"531, LERS","arr":["531","LERS"],"terminus":0,"mode":"bus","color":"#0059a9","colorDark":"#00294f","angle":75.8,"snapDist":5,"label":1}},{"type":"Feature","geometry":{"type":"Point","coordinates":[12.365269,57.80352]},"properties":{"name":"Flodamotet","lines":"531","arr":["531"],"terminus":0,"mode":"bus","color":"#0059a9","colorDark":"#00294f","angle":62,"snapDist":2,"label":1}},{"type":"Feature","geometry":{"type":"Point","coordinates":[12.36122,57.809505]},"properties":{"name":"Floda station","lines":"531, 537","arr":["531","537"],"terminus":1,"mode":"bus","color":"#0059a9","colorDark":"#00294f","angle":107.1,"snapDist":1,"label":1}},{"type":"Feature","geometry":{"type":"Point","coordinates":[12.365353,57.803434]},"properties":{"name":"Flodamotet","lines":"531","arr":["531"],"terminus":0,"mode":"bus","color":"#0059a9","colorDark":"#00294f","angle":244.1,"snapDist":3,"label":0}},{"type":"Feature","geometry":{"type":"Point","coordinates":[12.369779,57.799934]},"properties":{"name":"Floda portar","lines":"531, LERS","arr":["531","LERS"],"terminus":0,"mode":"bus","color":"#0059a9","colorDark":"#00294f","angle":255.8,"snapDist":2,"label":0}},{"type":"Feature","geometry":{"type":"Point","coordinates":[12.36688,57.798946]},"properties":{"name":"Berghultsskola","lines":"531","arr":["531"],"terminus":0,"mode":"bus","color":"#0059a9","colorDark":"#00294f","angle":340.3,"snapDist":6,"label":0}},{"type":"Feature","geometry":{"type":"Point","coordinates":[12.361834,57.798015]},"properties":{"name":"Stenhusvägen","lines":"531","arr":["531"],"terminus":0,"mode":"bus","color":"#0059a9","colorDark":"#00294f","angle":346.5,"snapDist":5,"label":0}},{"type":"Feature","geometry":{"type":"Point","coordinates":[12.355444,57.796537]},"properties":{"name":"Gröna vägen","lines":"531","arr":["531"],"terminus":0,"mode":"bus","color":"#0059a9","colorDark":"#00294f","angle":320.6,"snapDist":3,"label":0}},{"type":"Feature","geometry":{"type":"Point","coordinates":[12.343967,57.790996]},"properties":{"name":"Ryggebols skola","lines":"531","arr":["531"],"terminus":0,"mode":"bus","color":"#0059a9","colorDark":"#00294f","angle":348.5,"snapDist":4,"label":0}},{"type":"Feature","geometry":{"type":"Point","coordinates":[12.333041,57.78768]},"properties":{"name":"Ryggebol","lines":"531","arr":["531"],"terminus":0,"mode":"bus","color":"#0059a9","colorDark":"#00294f","angle":331.5,"snapDist":2,"label":0}},{"type":"Feature","geometry":{"type":"Point","coordinates":[12.321995,57.787157]},"properties":{"name":"Orrås","lines":"531","arr":["531"],"terminus":0,"mode":"bus","color":"#0059a9","colorDark":"#00294f","angle":335.9,"snapDist":3,"label":0}},{"type":"Feature","geometry":{"type":"Point","coordinates":[12.31358,57.787045]},"properties":{"name":"Knavrabro","lines":"531","arr":["531"],"terminus":0,"mode":"bus","color":"#0059a9","colorDark":"#00294f","angle":32.7,"snapDist":1,"label":0}},{"type":"Feature","geometry":{"type":"Point","coordinates":[12.3085,57.785667]},"properties":{"name":"Hantverksvägen","lines":"531","arr":["531"],"terminus":0,"mode":"bus","color":"#0059a9","colorDark":"#00294f","angle":319,"snapDist":2,"label":0}},{"type":"Feature","geometry":{"type":"Point","coordinates":[12.305192,57.784419]},"properties":{"name":"Ölslanda industriområde","lines":"531, 538","arr":["531","538"],"terminus":0,"mode":"bus","color":"#0059a9","colorDark":"#00294f","angle":350.7,"snapDist":3,"label":0}},{"type":"Feature","geometry":{"type":"Point","coordinates":[12.300468,57.780891]},"properties":{"name":"Hedefors by","lines":"531, 538","arr":["531","538"],"terminus":0,"mode":"bus","color":"#0059a9","colorDark":"#00294f","angle":249.1,"snapDist":2,"label":0}},{"type":"Feature","geometry":{"type":"Point","coordinates":[12.302994,57.780019]},"properties":{"name":"Hedefors","lines":"531, 538","arr":["531","538"],"terminus":0,"mode":"bus","color":"#0059a9","colorDark":"#00294f","angle":214.2,"snapDist":2,"label":0}},{"type":"Feature","geometry":{"type":"Point","coordinates":[12.306047,57.779607]},"properties":{"name":"Hedeforsvalvet","lines":"531, 538","arr":["531","538"],"terminus":0,"mode":"bus","color":"#0059a9","colorDark":"#00294f","angle":158,"snapDist":0,"label":0}},{"type":"Feature","geometry":{"type":"Point","coordinates":[12.303873,57.777837]},"properties":{"name":"Gamlebobacken","lines":"531, 538","arr":["531","538"],"terminus":0,"mode":"bus","color":"#0059a9","colorDark":"#00294f","angle":270.7,"snapDist":5,"label":0}},{"type":"Feature","geometry":{"type":"Point","coordinates":[12.297456,57.774775]},"properties":{"name":"Svenningsgården","lines":"531","arr":["531"],"terminus":0,"mode":"bus","color":"#0059a9","colorDark":"#00294f","angle":315.9,"snapDist":3,"label":0}},{"type":"Feature","geometry":{"type":"Point","coordinates":[12.28404,57.777142]},"properties":{"name":"Lerums kyrka","lines":"531, 537, 538","arr":["531","537","538"],"terminus":0,"mode":"bus","color":"#0059a9","colorDark":"#00294f","angle":318.1,"snapDist":6,"label":0}},{"type":"Feature","geometry":{"type":"Point","coordinates":[12.270808,57.76309]},"properties":{"name":"Hampåkersvägen","lines":"534","arr":["534"],"terminus":0,"mode":"bus","color":"#0059a9","colorDark":"#00294f","angle":75.5,"snapDist":2,"label":1}},{"type":"Feature","geometry":{"type":"Point","coordinates":[12.27187,57.760759]},"properties":{"name":"Carlanders väg","lines":"534","arr":["534"],"terminus":0,"mode":"bus","color":"#0059a9","colorDark":"#00294f","angle":255.5,"snapDist":3,"label":1}},{"type":"Feature","geometry":{"type":"Point","coordinates":[12.273144,57.759117]},"properties":{"name":"Östra Stamsjövägen","lines":"534","arr":["534"],"terminus":0,"mode":"bus","color":"#0059a9","colorDark":"#00294f","angle":233.7,"snapDist":1,"label":1}},{"type":"Feature","geometry":{"type":"Point","coordinates":[12.281703,57.759137]},"properties":{"name":"Lilla Stamsjön","lines":"534","arr":["534"],"terminus":0,"mode":"bus","color":"#0059a9","colorDark":"#00294f","angle":258.3,"snapDist":3,"label":1}},{"type":"Feature","geometry":{"type":"Point","coordinates":[12.287721,57.755451]},"properties":{"name":"Östra Stamsjön","lines":"534","arr":["534"],"terminus":0,"mode":"bus","color":"#0059a9","colorDark":"#00294f","angle":41.9,"snapDist":5,"label":1}},{"type":"Feature","geometry":{"type":"Point","coordinates":[12.281651,57.75921]},"properties":{"name":"Lilla Stamsjön","lines":"534","arr":["534"],"terminus":0,"mode":"bus","color":"#0059a9","colorDark":"#00294f","angle":240.6,"snapDist":1,"label":0}},{"type":"Feature","geometry":{"type":"Point","coordinates":[12.274282,57.758517]},"properties":{"name":"Östra Stamsjövägen","lines":"534","arr":["534"],"terminus":0,"mode":"bus","color":"#0059a9","colorDark":"#00294f","angle":204.6,"snapDist":2,"label":0}},{"type":"Feature","geometry":{"type":"Point","coordinates":[12.271916,57.760665]},"properties":{"name":"Carlanders väg","lines":"534","arr":["534"],"terminus":0,"mode":"bus","color":"#0059a9","colorDark":"#00294f","angle":255.5,"snapDist":0,"label":0}},{"type":"Feature","geometry":{"type":"Point","coordinates":[12.270797,57.763111]},"properties":{"name":"Hampåkersvägen","lines":"534","arr":["534"],"terminus":0,"mode":"bus","color":"#0059a9","colorDark":"#00294f","angle":255.5,"snapDist":1,"label":0}},{"type":"Feature","geometry":{"type":"Point","coordinates":[12.255184,57.74865]},"properties":{"name":"Mor Annas väg","lines":"535","arr":["535"],"terminus":0,"mode":"bus","color":"#0059a9","colorDark":"#00294f","angle":231.5,"snapDist":2,"label":1}},{"type":"Feature","geometry":{"type":"Point","coordinates":[12.259379,57.746308]},"properties":{"name":"Kolborydsvägen","lines":"535","arr":["535"],"terminus":0,"mode":"bus","color":"#0059a9","colorDark":"#00294f","angle":231.6,"snapDist":4,"label":1}},{"type":"Feature","geometry":{"type":"Point","coordinates":[12.276366,57.738193]},"properties":{"name":"Öxeryd","lines":"535","arr":["535"],"terminus":0,"mode":"bus","color":"#0059a9","colorDark":"#00294f","angle":230.6,"snapDist":4,"label":1}},{"type":"Feature","geometry":{"type":"Point","coordinates":[12.278891,57.738504]},"properties":{"name":"Säteråsvägen","lines":"535","arr":["535"],"terminus":0,"mode":"bus","color":"#0059a9","colorDark":"#00294f","angle":136.7,"snapDist":2,"label":1}},{"type":"Feature","geometry":{"type":"Point","coordinates":[12.284481,57.739149]},"properties":{"name":"Svedernavägen","lines":"535","arr":["535"],"terminus":0,"mode":"bus","color":"#0059a9","colorDark":"#00294f","angle":183.9,"snapDist":3,"label":1}},{"type":"Feature","geometry":{"type":"Point","coordinates":[12.287182,57.739207]},"properties":{"name":"Häckenvägen","lines":"535","arr":["535"],"terminus":1,"mode":"bus","color":"#0059a9","colorDark":"#00294f","angle":344.6,"snapDist":1,"label":1}},{"type":"Feature","geometry":{"type":"Point","coordinates":[12.284457,57.73915]},"properties":{"name":"Svedernavägen","lines":"535","arr":["535"],"terminus":0,"mode":"bus","color":"#0059a9","colorDark":"#00294f","angle":3.9,"snapDist":1,"label":0}},{"type":"Feature","geometry":{"type":"Point","coordinates":[12.278845,57.738481]},"properties":{"name":"Säteråsvägen","lines":"535","arr":["535"],"terminus":0,"mode":"bus","color":"#0059a9","colorDark":"#00294f","angle":316.7,"snapDist":1,"label":0}},{"type":"Feature","geometry":{"type":"Point","coordinates":[12.276304,57.738233]},"properties":{"name":"Öxeryd","lines":"535","arr":["535"],"terminus":0,"mode":"bus","color":"#0059a9","colorDark":"#00294f","angle":50.6,"snapDist":1,"label":0}},{"type":"Feature","geometry":{"type":"Point","coordinates":[12.259311,57.746354]},"properties":{"name":"Kolborydsvägen","lines":"535","arr":["535"],"terminus":0,"mode":"bus","color":"#0059a9","colorDark":"#00294f","angle":51.6,"snapDist":9,"label":0}},{"type":"Feature","geometry":{"type":"Point","coordinates":[12.2552,57.748639]},"properties":{"name":"Mor Annas väg","lines":"535","arr":["535"],"terminus":0,"mode":"bus","color":"#0059a9","colorDark":"#00294f","angle":51.1,"snapDist":2,"label":0}},{"type":"Feature","geometry":{"type":"Point","coordinates":[12.270933,57.769191]},"properties":{"name":"Lerum station","lines":"536, 538, 539","arr":["536","538","539"],"terminus":1,"mode":"bus","color":"#0059a9","colorDark":"#00294f","angle":187.3,"snapDist":1,"label":0}},{"type":"Feature","geometry":{"type":"Point","coordinates":[12.255089,57.769475]},"properties":{"name":"Aspenässkolan","lines":"536, 539","arr":["536","539"],"terminus":0,"mode":"bus","color":"#0059a9","colorDark":"#00294f","angle":149.7,"snapDist":2,"label":1}},{"type":"Feature","geometry":{"type":"Point","coordinates":[12.259744,57.7706]},"properties":{"name":"Frödingsgården","lines":"536, 539","arr":["536","539"],"terminus":0,"mode":"bus","color":"#0059a9","colorDark":"#00294f","angle":173.8,"snapDist":2,"label":1}},{"type":"Feature","geometry":{"type":"Point","coordinates":[12.266576,57.77274]},"properties":{"name":"Torpskolan","lines":"536, 539","arr":["536","539"],"terminus":0,"mode":"bus","color":"#0059a9","colorDark":"#00294f","angle":150.8,"snapDist":1,"label":1}},{"type":"Feature","geometry":{"type":"Point","coordinates":[12.257878,57.776791]},"properties":{"name":"Riddarsten","lines":"536","arr":["536"],"terminus":0,"mode":"bus","color":"#0059a9","colorDark":"#00294f","angle":227.9,"snapDist":3,"label":1}},{"type":"Feature","geometry":{"type":"Point","coordinates":[12.254475,57.778757]},"properties":{"name":"Karls torp","lines":"536","arr":["536"],"terminus":0,"mode":"bus","color":"#0059a9","colorDark":"#00294f","angle":74.1,"snapDist":4,"label":1}},{"type":"Feature","geometry":{"type":"Point","coordinates":[12.251368,57.784094]},"properties":{"name":"Södra Häcksjöbäcksvägen","lines":"536","arr":["536"],"terminus":0,"mode":"bus","color":"#0059a9","colorDark":"#00294f","angle":281.6,"snapDist":3,"label":1}},{"type":"Feature","geometry":{"type":"Point","coordinates":[12.238526,57.788823]},"properties":{"name":"Ljungmansås","lines":"536","arr":["536"],"terminus":0,"mode":"bus","color":"#0059a9","colorDark":"#00294f","angle":32.2,"snapDist":5,"label":1}},{"type":"Feature","geometry":{"type":"Point","coordinates":[12.232596,57.78925]},"properties":{"name":"Intagan","lines":"536","arr":["536"],"terminus":0,"mode":"bus","color":"#0059a9","colorDark":"#00294f","angle":15.3,"snapDist":4,"label":1}},{"type":"Feature","geometry":{"type":"Point","coordinates":[12.220985,57.792316]},"properties":{"name":"Marken södra","lines":"536","arr":["536"],"terminus":0,"mode":"bus","color":"#0059a9","colorDark":"#00294f","angle":13.8,"snapDist":5,"label":1}},{"type":"Feature","geometry":{"type":"Point","coordinates":[12.216785,57.794172]},"properties":{"name":"Marken Norra","lines":"536","arr":["536"],"terminus":0,"mode":"bus","color":"#0059a9","colorDark":"#00294f","angle":33.3,"snapDist":2,"label":1}},{"type":"Feature","geometry":{"type":"Point","coordinates":[12.205179,57.798774]},"properties":{"name":"Furåsvägen/Trekanten","lines":"536","arr":["536"],"terminus":0,"mode":"bus","color":"#0059a9","colorDark":"#00294f","angle":53.4,"snapDist":5,"label":1}},{"type":"Feature","geometry":{"type":"Point","coordinates":[12.20021,57.802595]},"properties":{"name":"Olofsberg","lines":"536","arr":["536"],"terminus":0,"mode":"bus","color":"#0059a9","colorDark":"#00294f","angle":60.8,"snapDist":3,"label":1}},{"type":"Feature","geometry":{"type":"Point","coordinates":[12.186452,57.807466]},"properties":{"name":"Stenared","lines":"536, X3","arr":["536","X3"],"terminus":0,"mode":"bus","color":"#0059a9","colorDark":"#00294f","angle":75.4,"snapDist":6,"label":1}},{"type":"Feature","geometry":{"type":"Point","coordinates":[12.180269,57.806866]},"properties":{"name":"Häljered","lines":"536, X3","arr":["536","X3"],"terminus":0,"mode":"bus","color":"#0059a9","colorDark":"#00294f","angle":335.8,"snapDist":2,"label":1}},{"type":"Feature","geometry":{"type":"Point","coordinates":[12.169294,57.804947]},"properties":{"name":"Olofstorp","lines":"536, X3","arr":["536","X3"],"terminus":0,"mode":"bus","color":"#0059a9","colorDark":"#00294f","angle":333.9,"snapDist":2,"label":1}},{"type":"Feature","geometry":{"type":"Point","coordinates":[12.164397,57.804083]},"properties":{"name":"Olofstorp Västra","lines":"536","arr":["536"],"terminus":1,"mode":"bus","color":"#0059a9","colorDark":"#00294f","angle":237.6,"snapDist":6,"label":1}},{"type":"Feature","geometry":{"type":"Point","coordinates":[12.16929,57.804946]},"properties":{"name":"Olofstorp","lines":"536, X3","arr":["536","X3"],"terminus":0,"mode":"bus","color":"#0059a9","colorDark":"#00294f","angle":153.9,"snapDist":1,"label":0}},{"type":"Feature","geometry":{"type":"Point","coordinates":[12.180342,57.806884]},"properties":{"name":"Häljered","lines":"536, X3","arr":["536","X3"],"terminus":0,"mode":"bus","color":"#0059a9","colorDark":"#00294f","angle":155.8,"snapDist":2,"label":0}},{"type":"Feature","geometry":{"type":"Point","coordinates":[12.200157,57.802651]},"properties":{"name":"Olofsberg","lines":"536","arr":["536"],"terminus":0,"mode":"bus","color":"#0059a9","colorDark":"#00294f","angle":244.1,"snapDist":3,"label":0}},{"type":"Feature","geometry":{"type":"Point","coordinates":[12.207014,57.797451]},"properties":{"name":"Furåsvägen/Trekanten","lines":"536","arr":["536"],"terminus":0,"mode":"bus","color":"#0059a9","colorDark":"#00294f","angle":208.8,"snapDist":2,"label":0}},{"type":"Feature","geometry":{"type":"Point","coordinates":[12.216693,57.794199]},"properties":{"name":"Marken Norra","lines":"536","arr":["536"],"terminus":0,"mode":"bus","color":"#0059a9","colorDark":"#00294f","angle":207.6,"snapDist":2,"label":0}},{"type":"Feature","geometry":{"type":"Point","coordinates":[12.220883,57.79233]},"properties":{"name":"Marken södra","lines":"536","arr":["536"],"terminus":0,"mode":"bus","color":"#0059a9","colorDark":"#00294f","angle":194.2,"snapDist":2,"label":0}},{"type":"Feature","geometry":{"type":"Point","coordinates":[12.233401,57.789203]},"properties":{"name":"Intagan","lines":"536","arr":["536"],"terminus":0,"mode":"bus","color":"#0059a9","colorDark":"#00294f","angle":186.3,"snapDist":2,"label":0}},{"type":"Feature","geometry":{"type":"Point","coordinates":[12.242102,57.787665]},"properties":{"name":"Ljungmansås","lines":"536","arr":["536"],"terminus":0,"mode":"bus","color":"#0059a9","colorDark":"#00294f","angle":199.5,"snapDist":4,"label":1}},{"type":"Feature","geometry":{"type":"Point","coordinates":[12.254611,57.778503]},"properties":{"name":"Karls torp","lines":"536","arr":["536"],"terminus":0,"mode":"bus","color":"#0059a9","colorDark":"#00294f","angle":254.1,"snapDist":2,"label":0}},{"type":"Feature","geometry":{"type":"Point","coordinates":[12.266491,57.772715]},"properties":{"name":"Torpskolan","lines":"536, 539","arr":["536","539"],"terminus":0,"mode":"bus","color":"#0059a9","colorDark":"#00294f","angle":330.8,"snapDist":3,"label":0}},{"type":"Feature","geometry":{"type":"Point","coordinates":[12.259565,57.77059]},"properties":{"name":"Frödingsgården","lines":"536, 539","arr":["536","539"],"terminus":0,"mode":"bus","color":"#0059a9","colorDark":"#00294f","angle":354.4,"snapDist":4,"label":0}},{"type":"Feature","geometry":{"type":"Point","coordinates":[12.254844,57.769398]},"properties":{"name":"Aspenässkolan","lines":"536, 539","arr":["536","539"],"terminus":0,"mode":"bus","color":"#0059a9","colorDark":"#00294f","angle":330.1,"snapDist":2,"label":0}},{"type":"Feature","geometry":{"type":"Point","coordinates":[12.271,57.769281]},"properties":{"name":"Lerum station","lines":"537","arr":["537"],"terminus":1,"mode":"bus","color":"#0059a9","colorDark":"#00294f","angle":32,"snapDist":3,"label":0}},{"type":"Feature","geometry":{"type":"Point","coordinates":[12.302273,57.784409]},"properties":{"name":"Hede","lines":"537, 538","arr":["537","538"],"terminus":0,"mode":"bus","color":"#0059a9","colorDark":"#00294f","angle":137.8,"snapDist":5,"label":1}},{"type":"Feature","geometry":{"type":"Point","coordinates":[12.30875,57.788134]},"properties":{"name":"Ölslanda byväg södra","lines":"537, 538","arr":["537","538"],"terminus":0,"mode":"bus","color":"#0059a9","colorDark":"#00294f","angle":99.4,"snapDist":5,"label":1}},{"type":"Feature","geometry":{"type":"Point","coordinates":[12.308008,57.793266]},"properties":{"name":"Vättlehallen","lines":"537","arr":["537"],"terminus":0,"mode":"bus","color":"#0059a9","colorDark":"#00294f","angle":82,"snapDist":2,"label":1}},{"type":"Feature","geometry":{"type":"Point","coordinates":[12.312941,57.796227]},"properties":{"name":"Glimmervägen","lines":"537","arr":["537"],"terminus":0,"mode":"bus","color":"#0059a9","colorDark":"#00294f","angle":158.8,"snapDist":6,"label":1}},{"type":"Feature","geometry":{"type":"Point","coordinates":[12.321574,57.796793]},"properties":{"name":"Panelvägen","lines":"537","arr":["537"],"terminus":0,"mode":"bus","color":"#0059a9","colorDark":"#00294f","angle":145.3,"snapDist":3,"label":1}},{"type":"Feature","geometry":{"type":"Point","coordinates":[12.333655,57.803278]},"properties":{"name":"Oryd","lines":"537","arr":["537"],"terminus":0,"mode":"bus","color":"#0059a9","colorDark":"#00294f","angle":74.6,"snapDist":2,"label":1}},{"type":"Feature","geometry":{"type":"Point","coordinates":[12.342396,57.810222]},"properties":{"name":"Kusebackastigen","lines":"537","arr":["537"],"terminus":0,"mode":"bus","color":"#0059a9","colorDark":"#00294f","angle":160.9,"snapDist":2,"label":1}},{"type":"Feature","geometry":{"type":"Point","coordinates":[12.349207,57.811075]},"properties":{"name":"Björnbärsvägen","lines":"537","arr":["537"],"terminus":0,"mode":"bus","color":"#0059a9","colorDark":"#00294f","angle":141.8,"snapDist":2,"label":1}},{"type":"Feature","geometry":{"type":"Point","coordinates":[12.35098,57.814124]},"properties":{"name":"Lingonvägen","lines":"537","arr":["537"],"terminus":0,"mode":"bus","color":"#0059a9","colorDark":"#00294f","angle":90.3,"snapDist":1,"label":1}},{"type":"Feature","geometry":{"type":"Point","coordinates":[12.353159,57.814929]},"properties":{"name":"Svalörtsvägen","lines":"537","arr":["537"],"terminus":0,"mode":"bus","color":"#0059a9","colorDark":"#00294f","angle":240.7,"snapDist":1,"label":1}},{"type":"Feature","geometry":{"type":"Point","coordinates":[12.360946,57.809438]},"properties":{"name":"Floda station","lines":"537","arr":["537"],"terminus":1,"mode":"bus","color":"#0059a9","colorDark":"#00294f","angle":109.2,"snapDist":1,"label":0}},{"type":"Feature","geometry":{"type":"Point","coordinates":[12.353137,57.81495]},"properties":{"name":"Svalörtsvägen","lines":"537","arr":["537"],"terminus":0,"mode":"bus","color":"#0059a9","colorDark":"#00294f","angle":61,"snapDist":0,"label":0}},{"type":"Feature","geometry":{"type":"Point","coordinates":[12.350979,57.814112]},"properties":{"name":"Lingonvägen","lines":"537","arr":["537"],"terminus":0,"mode":"bus","color":"#0059a9","colorDark":"#00294f","angle":272.1,"snapDist":3,"label":0}},{"type":"Feature","geometry":{"type":"Point","coordinates":[12.34919,57.811068]},"properties":{"name":"Björnbärsvägen","lines":"537","arr":["537"],"terminus":0,"mode":"bus","color":"#0059a9","colorDark":"#00294f","angle":321.8,"snapDist":1,"label":0}},{"type":"Feature","geometry":{"type":"Point","coordinates":[12.342216,57.810191]},"properties":{"name":"Kusebackastigen","lines":"537","arr":["537"],"terminus":0,"mode":"bus","color":"#0059a9","colorDark":"#00294f","angle":342.2,"snapDist":2,"label":0}},{"type":"Feature","geometry":{"type":"Point","coordinates":[12.333671,57.803245]},"properties":{"name":"Oryd","lines":"537","arr":["537"],"terminus":0,"mode":"bus","color":"#0059a9","colorDark":"#00294f","angle":254.6,"snapDist":4,"label":0}},{"type":"Feature","geometry":{"type":"Point","coordinates":[12.321603,57.796803]},"properties":{"name":"Panelvägen","lines":"537","arr":["537"],"terminus":0,"mode":"bus","color":"#0059a9","colorDark":"#00294f","angle":325.2,"snapDist":4,"label":0}},{"type":"Feature","geometry":{"type":"Point","coordinates":[12.313064,57.79625]},"properties":{"name":"Glimmervägen","lines":"537","arr":["537"],"terminus":0,"mode":"bus","color":"#0059a9","colorDark":"#00294f","angle":340.8,"snapDist":5,"label":0}},{"type":"Feature","geometry":{"type":"Point","coordinates":[12.307909,57.793726]},"properties":{"name":"Vättlehallen","lines":"537","arr":["537"],"terminus":0,"mode":"bus","color":"#0059a9","colorDark":"#00294f","angle":264.6,"snapDist":3,"label":0}},{"type":"Feature","geometry":{"type":"Point","coordinates":[12.308279,57.787522]},"properties":{"name":"Ölslanda byväg södra","lines":"537, 538","arr":["537","538"],"terminus":0,"mode":"bus","color":"#0059a9","colorDark":"#00294f","angle":303.1,"snapDist":2,"label":0}},{"type":"Feature","geometry":{"type":"Point","coordinates":[12.302126,57.784342]},"properties":{"name":"Hede","lines":"537, 538","arr":["537","538"],"terminus":0,"mode":"bus","color":"#0059a9","colorDark":"#00294f","angle":320.5,"snapDist":3,"label":0}},{"type":"Feature","geometry":{"type":"Point","coordinates":[12.311285,57.791917]},"properties":{"name":"Stenkulan","lines":"538","arr":["538"],"terminus":0,"mode":"bus","color":"#0059a9","colorDark":"#00294f","angle":52.3,"snapDist":5,"label":1}},{"type":"Feature","geometry":{"type":"Point","coordinates":[12.314326,57.782096]},"properties":{"name":"Slätthultsvägen","lines":"538","arr":["538"],"terminus":0,"mode":"bus","color":"#0059a9","colorDark":"#00294f","angle":127.9,"snapDist":1,"label":1}},{"type":"Feature","geometry":{"type":"Point","coordinates":[12.318923,57.780953]},"properties":{"name":"Hedehöjdsvägen","lines":"538","arr":["538"],"terminus":0,"mode":"bus","color":"#0059a9","colorDark":"#00294f","angle":191.5,"snapDist":1,"label":1}},{"type":"Feature","geometry":{"type":"Point","coordinates":[12.326872,57.779664]},"properties":{"name":"Ekelund","lines":"538","arr":["538"],"terminus":0,"mode":"bus","color":"#0059a9","colorDark":"#00294f","angle":208.2,"snapDist":2,"label":1}},{"type":"Feature","geometry":{"type":"Point","coordinates":[12.33857,57.777005]},"properties":{"name":"Ribbatorpet","lines":"538","arr":["538"],"terminus":0,"mode":"bus","color":"#0059a9","colorDark":"#00294f","angle":197.7,"snapDist":1,"label":1}},{"type":"Feature","geometry":{"type":"Point","coordinates":[12.342105,57.775248]},"properties":{"name":"Toleryd","lines":"538","arr":["538"],"terminus":0,"mode":"bus","color":"#0059a9","colorDark":"#00294f","angle":237.5,"snapDist":1,"label":1}},{"type":"Feature","geometry":{"type":"Point","coordinates":[12.346408,57.77184]},"properties":{"name":"Slätthults skola","lines":"538","arr":["538"],"terminus":0,"mode":"bus","color":"#0059a9","colorDark":"#00294f","angle":295,"snapDist":3,"label":1}},{"type":"Feature","geometry":{"type":"Point","coordinates":[12.339286,57.767324]},"properties":{"name":"Slätthults Hagväg","lines":"538","arr":["538"],"terminus":0,"mode":"bus","color":"#0059a9","colorDark":"#00294f","angle":319.2,"snapDist":3,"label":1}},{"type":"Feature","geometry":{"type":"Point","coordinates":[12.328626,57.766154]},"properties":{"name":"Brunstorp","lines":"538","arr":["538"],"terminus":0,"mode":"bus","color":"#0059a9","colorDark":"#00294f","angle":0,"snapDist":2,"label":1}},{"type":"Feature","geometry":{"type":"Point","coordinates":[12.323409,57.76574]},"properties":{"name":"Alängen","lines":"538","arr":["538"],"terminus":0,"mode":"bus","color":"#0059a9","colorDark":"#00294f","angle":345.7,"snapDist":0,"label":1}},{"type":"Feature","geometry":{"type":"Point","coordinates":[12.309906,57.766246]},"properties":{"name":"Bruneberg","lines":"538","arr":["538"],"terminus":0,"mode":"bus","color":"#0059a9","colorDark":"#00294f","angle":354.5,"snapDist":2,"label":1}},{"type":"Feature","geometry":{"type":"Point","coordinates":[12.300675,57.768894]},"properties":{"name":"Jutagården","lines":"538","arr":["538"],"terminus":0,"mode":"bus","color":"#0059a9","colorDark":"#00294f","angle":66.1,"snapDist":2,"label":1}},{"type":"Feature","geometry":{"type":"Point","coordinates":[12.300733,57.768827]},"properties":{"name":"Jutagården","lines":"538","arr":["538"],"terminus":0,"mode":"bus","color":"#0059a9","colorDark":"#00294f","angle":244.2,"snapDist":1,"label":0}},{"type":"Feature","geometry":{"type":"Point","coordinates":[12.309918,57.766246]},"properties":{"name":"Bruneberg","lines":"538","arr":["538"],"terminus":0,"mode":"bus","color":"#0059a9","colorDark":"#00294f","angle":174.5,"snapDist":2,"label":0}},{"type":"Feature","geometry":{"type":"Point","coordinates":[12.32343,57.765743]},"properties":{"name":"Alängen","lines":"538","arr":["538"],"terminus":0,"mode":"bus","color":"#0059a9","colorDark":"#00294f","angle":165.7,"snapDist":4,"label":0}},{"type":"Feature","geometry":{"type":"Point","coordinates":[12.328628,57.766154]},"properties":{"name":"Brunstorp","lines":"538","arr":["538"],"terminus":0,"mode":"bus","color":"#0059a9","colorDark":"#00294f","angle":180,"snapDist":2,"label":0}},{"type":"Feature","geometry":{"type":"Point","coordinates":[12.338356,57.766951]},"properties":{"name":"Slätthults Hagväg","lines":"538","arr":["538"],"terminus":0,"mode":"bus","color":"#0059a9","colorDark":"#00294f","angle":154.4,"snapDist":2,"label":0}},{"type":"Feature","geometry":{"type":"Point","coordinates":[12.346408,57.77184]},"properties":{"name":"Slätthults skola","lines":"538","arr":["538"],"terminus":0,"mode":"bus","color":"#0059a9","colorDark":"#00294f","angle":115,"snapDist":3,"label":0}},{"type":"Feature","geometry":{"type":"Point","coordinates":[12.342074,57.775274]},"properties":{"name":"Toleryd","lines":"538","arr":["538"],"terminus":0,"mode":"bus","color":"#0059a9","colorDark":"#00294f","angle":57.8,"snapDist":1,"label":0}},{"type":"Feature","geometry":{"type":"Point","coordinates":[12.338554,57.777008]},"properties":{"name":"Ribbatorpet","lines":"538","arr":["538"],"terminus":0,"mode":"bus","color":"#0059a9","colorDark":"#00294f","angle":17.7,"snapDist":3,"label":0}},{"type":"Feature","geometry":{"type":"Point","coordinates":[12.326849,57.77967]},"properties":{"name":"Ekelund","lines":"538","arr":["538"],"terminus":0,"mode":"bus","color":"#0059a9","colorDark":"#00294f","angle":28.2,"snapDist":1,"label":0}},{"type":"Feature","geometry":{"type":"Point","coordinates":[12.318932,57.780952]},"properties":{"name":"Hedehöjdsvägen","lines":"538","arr":["538"],"terminus":0,"mode":"bus","color":"#0059a9","colorDark":"#00294f","angle":11.5,"snapDist":1,"label":0}},{"type":"Feature","geometry":{"type":"Point","coordinates":[12.314617,57.782291]},"properties":{"name":"Slätthultsvägen","lines":"538","arr":["538"],"terminus":0,"mode":"bus","color":"#0059a9","colorDark":"#00294f","angle":311.4,"snapDist":0,"label":0}},{"type":"Feature","geometry":{"type":"Point","coordinates":[12.248154,57.771171]},"properties":{"name":"Aspenäs kyrka","lines":"539","arr":["539"],"terminus":0,"mode":"bus","color":"#0059a9","colorDark":"#00294f","angle":52.6,"snapDist":3,"label":1}},{"type":"Feature","geometry":{"type":"Point","coordinates":[12.245034,57.775831]},"properties":{"name":"Lundbacken","lines":"539","arr":["539"],"terminus":0,"mode":"bus","color":"#0059a9","colorDark":"#00294f","angle":81.4,"snapDist":6,"label":1}},{"type":"Feature","geometry":{"type":"Point","coordinates":[12.240497,57.777239]},"properties":{"name":"Seatons allé","lines":"539","arr":["539"],"terminus":0,"mode":"bus","color":"#0059a9","colorDark":"#00294f","angle":348.7,"snapDist":4,"label":1}},{"type":"Feature","geometry":{"type":"Point","coordinates":[12.231566,57.774707]},"properties":{"name":"Aspenäsgården","lines":"539","arr":["539"],"terminus":1,"mode":"bus","color":"#0059a9","colorDark":"#00294f","angle":138.6,"snapDist":1,"label":1}},{"type":"Feature","geometry":{"type":"Point","coordinates":[12.239509,57.777021]},"properties":{"name":"Seatons allé","lines":"539","arr":["539"],"terminus":0,"mode":"bus","color":"#0059a9","colorDark":"#00294f","angle":136.1,"snapDist":0,"label":0}},{"type":"Feature","geometry":{"type":"Point","coordinates":[12.245051,57.775756]},"properties":{"name":"Lundbacken","lines":"539","arr":["539"],"terminus":0,"mode":"bus","color":"#0059a9","colorDark":"#00294f","angle":263.2,"snapDist":1,"label":0}},{"type":"Feature","geometry":{"type":"Point","coordinates":[12.248086,57.771217]},"properties":{"name":"Aspenäs kyrka","lines":"539","arr":["539"],"terminus":0,"mode":"bus","color":"#0059a9","colorDark":"#00294f","angle":232.2,"snapDist":4,"label":0}},{"type":"Feature","geometry":{"type":"Point","coordinates":[12.177661,57.632396]},"properties":{"name":"Djurstensvägen","lines":"601","arr":["601"],"terminus":1,"mode":"bus","color":"#0059a9","colorDark":"#00294f","angle":288.8,"snapDist":2,"label":1}},{"type":"Feature","geometry":{"type":"Point","coordinates":[12.181665,57.63658]},"properties":{"name":"Bolås","lines":"601","arr":["601"],"terminus":0,"mode":"bus","color":"#0059a9","colorDark":"#00294f","angle":87.5,"snapDist":5,"label":1}},{"type":"Feature","geometry":{"type":"Point","coordinates":[12.177489,57.640472]},"properties":{"name":"Näsetvägen","lines":"601","arr":["601"],"terminus":0,"mode":"bus","color":"#0059a9","colorDark":"#00294f","angle":32,"snapDist":6,"label":1}},{"type":"Feature","geometry":{"type":"Point","coordinates":[12.172103,57.64115]},"properties":{"name":"Grankärrsvägen","lines":"601","arr":["601"],"terminus":0,"mode":"bus","color":"#0059a9","colorDark":"#00294f","angle":75.5,"snapDist":3,"label":1}},{"type":"Feature","geometry":{"type":"Point","coordinates":[12.170842,57.641877]},"properties":{"name":"Benareby","lines":"601","arr":["601"],"terminus":0,"mode":"bus","color":"#0059a9","colorDark":"#00294f","angle":333.6,"snapDist":2,"label":1}},{"type":"Feature","geometry":{"type":"Point","coordinates":[12.165801,57.641784]},"properties":{"name":"Tjärnvägen","lines":"601","arr":["601"],"terminus":0,"mode":"bus","color":"#0059a9","colorDark":"#00294f","angle":334.2,"snapDist":4,"label":1}},{"type":"Feature","geometry":{"type":"Point","coordinates":[12.161039,57.643994]},"properties":{"name":"Åbydalen","lines":"601","arr":["601"],"terminus":0,"mode":"bus","color":"#0059a9","colorDark":"#00294f","angle":71.8,"snapDist":2,"label":1}},{"type":"Feature","geometry":{"type":"Point","coordinates":[12.15693,57.64961]},"properties":{"name":"Höga hallar","lines":"601, X4","arr":["601","X4"],"terminus":1,"mode":"bus","color":"#0059a9","colorDark":"#00294f","angle":47.9,"snapDist":5,"label":1}},{"type":"Feature","geometry":{"type":"Point","coordinates":[12.153212,57.651292]},"properties":{"name":"Långetjärn","lines":"601, X4","arr":["601","X4"],"terminus":0,"mode":"bus","color":"#0059a9","colorDark":"#00294f","angle":5.1,"snapDist":1,"label":1}},{"type":"Feature","geometry":{"type":"Point","coordinates":[12.144934,57.649788]},"properties":{"name":"Nysätersvägen","lines":"601, X4","arr":["601","X4"],"terminus":0,"mode":"bus","color":"#0059a9","colorDark":"#00294f","angle":357.3,"snapDist":0,"label":1}},{"type":"Feature","geometry":{"type":"Point","coordinates":[12.137559,57.652845]},"properties":{"name":"Lövskogsvägen","lines":"601, X4","arr":["601","X4"],"terminus":0,"mode":"bus","color":"#0059a9","colorDark":"#00294f","angle":48.5,"snapDist":5,"label":1}},{"type":"Feature","geometry":{"type":"Point","coordinates":[12.134343,57.653837]},"properties":{"name":"Sommarhemsvägen","lines":"601, 1, X4","arr":["601","HA1","X4"],"terminus":0,"mode":"bus","color":"#0059a9","colorDark":"#00294f","angle":9.5,"snapDist":3,"label":1}},{"type":"Feature","geometry":{"type":"Point","coordinates":[12.126727,57.656041]},"properties":{"name":"Högadal","lines":"601, X4","arr":["601","X4"],"terminus":0,"mode":"bus","color":"#0059a9","colorDark":"#00294f","angle":50.2,"snapDist":3,"label":1}},{"type":"Feature","geometry":{"type":"Point","coordinates":[12.10783,57.653367]},"properties":{"name":"Hönekullavägen","lines":"601, 751, 1, 2, X90","arr":["601","751","HA1","HA2","X90"],"terminus":0,"mode":"bus","color":"#0059a9","colorDark":"#00294f","angle":284.9,"snapDist":1,"label":1}},{"type":"Feature","geometry":{"type":"Point","coordinates":[12.105387,57.651151]},"properties":{"name":"Rådavägen","lines":"601, 751, 2, X90","arr":["601","751","HA2","X90"],"terminus":0,"mode":"bus","color":"#0059a9","colorDark":"#00294f","angle":305.8,"snapDist":3,"label":1}},{"type":"Feature","geometry":{"type":"Point","coordinates":[12.104693,57.646611]},"properties":{"name":"Båtsmansvägen","lines":"601, 2","arr":["601","HA2"],"terminus":0,"mode":"bus","color":"#0059a9","colorDark":"#00294f","angle":204.1,"snapDist":1,"label":1}},{"type":"Feature","geometry":{"type":"Point","coordinates":[12.106177,57.643711]},"properties":{"name":"Lahallsvägen","lines":"601, 2","arr":["601","HA2"],"terminus":0,"mode":"bus","color":"#0059a9","colorDark":"#00294f","angle":262,"snapDist":2,"label":1}},{"type":"Feature","geometry":{"type":"Point","coordinates":[12.113633,57.643089]},"properties":{"name":"Naturstensvägen","lines":"601, 2","arr":["601","HA2"],"terminus":0,"mode":"bus","color":"#0059a9","colorDark":"#00294f","angle":149.2,"snapDist":4,"label":1}},{"type":"Feature","geometry":{"type":"Point","coordinates":[12.117393,57.644818]},"properties":{"name":"Kalkstensvägen","lines":"601, 2","arr":["601","HA2"],"terminus":0,"mode":"bus","color":"#0059a9","colorDark":"#00294f","angle":152.3,"snapDist":1,"label":1}},{"type":"Feature","geometry":{"type":"Point","coordinates":[12.123603,57.647441]},"properties":{"name":"Stenhuggarevägen","lines":"601, 2","arr":["601","HA2"],"terminus":1,"mode":"bus","color":"#0059a9","colorDark":"#00294f","angle":66.2,"snapDist":3,"label":1}},{"type":"Feature","geometry":{"type":"Point","coordinates":[12.128731,57.651788]},"properties":{"name":"Rullstensvägen","lines":"601, 1","arr":["601","HA1"],"terminus":0,"mode":"bus","color":"#0059a9","colorDark":"#00294f","angle":118.7,"snapDist":1,"label":1}},{"type":"Feature","geometry":{"type":"Point","coordinates":[12.128571,57.65358]},"properties":{"name":"Stenbrottet","lines":"601, 1","arr":["601","HA1"],"terminus":0,"mode":"bus","color":"#0059a9","colorDark":"#00294f","angle":82.7,"snapDist":5,"label":1}},{"type":"Feature","geometry":{"type":"Point","coordinates":[12.136033,57.653564]},"properties":{"name":"Sommarhemsvägen","lines":"601, 1, X4","arr":["601","HA1","X4"],"terminus":0,"mode":"bus","color":"#0059a9","colorDark":"#00294f","angle":208.8,"snapDist":3,"label":0}},{"type":"Feature","geometry":{"type":"Point","coordinates":[12.138683,57.652185]},"properties":{"name":"Lövskogsvägen","lines":"601, X4","arr":["601","X4"],"terminus":0,"mode":"bus","color":"#0059a9","colorDark":"#00294f","angle":227.7,"snapDist":4,"label":0}},{"type":"Feature","geometry":{"type":"Point","coordinates":[12.145222,57.649732]},"properties":{"name":"Nysätersvägen","lines":"601, X4","arr":["601","X4"],"terminus":0,"mode":"bus","color":"#0059a9","colorDark":"#00294f","angle":179.7,"snapDist":2,"label":0}},{"type":"Feature","geometry":{"type":"Point","coordinates":[12.153202,57.651292]},"properties":{"name":"Långetjärn","lines":"601, X4","arr":["601","X4"],"terminus":0,"mode":"bus","color":"#0059a9","colorDark":"#00294f","angle":185.1,"snapDist":2,"label":0}},{"type":"Feature","geometry":{"type":"Point","coordinates":[12.157271,57.649406]},"properties":{"name":"Höga hallar","lines":"601","arr":["601"],"terminus":0,"mode":"bus","color":"#0059a9","colorDark":"#00294f","angle":230.9,"snapDist":6,"label":0}},{"type":"Feature","geometry":{"type":"Point","coordinates":[12.160933,57.644178]},"properties":{"name":"Åbydalen","lines":"601","arr":["601"],"terminus":0,"mode":"bus","color":"#0059a9","colorDark":"#00294f","angle":253.1,"snapDist":4,"label":0}},{"type":"Feature","geometry":{"type":"Point","coordinates":[12.165864,57.641799]},"properties":{"name":"Tjärnvägen","lines":"601","arr":["601"],"terminus":0,"mode":"bus","color":"#0059a9","colorDark":"#00294f","angle":165.1,"snapDist":3,"label":0}},{"type":"Feature","geometry":{"type":"Point","coordinates":[12.170576,57.641813]},"properties":{"name":"Benareby","lines":"601","arr":["601"],"terminus":0,"mode":"bus","color":"#0059a9","colorDark":"#00294f","angle":168.9,"snapDist":3,"label":0}},{"type":"Feature","geometry":{"type":"Point","coordinates":[12.172124,57.641111]},"properties":{"name":"Grankärrsvägen","lines":"601","arr":["601"],"terminus":0,"mode":"bus","color":"#0059a9","colorDark":"#00294f","angle":246.9,"snapDist":0,"label":0}},{"type":"Feature","geometry":{"type":"Point","coordinates":[12.178223,57.640111]},"properties":{"name":"Näsetvägen","lines":"601","arr":["601"],"terminus":0,"mode":"bus","color":"#0059a9","colorDark":"#00294f","angle":230.8,"snapDist":2,"label":0}},{"type":"Feature","geometry":{"type":"Point","coordinates":[12.180736,57.635351]},"properties":{"name":"Bolås","lines":"601","arr":["601"],"terminus":0,"mode":"bus","color":"#0059a9","colorDark":"#00294f","angle":296.2,"snapDist":1,"label":0}},{"type":"Feature","geometry":{"type":"Point","coordinates":[12.117344,57.657205]},"properties":{"name":"Mölnlycke resecentrum","lines":"611","arr":["611"],"terminus":1,"mode":"bus","color":"#0059a9","colorDark":"#00294f","angle":156.6,"snapDist":2,"label":0}},{"type":"Feature","geometry":{"type":"Point","coordinates":[12.117749,57.659336]},"properties":{"name":"Hulebäcksgymnasiet","lines":"611, 3, X4","arr":["611","HA3","X4"],"terminus":0,"mode":"bus","color":"#0059a9","colorDark":"#00294f","angle":62.4,"snapDist":4,"label":1}},{"type":"Feature","geometry":{"type":"Point","coordinates":[12.11488,57.66228]},"properties":{"name":"Kyrkvägen","lines":"611, 3, X4","arr":["611","HA3","X4"],"terminus":0,"mode":"bus","color":"#0059a9","colorDark":"#00294f","angle":63.2,"snapDist":2,"label":1}},{"type":"Feature","geometry":{"type":"Point","coordinates":[12.113749,57.667025]},"properties":{"name":"Solsten","lines":"611, 3, X4","arr":["611","HA3","X4"],"terminus":0,"mode":"bus","color":"#0059a9","colorDark":"#00294f","angle":80.5,"snapDist":8,"label":1}},{"type":"Feature","geometry":{"type":"Point","coordinates":[12.126972,57.670195]},"properties":{"name":"Bråta by","lines":"611","arr":["611"],"terminus":0,"mode":"bus","color":"#0059a9","colorDark":"#00294f","angle":144.9,"snapDist":13,"label":1}},{"type":"Feature","geometry":{"type":"Point","coordinates":[12.136779,57.671609]},"properties":{"name":"Wendelstrand","lines":"611","arr":["611"],"terminus":0,"mode":"bus","color":"#0059a9","colorDark":"#00294f","angle":165.5,"snapDist":9,"label":1}},{"type":"Feature","geometry":{"type":"Point","coordinates":[12.152306,57.675072]},"properties":{"name":"Källdalen","lines":"611","arr":["611"],"terminus":0,"mode":"bus","color":"#0059a9","colorDark":"#00294f","angle":172,"snapDist":0,"label":1}},{"type":"Feature","geometry":{"type":"Point","coordinates":[12.160363,57.676853]},"properties":{"name":"Röset","lines":"611","arr":["611"],"terminus":0,"mode":"bus","color":"#0059a9","colorDark":"#00294f","angle":158.3,"snapDist":1,"label":1}},{"type":"Feature","geometry":{"type":"Point","coordinates":[12.184813,57.68234]},"properties":{"name":"Slamby","lines":"611","arr":["611"],"terminus":0,"mode":"bus","color":"#0059a9","colorDark":"#00294f","angle":149.5,"snapDist":3,"label":1}},{"type":"Feature","geometry":{"type":"Point","coordinates":[12.191082,57.68495]},"properties":{"name":"Bårekulla","lines":"611","arr":["611"],"terminus":0,"mode":"bus","color":"#0059a9","colorDark":"#00294f","angle":131,"snapDist":1,"label":1}},{"type":"Feature","geometry":{"type":"Point","coordinates":[12.194636,57.685622]},"properties":{"name":"Grönhultsvägen","lines":"611","arr":["611"],"terminus":0,"mode":"bus","color":"#0059a9","colorDark":"#00294f","angle":186.8,"snapDist":0,"label":1}},{"type":"Feature","geometry":{"type":"Point","coordinates":[12.200956,57.685691]},"properties":{"name":"Solhem","lines":"611","arr":["611"],"terminus":0,"mode":"bus","color":"#0059a9","colorDark":"#00294f","angle":196.1,"snapDist":6,"label":1}},{"type":"Feature","geometry":{"type":"Point","coordinates":[12.212797,57.685958]},"properties":{"name":"Landvetter resecentrum","lines":"611","arr":["611"],"terminus":0,"mode":"bus","color":"#0059a9","colorDark":"#00294f","angle":29.3,"snapDist":8,"label":0}},{"type":"Feature","geometry":{"type":"Point","coordinates":[12.227111,57.684919]},"properties":{"name":"Björkåsen","lines":"611, 612, 620","arr":["611","612","620"],"terminus":0,"mode":"bus","color":"#0059a9","colorDark":"#00294f","angle":183.9,"snapDist":2,"label":1}},{"type":"Feature","geometry":{"type":"Point","coordinates":[12.233855,57.684954]},"properties":{"name":"Skällared","lines":"611, 612, 620","arr":["611","612","620"],"terminus":0,"mode":"bus","color":"#0059a9","colorDark":"#00294f","angle":170,"snapDist":5,"label":1}},{"type":"Feature","geometry":{"type":"Point","coordinates":[12.243619,57.685087]},"properties":{"name":"Skällareds bro","lines":"611, 612","arr":["611","612"],"terminus":0,"mode":"bus","color":"#0059a9","colorDark":"#00294f","angle":170.2,"snapDist":1,"label":1}},{"type":"Feature","geometry":{"type":"Point","coordinates":[12.24926,57.685945]},"properties":{"name":"Lisebergsvägen","lines":"611, 612","arr":["611","612"],"terminus":0,"mode":"bus","color":"#0059a9","colorDark":"#00294f","angle":155.5,"snapDist":0,"label":1}},{"type":"Feature","geometry":{"type":"Point","coordinates":[12.257661,57.686602]},"properties":{"name":"Snåkered västergård","lines":"611, 612","arr":["611","612"],"terminus":0,"mode":"bus","color":"#0059a9","colorDark":"#00294f","angle":163,"snapDist":2,"label":1}},{"type":"Feature","geometry":{"type":"Point","coordinates":[12.263639,57.687829]},"properties":{"name":"Snåkered","lines":"611, 612","arr":["611","612"],"terminus":0,"mode":"bus","color":"#0059a9","colorDark":"#00294f","angle":159.4,"snapDist":2,"label":1}},{"type":"Feature","geometry":{"type":"Point","coordinates":[12.270556,57.688321]},"properties":{"name":"Chalmers golfklubb","lines":"611, 612","arr":["611","612"],"terminus":0,"mode":"bus","color":"#0059a9","colorDark":"#00294f","angle":174.5,"snapDist":5,"label":1}},{"type":"Feature","geometry":{"type":"Point","coordinates":[12.276591,57.689357]},"properties":{"name":"Margretedalsvägen","lines":"611, 612","arr":["611","612"],"terminus":0,"mode":"bus","color":"#0059a9","colorDark":"#00294f","angle":148,"snapDist":0,"label":1}},{"type":"Feature","geometry":{"type":"Point","coordinates":[12.285589,57.691545]},"properties":{"name":"Skårtorpsvägen","lines":"611, 612","arr":["611","612"],"terminus":0,"mode":"bus","color":"#0059a9","colorDark":"#00294f","angle":174.4,"snapDist":2,"label":1}},{"type":"Feature","geometry":{"type":"Point","coordinates":[12.290529,57.691881]},"properties":{"name":"Assmundtorp","lines":"611, 612","arr":["611","612"],"terminus":0,"mode":"bus","color":"#0059a9","colorDark":"#00294f","angle":173.3,"snapDist":3,"label":1}},{"type":"Feature","geometry":{"type":"Point","coordinates":[12.30119,57.691904]},"properties":{"name":"Härryda skola","lines":"611, 612","arr":["611","612"],"terminus":0,"mode":"bus","color":"#0059a9","colorDark":"#00294f","angle":189,"snapDist":1,"label":1}},{"type":"Feature","geometry":{"type":"Point","coordinates":[12.306766,57.690891]},"properties":{"name":"Härryda kyrka","lines":"611, 612","arr":["611","612"],"terminus":0,"mode":"bus","color":"#0059a9","colorDark":"#00294f","angle":203.1,"snapDist":0,"label":1}},{"type":"Feature","geometry":{"type":"Point","coordinates":[12.327747,57.691921]},"properties":{"name":"Lillhult","lines":"611","arr":["611"],"terminus":0,"mode":"bus","color":"#0059a9","colorDark":"#00294f","angle":163.6,"snapDist":9,"label":1}},{"type":"Feature","geometry":{"type":"Point","coordinates":[12.342329,57.694971]},"properties":{"name":"Härskogsvägen","lines":"611","arr":["611"],"terminus":0,"mode":"bus","color":"#0059a9","colorDark":"#00294f","angle":147.6,"snapDist":6,"label":1}},{"type":"Feature","geometry":{"type":"Point","coordinates":[12.352103,57.696929]},"properties":{"name":"Rya sand","lines":"611","arr":["611"],"terminus":0,"mode":"bus","color":"#0059a9","colorDark":"#00294f","angle":176.3,"snapDist":7,"label":1}},{"type":"Feature","geometry":{"type":"Point","coordinates":[12.36187,57.697118]},"properties":{"name":"Buatjärnsvägen","lines":"611","arr":["611"],"terminus":0,"mode":"bus","color":"#0059a9","colorDark":"#00294f","angle":173.3,"snapDist":6,"label":1}},{"type":"Feature","geometry":{"type":"Point","coordinates":[12.372062,57.697611]},"properties":{"name":"Dalavägen","lines":"611","arr":["611"],"terminus":0,"mode":"bus","color":"#0059a9","colorDark":"#00294f","angle":176.7,"snapDist":4,"label":1}},{"type":"Feature","geometry":{"type":"Point","coordinates":[12.377219,57.694836]},"properties":{"name":"Aleslättsvägen","lines":"611","arr":["611"],"terminus":0,"mode":"bus","color":"#0059a9","colorDark":"#00294f","angle":244.5,"snapDist":0,"label":1}},{"type":"Feature","geometry":{"type":"Point","coordinates":[12.383081,57.695453]},"properties":{"name":"Skogstorp","lines":"611","arr":["611"],"terminus":0,"mode":"bus","color":"#0059a9","colorDark":"#00294f","angle":155,"snapDist":5,"label":1}},{"type":"Feature","geometry":{"type":"Point","coordinates":[12.397108,57.696906]},"properties":{"name":"Risbohults såg","lines":"611","arr":["611"],"terminus":0,"mode":"bus","color":"#0059a9","colorDark":"#00294f","angle":179.6,"snapDist":4,"label":1}},{"type":"Feature","geometry":{"type":"Point","coordinates":[12.41741,57.699762]},"properties":{"name":"Grönhult","lines":"611","arr":["611"],"terminus":0,"mode":"bus","color":"#0059a9","colorDark":"#00294f","angle":164,"snapDist":9,"label":1}},{"type":"Feature","geometry":{"type":"Point","coordinates":[12.432701,57.702674]},"properties":{"name":"Slalomvägen","lines":"611","arr":["611"],"terminus":0,"mode":"bus","color":"#0059a9","colorDark":"#00294f","angle":160.5,"snapDist":6,"label":1}},{"type":"Feature","geometry":{"type":"Point","coordinates":[12.438683,57.703564]},"properties":{"name":"Dämmevägen","lines":"611","arr":["611"],"terminus":0,"mode":"bus","color":"#0059a9","colorDark":"#00294f","angle":168.7,"snapDist":4,"label":1}},{"type":"Feature","geometry":{"type":"Point","coordinates":[12.4423,57.704241]},"properties":{"name":"Stationsvägen","lines":"611","arr":["611"],"terminus":0,"mode":"bus","color":"#0059a9","colorDark":"#00294f","angle":157.8,"snapDist":7,"label":1}},{"type":"Feature","geometry":{"type":"Point","coordinates":[12.451863,57.704656]},"properties":{"name":"Hindås station","lines":"611","arr":["611"],"terminus":0,"mode":"bus","color":"#0059a9","colorDark":"#00294f","angle":179.1,"snapDist":1,"label":1}},{"type":"Feature","geometry":{"type":"Point","coordinates":[12.460734,57.705392]},"properties":{"name":"Haråsvägen","lines":"611","arr":["611"],"terminus":0,"mode":"bus","color":"#0059a9","colorDark":"#00294f","angle":144.5,"snapDist":6,"label":1}},{"type":"Feature","geometry":{"type":"Point","coordinates":[12.468559,57.706355]},"properties":{"name":"Hindåsgården","lines":"611","arr":["611"],"terminus":0,"mode":"bus","color":"#0059a9","colorDark":"#00294f","angle":240.8,"snapDist":6,"label":1}},{"type":"Feature","geometry":{"type":"Point","coordinates":[12.467715,57.701046]},"properties":{"name":"Klockarevägen","lines":"611","arr":["611"],"terminus":0,"mode":"bus","color":"#0059a9","colorDark":"#00294f","angle":268.8,"snapDist":3,"label":1}},{"type":"Feature","geometry":{"type":"Point","coordinates":[12.470689,57.69653]},"properties":{"name":"Sundshult","lines":"611","arr":["611"],"terminus":0,"mode":"bus","color":"#0059a9","colorDark":"#00294f","angle":249.8,"snapDist":3,"label":1}},{"type":"Feature","geometry":{"type":"Point","coordinates":[12.474684,57.689309]},"properties":{"name":"Lilla Bugärde","lines":"611","arr":["611"],"terminus":0,"mode":"bus","color":"#0059a9","colorDark":"#00294f","angle":247.1,"snapDist":4,"label":1}},{"type":"Feature","geometry":{"type":"Point","coordinates":[12.479644,57.682999]},"properties":{"name":"Klippan","lines":"611","arr":["611"],"terminus":0,"mode":"bus","color":"#0059a9","colorDark":"#00294f","angle":246.9,"snapDist":3,"label":1}},{"type":"Feature","geometry":{"type":"Point","coordinates":[12.484963,57.676247]},"properties":{"name":"Hägnen","lines":"611","arr":["611"],"terminus":0,"mode":"bus","color":"#0059a9","colorDark":"#00294f","angle":246.9,"snapDist":6,"label":1}},{"type":"Feature","geometry":{"type":"Point","coordinates":[12.48711,57.672113]},"properties":{"name":"Grandalen","lines":"611","arr":["611"],"terminus":0,"mode":"bus","color":"#0059a9","colorDark":"#00294f","angle":261.7,"snapDist":2,"label":1}},{"type":"Feature","geometry":{"type":"Point","coordinates":[12.486496,57.6557]},"properties":{"name":"Hedebergsvägen","lines":"611","arr":["611"],"terminus":0,"mode":"bus","color":"#0059a9","colorDark":"#00294f","angle":256,"snapDist":6,"label":1}},{"type":"Feature","geometry":{"type":"Point","coordinates":[12.496717,57.654182]},"properties":{"name":"Boråsvägen","lines":"611","arr":["611"],"terminus":0,"mode":"bus","color":"#0059a9","colorDark":"#00294f","angle":329.8,"snapDist":5,"label":1}},{"type":"Feature","geometry":{"type":"Point","coordinates":[12.500555,57.654818]},"properties":{"name":"Rävlanda station","lines":"611","arr":["611"],"terminus":0,"mode":"bus","color":"#0059a9","colorDark":"#00294f","angle":194.5,"snapDist":0,"label":1}},{"type":"Feature","geometry":{"type":"Point","coordinates":[12.498976,57.656859]},"properties":{"name":"Gärdet","lines":"611","arr":["611"],"terminus":0,"mode":"bus","color":"#0059a9","colorDark":"#00294f","angle":122.8,"snapDist":5,"label":1}},{"type":"Feature","geometry":{"type":"Point","coordinates":[12.50396,57.658223]},"properties":{"name":"Casparssons","lines":"611","arr":["611"],"terminus":0,"mode":"bus","color":"#0059a9","colorDark":"#00294f","angle":179.3,"snapDist":2,"label":1}},{"type":"Feature","geometry":{"type":"Point","coordinates":[12.51213,57.658409]},"properties":{"name":"Rävlanda eftervårdsklinik","lines":"611","arr":["611"],"terminus":0,"mode":"bus","color":"#0059a9","colorDark":"#00294f","angle":167.3,"snapDist":4,"label":1}},{"type":"Feature","geometry":{"type":"Point","coordinates":[12.534267,57.660213]},"properties":{"name":"Forsa","lines":"611","arr":["611"],"terminus":0,"mode":"bus","color":"#0059a9","colorDark":"#00294f","angle":149.4,"snapDist":6,"label":1}},{"type":"Feature","geometry":{"type":"Point","coordinates":[12.551627,57.664568]},"properties":{"name":"Kungsbackavägen","lines":"611","arr":["611"],"terminus":0,"mode":"bus","color":"#0059a9","colorDark":"#00294f","angle":174.8,"snapDist":3,"label":1}},{"type":"Feature","geometry":{"type":"Point","coordinates":[12.560545,57.665938]},"properties":{"name":"Vinkelvägen","lines":"611","arr":["611"],"terminus":0,"mode":"bus","color":"#0059a9","colorDark":"#00294f","angle":157.3,"snapDist":2,"label":1}},{"type":"Feature","geometry":{"type":"Point","coordinates":[12.560541,57.665937]},"properties":{"name":"Vinkelvägen","lines":"611","arr":["611"],"terminus":0,"mode":"bus","color":"#0059a9","colorDark":"#00294f","angle":337.3,"snapDist":5,"label":0}},{"type":"Feature","geometry":{"type":"Point","coordinates":[12.5515,57.664562]},"properties":{"name":"Kungsbackavägen","lines":"611","arr":["611"],"terminus":0,"mode":"bus","color":"#0059a9","colorDark":"#00294f","angle":354.8,"snapDist":4,"label":0}},{"type":"Feature","geometry":{"type":"Point","coordinates":[12.530303,57.660016]},"properties":{"name":"Forsa","lines":"611","arr":["611"],"terminus":0,"mode":"bus","color":"#0059a9","colorDark":"#00294f","angle":335.8,"snapDist":7,"label":1}},{"type":"Feature","geometry":{"type":"Point","coordinates":[12.511607,57.658346]},"properties":{"name":"Rävlanda eftervårdsklinik","lines":"611","arr":["611"],"terminus":0,"mode":"bus","color":"#0059a9","colorDark":"#00294f","angle":347.3,"snapDist":4,"label":0}},{"type":"Feature","geometry":{"type":"Point","coordinates":[12.50389,57.658223]},"properties":{"name":"Casparssons","lines":"611","arr":["611"],"terminus":0,"mode":"bus","color":"#0059a9","colorDark":"#00294f","angle":359.3,"snapDist":2,"label":0}},{"type":"Feature","geometry":{"type":"Point","coordinates":[12.498185,57.65633]},"properties":{"name":"Gärdet","lines":"611","arr":["611"],"terminus":0,"mode":"bus","color":"#0059a9","colorDark":"#00294f","angle":310,"snapDist":4,"label":0}},{"type":"Feature","geometry":{"type":"Point","coordinates":[12.494708,57.654376]},"properties":{"name":"Boråsvägen","lines":"611","arr":["611"],"terminus":0,"mode":"bus","color":"#0059a9","colorDark":"#00294f","angle":19.8,"snapDist":12,"label":0}},{"type":"Feature","geometry":{"type":"Point","coordinates":[12.486258,57.65629]},"properties":{"name":"Hedebergsvägen","lines":"611","arr":["611"],"terminus":0,"mode":"bus","color":"#0059a9","colorDark":"#00294f","angle":80.8,"snapDist":6,"label":0}},{"type":"Feature","geometry":{"type":"Point","coordinates":[12.487069,57.672295]},"properties":{"name":"Grandalen","lines":"611","arr":["611"],"terminus":0,"mode":"bus","color":"#0059a9","colorDark":"#00294f","angle":83.5,"snapDist":5,"label":0}},{"type":"Feature","geometry":{"type":"Point","coordinates":[12.4849,57.676325]},"properties":{"name":"Hägnen","lines":"611","arr":["611"],"terminus":0,"mode":"bus","color":"#0059a9","colorDark":"#00294f","angle":67.6,"snapDist":3,"label":0}},{"type":"Feature","geometry":{"type":"Point","coordinates":[12.479675,57.682959]},"properties":{"name":"Klippan","lines":"611","arr":["611"],"terminus":0,"mode":"bus","color":"#0059a9","colorDark":"#00294f","angle":66.9,"snapDist":6,"label":0}},{"type":"Feature","geometry":{"type":"Point","coordinates":[12.47467,57.689326]},"properties":{"name":"Lilla Bugärde","lines":"611","arr":["611"],"terminus":0,"mode":"bus","color":"#0059a9","colorDark":"#00294f","angle":67.1,"snapDist":7,"label":0}},{"type":"Feature","geometry":{"type":"Point","coordinates":[12.470574,57.696693]},"properties":{"name":"Sundshult","lines":"611","arr":["611"],"terminus":0,"mode":"bus","color":"#0059a9","colorDark":"#00294f","angle":67.4,"snapDist":5,"label":0}},{"type":"Feature","geometry":{"type":"Point","coordinates":[12.467732,57.700669]},"properties":{"name":"Klockarevägen","lines":"611","arr":["611"],"terminus":0,"mode":"bus","color":"#0059a9","colorDark":"#00294f","angle":87.6,"snapDist":1,"label":0}},{"type":"Feature","geometry":{"type":"Point","coordinates":[12.46827,57.706735]},"properties":{"name":"Hindåsgården","lines":"611","arr":["611"],"terminus":0,"mode":"bus","color":"#0059a9","colorDark":"#00294f","angle":73,"snapDist":8,"label":0}},{"type":"Feature","geometry":{"type":"Point","coordinates":[12.461214,57.70559]},"properties":{"name":"Haråsvägen","lines":"611","arr":["611"],"terminus":0,"mode":"bus","color":"#0059a9","colorDark":"#00294f","angle":319.9,"snapDist":11,"label":0}},{"type":"Feature","geometry":{"type":"Point","coordinates":[12.451558,57.704659]},"properties":{"name":"Hindås station","lines":"611","arr":["611"],"terminus":0,"mode":"bus","color":"#0059a9","colorDark":"#00294f","angle":1.4,"snapDist":3,"label":0}},{"type":"Feature","geometry":{"type":"Point","coordinates":[12.440663,57.703887]},"properties":{"name":"Stationsvägen","lines":"611","arr":["611"],"terminus":0,"mode":"bus","color":"#0059a9","colorDark":"#00294f","angle":337.5,"snapDist":5,"label":0}},{"type":"Feature","geometry":{"type":"Point","coordinates":[12.437001,57.703401]},"properties":{"name":"Dämmevägen","lines":"611","arr":["611"],"terminus":0,"mode":"bus","color":"#0059a9","colorDark":"#00294f","angle":347.7,"snapDist":8,"label":0}},{"type":"Feature","geometry":{"type":"Point","coordinates":[12.432409,57.702618]},"properties":{"name":"Slalomvägen","lines":"611","arr":["611"],"terminus":0,"mode":"bus","color":"#0059a9","colorDark":"#00294f","angle":340.2,"snapDist":2,"label":0}},{"type":"Feature","geometry":{"type":"Point","coordinates":[12.416297,57.699608]},"properties":{"name":"Grönhult","lines":"611","arr":["611"],"terminus":0,"mode":"bus","color":"#0059a9","colorDark":"#00294f","angle":345.9,"snapDist":10,"label":0}},{"type":"Feature","geometry":{"type":"Point","coordinates":[12.397132,57.696906]},"properties":{"name":"Risbohults såg","lines":"611","arr":["611"],"terminus":0,"mode":"bus","color":"#0059a9","colorDark":"#00294f","angle":0.4,"snapDist":9,"label":0}},{"type":"Feature","geometry":{"type":"Point","coordinates":[12.381972,57.695179]},"properties":{"name":"Skogstorp","lines":"611","arr":["611"],"terminus":0,"mode":"bus","color":"#0059a9","colorDark":"#00294f","angle":335.4,"snapDist":5,"label":0}},{"type":"Feature","geometry":{"type":"Point","coordinates":[12.376498,57.695646]},"properties":{"name":"Aleslättsvägen","lines":"611","arr":["611"],"terminus":0,"mode":"bus","color":"#0059a9","colorDark":"#00294f","angle":64.6,"snapDist":0,"label":0}},{"type":"Feature","geometry":{"type":"Point","coordinates":[12.373077,57.697626]},"properties":{"name":"Dalavägen","lines":"611","arr":["611"],"terminus":0,"mode":"bus","color":"#0059a9","colorDark":"#00294f","angle":4,"snapDist":5,"label":0}},{"type":"Feature","geometry":{"type":"Point","coordinates":[12.363067,57.69719]},"properties":{"name":"Buatjärnsvägen","lines":"611","arr":["611"],"terminus":0,"mode":"bus","color":"#0059a9","colorDark":"#00294f","angle":355.2,"snapDist":5,"label":0}},{"type":"Feature","geometry":{"type":"Point","coordinates":[12.351303,57.696901]},"properties":{"name":"Rya sand","lines":"611","arr":["611"],"terminus":0,"mode":"bus","color":"#0059a9","colorDark":"#00294f","angle":356.4,"snapDist":2,"label":0}},{"type":"Feature","geometry":{"type":"Point","coordinates":[12.340707,57.694438]},"properties":{"name":"Härskogsvägen","lines":"611","arr":["611"],"terminus":0,"mode":"bus","color":"#0059a9","colorDark":"#00294f","angle":328.5,"snapDist":14,"label":0}},{"type":"Feature","geometry":{"type":"Point","coordinates":[12.325299,57.691487]},"properties":{"name":"Lillhult","lines":"611","arr":["611"],"terminus":0,"mode":"bus","color":"#0059a9","colorDark":"#00294f","angle":339.2,"snapDist":12,"label":0}},{"type":"Feature","geometry":{"type":"Point","coordinates":[12.306048,57.691143]},"properties":{"name":"Härryda kyrka","lines":"611, 612","arr":["611","612"],"terminus":0,"mode":"bus","color":"#0059a9","colorDark":"#00294f","angle":25.2,"snapDist":2,"label":0}},{"type":"Feature","geometry":{"type":"Point","coordinates":[12.300101,57.691985]},"properties":{"name":"Härryda skola","lines":"611, 612","arr":["611","612"],"terminus":0,"mode":"bus","color":"#0059a9","colorDark":"#00294f","angle":6.8,"snapDist":3,"label":0}},{"type":"Feature","geometry":{"type":"Point","coordinates":[12.290136,57.691852]},"properties":{"name":"Assmundtorp","lines":"611, 612","arr":["611","612"],"terminus":0,"mode":"bus","color":"#0059a9","colorDark":"#00294f","angle":351.8,"snapDist":3,"label":0}},{"type":"Feature","geometry":{"type":"Point","coordinates":[12.281808,57.691234]},"properties":{"name":"Skårtorpsvägen","lines":"611, 612","arr":["611","612"],"terminus":0,"mode":"bus","color":"#0059a9","colorDark":"#00294f","angle":340.2,"snapDist":1,"label":1}},{"type":"Feature","geometry":{"type":"Point","coordinates":[12.277271,57.689601]},"properties":{"name":"Margretedalsvägen","lines":"611, 612","arr":["611","612"],"terminus":0,"mode":"bus","color":"#0059a9","colorDark":"#00294f","angle":325.4,"snapDist":3,"label":0}},{"type":"Feature","geometry":{"type":"Point","coordinates":[12.269723,57.688301]},"properties":{"name":"Chalmers golfklubb","lines":"611, 612","arr":["611","612"],"terminus":0,"mode":"bus","color":"#0059a9","colorDark":"#00294f","angle":359.3,"snapDist":3,"label":0}},{"type":"Feature","geometry":{"type":"Point","coordinates":[12.264266,57.687952]},"properties":{"name":"Snåkered","lines":"611, 612","arr":["611","612"],"terminus":0,"mode":"bus","color":"#0059a9","colorDark":"#00294f","angle":339.7,"snapDist":4,"label":0}},{"type":"Feature","geometry":{"type":"Point","coordinates":[12.259158,57.686904]},"properties":{"name":"Snåkered västergård","lines":"611, 612","arr":["611","612"],"terminus":0,"mode":"bus","color":"#0059a9","colorDark":"#00294f","angle":338.1,"snapDist":3,"label":0}},{"type":"Feature","geometry":{"type":"Point","coordinates":[12.251033,57.686329]},"properties":{"name":"Lisebergsvägen","lines":"611, 612","arr":["611","612"],"terminus":0,"mode":"bus","color":"#0059a9","colorDark":"#00294f","angle":344.4,"snapDist":5,"label":0}},{"type":"Feature","geometry":{"type":"Point","coordinates":[12.243405,57.685067]},"properties":{"name":"Skällareds bro","lines":"611, 612","arr":["611","612"],"terminus":0,"mode":"bus","color":"#0059a9","colorDark":"#00294f","angle":350.2,"snapDist":7,"label":0}},{"type":"Feature","geometry":{"type":"Point","coordinates":[12.232608,57.684828]},"properties":{"name":"Skällared","lines":"611, 612, 620","arr":["611","612","620"],"terminus":0,"mode":"bus","color":"#0059a9","colorDark":"#00294f","angle":352.6,"snapDist":5,"label":0}},{"type":"Feature","geometry":{"type":"Point","coordinates":[12.22592,57.684966]},"properties":{"name":"Björkåsen","lines":"611, 612, 620","arr":["611","612","620"],"terminus":0,"mode":"bus","color":"#0059a9","colorDark":"#00294f","angle":4.4,"snapDist":5,"label":0}},{"type":"Feature","geometry":{"type":"Point","coordinates":[12.212739,57.685976]},"properties":{"name":"Landvetter resecentrum","lines":"611","arr":["611"],"terminus":0,"mode":"bus","color":"#0059a9","colorDark":"#00294f","angle":29.3,"snapDist":3,"label":0}},{"type":"Feature","geometry":{"type":"Point","coordinates":[12.199676,57.685768]},"properties":{"name":"Solhem","lines":"611","arr":["611"],"terminus":0,"mode":"bus","color":"#0059a9","colorDark":"#00294f","angle":355.6,"snapDist":1,"label":0}},{"type":"Feature","geometry":{"type":"Point","coordinates":[12.194009,57.685662]},"properties":{"name":"Grönhultsvägen","lines":"611","arr":["611"],"terminus":0,"mode":"bus","color":"#0059a9","colorDark":"#00294f","angle":7.1,"snapDist":1,"label":0}},{"type":"Feature","geometry":{"type":"Point","coordinates":[12.191239,57.685047]},"properties":{"name":"Bårekulla","lines":"611","arr":["611"],"terminus":0,"mode":"bus","color":"#0059a9","colorDark":"#00294f","angle":311.1,"snapDist":3,"label":0}},{"type":"Feature","geometry":{"type":"Point","coordinates":[12.185746,57.682645]},"properties":{"name":"Slamby","lines":"611","arr":["611"],"terminus":0,"mode":"bus","color":"#0059a9","colorDark":"#00294f","angle":327.5,"snapDist":3,"label":0}},{"type":"Feature","geometry":{"type":"Point","coordinates":[12.161801,57.677143]},"properties":{"name":"Röset","lines":"611","arr":["611"],"terminus":0,"mode":"bus","color":"#0059a9","colorDark":"#00294f","angle":344.7,"snapDist":3,"label":0}},{"type":"Feature","geometry":{"type":"Point","coordinates":[12.152143,57.67506]},"properties":{"name":"Källdalen","lines":"611","arr":["611"],"terminus":0,"mode":"bus","color":"#0059a9","colorDark":"#00294f","angle":352.4,"snapDist":3,"label":0}},{"type":"Feature","geometry":{"type":"Point","coordinates":[12.137713,57.671746]},"properties":{"name":"Wendelstrand","lines":"611","arr":["611"],"terminus":0,"mode":"bus","color":"#0059a9","colorDark":"#00294f","angle":344.8,"snapDist":6,"label":0}},{"type":"Feature","geometry":{"type":"Point","coordinates":[12.127671,57.670487]},"properties":{"name":"Bråta by","lines":"611","arr":["611"],"terminus":0,"mode":"bus","color":"#0059a9","colorDark":"#00294f","angle":320.2,"snapDist":6,"label":0}},{"type":"Feature","geometry":{"type":"Point","coordinates":[12.113925,57.666342]},"properties":{"name":"Solsten","lines":"611, 3, X4","arr":["611","HA3","X4"],"terminus":0,"mode":"bus","color":"#0059a9","colorDark":"#00294f","angle":252.4,"snapDist":3,"label":0}},{"type":"Feature","geometry":{"type":"Point","coordinates":[12.115212,57.661926]},"properties":{"name":"Kyrkvägen","lines":"611, 3, X4","arr":["611","HA3","X4"],"terminus":0,"mode":"bus","color":"#0059a9","colorDark":"#00294f","angle":243.5,"snapDist":5,"label":0}},{"type":"Feature","geometry":{"type":"Point","coordinates":[12.117794,57.65915]},"properties":{"name":"Hulebäcksgymnasiet","lines":"611, 3, X4","arr":["611","HA3","X4"],"terminus":0,"mode":"bus","color":"#0059a9","colorDark":"#00294f","angle":243.8,"snapDist":1,"label":0}},{"type":"Feature","geometry":{"type":"Point","coordinates":[12.295415,57.667461]},"properties":{"name":"Landvetter flygplats","lines":"612","arr":["612"],"terminus":1,"mode":"bus","color":"#0059a9","colorDark":"#00294f","angle":115.7,"snapDist":3,"label":1}},{"type":"Feature","geometry":{"type":"Point","coordinates":[12.298436,57.66745]},"properties":{"name":"Landvetterhotellet","lines":"612, FLYG","arr":["612","FLYG"],"terminus":0,"mode":"bus","color":"#0059a9","colorDark":"#00294f","angle":115.8,"snapDist":1,"label":1}},{"type":"Feature","geometry":{"type":"Point","coordinates":[12.307971,57.676871]},"properties":{"name":"Logistikvägen","lines":"612","arr":["612"],"terminus":0,"mode":"bus","color":"#0059a9","colorDark":"#00294f","angle":82.8,"snapDist":12,"label":1}},{"type":"Feature","geometry":{"type":"Point","coordinates":[12.213383,57.686204]},"properties":{"name":"Landvetter resecentrum","lines":"612","arr":["612"],"terminus":0,"mode":"bus","color":"#0059a9","colorDark":"#00294f","angle":-149.2,"snapDist":12,"label":0}},{"type":"Feature","geometry":{"type":"Point","coordinates":[12.219315,57.689071]},"properties":{"name":"Södra Stomvägen","lines":"612","arr":["612"],"terminus":0,"mode":"bus","color":"#0059a9","colorDark":"#00294f","angle":84.3,"snapDist":1,"label":1}},{"type":"Feature","geometry":{"type":"Point","coordinates":[12.221528,57.691811]},"properties":{"name":"Lunnaskolan","lines":"612","arr":["612"],"terminus":0,"mode":"bus","color":"#0059a9","colorDark":"#00294f","angle":99.6,"snapDist":2,"label":1}},{"type":"Feature","geometry":{"type":"Point","coordinates":[12.215464,57.693651]},"properties":{"name":"Blåklockevägen","lines":"612","arr":["612"],"terminus":0,"mode":"bus","color":"#0059a9","colorDark":"#00294f","angle":16.3,"snapDist":3,"label":1}},{"type":"Feature","geometry":{"type":"Point","coordinates":[12.21555,57.693638]},"properties":{"name":"Blåklockevägen","lines":"612","arr":["612"],"terminus":0,"mode":"bus","color":"#0059a9","colorDark":"#00294f","angle":196.3,"snapDist":3,"label":0}},{"type":"Feature","geometry":{"type":"Point","coordinates":[12.221499,57.69172]},"properties":{"name":"Lunnaskolan","lines":"612","arr":["612"],"terminus":0,"mode":"bus","color":"#0059a9","colorDark":"#00294f","angle":280.6,"snapDist":3,"label":0}},{"type":"Feature","geometry":{"type":"Point","coordinates":[12.219356,57.688749]},"properties":{"name":"Södra Stomvägen","lines":"612","arr":["612"],"terminus":0,"mode":"bus","color":"#0059a9","colorDark":"#00294f","angle":267.6,"snapDist":4,"label":0}},{"type":"Feature","geometry":{"type":"Point","coordinates":[12.213057,57.686061]},"properties":{"name":"Landvetter resecentrum","lines":"612","arr":["612"],"terminus":0,"mode":"bus","color":"#0059a9","colorDark":"#00294f","angle":32.2,"snapDist":6,"label":0}},{"type":"Feature","geometry":{"type":"Point","coordinates":[12.306143,57.676817]},"properties":{"name":"Logistikvägen","lines":"612","arr":["612"],"terminus":0,"mode":"bus","color":"#0059a9","colorDark":"#00294f","angle":282.8,"snapDist":7,"label":0}},{"type":"Feature","geometry":{"type":"Point","coordinates":[12.302861,57.673656]},"properties":{"name":"Hangarvägen","lines":"612, FLYG","arr":["612","FLYG"],"terminus":0,"mode":"bus","color":"#0059a9","colorDark":"#00294f","angle":295.6,"snapDist":10,"label":1}},{"type":"Feature","geometry":{"type":"Point","coordinates":[12.213501,57.686231]},"properties":{"name":"Landvetter resecentrum","lines":"620","arr":["620"],"terminus":1,"mode":"bus","color":"#0059a9","colorDark":"#00294f","angle":31.1,"snapDist":0,"label":0}},{"type":"Feature","geometry":{"type":"Point","coordinates":[12.24101,57.6813]},"properties":{"name":"Backavägen","lines":"620","arr":["620"],"terminus":0,"mode":"bus","color":"#0059a9","colorDark":"#00294f","angle":273,"snapDist":7,"label":1}},{"type":"Feature","geometry":{"type":"Point","coordinates":[12.242152,57.676538]},"properties":{"name":"Björröd industriområde","lines":"620","arr":["620"],"terminus":0,"mode":"bus","color":"#0059a9","colorDark":"#00294f","angle":244.1,"snapDist":2,"label":1}},{"type":"Feature","geometry":{"type":"Point","coordinates":[12.243511,57.672875]},"properties":{"name":"Alberts väg","lines":"620","arr":["620"],"terminus":0,"mode":"bus","color":"#0059a9","colorDark":"#00294f","angle":270.2,"snapDist":3,"label":1}},{"type":"Feature","geometry":{"type":"Point","coordinates":[12.243142,57.669925]},"properties":{"name":"Björröd","lines":"620","arr":["620"],"terminus":0,"mode":"bus","color":"#0059a9","colorDark":"#00294f","angle":252,"snapDist":2,"label":1}},{"type":"Feature","geometry":{"type":"Point","coordinates":[12.244992,57.664585]},"properties":{"name":"Dybrovägen","lines":"620","arr":["620"],"terminus":0,"mode":"bus","color":"#0059a9","colorDark":"#00294f","angle":272.4,"snapDist":3,"label":1}},{"type":"Feature","geometry":{"type":"Point","coordinates":[12.245286,57.661209]},"properties":{"name":"Fågelvägen","lines":"620","arr":["620"],"terminus":0,"mode":"bus","color":"#0059a9","colorDark":"#00294f","angle":260.1,"snapDist":3,"label":1}},{"type":"Feature","geometry":{"type":"Point","coordinates":[12.246485,57.655385]},"properties":{"name":"Skällsjöås","lines":"620","arr":["620"],"terminus":0,"mode":"bus","color":"#0059a9","colorDark":"#00294f","angle":244.2,"snapDist":4,"label":1}},{"type":"Feature","geometry":{"type":"Point","coordinates":[12.249967,57.64882]},"properties":{"name":"Buarås","lines":"620","arr":["620"],"terminus":0,"mode":"bus","color":"#0059a9","colorDark":"#00294f","angle":259.4,"snapDist":3,"label":1}},{"type":"Feature","geometry":{"type":"Point","coordinates":[12.254591,57.640902]},"properties":{"name":"Vrestabyvägen","lines":"620","arr":["620"],"terminus":0,"mode":"bus","color":"#0059a9","colorDark":"#00294f","angle":237.8,"snapDist":1,"label":1}},{"type":"Feature","geometry":{"type":"Point","coordinates":[12.261153,57.635575]},"properties":{"name":"Mossen","lines":"620","arr":["620"],"terminus":0,"mode":"bus","color":"#0059a9","colorDark":"#00294f","angle":224,"snapDist":10,"label":1}},{"type":"Feature","geometry":{"type":"Point","coordinates":[12.282739,57.616612]},"properties":{"name":"Eskilsby skola","lines":"620","arr":["620"],"terminus":0,"mode":"bus","color":"#0059a9","colorDark":"#00294f","angle":197.3,"snapDist":5,"label":1}},{"type":"Feature","geometry":{"type":"Point","coordinates":[12.290881,57.615523]},"properties":{"name":"Kärrhallen","lines":"620","arr":["620"],"terminus":0,"mode":"bus","color":"#0059a9","colorDark":"#00294f","angle":196.4,"snapDist":3,"label":1}},{"type":"Feature","geometry":{"type":"Point","coordinates":[12.254103,57.606044]},"properties":{"name":"Inseros","lines":"620, 762, 763","arr":["620","762","763"],"terminus":1,"mode":"bus","color":"#0059a9","colorDark":"#00294f","angle":213.6,"snapDist":2,"label":1}},{"type":"Feature","geometry":{"type":"Point","coordinates":[12.290933,57.615515]},"properties":{"name":"Kärrhallen","lines":"620","arr":["620"],"terminus":0,"mode":"bus","color":"#0059a9","colorDark":"#00294f","angle":19,"snapDist":5,"label":0}},{"type":"Feature","geometry":{"type":"Point","coordinates":[12.282205,57.616745]},"properties":{"name":"Eskilsby skola","lines":"620","arr":["620"],"terminus":0,"mode":"bus","color":"#0059a9","colorDark":"#00294f","angle":32.1,"snapDist":6,"label":0}},{"type":"Feature","geometry":{"type":"Point","coordinates":[12.260878,57.635718]},"properties":{"name":"Mossen","lines":"620","arr":["620"],"terminus":0,"mode":"bus","color":"#0059a9","colorDark":"#00294f","angle":46.6,"snapDist":1,"label":0}},{"type":"Feature","geometry":{"type":"Point","coordinates":[12.254531,57.640958]},"properties":{"name":"Vrestabyvägen","lines":"620","arr":["620"],"terminus":0,"mode":"bus","color":"#0059a9","colorDark":"#00294f","angle":66.3,"snapDist":1,"label":0}},{"type":"Feature","geometry":{"type":"Point","coordinates":[12.249948,57.648875]},"properties":{"name":"Buarås","lines":"620","arr":["620"],"terminus":0,"mode":"bus","color":"#0059a9","colorDark":"#00294f","angle":79.4,"snapDist":2,"label":0}},{"type":"Feature","geometry":{"type":"Point","coordinates":[12.246496,57.655373]},"properties":{"name":"Skällsjöås","lines":"620","arr":["620"],"terminus":0,"mode":"bus","color":"#0059a9","colorDark":"#00294f","angle":63.4,"snapDist":2,"label":0}},{"type":"Feature","geometry":{"type":"Point","coordinates":[12.244968,57.662194]},"properties":{"name":"Fågelvägen","lines":"620","arr":["620"],"terminus":0,"mode":"bus","color":"#0059a9","colorDark":"#00294f","angle":81.5,"snapDist":2,"label":0}},{"type":"Feature","geometry":{"type":"Point","coordinates":[12.244969,57.664179]},"properties":{"name":"Dybrovägen","lines":"620","arr":["620"],"terminus":0,"mode":"bus","color":"#0059a9","colorDark":"#00294f","angle":95.4,"snapDist":4,"label":0}},{"type":"Feature","geometry":{"type":"Point","coordinates":[12.243051,57.670073]},"properties":{"name":"Björröd","lines":"620","arr":["620"],"terminus":0,"mode":"bus","color":"#0059a9","colorDark":"#00294f","angle":71.8,"snapDist":3,"label":0}},{"type":"Feature","geometry":{"type":"Point","coordinates":[12.243513,57.672996]},"properties":{"name":"Alberts väg","lines":"620","arr":["620"],"terminus":0,"mode":"bus","color":"#0059a9","colorDark":"#00294f","angle":91.8,"snapDist":5,"label":0}},{"type":"Feature","geometry":{"type":"Point","coordinates":[12.242056,57.676644]},"properties":{"name":"Björröd industriområde","lines":"620","arr":["620"],"terminus":0,"mode":"bus","color":"#0059a9","colorDark":"#00294f","angle":64.1,"snapDist":8,"label":0}},{"type":"Feature","geometry":{"type":"Point","coordinates":[12.240943,57.682143]},"properties":{"name":"Backavägen","lines":"620","arr":["620"],"terminus":0,"mode":"bus","color":"#0059a9","colorDark":"#00294f","angle":72.4,"snapDist":6,"label":0}},{"type":"Feature","geometry":{"type":"Point","coordinates":[12.083034,57.513387]},"properties":{"name":"Hede station","lines":"717","arr":["717"],"terminus":0,"mode":"bus","color":"#0059a9","colorDark":"#00294f","angle":195.2,"snapDist":3,"label":0}},{"type":"Feature","geometry":{"type":"Point","coordinates":[12.079165,57.521023]},"properties":{"name":"Haramossevägen","lines":"717","arr":["717"],"terminus":0,"mode":"bus","color":"#0059a9","colorDark":"#00294f","angle":135.6,"snapDist":4,"label":1}},{"type":"Feature","geometry":{"type":"Point","coordinates":[12.081973,57.524912]},"properties":{"name":"Strandlid","lines":"717","arr":["717"],"terminus":0,"mode":"bus","color":"#0059a9","colorDark":"#00294f","angle":104.5,"snapDist":7,"label":1}},{"type":"Feature","geometry":{"type":"Point","coordinates":[12.092718,57.530975]},"properties":{"name":"Ledsgård","lines":"717","arr":["717"],"terminus":0,"mode":"bus","color":"#0059a9","colorDark":"#00294f","angle":146.7,"snapDist":7,"label":1}},{"type":"Feature","geometry":{"type":"Point","coordinates":[12.103136,57.538587]},"properties":{"name":"Anneberg station","lines":"717, 735","arr":["717","735"],"terminus":0,"mode":"bus","color":"#0059a9","colorDark":"#00294f","angle":186.3,"snapDist":6,"label":0}},{"type":"Feature","geometry":{"type":"Point","coordinates":[12.112404,57.539217]},"properties":{"name":"Lerbergsvägen","lines":"717, 735","arr":["717","735"],"terminus":0,"mode":"bus","color":"#0059a9","colorDark":"#00294f","angle":140.4,"snapDist":2,"label":1}},{"type":"Feature","geometry":{"type":"Point","coordinates":[12.116383,57.542534]},"properties":{"name":"Älvsåkers skola","lines":"717, 735","arr":["717","735"],"terminus":0,"mode":"bus","color":"#0059a9","colorDark":"#00294f","angle":273.8,"snapDist":2,"label":1}},{"type":"Feature","geometry":{"type":"Point","coordinates":[12.129942,57.542456]},"properties":{"name":"Dalavallen","lines":"717","arr":["717"],"terminus":0,"mode":"bus","color":"#0059a9","colorDark":"#00294f","angle":180.3,"snapDist":4,"label":1}},{"type":"Feature","geometry":{"type":"Point","coordinates":[12.138439,57.542734]},"properties":{"name":"Kussered","lines":"717","arr":["717"],"terminus":0,"mode":"bus","color":"#0059a9","colorDark":"#00294f","angle":197,"snapDist":5,"label":1}},{"type":"Feature","geometry":{"type":"Point","coordinates":[12.148181,57.541997]},"properties":{"name":"Älvsåkersgården","lines":"717","arr":["717"],"terminus":0,"mode":"bus","color":"#0059a9","colorDark":"#00294f","angle":179.9,"snapDist":6,"label":1}},{"type":"Feature","geometry":{"type":"Point","coordinates":[12.161874,57.544717]},"properties":{"name":"Hjälmared","lines":"717","arr":["717"],"terminus":0,"mode":"bus","color":"#0059a9","colorDark":"#00294f","angle":181.3,"snapDist":3,"label":1}},{"type":"Feature","geometry":{"type":"Point","coordinates":[12.167832,57.544884]},"properties":{"name":"Myreklevsvägen","lines":"717","arr":["717"],"terminus":0,"mode":"bus","color":"#0059a9","colorDark":"#00294f","angle":193.8,"snapDist":2,"label":1}},{"type":"Feature","geometry":{"type":"Point","coordinates":[12.17328,57.546301]},"properties":{"name":"Västra Ryared","lines":"717","arr":["717"],"terminus":0,"mode":"bus","color":"#0059a9","colorDark":"#00294f","angle":149.5,"snapDist":6,"label":1}},{"type":"Feature","geometry":{"type":"Point","coordinates":[12.183238,57.549257]},"properties":{"name":"Ryared","lines":"717","arr":["717"],"terminus":0,"mode":"bus","color":"#0059a9","colorDark":"#00294f","angle":-25.1,"snapDist":11,"label":1}},{"type":"Feature","geometry":{"type":"Point","coordinates":[12.196951,57.552658]},"properties":{"name":"Stenen","lines":"717","arr":["717"],"terminus":0,"mode":"bus","color":"#0059a9","colorDark":"#00294f","angle":163.1,"snapDist":1,"label":1}},{"type":"Feature","geometry":{"type":"Point","coordinates":[12.198763,57.553094]},"properties":{"name":"Granbacken","lines":"717","arr":["717"],"terminus":0,"mode":"bus","color":"#0059a9","colorDark":"#00294f","angle":146.4,"snapDist":3,"label":1}},{"type":"Feature","geometry":{"type":"Point","coordinates":[12.206706,57.55646]},"properties":{"name":"Fjälebo skola","lines":"717","arr":["717"],"terminus":0,"mode":"bus","color":"#0059a9","colorDark":"#00294f","angle":127.4,"snapDist":5,"label":1}},{"type":"Feature","geometry":{"type":"Point","coordinates":[12.211139,57.561807]},"properties":{"name":"Rammberg","lines":"717","arr":["717"],"terminus":0,"mode":"bus","color":"#0059a9","colorDark":"#00294f","angle":116.2,"snapDist":3,"label":1}},{"type":"Feature","geometry":{"type":"Point","coordinates":[12.216329,57.565467]},"properties":{"name":"Rågdal","lines":"717","arr":["717"],"terminus":0,"mode":"bus","color":"#0059a9","colorDark":"#00294f","angle":145.9,"snapDist":2,"label":1}},{"type":"Feature","geometry":{"type":"Point","coordinates":[12.224993,57.570256]},"properties":{"name":"Salvebo södra","lines":"717","arr":["717"],"terminus":0,"mode":"bus","color":"#0059a9","colorDark":"#00294f","angle":127.1,"snapDist":0,"label":1}},{"type":"Feature","geometry":{"type":"Point","coordinates":[12.229368,57.572096]},"properties":{"name":"Salvebo norra","lines":"717","arr":["717"],"terminus":0,"mode":"bus","color":"#0059a9","colorDark":"#00294f","angle":133.3,"snapDist":5,"label":1}},{"type":"Feature","geometry":{"type":"Point","coordinates":[12.236474,57.574719]},"properties":{"name":"Sjöbo","lines":"717","arr":["717"],"terminus":0,"mode":"bus","color":"#0059a9","colorDark":"#00294f","angle":160.1,"snapDist":1,"label":1}},{"type":"Feature","geometry":{"type":"Point","coordinates":[12.245272,57.575175]},"properties":{"name":"Långenäs","lines":"717","arr":["717"],"terminus":0,"mode":"bus","color":"#0059a9","colorDark":"#00294f","angle":206.8,"snapDist":3,"label":1}},{"type":"Feature","geometry":{"type":"Point","coordinates":[12.255857,57.577341]},"properties":{"name":"Öjersbo","lines":"717","arr":["717"],"terminus":0,"mode":"bus","color":"#0059a9","colorDark":"#00294f","angle":147,"snapDist":4,"label":1}},{"type":"Feature","geometry":{"type":"Point","coordinates":[12.265946,57.583852]},"properties":{"name":"Borra","lines":"717","arr":["717"],"terminus":0,"mode":"bus","color":"#0059a9","colorDark":"#00294f","angle":84,"snapDist":2,"label":1}},{"type":"Feature","geometry":{"type":"Point","coordinates":[12.268662,57.58762]},"properties":{"name":"Röshult","lines":"717","arr":["717"],"terminus":1,"mode":"bus","color":"#0059a9","colorDark":"#00294f","angle":57.7,"snapDist":1,"label":1}},{"type":"Feature","geometry":{"type":"Point","coordinates":[12.268695,57.587588]},"properties":{"name":"Röshult","lines":"717","arr":["717"],"terminus":1,"mode":"bus","color":"#0059a9","colorDark":"#00294f","angle":83.5,"snapDist":1,"label":0}},{"type":"Feature","geometry":{"type":"Point","coordinates":[12.265969,57.583691]},"properties":{"name":"Borra","lines":"717","arr":["717"],"terminus":0,"mode":"bus","color":"#0059a9","colorDark":"#00294f","angle":269.9,"snapDist":4,"label":0}},{"type":"Feature","geometry":{"type":"Point","coordinates":[12.255068,57.577133]},"properties":{"name":"Öjersbo","lines":"717","arr":["717"],"terminus":0,"mode":"bus","color":"#0059a9","colorDark":"#00294f","angle":340.5,"snapDist":6,"label":0}},{"type":"Feature","geometry":{"type":"Point","coordinates":[12.245288,57.575171]},"properties":{"name":"Långenäs","lines":"717","arr":["717"],"terminus":0,"mode":"bus","color":"#0059a9","colorDark":"#00294f","angle":26.9,"snapDist":4,"label":0}},{"type":"Feature","geometry":{"type":"Point","coordinates":[12.236,57.574617]},"properties":{"name":"Sjöbo","lines":"717","arr":["717"],"terminus":0,"mode":"bus","color":"#0059a9","colorDark":"#00294f","angle":336.5,"snapDist":1,"label":0}},{"type":"Feature","geometry":{"type":"Point","coordinates":[12.229301,57.572061]},"properties":{"name":"Salvebo norra","lines":"717","arr":["717"],"terminus":0,"mode":"bus","color":"#0059a9","colorDark":"#00294f","angle":319.5,"snapDist":12,"label":0}},{"type":"Feature","geometry":{"type":"Point","coordinates":[12.22494,57.570223]},"properties":{"name":"Salvebo södra","lines":"717","arr":["717"],"terminus":0,"mode":"bus","color":"#0059a9","colorDark":"#00294f","angle":310.9,"snapDist":5,"label":0}},{"type":"Feature","geometry":{"type":"Point","coordinates":[12.21592,57.565326]},"properties":{"name":"Rågdal","lines":"717","arr":["717"],"terminus":0,"mode":"bus","color":"#0059a9","colorDark":"#00294f","angle":328.4,"snapDist":3,"label":0}},{"type":"Feature","geometry":{"type":"Point","coordinates":[12.211049,57.561709]},"properties":{"name":"Rammberg","lines":"717","arr":["717"],"terminus":0,"mode":"bus","color":"#0059a9","colorDark":"#00294f","angle":295.9,"snapDist":1,"label":0}},{"type":"Feature","geometry":{"type":"Point","coordinates":[12.205876,57.556019]},"properties":{"name":"Fjälebo skola","lines":"717","arr":["717"],"terminus":0,"mode":"bus","color":"#0059a9","colorDark":"#00294f","angle":318.7,"snapDist":2,"label":0}},{"type":"Feature","geometry":{"type":"Point","coordinates":[12.198702,57.553072]},"properties":{"name":"Granbacken","lines":"717","arr":["717"],"terminus":0,"mode":"bus","color":"#0059a9","colorDark":"#00294f","angle":326.4,"snapDist":4,"label":0}},{"type":"Feature","geometry":{"type":"Point","coordinates":[12.196842,57.55264]},"properties":{"name":"Stenen","lines":"717","arr":["717"],"terminus":0,"mode":"bus","color":"#0059a9","colorDark":"#00294f","angle":343.1,"snapDist":3,"label":0}},{"type":"Feature","geometry":{"type":"Point","coordinates":[12.184809,57.549499]},"properties":{"name":"Ryared","lines":"717","arr":["717"],"terminus":0,"mode":"bus","color":"#0059a9","colorDark":"#00294f","angle":349.9,"snapDist":5,"label":0}},{"type":"Feature","geometry":{"type":"Point","coordinates":[12.173086,57.54624]},"properties":{"name":"Västra Ryared","lines":"717","arr":["717"],"terminus":0,"mode":"bus","color":"#0059a9","colorDark":"#00294f","angle":328.3,"snapDist":4,"label":0}},{"type":"Feature","geometry":{"type":"Point","coordinates":[12.167392,57.544942]},"properties":{"name":"Myreklevsvägen","lines":"717","arr":["717"],"terminus":0,"mode":"bus","color":"#0059a9","colorDark":"#00294f","angle":15.2,"snapDist":2,"label":0}},{"type":"Feature","geometry":{"type":"Point","coordinates":[12.160791,57.54473]},"properties":{"name":"Hjälmared","lines":"717","arr":["717"],"terminus":0,"mode":"bus","color":"#0059a9","colorDark":"#00294f","angle":4.1,"snapDist":5,"label":0}},{"type":"Feature","geometry":{"type":"Point","coordinates":[12.148255,57.541997]},"properties":{"name":"Älvsåkersgården","lines":"717","arr":["717"],"terminus":0,"mode":"bus","color":"#0059a9","colorDark":"#00294f","angle":359.9,"snapDist":8,"label":0}},{"type":"Feature","geometry":{"type":"Point","coordinates":[12.137235,57.542879]},"properties":{"name":"Kussered","lines":"717","arr":["717"],"terminus":0,"mode":"bus","color":"#0059a9","colorDark":"#00294f","angle":5.7,"snapDist":4,"label":0}},{"type":"Feature","geometry":{"type":"Point","coordinates":[12.128213,57.542467]},"properties":{"name":"Dalavallen","lines":"717","arr":["717"],"terminus":0,"mode":"bus","color":"#0059a9","colorDark":"#00294f","angle":2.6,"snapDist":14,"label":0}},{"type":"Feature","geometry":{"type":"Point","coordinates":[12.110746,57.538795]},"properties":{"name":"Lerbergsvägen","lines":"717, 735","arr":["717","735"],"terminus":0,"mode":"bus","color":"#0059a9","colorDark":"#00294f","angle":326.7,"snapDist":4,"label":0}},{"type":"Feature","geometry":{"type":"Point","coordinates":[12.10282,57.5386]},"properties":{"name":"Anneberg station","lines":"717, 735","arr":["717","735"],"terminus":0,"mode":"bus","color":"#0059a9","colorDark":"#00294f","angle":3.3,"snapDist":8,"label":0}},{"type":"Feature","geometry":{"type":"Point","coordinates":[12.092408,57.530866]},"properties":{"name":"Ledsgård","lines":"717, 735","arr":["717","735"],"terminus":0,"mode":"bus","color":"#0059a9","colorDark":"#00294f","angle":326.7,"snapDist":8,"label":0}},{"type":"Feature","geometry":{"type":"Point","coordinates":[12.08166,57.523992]},"properties":{"name":"Strandlid","lines":"717","arr":["717"],"terminus":0,"mode":"bus","color":"#0059a9","colorDark":"#00294f","angle":275.4,"snapDist":3,"label":0}},{"type":"Feature","geometry":{"type":"Point","coordinates":[11.925138,57.545916]},"properties":{"name":"Kullaviks hamn","lines":"720, X3","arr":["720","X3"],"terminus":1,"mode":"bus","color":"#0059a9","colorDark":"#00294f","angle":52.1,"snapDist":3,"label":1}},{"type":"Feature","geometry":{"type":"Point","coordinates":[11.938853,57.544141]},"properties":{"name":"Kullavik","lines":"720, X3","arr":["720","X3"],"terminus":0,"mode":"bus","color":"#0059a9","colorDark":"#00294f","angle":110.9,"snapDist":0,"label":1}},{"type":"Feature","geometry":{"type":"Point","coordinates":[11.946841,57.546124]},"properties":{"name":"Kullavik centrum","lines":"720, X3","arr":["720","X3"],"terminus":0,"mode":"bus","color":"#0059a9","colorDark":"#00294f","angle":174.6,"snapDist":1,"label":1}},{"type":"Feature","geometry":{"type":"Point","coordinates":[11.955269,57.544511]},"properties":{"name":"Rönnaräcksvägen","lines":"720, X3","arr":["720","X3"],"terminus":0,"mode":"bus","color":"#0059a9","colorDark":"#00294f","angle":245.7,"snapDist":2,"label":1}},{"type":"Feature","geometry":{"type":"Point","coordinates":[11.959326,57.536927]},"properties":{"name":"Hagryd","lines":"720, X3","arr":["720","X3"],"terminus":0,"mode":"bus","color":"#0059a9","colorDark":"#00294f","angle":238.9,"snapDist":5,"label":1}},{"type":"Feature","geometry":{"type":"Point","coordinates":[11.964226,57.532164]},"properties":{"name":"Maleviksvägen","lines":"720, X3","arr":["720","X3"],"terminus":0,"mode":"bus","color":"#0059a9","colorDark":"#00294f","angle":248.8,"snapDist":4,"label":1}},{"type":"Feature","geometry":{"type":"Point","coordinates":[11.964992,57.520668]},"properties":{"name":"Särö centrum","lines":"720","arr":["720"],"terminus":0,"mode":"bus","color":"#0059a9","colorDark":"#00294f","angle":346.6,"snapDist":6,"label":0}},{"type":"Feature","geometry":{"type":"Point","coordinates":[11.961767,57.519671]},"properties":{"name":"Särö skola","lines":"720","arr":["720"],"terminus":0,"mode":"bus","color":"#0059a9","colorDark":"#00294f","angle":247,"snapDist":2,"label":1}},{"type":"Feature","geometry":{"type":"Point","coordinates":[11.952608,57.519481]},"properties":{"name":"Budskär","lines":"720","arr":["720"],"terminus":0,"mode":"bus","color":"#0059a9","colorDark":"#00294f","angle":326.1,"snapDist":6,"label":1}},{"type":"Feature","geometry":{"type":"Point","coordinates":[11.950403,57.512148]},"properties":{"name":"Annelundsvägen","lines":"720","arr":["720"],"terminus":0,"mode":"bus","color":"#0059a9","colorDark":"#00294f","angle":279.9,"snapDist":3,"label":1}},{"type":"Feature","geometry":{"type":"Point","coordinates":[11.941172,57.506179]},"properties":{"name":"Särö kyrka","lines":"720","arr":["720"],"terminus":0,"mode":"bus","color":"#0059a9","colorDark":"#00294f","angle":323.2,"snapDist":5,"label":1}},{"type":"Feature","geometry":{"type":"Point","coordinates":[11.955766,57.505537]},"properties":{"name":"Sunnegärde","lines":"720","arr":["720"],"terminus":0,"mode":"bus","color":"#0059a9","colorDark":"#00294f","angle":223.6,"snapDist":5,"label":1}},{"type":"Feature","geometry":{"type":"Point","coordinates":[11.960306,57.503374]},"properties":{"name":"Hanebacka","lines":"720","arr":["720"],"terminus":0,"mode":"bus","color":"#0059a9","colorDark":"#00294f","angle":222,"snapDist":8,"label":1}},{"type":"Feature","geometry":{"type":"Point","coordinates":[11.967102,57.503025]},"properties":{"name":"Klev","lines":"720","arr":["720"],"terminus":0,"mode":"bus","color":"#0059a9","colorDark":"#00294f","angle":174,"snapDist":3,"label":1}},{"type":"Feature","geometry":{"type":"Point","coordinates":[11.973975,57.50561]},"properties":{"name":"Guntofta","lines":"720","arr":["720"],"terminus":0,"mode":"bus","color":"#0059a9","colorDark":"#00294f","angle":141,"snapDist":5,"label":1}},{"type":"Feature","geometry":{"type":"Point","coordinates":[11.988718,57.493934]},"properties":{"name":"Hamravägen","lines":"720","arr":["720"],"terminus":0,"mode":"bus","color":"#0059a9","colorDark":"#00294f","angle":228.8,"snapDist":7,"label":1}},{"type":"Feature","geometry":{"type":"Point","coordinates":[12.011373,57.484265]},"properties":{"name":"Vallda trekant","lines":"720","arr":["720"],"terminus":0,"mode":"bus","color":"#0059a9","colorDark":"#00294f","angle":181.7,"snapDist":4,"label":1}},{"type":"Feature","geometry":{"type":"Point","coordinates":[12.028365,57.486903]},"properties":{"name":"Ysby gata","lines":"720","arr":["720"],"terminus":0,"mode":"bus","color":"#0059a9","colorDark":"#00294f","angle":182.5,"snapDist":4,"label":1}},{"type":"Feature","geometry":{"type":"Point","coordinates":[12.040774,57.48755]},"properties":{"name":"Ysbyhult","lines":"720","arr":["720"],"terminus":0,"mode":"bus","color":"#0059a9","colorDark":"#00294f","angle":151.6,"snapDist":4,"label":1}},{"type":"Feature","geometry":{"type":"Point","coordinates":[12.063667,57.489054]},"properties":{"name":"Tingberget","lines":"720","arr":["720"],"terminus":0,"mode":"bus","color":"#0059a9","colorDark":"#00294f","angle":187.2,"snapDist":6,"label":1}},{"type":"Feature","geometry":{"type":"Point","coordinates":[12.072298,57.489546]},"properties":{"name":"Varlaskolan","lines":"720","arr":["720"],"terminus":0,"mode":"bus","color":"#0059a9","colorDark":"#00294f","angle":89.3,"snapDist":2,"label":1}},{"type":"Feature","geometry":{"type":"Point","coordinates":[12.075804,57.491278]},"properties":{"name":"Kungsmässan","lines":"720, 1","arr":["720","KB1"],"terminus":0,"mode":"bus","color":"#0059a9","colorDark":"#00294f","angle":185.2,"snapDist":6,"label":1}},{"type":"Feature","geometry":{"type":"Point","coordinates":[12.079558,57.491299]},"properties":{"name":"Kungsbacka station","lines":"720, 735","arr":["720","735"],"terminus":1,"mode":"bus","color":"#0059a9","colorDark":"#00294f","angle":95.7,"snapDist":10,"label":0}},{"type":"Feature","geometry":{"type":"Point","coordinates":[12.074203,57.491352]},"properties":{"name":"Kungsmässan","lines":"720, 1","arr":["720","KB1"],"terminus":0,"mode":"bus","color":"#0059a9","colorDark":"#00294f","angle":4.3,"snapDist":6,"label":0}},{"type":"Feature","geometry":{"type":"Point","coordinates":[12.071375,57.489072]},"properties":{"name":"Varlaskolan","lines":"720","arr":["720"],"terminus":0,"mode":"bus","color":"#0059a9","colorDark":"#00294f","angle":358.2,"snapDist":10,"label":0}},{"type":"Feature","geometry":{"type":"Point","coordinates":[12.061473,57.489221]},"properties":{"name":"Tingberget","lines":"720","arr":["720"],"terminus":0,"mode":"bus","color":"#0059a9","colorDark":"#00294f","angle":4.2,"snapDist":6,"label":0}},{"type":"Feature","geometry":{"type":"Point","coordinates":[12.040806,57.48756]},"properties":{"name":"Ysbyhult","lines":"720","arr":["720"],"terminus":0,"mode":"bus","color":"#0059a9","colorDark":"#00294f","angle":331.6,"snapDist":7,"label":0}},{"type":"Feature","geometry":{"type":"Point","coordinates":[12.028082,57.48691]},"properties":{"name":"Ysby gata","lines":"720","arr":["720"],"terminus":0,"mode":"bus","color":"#0059a9","colorDark":"#00294f","angle":2.5,"snapDist":6,"label":0}},{"type":"Feature","geometry":{"type":"Point","coordinates":[12.011561,57.484314]},"properties":{"name":"Vallda trekant","lines":"720","arr":["720"],"terminus":0,"mode":"bus","color":"#0059a9","colorDark":"#00294f","angle":359.4,"snapDist":5,"label":0}},{"type":"Feature","geometry":{"type":"Point","coordinates":[11.988873,57.493846]},"properties":{"name":"Hamravägen","lines":"720","arr":["720"],"terminus":0,"mode":"bus","color":"#0059a9","colorDark":"#00294f","angle":46.3,"snapDist":7,"label":0}},{"type":"Feature","geometry":{"type":"Point","coordinates":[11.972764,57.505075]},"properties":{"name":"Guntofta","lines":"720","arr":["720"],"terminus":0,"mode":"bus","color":"#0059a9","colorDark":"#00294f","angle":317.7,"snapDist":5,"label":0}},{"type":"Feature","geometry":{"type":"Point","coordinates":[11.966133,57.502956]},"properties":{"name":"Klev","lines":"720","arr":["720"],"terminus":0,"mode":"bus","color":"#0059a9","colorDark":"#00294f","angle":349.7,"snapDist":3,"label":0}},{"type":"Feature","geometry":{"type":"Point","coordinates":[11.959562,57.503725]},"properties":{"name":"Hanebacka","lines":"720","arr":["720"],"terminus":0,"mode":"bus","color":"#0059a9","colorDark":"#00294f","angle":41.3,"snapDist":3,"label":0}},{"type":"Feature","geometry":{"type":"Point","coordinates":[11.955585,57.505629]},"properties":{"name":"Sunnegärde","lines":"720","arr":["720"],"terminus":0,"mode":"bus","color":"#0059a9","colorDark":"#00294f","angle":43.6,"snapDist":3,"label":0}},{"type":"Feature","geometry":{"type":"Point","coordinates":[11.941305,57.506232]},"properties":{"name":"Särö kyrka","lines":"720","arr":["720"],"terminus":0,"mode":"bus","color":"#0059a9","colorDark":"#00294f","angle":143.2,"snapDist":2,"label":0}},{"type":"Feature","geometry":{"type":"Point","coordinates":[11.950171,57.511424]},"properties":{"name":"Annelundsvägen","lines":"720","arr":["720"],"terminus":0,"mode":"bus","color":"#0059a9","colorDark":"#00294f","angle":100.1,"snapDist":6,"label":0}},{"type":"Feature","geometry":{"type":"Point","coordinates":[11.952649,57.519496]},"properties":{"name":"Budskär","lines":"720","arr":["720"],"terminus":0,"mode":"bus","color":"#0059a9","colorDark":"#00294f","angle":146.1,"snapDist":7,"label":0}},{"type":"Feature","geometry":{"type":"Point","coordinates":[11.964555,57.53158]},"properties":{"name":"Maleviksvägen","lines":"720","arr":["720"],"terminus":0,"mode":"bus","color":"#0059a9","colorDark":"#00294f","angle":78.4,"snapDist":5,"label":0}},{"type":"Feature","geometry":{"type":"Point","coordinates":[11.95919,57.537043]},"properties":{"name":"Hagryd","lines":"720","arr":["720"],"terminus":0,"mode":"bus","color":"#0059a9","colorDark":"#00294f","angle":57.7,"snapDist":5,"label":0}},{"type":"Feature","geometry":{"type":"Point","coordinates":[11.954973,57.544982]},"properties":{"name":"Rönnaräcksvägen","lines":"720","arr":["720"],"terminus":0,"mode":"bus","color":"#0059a9","colorDark":"#00294f","angle":76.2,"snapDist":0,"label":0}},{"type":"Feature","geometry":{"type":"Point","coordinates":[11.95076,57.545712]},"properties":{"name":"Änghagavägen","lines":"720","arr":["720"],"terminus":0,"mode":"bus","color":"#0059a9","colorDark":"#00294f","angle":19.1,"snapDist":2,"label":1}},{"type":"Feature","geometry":{"type":"Point","coordinates":[11.945391,57.546058]},"properties":{"name":"Kullavik centrum","lines":"720","arr":["720"],"terminus":0,"mode":"bus","color":"#0059a9","colorDark":"#00294f","angle":353.2,"snapDist":0,"label":0}},{"type":"Feature","geometry":{"type":"Point","coordinates":[11.939322,57.544639]},"properties":{"name":"Kullavik","lines":"720","arr":["720"],"terminus":0,"mode":"bus","color":"#0059a9","colorDark":"#00294f","angle":305.1,"snapDist":5,"label":0}},{"type":"Feature","geometry":{"type":"Point","coordinates":[11.930818,57.543898]},"properties":{"name":"Dalberga","lines":"720","arr":["720"],"terminus":0,"mode":"bus","color":"#0059a9","colorDark":"#00294f","angle":52.7,"snapDist":4,"label":1}},{"type":"Feature","geometry":{"type":"Point","coordinates":[12.080542,57.57555]},"properties":{"name":"Lindome station","lines":"735, 760, 761, 762, 763, 766","arr":["735","760","761","762","763","766"],"terminus":1,"mode":"bus","color":"#0059a9","colorDark":"#00294f","angle":342.5,"snapDist":4,"label":1}},{"type":"Feature","geometry":{"type":"Point","coordinates":[12.089869,57.577717]},"properties":{"name":"Lindome centrum","lines":"735, 760, 761, 762, 763","arr":["735","760","761","762","763"],"terminus":0,"mode":"bus","color":"#0059a9","colorDark":"#00294f","angle":89.1,"snapDist":3,"label":1}},{"type":"Feature","geometry":{"type":"Point","coordinates":[12.095493,57.576915]},"properties":{"name":"Annebergsvägen","lines":"735, 760","arr":["735","760"],"terminus":0,"mode":"bus","color":"#0059a9","colorDark":"#00294f","angle":272.5,"snapDist":6,"label":1}},{"type":"Feature","geometry":{"type":"Point","coordinates":[12.095332,57.574104]},"properties":{"name":"Dälavägen","lines":"735","arr":["735"],"terminus":0,"mode":"bus","color":"#0059a9","colorDark":"#00294f","angle":274.4,"snapDist":7,"label":1}},{"type":"Feature","geometry":{"type":"Point","coordinates":[12.094789,57.569321]},"properties":{"name":"Draberget","lines":"735","arr":["735"],"terminus":0,"mode":"bus","color":"#0059a9","colorDark":"#00294f","angle":297.3,"snapDist":3,"label":1}},{"type":"Feature","geometry":{"type":"Point","coordinates":[12.093397,57.567095]},"properties":{"name":"Flåget","lines":"735","arr":["735"],"terminus":0,"mode":"bus","color":"#0059a9","colorDark":"#00294f","angle":281.8,"snapDist":3,"label":1}},{"type":"Feature","geometry":{"type":"Point","coordinates":[12.092787,57.565477]},"properties":{"name":"Gårda","lines":"735","arr":["735"],"terminus":0,"mode":"bus","color":"#0059a9","colorDark":"#00294f","angle":276,"snapDist":2,"label":1}},{"type":"Feature","geometry":{"type":"Point","coordinates":[12.091954,57.5638]},"properties":{"name":"Berget","lines":"735","arr":["735"],"terminus":0,"mode":"bus","color":"#0059a9","colorDark":"#00294f","angle":245.6,"snapDist":3,"label":1}},{"type":"Feature","geometry":{"type":"Point","coordinates":[12.092527,57.560578]},"properties":{"name":"Lunnaliden norra","lines":"735","arr":["735"],"terminus":0,"mode":"bus","color":"#0059a9","colorDark":"#00294f","angle":234,"snapDist":2,"label":1}},{"type":"Feature","geometry":{"type":"Point","coordinates":[12.095956,57.557871]},"properties":{"name":"Lunnaliden södra","lines":"735","arr":["735"],"terminus":0,"mode":"bus","color":"#0059a9","colorDark":"#00294f","angle":251.6,"snapDist":1,"label":1}},{"type":"Feature","geometry":{"type":"Point","coordinates":[12.099286,57.553057]},"properties":{"name":"Annebergs plantskola","lines":"735","arr":["735"],"terminus":0,"mode":"bus","color":"#0059a9","colorDark":"#00294f","angle":242.1,"snapDist":5,"label":1}},{"type":"Feature","geometry":{"type":"Point","coordinates":[12.102153,57.549227]},"properties":{"name":"Rökerivägen","lines":"735","arr":["735"],"terminus":0,"mode":"bus","color":"#0059a9","colorDark":"#00294f","angle":245.4,"snapDist":2,"label":1}},{"type":"Feature","geometry":{"type":"Point","coordinates":[12.099478,57.546383]},"properties":{"name":"Alafors kyrkväg","lines":"735","arr":["735"],"terminus":0,"mode":"bus","color":"#0059a9","colorDark":"#00294f","angle":344.3,"snapDist":1,"label":1}},{"type":"Feature","geometry":{"type":"Point","coordinates":[12.111522,57.536987]},"properties":{"name":"Lerberg norra","lines":"735","arr":["735"],"terminus":0,"mode":"bus","color":"#0059a9","colorDark":"#00294f","angle":293.7,"snapDist":7,"label":1}},{"type":"Feature","geometry":{"type":"Point","coordinates":[12.108477,57.530092]},"properties":{"name":"Lerberg","lines":"735","arr":["735"],"terminus":0,"mode":"bus","color":"#0059a9","colorDark":"#00294f","angle":288.1,"snapDist":1,"label":1}},{"type":"Feature","geometry":{"type":"Point","coordinates":[12.108004,57.52276]},"properties":{"name":"Höglanda vägskäl","lines":"735","arr":["735"],"terminus":0,"mode":"bus","color":"#0059a9","colorDark":"#00294f","angle":268.4,"snapDist":3,"label":1}},{"type":"Feature","geometry":{"type":"Point","coordinates":[12.103664,57.521807]},"properties":{"name":"Höglanda","lines":"735","arr":["735"],"terminus":0,"mode":"bus","color":"#0059a9","colorDark":"#00294f","angle":344.9,"snapDist":4,"label":1}},{"type":"Feature","geometry":{"type":"Point","coordinates":[12.097185,57.519602]},"properties":{"name":"Voxlöv norra","lines":"735","arr":["735"],"terminus":0,"mode":"bus","color":"#0059a9","colorDark":"#00294f","angle":322.9,"snapDist":1,"label":1}},{"type":"Feature","geometry":{"type":"Point","coordinates":[12.091467,57.513445]},"properties":{"name":"Voxlöv","lines":"735","arr":["735"],"terminus":0,"mode":"bus","color":"#0059a9","colorDark":"#00294f","angle":317.6,"snapDist":3,"label":1}},{"type":"Feature","geometry":{"type":"Point","coordinates":[12.08512,57.508751]},"properties":{"name":"Postgårdsvägen","lines":"735","arr":["735"],"terminus":0,"mode":"bus","color":"#0059a9","colorDark":"#00294f","angle":337.8,"snapDist":1,"label":1}},{"type":"Feature","geometry":{"type":"Point","coordinates":[12.081913,57.506666]},"properties":{"name":"Hede","lines":"735","arr":["735"],"terminus":0,"mode":"bus","color":"#0059a9","colorDark":"#00294f","angle":280.1,"snapDist":4,"label":1}},{"type":"Feature","geometry":{"type":"Point","coordinates":[12.082466,57.505744]},"properties":{"name":"Hede skola","lines":"735","arr":["735"],"terminus":0,"mode":"bus","color":"#0059a9","colorDark":"#00294f","angle":62.4,"snapDist":0,"label":1}},{"type":"Feature","geometry":{"type":"Point","coordinates":[12.085011,57.501323]},"properties":{"name":"Skördevägen","lines":"735","arr":["735"],"terminus":0,"mode":"bus","color":"#0059a9","colorDark":"#00294f","angle":212.3,"snapDist":3,"label":1}},{"type":"Feature","geometry":{"type":"Point","coordinates":[12.091098,57.498245]},"properties":{"name":"Tölö kyrka","lines":"735","arr":["735"],"terminus":0,"mode":"bus","color":"#0059a9","colorDark":"#00294f","angle":257.7,"snapDist":3,"label":1}},{"type":"Feature","geometry":{"type":"Point","coordinates":[12.091269,57.493018]},"properties":{"name":"Gårdskulla","lines":"735","arr":["735"],"terminus":0,"mode":"bus","color":"#0059a9","colorDark":"#00294f","angle":260.1,"snapDist":4,"label":1}},{"type":"Feature","geometry":{"type":"Point","coordinates":[12.088026,57.488734]},"properties":{"name":"Forsgläntevägen","lines":"735","arr":["735"],"terminus":0,"mode":"bus","color":"#0059a9","colorDark":"#00294f","angle":312.6,"snapDist":4,"label":1}},{"type":"Feature","geometry":{"type":"Point","coordinates":[12.08582,57.487619]},"properties":{"name":"Syréngatan","lines":"735","arr":["735"],"terminus":0,"mode":"bus","color":"#0059a9","colorDark":"#00294f","angle":327.3,"snapDist":5,"label":1}},{"type":"Feature","geometry":{"type":"Point","coordinates":[12.085031,57.501316]},"properties":{"name":"Skördevägen","lines":"735","arr":["735"],"terminus":0,"mode":"bus","color":"#0059a9","colorDark":"#00294f","angle":32.3,"snapDist":1,"label":0}},{"type":"Feature","geometry":{"type":"Point","coordinates":[12.082343,57.507953]},"properties":{"name":"Hede","lines":"735","arr":["735"],"terminus":0,"mode":"bus","color":"#0059a9","colorDark":"#00294f","angle":99.5,"snapDist":6,"label":0}},{"type":"Feature","geometry":{"type":"Point","coordinates":[12.085079,57.508742]},"properties":{"name":"Postgårdsvägen","lines":"735","arr":["735"],"terminus":0,"mode":"bus","color":"#0059a9","colorDark":"#00294f","angle":157.8,"snapDist":3,"label":0}},{"type":"Feature","geometry":{"type":"Point","coordinates":[12.091471,57.513447]},"properties":{"name":"Voxlöv","lines":"735","arr":["735"],"terminus":0,"mode":"bus","color":"#0059a9","colorDark":"#00294f","angle":137.6,"snapDist":1,"label":0}},{"type":"Feature","geometry":{"type":"Point","coordinates":[12.097211,57.519612]},"properties":{"name":"Voxlöv norra","lines":"735","arr":["735"],"terminus":0,"mode":"bus","color":"#0059a9","colorDark":"#00294f","angle":142.9,"snapDist":2,"label":0}},{"type":"Feature","geometry":{"type":"Point","coordinates":[12.104094,57.5219]},"properties":{"name":"Höglanda","lines":"735","arr":["735"],"terminus":0,"mode":"bus","color":"#0059a9","colorDark":"#00294f","angle":155.1,"snapDist":2,"label":0}},{"type":"Feature","geometry":{"type":"Point","coordinates":[12.108005,57.522752]},"properties":{"name":"Höglanda vägskäl","lines":"735","arr":["735"],"terminus":0,"mode":"bus","color":"#0059a9","colorDark":"#00294f","angle":88.4,"snapDist":1,"label":0}},{"type":"Feature","geometry":{"type":"Point","coordinates":[12.108537,57.530193]},"properties":{"name":"Lerberg","lines":"735","arr":["735"],"terminus":0,"mode":"bus","color":"#0059a9","colorDark":"#00294f","angle":107.2,"snapDist":2,"label":0}},{"type":"Feature","geometry":{"type":"Point","coordinates":[12.111554,57.537027]},"properties":{"name":"Lerberg norra","lines":"735","arr":["735"],"terminus":0,"mode":"bus","color":"#0059a9","colorDark":"#00294f","angle":113.7,"snapDist":1,"label":0}},{"type":"Feature","geometry":{"type":"Point","coordinates":[12.099817,57.546425]},"properties":{"name":"Alafors kyrkväg","lines":"735","arr":["735"],"terminus":0,"mode":"bus","color":"#0059a9","colorDark":"#00294f","angle":169.8,"snapDist":2,"label":0}},{"type":"Feature","geometry":{"type":"Point","coordinates":[12.102084,57.5493]},"properties":{"name":"Rökerivägen","lines":"735","arr":["735"],"terminus":0,"mode":"bus","color":"#0059a9","colorDark":"#00294f","angle":60.3,"snapDist":2,"label":0}},{"type":"Feature","geometry":{"type":"Point","coordinates":[12.099011,57.553417]},"properties":{"name":"Annebergs plantskola","lines":"735","arr":["735"],"terminus":0,"mode":"bus","color":"#0059a9","colorDark":"#00294f","angle":76.8,"snapDist":0,"label":0}},{"type":"Feature","geometry":{"type":"Point","coordinates":[12.09581,57.558084]},"properties":{"name":"Lunnaliden södra","lines":"735","arr":["735"],"terminus":0,"mode":"bus","color":"#0059a9","colorDark":"#00294f","angle":66.1,"snapDist":2,"label":0}},{"type":"Feature","geometry":{"type":"Point","coordinates":[12.092393,57.563398]},"properties":{"name":"Berget","lines":"735","arr":["735"],"terminus":0,"mode":"bus","color":"#0059a9","colorDark":"#00294f","angle":55.1,"snapDist":3,"label":0}},{"type":"Feature","geometry":{"type":"Point","coordinates":[12.092721,57.565238]},"properties":{"name":"Gårda","lines":"735","arr":["735"],"terminus":0,"mode":"bus","color":"#0059a9","colorDark":"#00294f","angle":115.5,"snapDist":7,"label":0}},{"type":"Feature","geometry":{"type":"Point","coordinates":[12.093442,57.56721]},"properties":{"name":"Flåget","lines":"735","arr":["735"],"terminus":0,"mode":"bus","color":"#0059a9","colorDark":"#00294f","angle":101.8,"snapDist":4,"label":0}},{"type":"Feature","geometry":{"type":"Point","coordinates":[12.095016,57.569563]},"properties":{"name":"Draberget","lines":"735","arr":["735"],"terminus":0,"mode":"bus","color":"#0059a9","colorDark":"#00294f","angle":115.5,"snapDist":4,"label":0}},{"type":"Feature","geometry":{"type":"Point","coordinates":[12.095425,57.575106]},"properties":{"name":"Dälavägen","lines":"735, 760","arr":["735","760"],"terminus":0,"mode":"bus","color":"#0059a9","colorDark":"#00294f","angle":91.6,"snapDist":4,"label":0}},{"type":"Feature","geometry":{"type":"Point","coordinates":[12.094727,57.577217]},"properties":{"name":"Annebergsvägen","lines":"735, 760, 762, 763","arr":["735","760","762","763"],"terminus":0,"mode":"bus","color":"#0059a9","colorDark":"#00294f","angle":5.8,"snapDist":7,"label":0}},{"type":"Feature","geometry":{"type":"Point","coordinates":[12.089876,57.577176]},"properties":{"name":"Lindome centrum","lines":"735, 760, 761, 762, 763","arr":["735","760","761","762","763"],"terminus":0,"mode":"bus","color":"#0059a9","colorDark":"#00294f","angle":269.6,"snapDist":3,"label":0}},{"type":"Feature","geometry":{"type":"Point","coordinates":[11.908992,57.652138]},"properties":{"name":"Frölunda Torg","lines":"751","arr":["751"],"terminus":1,"mode":"bus","color":"#0059a9","colorDark":"#00294f","angle":141.9,"snapDist":0,"label":0}},{"type":"Feature","geometry":{"type":"Point","coordinates":[11.959279,57.651923]},"properties":{"name":"Bäckstensgatan","lines":"751","arr":["751"],"terminus":0,"mode":"bus","color":"#0059a9","colorDark":"#00294f","angle":78.3,"snapDist":8,"label":1}},{"type":"Feature","geometry":{"type":"Point","coordinates":[11.963971,57.653677]},"properties":{"name":"Eklanda skog","lines":"751","arr":["751"],"terminus":0,"mode":"bus","color":"#0059a9","colorDark":"#00294f","angle":198.9,"snapDist":5,"label":1}},{"type":"Feature","geometry":{"type":"Point","coordinates":[11.965038,57.651849]},"properties":{"name":"Eklanda by","lines":"751","arr":["751"],"terminus":0,"mode":"bus","color":"#0059a9","colorDark":"#00294f","angle":212,"snapDist":7,"label":1}},{"type":"Feature","geometry":{"type":"Point","coordinates":[12.000205,57.652987]},"properties":{"name":"Stallbacken","lines":"751","arr":["751"],"terminus":0,"mode":"bus","color":"#0059a9","colorDark":"#00294f","angle":151.1,"snapDist":1,"label":1}},{"type":"Feature","geometry":{"type":"Point","coordinates":[12.006253,57.654754]},"properties":{"name":"Våggatan","lines":"751","arr":["751"],"terminus":0,"mode":"bus","color":"#0059a9","colorDark":"#00294f","angle":148.9,"snapDist":7,"label":1}},{"type":"Feature","geometry":{"type":"Point","coordinates":[12.011167,57.655374]},"properties":{"name":"Storgatan","lines":"751","arr":["751"],"terminus":0,"mode":"bus","color":"#0059a9","colorDark":"#00294f","angle":213.1,"snapDist":5,"label":0}},{"type":"Feature","geometry":{"type":"Point","coordinates":[12.01895,57.655722]},"properties":{"name":"Mölndals bro","lines":"751, X90","arr":["751","X90"],"terminus":0,"mode":"bus","color":"#0059a9","colorDark":"#00294f","angle":149.8,"snapDist":2,"label":0}},{"type":"Feature","geometry":{"type":"Point","coordinates":[12.026466,57.656383]},"properties":{"name":"Gamla torget","lines":"751","arr":["751"],"terminus":0,"mode":"bus","color":"#0059a9","colorDark":"#00294f","angle":144.6,"snapDist":8,"label":1}},{"type":"Feature","geometry":{"type":"Point","coordinates":[12.031894,57.653845]},"properties":{"name":"Svanegatan","lines":"751","arr":["751"],"terminus":0,"mode":"bus","color":"#0059a9","colorDark":"#00294f","angle":200.3,"snapDist":2,"label":1}},{"type":"Feature","geometry":{"type":"Point","coordinates":[12.036492,57.651629]},"properties":{"name":"Fjällgatan","lines":"751","arr":["751"],"terminus":0,"mode":"bus","color":"#0059a9","colorDark":"#00294f","angle":216.6,"snapDist":5,"label":1}},{"type":"Feature","geometry":{"type":"Point","coordinates":[12.041318,57.649653]},"properties":{"name":"Glättaregatan","lines":"751","arr":["751"],"terminus":0,"mode":"bus","color":"#0059a9","colorDark":"#00294f","angle":199.6,"snapDist":4,"label":1}},{"type":"Feature","geometry":{"type":"Point","coordinates":[12.043834,57.647563]},"properties":{"name":"Lejonslättsgatan","lines":"751","arr":["751"],"terminus":0,"mode":"bus","color":"#0059a9","colorDark":"#00294f","angle":236.6,"snapDist":3,"label":1}},{"type":"Feature","geometry":{"type":"Point","coordinates":[12.046713,57.644427]},"properties":{"name":"Hålsten","lines":"751","arr":["751"],"terminus":0,"mode":"bus","color":"#0059a9","colorDark":"#00294f","angle":220.5,"snapDist":6,"label":1}},{"type":"Feature","geometry":{"type":"Point","coordinates":[12.050474,57.651156]},"properties":{"name":"Skyttegatan","lines":"751","arr":["751"],"terminus":0,"mode":"bus","color":"#0059a9","colorDark":"#00294f","angle":116.7,"snapDist":6,"label":1}},{"type":"Feature","geometry":{"type":"Point","coordinates":[12.057392,57.650647]},"properties":{"name":"Gunnebodal","lines":"751, X90","arr":["751","X90"],"terminus":0,"mode":"bus","color":"#0059a9","colorDark":"#00294f","angle":177.9,"snapDist":5,"label":1}},{"type":"Feature","geometry":{"type":"Point","coordinates":[12.074636,57.648586]},"properties":{"name":"Persikovägen","lines":"751","arr":["751"],"terminus":0,"mode":"bus","color":"#0059a9","colorDark":"#00294f","angle":202.9,"snapDist":1,"label":1}},{"type":"Feature","geometry":{"type":"Point","coordinates":[12.077525,57.649487]},"properties":{"name":"Pixbo herrgård","lines":"751","arr":["751"],"terminus":0,"mode":"bus","color":"#0059a9","colorDark":"#00294f","angle":107.8,"snapDist":1,"label":1}},{"type":"Feature","geometry":{"type":"Point","coordinates":[12.079487,57.65195]},"properties":{"name":"Pixbo dammar","lines":"751","arr":["751"],"terminus":0,"mode":"bus","color":"#0059a9","colorDark":"#00294f","angle":111,"snapDist":3,"label":1}},{"type":"Feature","geometry":{"type":"Point","coordinates":[12.079264,57.654884]},"properties":{"name":"Kullavägen","lines":"751","arr":["751"],"terminus":0,"mode":"bus","color":"#0059a9","colorDark":"#00294f","angle":117.8,"snapDist":5,"label":1}},{"type":"Feature","geometry":{"type":"Point","coordinates":[12.084297,57.655972]},"properties":{"name":"Gunnebovägen","lines":"751","arr":["751"],"terminus":0,"mode":"bus","color":"#0059a9","colorDark":"#00294f","angle":192.7,"snapDist":2,"label":1}},{"type":"Feature","geometry":{"type":"Point","coordinates":[12.088718,57.653718]},"properties":{"name":"Ängsvägen","lines":"751","arr":["751"],"terminus":0,"mode":"bus","color":"#0059a9","colorDark":"#00294f","angle":236.8,"snapDist":3,"label":1}},{"type":"Feature","geometry":{"type":"Point","coordinates":[12.093757,57.650817]},"properties":{"name":"Vällsjö centrum","lines":"751","arr":["751"],"terminus":0,"mode":"bus","color":"#0059a9","colorDark":"#00294f","angle":179,"snapDist":2,"label":1}},{"type":"Feature","geometry":{"type":"Point","coordinates":[12.096547,57.650555]},"properties":{"name":"Sjökullevägen","lines":"751","arr":["751"],"terminus":0,"mode":"bus","color":"#0059a9","colorDark":"#00294f","angle":197.9,"snapDist":3,"label":1}},{"type":"Feature","geometry":{"type":"Point","coordinates":[12.100207,57.650641]},"properties":{"name":"Vällkullevägen","lines":"751","arr":["751"],"terminus":0,"mode":"bus","color":"#0059a9","colorDark":"#00294f","angle":172,"snapDist":1,"label":1}},{"type":"Feature","geometry":{"type":"Point","coordinates":[12.105308,57.651093]},"properties":{"name":"Rådavägen","lines":"751, 2, X90","arr":["751","HA2","X90"],"terminus":0,"mode":"bus","color":"#0059a9","colorDark":"#00294f","angle":125.8,"snapDist":5,"label":0}},{"type":"Feature","geometry":{"type":"Point","coordinates":[12.108104,57.653728]},"properties":{"name":"Hönekullavägen","lines":"751, 1, 2, X90","arr":["751","HA1","HA2","X90"],"terminus":0,"mode":"bus","color":"#0059a9","colorDark":"#00294f","angle":97.1,"snapDist":1,"label":0}},{"type":"Feature","geometry":{"type":"Point","coordinates":[12.117267,57.657291]},"properties":{"name":"Mölnlycke resecentrum","lines":"751","arr":["751"],"terminus":1,"mode":"bus","color":"#0059a9","colorDark":"#00294f","angle":338.7,"snapDist":4,"label":0}},{"type":"Feature","geometry":{"type":"Point","coordinates":[12.100159,57.650637]},"properties":{"name":"Vällkullevägen","lines":"751","arr":["751"],"terminus":0,"mode":"bus","color":"#0059a9","colorDark":"#00294f","angle":352,"snapDist":1,"label":0}},{"type":"Feature","geometry":{"type":"Point","coordinates":[12.096718,57.650527]},"properties":{"name":"Sjökullevägen","lines":"751","arr":["751"],"terminus":0,"mode":"bus","color":"#0059a9","colorDark":"#00294f","angle":14.6,"snapDist":1,"label":0}},{"type":"Feature","geometry":{"type":"Point","coordinates":[12.093331,57.65082]},"properties":{"name":"Vällsjö centrum","lines":"751","arr":["751"],"terminus":0,"mode":"bus","color":"#0059a9","colorDark":"#00294f","angle":4.5,"snapDist":3,"label":0}},{"type":"Feature","geometry":{"type":"Point","coordinates":[12.08792,57.654383]},"properties":{"name":"Ängsvägen","lines":"751","arr":["751"],"terminus":0,"mode":"bus","color":"#0059a9","colorDark":"#00294f","angle":59.3,"snapDist":3,"label":0}},{"type":"Feature","geometry":{"type":"Point","coordinates":[12.083517,57.656065]},"properties":{"name":"Gunnebovägen","lines":"751","arr":["751"],"terminus":0,"mode":"bus","color":"#0059a9","colorDark":"#00294f","angle":13,"snapDist":2,"label":0}},{"type":"Feature","geometry":{"type":"Point","coordinates":[12.079151,57.654768]},"properties":{"name":"Kullavägen","lines":"751","arr":["751"],"terminus":0,"mode":"bus","color":"#0059a9","colorDark":"#00294f","angle":297.5,"snapDist":1,"label":0}},{"type":"Feature","geometry":{"type":"Point","coordinates":[12.079561,57.652047]},"properties":{"name":"Pixbo dammar","lines":"751","arr":["751"],"terminus":0,"mode":"bus","color":"#0059a9","colorDark":"#00294f","angle":294.6,"snapDist":2,"label":0}},{"type":"Feature","geometry":{"type":"Point","coordinates":[12.077582,57.64967]},"properties":{"name":"Pixbo herrgård","lines":"751","arr":["751"],"terminus":0,"mode":"bus","color":"#0059a9","colorDark":"#00294f","angle":277.8,"snapDist":3,"label":0}},{"type":"Feature","geometry":{"type":"Point","coordinates":[12.074368,57.648663]},"properties":{"name":"Persikovägen","lines":"751","arr":["751"],"terminus":0,"mode":"bus","color":"#0059a9","colorDark":"#00294f","angle":29.9,"snapDist":2,"label":0}},{"type":"Feature","geometry":{"type":"Point","coordinates":[12.055642,57.65064]},"properties":{"name":"Gunnebodal","lines":"751, X90","arr":["751","X90"],"terminus":0,"mode":"bus","color":"#0059a9","colorDark":"#00294f","angle":0.5,"snapDist":7,"label":0}},{"type":"Feature","geometry":{"type":"Point","coordinates":[12.050172,57.650817]},"properties":{"name":"Skyttegatan","lines":"751","arr":["751"],"terminus":0,"mode":"bus","color":"#0059a9","colorDark":"#00294f","angle":294.4,"snapDist":5,"label":0}},{"type":"Feature","geometry":{"type":"Point","coordinates":[12.045993,57.644902]},"properties":{"name":"Hålsten","lines":"751","arr":["751"],"terminus":0,"mode":"bus","color":"#0059a9","colorDark":"#00294f","angle":60.9,"snapDist":3,"label":0}},{"type":"Feature","geometry":{"type":"Point","coordinates":[12.043759,57.647624]},"properties":{"name":"Lejonslättsgatan","lines":"751","arr":["751"],"terminus":0,"mode":"bus","color":"#0059a9","colorDark":"#00294f","angle":56.6,"snapDist":3,"label":0}},{"type":"Feature","geometry":{"type":"Point","coordinates":[12.041157,57.649685]},"properties":{"name":"Glättaregatan","lines":"751","arr":["751"],"terminus":0,"mode":"bus","color":"#0059a9","colorDark":"#00294f","angle":21.1,"snapDist":3,"label":0}},{"type":"Feature","geometry":{"type":"Point","coordinates":[12.036407,57.651663]},"properties":{"name":"Fjällgatan","lines":"751","arr":["751"],"terminus":0,"mode":"bus","color":"#0059a9","colorDark":"#00294f","angle":39.9,"snapDist":6,"label":0}},{"type":"Feature","geometry":{"type":"Point","coordinates":[12.03114,57.653943]},"properties":{"name":"Svanegatan","lines":"751","arr":["751"],"terminus":0,"mode":"bus","color":"#0059a9","colorDark":"#00294f","angle":7.6,"snapDist":5,"label":0}},{"type":"Feature","geometry":{"type":"Point","coordinates":[12.026769,57.656504]},"properties":{"name":"Gamla torget","lines":"751","arr":["751"],"terminus":0,"mode":"bus","color":"#0059a9","colorDark":"#00294f","angle":323,"snapDist":9,"label":0}},{"type":"Feature","geometry":{"type":"Point","coordinates":[12.018786,57.655502]},"properties":{"name":"Mölndals bro","lines":"751","arr":["751"],"terminus":0,"mode":"bus","color":"#0059a9","colorDark":"#00294f","angle":330.9,"snapDist":9,"label":0}},{"type":"Feature","geometry":{"type":"Point","coordinates":[12.011462,57.655334]},"properties":{"name":"Storgatan","lines":"751","arr":["751"],"terminus":0,"mode":"bus","color":"#0059a9","colorDark":"#00294f","angle":60.8,"snapDist":1,"label":0}},{"type":"Feature","geometry":{"type":"Point","coordinates":[12.006207,57.654739]},"properties":{"name":"Våggatan","lines":"751","arr":["751"],"terminus":0,"mode":"bus","color":"#0059a9","colorDark":"#00294f","angle":328.9,"snapDist":4,"label":0}},{"type":"Feature","geometry":{"type":"Point","coordinates":[11.999962,57.652924]},"properties":{"name":"Stallbacken","lines":"751","arr":["751"],"terminus":0,"mode":"bus","color":"#0059a9","colorDark":"#00294f","angle":334.4,"snapDist":7,"label":0}},{"type":"Feature","geometry":{"type":"Point","coordinates":[11.964928,57.651886]},"properties":{"name":"Eklanda by","lines":"751","arr":["751"],"terminus":0,"mode":"bus","color":"#0059a9","colorDark":"#00294f","angle":32.1,"snapDist":6,"label":0}},{"type":"Feature","geometry":{"type":"Point","coordinates":[11.963546,57.653756]},"properties":{"name":"Eklanda skog","lines":"751","arr":["751"],"terminus":0,"mode":"bus","color":"#0059a9","colorDark":"#00294f","angle":20.6,"snapDist":3,"label":0}},{"type":"Feature","geometry":{"type":"Point","coordinates":[11.959722,57.651318]},"properties":{"name":"Bäckstensgatan","lines":"751","arr":["751"],"terminus":0,"mode":"bus","color":"#0059a9","colorDark":"#00294f","angle":241.7,"snapDist":5,"label":0}},{"type":"Feature","geometry":{"type":"Point","coordinates":[12.019187,57.655631]},"properties":{"name":"Mölndals bro","lines":"753, 754","arr":["753","754"],"terminus":1,"mode":"bus","color":"#0059a9","colorDark":"#00294f","angle":328.7,"snapDist":7,"label":1}},{"type":"Feature","geometry":{"type":"Point","coordinates":[12.011577,57.645074]},"properties":{"name":"Ponnygatan","lines":"753","arr":["753"],"terminus":0,"mode":"bus","color":"#0059a9","colorDark":"#00294f","angle":337.5,"snapDist":5,"label":1}},{"type":"Feature","geometry":{"type":"Point","coordinates":[12.004382,57.645613]},"properties":{"name":"Kallblodsgatan","lines":"753","arr":["753"],"terminus":0,"mode":"bus","color":"#0059a9","colorDark":"#00294f","angle":93.1,"snapDist":8,"label":1}},{"type":"Feature","geometry":{"type":"Point","coordinates":[11.998538,57.646837]},"properties":{"name":"Åby Arenastad","lines":"753","arr":["753"],"terminus":0,"mode":"bus","color":"#0059a9","colorDark":"#00294f","angle":10.4,"snapDist":6,"label":1}},{"type":"Feature","geometry":{"type":"Point","coordinates":[11.994384,57.649035]},"properties":{"name":"Stallbacken västra","lines":"753","arr":["753"],"terminus":0,"mode":"bus","color":"#0059a9","colorDark":"#00294f","angle":74.1,"snapDist":4,"label":1}},{"type":"Feature","geometry":{"type":"Point","coordinates":[11.98845,57.65037]},"properties":{"name":"Pedagogen Park Södra","lines":"753","arr":["753"],"terminus":0,"mode":"bus","color":"#0059a9","colorDark":"#00294f","angle":338.7,"snapDist":7,"label":0}},{"type":"Feature","geometry":{"type":"Point","coordinates":[11.997395,57.661819]},"properties":{"name":"Bifrost","lines":"753","arr":["753"],"terminus":0,"mode":"bus","color":"#0059a9","colorDark":"#00294f","angle":62.7,"snapDist":6,"label":0}},{"type":"Feature","geometry":{"type":"Point","coordinates":[11.987485,57.66878]},"properties":{"name":"Wennerbergsgatan","lines":"753","arr":["753"],"terminus":0,"mode":"bus","color":"#0059a9","colorDark":"#00294f","angle":66.7,"snapDist":5,"label":1}},{"type":"Feature","geometry":{"type":"Point","coordinates":[11.987863,57.668294]},"properties":{"name":"Wennerbergsgatan","lines":"753","arr":["753"],"terminus":0,"mode":"bus","color":"#0059a9","colorDark":"#00294f","angle":249.1,"snapDist":6,"label":0}},{"type":"Feature","geometry":{"type":"Point","coordinates":[11.997393,57.661279]},"properties":{"name":"Bifrost","lines":"753","arr":["753"],"terminus":0,"mode":"bus","color":"#0059a9","colorDark":"#00294f","angle":305.7,"snapDist":11,"label":0}},{"type":"Feature","geometry":{"type":"Point","coordinates":[11.988779,57.650439]},"properties":{"name":"Pedagogen Park Södra","lines":"753","arr":["753"],"terminus":0,"mode":"bus","color":"#0059a9","colorDark":"#00294f","angle":158.7,"snapDist":8,"label":0}},{"type":"Feature","geometry":{"type":"Point","coordinates":[11.994388,57.649027]},"properties":{"name":"Stallbacken västra","lines":"753","arr":["753"],"terminus":0,"mode":"bus","color":"#0059a9","colorDark":"#00294f","angle":254.1,"snapDist":9,"label":0}},{"type":"Feature","geometry":{"type":"Point","coordinates":[11.998656,57.646825]},"properties":{"name":"Åby Arenastad","lines":"753","arr":["753"],"terminus":0,"mode":"bus","color":"#0059a9","colorDark":"#00294f","angle":190.7,"snapDist":3,"label":0}},{"type":"Feature","geometry":{"type":"Point","coordinates":[12.004405,57.645834]},"properties":{"name":"Kallblodsgatan","lines":"753","arr":["753"],"terminus":0,"mode":"bus","color":"#0059a9","colorDark":"#00294f","angle":273.1,"snapDist":7,"label":0}},{"type":"Feature","geometry":{"type":"Point","coordinates":[12.011837,57.645131]},"properties":{"name":"Ponnygatan","lines":"753","arr":["753"],"terminus":0,"mode":"bus","color":"#0059a9","colorDark":"#00294f","angle":157.8,"snapDist":7,"label":0}},{"type":"Feature","geometry":{"type":"Point","coordinates":[12.019327,57.655839]},"properties":{"name":"Mölndals bro","lines":"753, 754","arr":["753","754"],"terminus":1,"mode":"bus","color":"#0059a9","colorDark":"#00294f","angle":150.9,"snapDist":5,"label":0}},{"type":"Feature","geometry":{"type":"Point","coordinates":[12.01744,57.661731]},"properties":{"name":"Ekgatan","lines":"754, 758","arr":["754","758"],"terminus":0,"mode":"bus","color":"#0059a9","colorDark":"#00294f","angle":82.7,"snapDist":4,"label":1}},{"type":"Feature","geometry":{"type":"Point","coordinates":[12.02004,57.664859]},"properties":{"name":"Flöjelbergsgatan","lines":"754","arr":["754"],"terminus":0,"mode":"bus","color":"#0059a9","colorDark":"#00294f","angle":172.3,"snapDist":5,"label":1}},{"type":"Feature","geometry":{"type":"Point","coordinates":[12.025347,57.664692]},"properties":{"name":"Lackarebäcks äldreboende","lines":"754","arr":["754"],"terminus":0,"mode":"bus","color":"#0059a9","colorDark":"#00294f","angle":209.6,"snapDist":4,"label":1}},{"type":"Feature","geometry":{"type":"Point","coordinates":[12.02397,57.662123]},"properties":{"name":"Lövgatan","lines":"754","arr":["754"],"terminus":0,"mode":"bus","color":"#0059a9","colorDark":"#00294f","angle":262.9,"snapDist":4,"label":1}},{"type":"Feature","geometry":{"type":"Point","coordinates":[12.027867,57.661533]},"properties":{"name":"Enerbacksgatan","lines":"754","arr":["754"],"terminus":0,"mode":"bus","color":"#0059a9","colorDark":"#00294f","angle":79,"snapDist":4,"label":1}},{"type":"Feature","geometry":{"type":"Point","coordinates":[12.032411,57.663363]},"properties":{"name":"Brobergsgatan","lines":"754","arr":["754"],"terminus":0,"mode":"bus","color":"#0059a9","colorDark":"#00294f","angle":246.9,"snapDist":3,"label":1}},{"type":"Feature","geometry":{"type":"Point","coordinates":[12.0357,57.662284]},"properties":{"name":"Stensjökyrkan","lines":"754","arr":["754"],"terminus":0,"mode":"bus","color":"#0059a9","colorDark":"#00294f","angle":174.5,"snapDist":4,"label":1}},{"type":"Feature","geometry":{"type":"Point","coordinates":[12.040291,57.663014]},"properties":{"name":"Tallkottegatan","lines":"754","arr":["754"],"terminus":0,"mode":"bus","color":"#0059a9","colorDark":"#00294f","angle":139,"snapDist":5,"label":1}},{"type":"Feature","geometry":{"type":"Point","coordinates":[12.047614,57.663765]},"properties":{"name":"Gunnebo Park","lines":"754","arr":["754"],"terminus":0,"mode":"bus","color":"#0059a9","colorDark":"#00294f","angle":156.9,"snapDist":5,"label":1}},{"type":"Feature","geometry":{"type":"Point","coordinates":[12.051627,57.664555]},"properties":{"name":"Nötåsberget","lines":"754","arr":["754"],"terminus":0,"mode":"bus","color":"#0059a9","colorDark":"#00294f","angle":110,"snapDist":7,"label":1}},{"type":"Feature","geometry":{"type":"Point","coordinates":[12.057912,57.666807]},"properties":{"name":"Heleneviksvägen","lines":"754","arr":["754"],"terminus":0,"mode":"bus","color":"#0059a9","colorDark":"#00294f","angle":94.1,"snapDist":0,"label":1}},{"type":"Feature","geometry":{"type":"Point","coordinates":[12.056526,57.669644]},"properties":{"name":"Helenevik","lines":"754","arr":["754"],"terminus":0,"mode":"bus","color":"#0059a9","colorDark":"#00294f","angle":89.5,"snapDist":6,"label":1}},{"type":"Feature","geometry":{"type":"Point","coordinates":[12.056798,57.672069]},"properties":{"name":"Helenedal","lines":"754","arr":["754"],"terminus":0,"mode":"bus","color":"#0059a9","colorDark":"#00294f","angle":15.5,"snapDist":9,"label":1}},{"type":"Feature","geometry":{"type":"Point","coordinates":[12.040087,57.676889]},"properties":{"name":"Kalvemossen","lines":"754","arr":["754"],"terminus":0,"mode":"bus","color":"#0059a9","colorDark":"#00294f","angle":3.7,"snapDist":6,"label":1}},{"type":"Feature","geometry":{"type":"Point","coordinates":[11.994675,57.69847]},"properties":{"name":"Liseberg Station","lines":"754, X4","arr":["754","X4"],"terminus":0,"mode":"bus","color":"#0059a9","colorDark":"#00294f","angle":75.7,"snapDist":3,"label":0}},{"type":"Feature","geometry":{"type":"Point","coordinates":[12.040155,57.676887]},"properties":{"name":"Kalvemossen","lines":"754","arr":["754"],"terminus":0,"mode":"bus","color":"#0059a9","colorDark":"#00294f","angle":183.7,"snapDist":4,"label":0}},{"type":"Feature","geometry":{"type":"Point","coordinates":[12.058062,57.671645]},"properties":{"name":"Helenedal","lines":"754","arr":["754"],"terminus":0,"mode":"bus","color":"#0059a9","colorDark":"#00294f","angle":292.5,"snapDist":5,"label":0}},{"type":"Feature","geometry":{"type":"Point","coordinates":[12.056553,57.669449]},"properties":{"name":"Helenevik","lines":"754","arr":["754"],"terminus":0,"mode":"bus","color":"#0059a9","colorDark":"#00294f","angle":264.2,"snapDist":8,"label":0}},{"type":"Feature","geometry":{"type":"Point","coordinates":[12.05789,57.666646]},"properties":{"name":"Heleneviksvägen","lines":"754","arr":["754"],"terminus":0,"mode":"bus","color":"#0059a9","colorDark":"#00294f","angle":274.1,"snapDist":1,"label":0}},{"type":"Feature","geometry":{"type":"Point","coordinates":[12.051707,57.664677]},"properties":{"name":"Nötåsberget","lines":"754","arr":["754"],"terminus":0,"mode":"bus","color":"#0059a9","colorDark":"#00294f","angle":286.1,"snapDist":6,"label":0}},{"type":"Feature","geometry":{"type":"Point","coordinates":[12.047278,57.6637]},"properties":{"name":"Gunnebo Park","lines":"754","arr":["754"],"terminus":0,"mode":"bus","color":"#0059a9","colorDark":"#00294f","angle":343.8,"snapDist":4,"label":0}},{"type":"Feature","geometry":{"type":"Point","coordinates":[12.040401,57.663064]},"properties":{"name":"Tallkottegatan","lines":"754","arr":["754"],"terminus":0,"mode":"bus","color":"#0059a9","colorDark":"#00294f","angle":319.4,"snapDist":6,"label":0}},{"type":"Feature","geometry":{"type":"Point","coordinates":[12.0348,57.662305]},"properties":{"name":"Stensjökyrkan","lines":"754","arr":["754"],"terminus":0,"mode":"bus","color":"#0059a9","colorDark":"#00294f","angle":9.8,"snapDist":4,"label":0}},{"type":"Feature","geometry":{"type":"Point","coordinates":[12.031027,57.664561]},"properties":{"name":"Brobergsgatan","lines":"754","arr":["754"],"terminus":0,"mode":"bus","color":"#0059a9","colorDark":"#00294f","angle":17.1,"snapDist":5,"label":0}},{"type":"Feature","geometry":{"type":"Point","coordinates":[12.025482,57.664652]},"properties":{"name":"Lackarebäcks äldreboende","lines":"754","arr":["754"],"terminus":0,"mode":"bus","color":"#0059a9","colorDark":"#00294f","angle":29.6,"snapDist":7,"label":0}},{"type":"Feature","geometry":{"type":"Point","coordinates":[12.019252,57.664803]},"properties":{"name":"Flöjelbergsgatan","lines":"754","arr":["754"],"terminus":0,"mode":"bus","color":"#0059a9","colorDark":"#00294f","angle":352.8,"snapDist":3,"label":0}},{"type":"Feature","geometry":{"type":"Point","coordinates":[12.01743,57.661774]},"properties":{"name":"Ekgatan","lines":"754, 758","arr":["754","758"],"terminus":0,"mode":"bus","color":"#0059a9","colorDark":"#00294f","angle":262.2,"snapDist":6,"label":0}},{"type":"Feature","geometry":{"type":"Point","coordinates":[12.026212,57.605778]},"properties":{"name":"Kålleredgården","lines":"755, 765","arr":["755","765"],"terminus":1,"mode":"bus","color":"#0059a9","colorDark":"#00294f","angle":355.8,"snapDist":4,"label":1}},{"type":"Feature","geometry":{"type":"Point","coordinates":[12.035239,57.608118]},"properties":{"name":"Mor Annas väg","lines":"755, 765","arr":["755","765"],"terminus":0,"mode":"bus","color":"#0059a9","colorDark":"#00294f","angle":170.6,"snapDist":3,"label":1}},{"type":"Feature","geometry":{"type":"Point","coordinates":[12.041634,57.609701]},"properties":{"name":"Labackavägen","lines":"755, 765","arr":["755","765"],"terminus":0,"mode":"bus","color":"#0059a9","colorDark":"#00294f","angle":138.5,"snapDist":4,"label":1}},{"type":"Feature","geometry":{"type":"Point","coordinates":[12.047966,57.610911]},"properties":{"name":"Kållered station","lines":"755, 765","arr":["755","765"],"terminus":0,"mode":"bus","color":"#0059a9","colorDark":"#00294f","angle":75.7,"snapDist":7,"label":0}},{"type":"Feature","geometry":{"type":"Point","coordinates":[12.041906,57.617877]},"properties":{"name":"Bangårdsvägen","lines":"755, 765","arr":["755","765"],"terminus":0,"mode":"bus","color":"#0059a9","colorDark":"#00294f","angle":66.5,"snapDist":4,"label":1}},{"type":"Feature","geometry":{"type":"Point","coordinates":[12.040576,57.61758]},"properties":{"name":"Torrekulla","lines":"755, 760, 765","arr":["755","760","765"],"terminus":0,"mode":"bus","color":"#0059a9","colorDark":"#00294f","angle":239,"snapDist":6,"label":1}},{"type":"Feature","geometry":{"type":"Point","coordinates":[12.042979,57.609406]},"properties":{"name":"Labackavägen","lines":"755, 760, 765","arr":["755","760","765"],"terminus":0,"mode":"bus","color":"#0059a9","colorDark":"#00294f","angle":258.2,"snapDist":7,"label":0}},{"type":"Feature","geometry":{"type":"Point","coordinates":[12.045634,57.604488]},"properties":{"name":"Kållered köpstad","lines":"755, 760, 765","arr":["755","760","765"],"terminus":0,"mode":"bus","color":"#0059a9","colorDark":"#00294f","angle":71.9,"snapDist":15,"label":1}},{"type":"Feature","geometry":{"type":"Point","coordinates":[12.049761,57.60179]},"properties":{"name":"Eken","lines":"755, 760, 765","arr":["755","760","765"],"terminus":0,"mode":"bus","color":"#0059a9","colorDark":"#00294f","angle":155.2,"snapDist":10,"label":1}},{"type":"Feature","geometry":{"type":"Point","coordinates":[12.054474,57.602667]},"properties":{"name":"Södra Kyrkvägen","lines":"755, 765","arr":["755","765"],"terminus":0,"mode":"bus","color":"#0059a9","colorDark":"#00294f","angle":46.2,"snapDist":5,"label":1}},{"type":"Feature","geometry":{"type":"Point","coordinates":[12.051287,57.605325]},"properties":{"name":"Västra Kyrkvägen","lines":"755, 765","arr":["755","765"],"terminus":0,"mode":"bus","color":"#0059a9","colorDark":"#00294f","angle":69.8,"snapDist":5,"label":1}},{"type":"Feature","geometry":{"type":"Point","coordinates":[12.049217,57.611028]},"properties":{"name":"Kållered station","lines":"755, 761, 764","arr":["755","761","764"],"terminus":0,"mode":"bus","color":"#0059a9","colorDark":"#00294f","angle":78,"snapDist":4,"label":0}},{"type":"Feature","geometry":{"type":"Point","coordinates":[12.048222,57.614665]},"properties":{"name":"Waldts fabriker","lines":"755, 761, 764","arr":["755","761","764"],"terminus":0,"mode":"bus","color":"#0059a9","colorDark":"#00294f","angle":75.1,"snapDist":6,"label":1}},{"type":"Feature","geometry":{"type":"Point","coordinates":[12.045277,57.620051]},"properties":{"name":"Brännemaden","lines":"755, 761, 764","arr":["755","761","764"],"terminus":0,"mode":"bus","color":"#0059a9","colorDark":"#00294f","angle":72.3,"snapDist":9,"label":1}},{"type":"Feature","geometry":{"type":"Point","coordinates":[12.042897,57.62581]},"properties":{"name":"Hasseldungen","lines":"755, 761, 764","arr":["755","761","764"],"terminus":0,"mode":"bus","color":"#0059a9","colorDark":"#00294f","angle":73.6,"snapDist":6,"label":1}},{"type":"Feature","geometry":{"type":"Point","coordinates":[12.041282,57.631796]},"properties":{"name":"Sandbäck","lines":"755, 761, 764","arr":["755","761","764"],"terminus":0,"mode":"bus","color":"#0059a9","colorDark":"#00294f","angle":84.2,"snapDist":5,"label":1}},{"type":"Feature","geometry":{"type":"Point","coordinates":[12.039799,57.635359]},"properties":{"name":"Pilekrogen","lines":"755, 761, 764","arr":["755","761","764"],"terminus":0,"mode":"bus","color":"#0059a9","colorDark":"#00294f","angle":53,"snapDist":10,"label":1}},{"type":"Feature","geometry":{"type":"Point","coordinates":[12.031572,57.641281]},"properties":{"name":"Rävekärrsgatan","lines":"755, 761, 764","arr":["755","761","764"],"terminus":0,"mode":"bus","color":"#0059a9","colorDark":"#00294f","angle":104.8,"snapDist":8,"label":1}},{"type":"Feature","geometry":{"type":"Point","coordinates":[12.029067,57.645958]},"properties":{"name":"Möbelgatan","lines":"755, 761, 764","arr":["755","761","764"],"terminus":0,"mode":"bus","color":"#0059a9","colorDark":"#00294f","angle":26.8,"snapDist":3,"label":1}},{"type":"Feature","geometry":{"type":"Point","coordinates":[12.022643,57.649421]},"properties":{"name":"Kronogårdsgatan","lines":"755, 761, 764","arr":["755","761","764"],"terminus":0,"mode":"bus","color":"#0059a9","colorDark":"#00294f","angle":67,"snapDist":7,"label":1}},{"type":"Feature","geometry":{"type":"Point","coordinates":[12.018356,57.655377]},"properties":{"name":"Mölndals bro","lines":"755, 760, 761, 764","arr":["755","760","761","764"],"terminus":1,"mode":"bus","color":"#0059a9","colorDark":"#00294f","angle":333,"snapDist":2,"label":0}},{"type":"Feature","geometry":{"type":"Point","coordinates":[12.01683,57.656287]},"properties":{"name":"Mölndals Innerstad","lines":"755, 757, 759, 764","arr":["755","757","759","764"],"terminus":1,"mode":"bus","color":"#0059a9","colorDark":"#00294f","angle":68.2,"snapDist":7,"label":0}},{"type":"Feature","geometry":{"type":"Point","coordinates":[12.017329,57.656281]},"properties":{"name":"Mölndals Innerstad","lines":"755, 764","arr":["755","764"],"terminus":1,"mode":"bus","color":"#0059a9","colorDark":"#00294f","angle":245.6,"snapDist":2,"label":0}},{"type":"Feature","geometry":{"type":"Point","coordinates":[12.018546,57.6556]},"properties":{"name":"Mölndals bro","lines":"755, 760, 761, 764","arr":["755","760","761","764"],"terminus":1,"mode":"bus","color":"#0059a9","colorDark":"#00294f","angle":149.1,"snapDist":2,"label":0}},{"type":"Feature","geometry":{"type":"Point","coordinates":[12.023274,57.648606]},"properties":{"name":"Kronogårdsgatan","lines":"755, 761, 764","arr":["755","761","764"],"terminus":0,"mode":"bus","color":"#0059a9","colorDark":"#00294f","angle":248.6,"snapDist":6,"label":0}},{"type":"Feature","geometry":{"type":"Point","coordinates":[12.030469,57.645354]},"properties":{"name":"Möbelgatan","lines":"755, 761, 764","arr":["755","761","764"],"terminus":0,"mode":"bus","color":"#0059a9","colorDark":"#00294f","angle":232.6,"snapDist":11,"label":0}},{"type":"Feature","geometry":{"type":"Point","coordinates":[12.031552,57.641239]},"properties":{"name":"Rävekärrsgatan","lines":"755, 761, 764","arr":["755","761","764"],"terminus":0,"mode":"bus","color":"#0059a9","colorDark":"#00294f","angle":284.4,"snapDist":4,"label":0}},{"type":"Feature","geometry":{"type":"Point","coordinates":[12.03766,57.636123]},"properties":{"name":"Pilekrogen","lines":"755, 761, 764","arr":["755","761","764"],"terminus":0,"mode":"bus","color":"#0059a9","colorDark":"#00294f","angle":204.5,"snapDist":7,"label":0}},{"type":"Feature","geometry":{"type":"Point","coordinates":[12.040603,57.633863]},"properties":{"name":"Grankullen","lines":"755, 761, 764","arr":["755","761","764"],"terminus":0,"mode":"bus","color":"#0059a9","colorDark":"#00294f","angle":262.4,"snapDist":6,"label":1}},{"type":"Feature","geometry":{"type":"Point","coordinates":[12.041209,57.630672]},"properties":{"name":"Sandbäck","lines":"755, 761, 764","arr":["755","761","764"],"terminus":0,"mode":"bus","color":"#0059a9","colorDark":"#00294f","angle":275.4,"snapDist":8,"label":0}},{"type":"Feature","geometry":{"type":"Point","coordinates":[12.04178,57.626937]},"properties":{"name":"Hasseldungen","lines":"755, 761, 764","arr":["755","761","764"],"terminus":0,"mode":"bus","color":"#0059a9","colorDark":"#00294f","angle":245.9,"snapDist":5,"label":0}},{"type":"Feature","geometry":{"type":"Point","coordinates":[12.045208,57.620162]},"properties":{"name":"Brännemaden","lines":"755, 761, 764","arr":["755","761","764"],"terminus":0,"mode":"bus","color":"#0059a9","colorDark":"#00294f","angle":249.3,"snapDist":7,"label":0}},{"type":"Feature","geometry":{"type":"Point","coordinates":[12.048299,57.614508]},"properties":{"name":"Waldts fabriker","lines":"755, 761, 764","arr":["755","761","764"],"terminus":0,"mode":"bus","color":"#0059a9","colorDark":"#00294f","angle":256.3,"snapDist":5,"label":0}},{"type":"Feature","geometry":{"type":"Point","coordinates":[12.049314,57.610804]},"properties":{"name":"Kållered station","lines":"755, 761, 764, 765","arr":["755","761","764","765"],"terminus":0,"mode":"bus","color":"#0059a9","colorDark":"#00294f","angle":254.4,"snapDist":5,"label":0}},{"type":"Feature","geometry":{"type":"Point","coordinates":[12.051273,57.605346]},"properties":{"name":"Västra Kyrkvägen","lines":"755, 765","arr":["755","765"],"terminus":0,"mode":"bus","color":"#0059a9","colorDark":"#00294f","angle":249.8,"snapDist":3,"label":0}},{"type":"Feature","geometry":{"type":"Point","coordinates":[12.055284,57.602219]},"properties":{"name":"Södra Kyrkvägen","lines":"755, 765","arr":["755","765"],"terminus":0,"mode":"bus","color":"#0059a9","colorDark":"#00294f","angle":219.5,"snapDist":5,"label":0}},{"type":"Feature","geometry":{"type":"Point","coordinates":[12.049623,57.60182]},"properties":{"name":"Eken","lines":"755, 760, 765","arr":["755","760","765"],"terminus":0,"mode":"bus","color":"#0059a9","colorDark":"#00294f","angle":335.1,"snapDist":6,"label":0}},{"type":"Feature","geometry":{"type":"Point","coordinates":[12.045483,57.604737]},"properties":{"name":"Kållered köpstad","lines":"755, 760, 765","arr":["755","760","765"],"terminus":0,"mode":"bus","color":"#0059a9","colorDark":"#00294f","angle":73.1,"snapDist":7,"label":0}},{"type":"Feature","geometry":{"type":"Point","coordinates":[12.042912,57.609588]},"properties":{"name":"Labackavägen","lines":"755, 760, 765","arr":["755","760","765"],"terminus":0,"mode":"bus","color":"#0059a9","colorDark":"#00294f","angle":79.1,"snapDist":10,"label":0}},{"type":"Feature","geometry":{"type":"Point","coordinates":[12.040029,57.618068]},"properties":{"name":"Torrekulla","lines":"755, 760, 765","arr":["755","760","765"],"terminus":0,"mode":"bus","color":"#0059a9","colorDark":"#00294f","angle":53,"snapDist":6,"label":0}},{"type":"Feature","geometry":{"type":"Point","coordinates":[12.042044,57.617709]},"properties":{"name":"Bangårdsvägen","lines":"755, 765","arr":["755","765"],"terminus":0,"mode":"bus","color":"#0059a9","colorDark":"#00294f","angle":246.5,"snapDist":4,"label":0}},{"type":"Feature","geometry":{"type":"Point","coordinates":[12.048026,57.610782]},"properties":{"name":"Kållered station","lines":"755, 765","arr":["755","765"],"terminus":0,"mode":"bus","color":"#0059a9","colorDark":"#00294f","angle":257.6,"snapDist":6,"label":0}},{"type":"Feature","geometry":{"type":"Point","coordinates":[12.041497,57.609635]},"properties":{"name":"Labackavägen","lines":"755, 765","arr":["755","765"],"terminus":0,"mode":"bus","color":"#0059a9","colorDark":"#00294f","angle":316.9,"snapDist":7,"label":0}},{"type":"Feature","geometry":{"type":"Point","coordinates":[12.03413,57.608023]},"properties":{"name":"Mor Annas väg","lines":"755, 765","arr":["755","765"],"terminus":0,"mode":"bus","color":"#0059a9","colorDark":"#00294f","angle":349.3,"snapDist":7,"label":0}},{"type":"Feature","geometry":{"type":"Point","coordinates":[12.013897,57.661487]},"properties":{"name":"Mölndals sjukhus","lines":"757","arr":["757"],"terminus":0,"mode":"bus","color":"#0059a9","colorDark":"#00294f","angle":75.1,"snapDist":5,"label":1}},{"type":"Feature","geometry":{"type":"Point","coordinates":[12.004418,57.676124]},"properties":{"name":"Fredåsgatan","lines":"757","arr":["757"],"terminus":0,"mode":"bus","color":"#0059a9","colorDark":"#00294f","angle":344.7,"snapDist":7,"label":1}},{"type":"Feature","geometry":{"type":"Point","coordinates":[11.999766,57.675321]},"properties":{"name":"Soltorpsgatan","lines":"757","arr":["757"],"terminus":0,"mode":"bus","color":"#0059a9","colorDark":"#00294f","angle":317.1,"snapDist":5,"label":1}},{"type":"Feature","geometry":{"type":"Point","coordinates":[11.994812,57.675423]},"properties":{"name":"Hökegårdsgatan","lines":"757","arr":["757"],"terminus":0,"mode":"bus","color":"#0059a9","colorDark":"#00294f","angle":23.5,"snapDist":6,"label":1}},{"type":"Feature","geometry":{"type":"Point","coordinates":[11.986789,57.677733]},"properties":{"name":"Grågåsgatan","lines":"757","arr":["757"],"terminus":0,"mode":"bus","color":"#0059a9","colorDark":"#00294f","angle":2.6,"snapDist":4,"label":1}},{"type":"Feature","geometry":{"type":"Point","coordinates":[11.982587,57.675947]},"properties":{"name":"Bruns backe","lines":"757","arr":["757"],"terminus":0,"mode":"bus","color":"#0059a9","colorDark":"#00294f","angle":287.3,"snapDist":5,"label":1}},{"type":"Feature","geometry":{"type":"Point","coordinates":[11.980403,57.673656]},"properties":{"name":"Dalgångsgatan","lines":"757","arr":["757"],"terminus":0,"mode":"bus","color":"#0059a9","colorDark":"#00294f","angle":126.8,"snapDist":5,"label":0}},{"type":"Feature","geometry":{"type":"Point","coordinates":[11.982994,57.676529]},"properties":{"name":"Bruns backe","lines":"757","arr":["757"],"terminus":0,"mode":"bus","color":"#0059a9","colorDark":"#00294f","angle":111.9,"snapDist":5,"label":0}},{"type":"Feature","geometry":{"type":"Point","coordinates":[11.98627,57.677748]},"properties":{"name":"Grågåsgatan","lines":"757","arr":["757"],"terminus":0,"mode":"bus","color":"#0059a9","colorDark":"#00294f","angle":188.2,"snapDist":4,"label":0}},{"type":"Feature","geometry":{"type":"Point","coordinates":[11.994935,57.675395]},"properties":{"name":"Hökegårdsgatan","lines":"757","arr":["757"],"terminus":0,"mode":"bus","color":"#0059a9","colorDark":"#00294f","angle":203.5,"snapDist":4,"label":0}},{"type":"Feature","geometry":{"type":"Point","coordinates":[11.999792,57.675334]},"properties":{"name":"Soltorpsgatan","lines":"757","arr":["757"],"terminus":0,"mode":"bus","color":"#0059a9","colorDark":"#00294f","angle":137.1,"snapDist":5,"label":0}},{"type":"Feature","geometry":{"type":"Point","coordinates":[12.005382,57.676265]},"properties":{"name":"Fredåsgatan","lines":"757","arr":["757"],"terminus":0,"mode":"bus","color":"#0059a9","colorDark":"#00294f","angle":164.7,"snapDist":2,"label":0}},{"type":"Feature","geometry":{"type":"Point","coordinates":[12.011672,57.66528]},"properties":{"name":"Lackarebäck","lines":"757","arr":["757"],"terminus":0,"mode":"bus","color":"#0059a9","colorDark":"#00294f","angle":257.1,"snapDist":4,"label":0}},{"type":"Feature","geometry":{"type":"Point","coordinates":[12.013752,57.661011]},"properties":{"name":"Mölndals sjukhus","lines":"757","arr":["757"],"terminus":0,"mode":"bus","color":"#0059a9","colorDark":"#00294f","angle":255,"snapDist":6,"label":0}},{"type":"Feature","geometry":{"type":"Point","coordinates":[11.965565,57.648145]},"properties":{"name":"Eklanda lund","lines":"758","arr":["758"],"terminus":0,"mode":"bus","color":"#0059a9","colorDark":"#00294f","angle":196.1,"snapDist":4,"label":1}},{"type":"Feature","geometry":{"type":"Point","coordinates":[11.983184,57.646171]},"properties":{"name":"Jolen södra","lines":"758","arr":["758"],"terminus":0,"mode":"bus","color":"#0059a9","colorDark":"#00294f","angle":168.4,"snapDist":4,"label":1}},{"type":"Feature","geometry":{"type":"Point","coordinates":[11.989471,57.642866]},"properties":{"name":"Johannefred","lines":"758, X90","arr":["758","X90"],"terminus":0,"mode":"bus","color":"#0059a9","colorDark":"#00294f","angle":212.1,"snapDist":6,"label":1}},{"type":"Feature","geometry":{"type":"Point","coordinates":[11.998415,57.641304]},"properties":{"name":"Riskulla","lines":"758, X90","arr":["758","X90"],"terminus":0,"mode":"bus","color":"#0059a9","colorDark":"#00294f","angle":191.9,"snapDist":4,"label":1}},{"type":"Feature","geometry":{"type":"Point","coordinates":[12.010226,57.640668]},"properties":{"name":"Kryptongatan","lines":"758, X90","arr":["758","X90"],"terminus":0,"mode":"bus","color":"#0059a9","colorDark":"#00294f","angle":173,"snapDist":4,"label":1}},{"type":"Feature","geometry":{"type":"Point","coordinates":[12.016717,57.641511]},"properties":{"name":"Neongatan","lines":"758, X90","arr":["758","X90"],"terminus":0,"mode":"bus","color":"#0059a9","colorDark":"#00294f","angle":164.1,"snapDist":4,"label":1}},{"type":"Feature","geometry":{"type":"Point","coordinates":[12.018147,57.655472]},"properties":{"name":"Mölndals bro","lines":"758","arr":["758"],"terminus":0,"mode":"bus","color":"#0059a9","colorDark":"#00294f","angle":149.8,"snapDist":1,"label":0}},{"type":"Feature","geometry":{"type":"Point","coordinates":[12.016861,57.667601]},"properties":{"name":"Bergfotsgatan","lines":"758","arr":["758"],"terminus":0,"mode":"bus","color":"#0059a9","colorDark":"#00294f","angle":80.7,"snapDist":5,"label":1}},{"type":"Feature","geometry":{"type":"Point","coordinates":[12.014901,57.67194]},"properties":{"name":"Sörgärdesgatan","lines":"758","arr":["758"],"terminus":0,"mode":"bus","color":"#0059a9","colorDark":"#00294f","angle":65,"snapDist":4,"label":1}},{"type":"Feature","geometry":{"type":"Point","coordinates":[12.007838,57.676299]},"properties":{"name":"Krokslätts södra industriområde","lines":"758","arr":["758"],"terminus":0,"mode":"bus","color":"#0059a9","colorDark":"#00294f","angle":57,"snapDist":4,"label":1}},{"type":"Feature","geometry":{"type":"Point","coordinates":[12.007664,57.676449]},"properties":{"name":"Krokslätts södra industriområde","lines":"758","arr":["758"],"terminus":0,"mode":"bus","color":"#0059a9","colorDark":"#00294f","angle":239.2,"snapDist":6,"label":0}},{"type":"Feature","geometry":{"type":"Point","coordinates":[12.01492,57.671918]},"properties":{"name":"Sörgärdesgatan","lines":"758","arr":["758"],"terminus":0,"mode":"bus","color":"#0059a9","colorDark":"#00294f","angle":245,"snapDist":2,"label":0}},{"type":"Feature","geometry":{"type":"Point","coordinates":[12.016898,57.667485]},"properties":{"name":"Bergfotsgatan","lines":"758","arr":["758"],"terminus":0,"mode":"bus","color":"#0059a9","colorDark":"#00294f","angle":259.9,"snapDist":3,"label":0}},{"type":"Feature","geometry":{"type":"Point","coordinates":[12.017925,57.655263]},"properties":{"name":"Mölndals bro","lines":"758, X90","arr":["758","X90"],"terminus":0,"mode":"bus","color":"#0059a9","colorDark":"#00294f","angle":335.3,"snapDist":1,"label":0}},{"type":"Feature","geometry":{"type":"Point","coordinates":[12.020508,57.638507]},"properties":{"name":"Gamla tingshuset","lines":"758, 759, 760","arr":["758","759","760"],"terminus":0,"mode":"bus","color":"#0059a9","colorDark":"#00294f","angle":73.8,"snapDist":10,"label":0}},{"type":"Feature","geometry":{"type":"Point","coordinates":[12.015457,57.641307]},"properties":{"name":"Neongatan","lines":"758, X90","arr":["758","X90"],"terminus":0,"mode":"bus","color":"#0059a9","colorDark":"#00294f","angle":346.3,"snapDist":5,"label":0}},{"type":"Feature","geometry":{"type":"Point","coordinates":[12.010356,57.640677]},"properties":{"name":"Kryptongatan","lines":"758, X90","arr":["758","X90"],"terminus":0,"mode":"bus","color":"#0059a9","colorDark":"#00294f","angle":353,"snapDist":5,"label":0}},{"type":"Feature","geometry":{"type":"Point","coordinates":[11.996791,57.641467]},"properties":{"name":"Riskulla","lines":"758, X90","arr":["758","X90"],"terminus":0,"mode":"bus","color":"#0059a9","colorDark":"#00294f","angle":7.8,"snapDist":6,"label":0}},{"type":"Feature","geometry":{"type":"Point","coordinates":[11.988141,57.64324]},"properties":{"name":"Johannefred","lines":"758, X90","arr":["758","X90"],"terminus":0,"mode":"bus","color":"#0059a9","colorDark":"#00294f","angle":26,"snapDist":7,"label":0}},{"type":"Feature","geometry":{"type":"Point","coordinates":[11.982722,57.646112]},"properties":{"name":"Jolen södra","lines":"758","arr":["758"],"terminus":0,"mode":"bus","color":"#0059a9","colorDark":"#00294f","angle":345.8,"snapDist":13,"label":0}},{"type":"Feature","geometry":{"type":"Point","coordinates":[11.965094,57.648713]},"properties":{"name":"Eklanda lund","lines":"758","arr":["758"],"terminus":0,"mode":"bus","color":"#0059a9","colorDark":"#00294f","angle":105.3,"snapDist":6,"label":0}},{"type":"Feature","geometry":{"type":"Point","coordinates":[12.00232,57.628643]},"properties":{"name":"Årsringsgatan","lines":"759","arr":["759"],"terminus":1,"mode":"bus","color":"#0059a9","colorDark":"#00294f","angle":228,"snapDist":5,"label":1}},{"type":"Feature","geometry":{"type":"Point","coordinates":[12.009167,57.623924]},"properties":{"name":"Splintvedsgatan","lines":"759","arr":["759"],"terminus":0,"mode":"bus","color":"#0059a9","colorDark":"#00294f","angle":207.7,"snapDist":2,"label":1}},{"type":"Feature","geometry":{"type":"Point","coordinates":[12.015412,57.630013]},"properties":{"name":"Blixås","lines":"759","arr":["759"],"terminus":0,"mode":"bus","color":"#0059a9","colorDark":"#00294f","angle":197.6,"snapDist":5,"label":1}},{"type":"Feature","geometry":{"type":"Point","coordinates":[12.021712,57.625891]},"properties":{"name":"Förbovallen","lines":"759","arr":["759"],"terminus":0,"mode":"bus","color":"#0059a9","colorDark":"#00294f","angle":270.5,"snapDist":3,"label":1}},{"type":"Feature","geometry":{"type":"Point","coordinates":[12.028987,57.625462]},"properties":{"name":"Ålegården","lines":"759","arr":["759"],"terminus":0,"mode":"bus","color":"#0059a9","colorDark":"#00294f","angle":150.5,"snapDist":7,"label":1}},{"type":"Feature","geometry":{"type":"Point","coordinates":[12.029994,57.629142]},"properties":{"name":"Pepparedsängen","lines":"759, 760","arr":["759","760"],"terminus":0,"mode":"bus","color":"#0059a9","colorDark":"#00294f","angle":47.5,"snapDist":8,"label":1}},{"type":"Feature","geometry":{"type":"Point","coordinates":[12.023323,57.630803]},"properties":{"name":"Peppareds torg","lines":"759, 760","arr":["759","760"],"terminus":0,"mode":"bus","color":"#0059a9","colorDark":"#00294f","angle":194.7,"snapDist":10,"label":0}},{"type":"Feature","geometry":{"type":"Point","coordinates":[12.017535,57.656035]},"properties":{"name":"Mölndals Innerstad","lines":"759","arr":["759"],"terminus":1,"mode":"bus","color":"#0059a9","colorDark":"#00294f","angle":246,"snapDist":2,"label":0}},{"type":"Feature","geometry":{"type":"Point","coordinates":[12.024268,57.631011]},"properties":{"name":"Peppareds torg","lines":"759, 760","arr":["759","760"],"terminus":0,"mode":"bus","color":"#0059a9","colorDark":"#00294f","angle":219,"snapDist":6,"label":0}},{"type":"Feature","geometry":{"type":"Point","coordinates":[12.031042,57.62842]},"properties":{"name":"Pepparedsängen","lines":"759, 760","arr":["759","760"],"terminus":0,"mode":"bus","color":"#0059a9","colorDark":"#00294f","angle":234.1,"snapDist":7,"label":0}},{"type":"Feature","geometry":{"type":"Point","coordinates":[12.027768,57.625389]},"properties":{"name":"Ålegården","lines":"759","arr":["759"],"terminus":0,"mode":"bus","color":"#0059a9","colorDark":"#00294f","angle":15.7,"snapDist":4,"label":0}},{"type":"Feature","geometry":{"type":"Point","coordinates":[12.021714,57.626046]},"properties":{"name":"Förbovallen","lines":"759","arr":["759"],"terminus":0,"mode":"bus","color":"#0059a9","colorDark":"#00294f","angle":90.8,"snapDist":2,"label":0}},{"type":"Feature","geometry":{"type":"Point","coordinates":[12.014579,57.629202]},"properties":{"name":"Blixås","lines":"759","arr":["759"],"terminus":0,"mode":"bus","color":"#0059a9","colorDark":"#00294f","angle":265.1,"snapDist":1,"label":0}},{"type":"Feature","geometry":{"type":"Point","coordinates":[12.009299,57.623887]},"properties":{"name":"Splintvedsgatan","lines":"759","arr":["759"],"terminus":0,"mode":"bus","color":"#0059a9","colorDark":"#00294f","angle":27.7,"snapDist":4,"label":0}},{"type":"Feature","geometry":{"type":"Point","coordinates":[12.106668,57.574727]},"properties":{"name":"Varvsvägen","lines":"760","arr":["760"],"terminus":1,"mode":"bus","color":"#0059a9","colorDark":"#00294f","angle":241.5,"snapDist":3,"label":1}},{"type":"Feature","geometry":{"type":"Point","coordinates":[12.100472,57.574913]},"properties":{"name":"Bergavägen","lines":"760","arr":["760"],"terminus":0,"mode":"bus","color":"#0059a9","colorDark":"#00294f","angle":354,"snapDist":6,"label":1}},{"type":"Feature","geometry":{"type":"Point","coordinates":[12.076054,57.580008]},"properties":{"name":"Fageredsvägen","lines":"760","arr":["760"],"terminus":0,"mode":"bus","color":"#0059a9","colorDark":"#00294f","angle":73.4,"snapDist":6,"label":1}},{"type":"Feature","geometry":{"type":"Point","coordinates":[12.071204,57.586607]},"properties":{"name":"Hallonvägen","lines":"760","arr":["760"],"terminus":0,"mode":"bus","color":"#0059a9","colorDark":"#00294f","angle":62.2,"snapDist":7,"label":1}},{"type":"Feature","geometry":{"type":"Point","coordinates":[12.062798,57.591895]},"properties":{"name":"Flabäck","lines":"760","arr":["760"],"terminus":0,"mode":"bus","color":"#0059a9","colorDark":"#00294f","angle":52.3,"snapDist":5,"label":1}},{"type":"Feature","geometry":{"type":"Point","coordinates":[12.057615,57.599853]},"properties":{"name":"Kålleredsmotet","lines":"760","arr":["760"],"terminus":0,"mode":"bus","color":"#0059a9","colorDark":"#00294f","angle":52.6,"snapDist":8,"label":1}},{"type":"Feature","geometry":{"type":"Point","coordinates":[12.05831,57.599295]},"properties":{"name":"Kålleredsmotet","lines":"760","arr":["760"],"terminus":0,"mode":"bus","color":"#0059a9","colorDark":"#00294f","angle":240.9,"snapDist":5,"label":0}},{"type":"Feature","geometry":{"type":"Point","coordinates":[12.064773,57.590657]},"properties":{"name":"Flabäck","lines":"760","arr":["760"],"terminus":0,"mode":"bus","color":"#0059a9","colorDark":"#00294f","angle":221.1,"snapDist":6,"label":0}},{"type":"Feature","geometry":{"type":"Point","coordinates":[12.072128,57.585698]},"properties":{"name":"Hallonvägen","lines":"760","arr":["760"],"terminus":0,"mode":"bus","color":"#0059a9","colorDark":"#00294f","angle":241.8,"snapDist":9,"label":0}},{"type":"Feature","geometry":{"type":"Point","coordinates":[12.076429,57.579346]},"properties":{"name":"Fageredsvägen","lines":"760","arr":["760"],"terminus":0,"mode":"bus","color":"#0059a9","colorDark":"#00294f","angle":255.1,"snapDist":9,"label":0}},{"type":"Feature","geometry":{"type":"Point","coordinates":[12.10152,57.574991]},"properties":{"name":"Bergavägen","lines":"760","arr":["760"],"terminus":0,"mode":"bus","color":"#0059a9","colorDark":"#00294f","angle":170.3,"snapDist":5,"label":0}},{"type":"Feature","geometry":{"type":"Point","coordinates":[12.092854,57.582528]},"properties":{"name":"Valåsbacken","lines":"761","arr":["761"],"terminus":0,"mode":"bus","color":"#0059a9","colorDark":"#00294f","angle":82.3,"snapDist":3,"label":1}},{"type":"Feature","geometry":{"type":"Point","coordinates":[12.094986,57.585144]},"properties":{"name":"Annestorpsvägen","lines":"761, 763","arr":["761","763"],"terminus":0,"mode":"bus","color":"#0059a9","colorDark":"#00294f","angle":45.2,"snapDist":5,"label":1}},{"type":"Feature","geometry":{"type":"Point","coordinates":[12.092163,57.586729]},"properties":{"name":"Lundvägen","lines":"761, 763","arr":["761","763"],"terminus":0,"mode":"bus","color":"#0059a9","colorDark":"#00294f","angle":55.4,"snapDist":6,"label":1}},{"type":"Feature","geometry":{"type":"Point","coordinates":[12.08987,57.59286]},"properties":{"name":"Fritzes väg","lines":"761, 763","arr":["761","763"],"terminus":0,"mode":"bus","color":"#0059a9","colorDark":"#00294f","angle":59.8,"snapDist":6,"label":1}},{"type":"Feature","geometry":{"type":"Point","coordinates":[12.084999,57.596323]},"properties":{"name":"Sagered","lines":"761, 763","arr":["761","763"],"terminus":0,"mode":"bus","color":"#0059a9","colorDark":"#00294f","angle":49.7,"snapDist":5,"label":1}},{"type":"Feature","geometry":{"type":"Point","coordinates":[12.078164,57.6035]},"properties":{"name":"Risås backe","lines":"761","arr":["761"],"terminus":0,"mode":"bus","color":"#0059a9","colorDark":"#00294f","angle":86.4,"snapDist":7,"label":1}},{"type":"Feature","geometry":{"type":"Point","coordinates":[12.074005,57.606317]},"properties":{"name":"Stretered","lines":"761","arr":["761"],"terminus":0,"mode":"bus","color":"#0059a9","colorDark":"#00294f","angle":74.3,"snapDist":4,"label":1}},{"type":"Feature","geometry":{"type":"Point","coordinates":[12.069361,57.609298]},"properties":{"name":"Skollyckan","lines":"761, 764, 765","arr":["761","764","765"],"terminus":0,"mode":"bus","color":"#0059a9","colorDark":"#00294f","angle":39.7,"snapDist":6,"label":1}},{"type":"Feature","geometry":{"type":"Point","coordinates":[12.063527,57.609958]},"properties":{"name":"Bäckvägen","lines":"761, 764, 765","arr":["761","764","765"],"terminus":0,"mode":"bus","color":"#0059a9","colorDark":"#00294f","angle":14.5,"snapDist":4,"label":1}},{"type":"Feature","geometry":{"type":"Point","coordinates":[12.058852,57.61048]},"properties":{"name":"Olas väg","lines":"761, 764, 765","arr":["761","764","765"],"terminus":0,"mode":"bus","color":"#0059a9","colorDark":"#00294f","angle":348.6,"snapDist":8,"label":1}},{"type":"Feature","geometry":{"type":"Point","coordinates":[12.054094,57.610692]},"properties":{"name":"Brattåsskolan","lines":"761, 764, 765","arr":["761","764","765"],"terminus":0,"mode":"bus","color":"#0059a9","colorDark":"#00294f","angle":9,"snapDist":5,"label":1}},{"type":"Feature","geometry":{"type":"Point","coordinates":[12.053218,57.610755]},"properties":{"name":"Brattåsskolan","lines":"761, 764, 765","arr":["761","764","765"],"terminus":0,"mode":"bus","color":"#0059a9","colorDark":"#00294f","angle":188.5,"snapDist":6,"label":0}},{"type":"Feature","geometry":{"type":"Point","coordinates":[12.059048,57.610501]},"properties":{"name":"Olas väg","lines":"761, 764, 765","arr":["761","764","765"],"terminus":0,"mode":"bus","color":"#0059a9","colorDark":"#00294f","angle":168.6,"snapDist":6,"label":0}},{"type":"Feature","geometry":{"type":"Point","coordinates":[12.065013,57.609702]},"properties":{"name":"Bäckvägen","lines":"761, 764, 765","arr":["761","764","765"],"terminus":0,"mode":"bus","color":"#0059a9","colorDark":"#00294f","angle":197.3,"snapDist":4,"label":0}},{"type":"Feature","geometry":{"type":"Point","coordinates":[12.070024,57.60901]},"properties":{"name":"Skollyckan","lines":"761, 764, 765","arr":["761","764","765"],"terminus":0,"mode":"bus","color":"#0059a9","colorDark":"#00294f","angle":218.1,"snapDist":7,"label":0}},{"type":"Feature","geometry":{"type":"Point","coordinates":[12.074515,57.605741]},"properties":{"name":"Stretered","lines":"761","arr":["761"],"terminus":0,"mode":"bus","color":"#0059a9","colorDark":"#00294f","angle":235.4,"snapDist":7,"label":0}},{"type":"Feature","geometry":{"type":"Point","coordinates":[12.078176,57.603278]},"properties":{"name":"Risås backe","lines":"761","arr":["761"],"terminus":0,"mode":"bus","color":"#0059a9","colorDark":"#00294f","angle":285.7,"snapDist":6,"label":0}},{"type":"Feature","geometry":{"type":"Point","coordinates":[12.085578,57.596356]},"properties":{"name":"Sagered","lines":"761, 763","arr":["761","763"],"terminus":0,"mode":"bus","color":"#0059a9","colorDark":"#00294f","angle":245.2,"snapDist":3,"label":0}},{"type":"Feature","geometry":{"type":"Point","coordinates":[12.089736,57.592983]},"properties":{"name":"Fritzes väg","lines":"761, 763","arr":["761","763"],"terminus":0,"mode":"bus","color":"#0059a9","colorDark":"#00294f","angle":240.1,"snapDist":4,"label":0}},{"type":"Feature","geometry":{"type":"Point","coordinates":[12.092195,57.586704]},"properties":{"name":"Lundvägen","lines":"761, 763","arr":["761","763"],"terminus":0,"mode":"bus","color":"#0059a9","colorDark":"#00294f","angle":235.4,"snapDist":6,"label":0}},{"type":"Feature","geometry":{"type":"Point","coordinates":[12.095257,57.584999]},"properties":{"name":"Annestorpsvägen","lines":"761, 763","arr":["761","763"],"terminus":0,"mode":"bus","color":"#0059a9","colorDark":"#00294f","angle":224.3,"snapDist":5,"label":0}},{"type":"Feature","geometry":{"type":"Point","coordinates":[12.092997,57.582142]},"properties":{"name":"Valåsbacken","lines":"761","arr":["761"],"terminus":0,"mode":"bus","color":"#0059a9","colorDark":"#00294f","angle":251.7,"snapDist":4,"label":0}},{"type":"Feature","geometry":{"type":"Point","coordinates":[12.096418,57.577179]},"properties":{"name":"Annebergsvägen","lines":"762, 763","arr":["762","763"],"terminus":0,"mode":"bus","color":"#0059a9","colorDark":"#00294f","angle":176.4,"snapDist":7,"label":0}},{"type":"Feature","geometry":{"type":"Point","coordinates":[12.102668,57.580216]},"properties":{"name":"Sinntorpsskolan","lines":"762, 763","arr":["762","763"],"terminus":0,"mode":"bus","color":"#0059a9","colorDark":"#00294f","angle":251,"snapDist":11,"label":1}},{"type":"Feature","geometry":{"type":"Point","coordinates":[12.114755,57.584899]},"properties":{"name":"Bunketorp","lines":"762","arr":["762"],"terminus":0,"mode":"bus","color":"#0059a9","colorDark":"#00294f","angle":145.2,"snapDist":7,"label":1}},{"type":"Feature","geometry":{"type":"Point","coordinates":[12.12752,57.588557]},"properties":{"name":"Porris västra","lines":"762","arr":["762"],"terminus":0,"mode":"bus","color":"#0059a9","colorDark":"#00294f","angle":152.7,"snapDist":6,"label":1}},{"type":"Feature","geometry":{"type":"Point","coordinates":[12.134956,57.591291]},"properties":{"name":"Porris östra","lines":"762","arr":["762"],"terminus":0,"mode":"bus","color":"#0059a9","colorDark":"#00294f","angle":145,"snapDist":8,"label":1}},{"type":"Feature","geometry":{"type":"Point","coordinates":[12.140703,57.593432]},"properties":{"name":"Hassungared","lines":"762","arr":["762"],"terminus":0,"mode":"bus","color":"#0059a9","colorDark":"#00294f","angle":145.1,"snapDist":5,"label":1}},{"type":"Feature","geometry":{"type":"Point","coordinates":[12.143302,57.594413]},"properties":{"name":"Herrgården","lines":"762","arr":["762"],"terminus":0,"mode":"bus","color":"#0059a9","colorDark":"#00294f","angle":144.6,"snapDist":7,"label":1}},{"type":"Feature","geometry":{"type":"Point","coordinates":[12.15389,57.598562]},"properties":{"name":"Kättered","lines":"762","arr":["762"],"terminus":0,"mode":"bus","color":"#0059a9","colorDark":"#00294f","angle":140.5,"snapDist":5,"label":1}},{"type":"Feature","geometry":{"type":"Point","coordinates":[12.158174,57.600188]},"properties":{"name":"Löjsåker","lines":"762","arr":["762"],"terminus":0,"mode":"bus","color":"#0059a9","colorDark":"#00294f","angle":146.1,"snapDist":5,"label":1}},{"type":"Feature","geometry":{"type":"Point","coordinates":[12.167325,57.599689]},"properties":{"name":"Kroken","lines":"762","arr":["762"],"terminus":0,"mode":"bus","color":"#0059a9","colorDark":"#00294f","angle":184.9,"snapDist":6,"label":1}},{"type":"Feature","geometry":{"type":"Point","coordinates":[12.176934,57.600112]},"properties":{"name":"Gårdaliden","lines":"762","arr":["762"],"terminus":0,"mode":"bus","color":"#0059a9","colorDark":"#00294f","angle":174.5,"snapDist":5,"label":1}},{"type":"Feature","geometry":{"type":"Point","coordinates":[12.183522,57.600448]},"properties":{"name":"Börjesgården","lines":"762, 763","arr":["762","763"],"terminus":0,"mode":"bus","color":"#0059a9","colorDark":"#00294f","angle":175.6,"snapDist":5,"label":1}},{"type":"Feature","geometry":{"type":"Point","coordinates":[12.193232,57.600493]},"properties":{"name":"Hällesåker","lines":"762, 763","arr":["762","763"],"terminus":0,"mode":"bus","color":"#0059a9","colorDark":"#00294f","angle":168.5,"snapDist":6,"label":1}},{"type":"Feature","geometry":{"type":"Point","coordinates":[12.201594,57.601093]},"properties":{"name":"Tommered","lines":"762, 763","arr":["762","763"],"terminus":0,"mode":"bus","color":"#0059a9","colorDark":"#00294f","angle":180,"snapDist":7,"label":1}},{"type":"Feature","geometry":{"type":"Point","coordinates":[12.207692,57.602105]},"properties":{"name":"Torvmossared","lines":"762, 763","arr":["762","763"],"terminus":0,"mode":"bus","color":"#0059a9","colorDark":"#00294f","angle":156.9,"snapDist":5,"label":1}},{"type":"Feature","geometry":{"type":"Point","coordinates":[12.212844,57.603526]},"properties":{"name":"Ålgårdsbacka","lines":"762, 763","arr":["762","763"],"terminus":0,"mode":"bus","color":"#0059a9","colorDark":"#00294f","angle":143.6,"snapDist":6,"label":1}},{"type":"Feature","geometry":{"type":"Point","coordinates":[12.221739,57.604806]},"properties":{"name":"Stenen","lines":"762, 763","arr":["762","763"],"terminus":0,"mode":"bus","color":"#0059a9","colorDark":"#00294f","angle":173,"snapDist":5,"label":1}},{"type":"Feature","geometry":{"type":"Point","coordinates":[12.230017,57.605434]},"properties":{"name":"Skåregärde","lines":"762, 763","arr":["762","763"],"terminus":0,"mode":"bus","color":"#0059a9","colorDark":"#00294f","angle":175.8,"snapDist":4,"label":1}},{"type":"Feature","geometry":{"type":"Point","coordinates":[12.247252,57.606332]},"properties":{"name":"Vestbergs","lines":"762, 763","arr":["762","763"],"terminus":0,"mode":"bus","color":"#0059a9","colorDark":"#00294f","angle":181.6,"snapDist":5,"label":1}},{"type":"Feature","geometry":{"type":"Point","coordinates":[12.245312,57.606357]},"properties":{"name":"Vestbergs","lines":"762, 763","arr":["762","763"],"terminus":0,"mode":"bus","color":"#0059a9","colorDark":"#00294f","angle":1.3,"snapDist":6,"label":0}},{"type":"Feature","geometry":{"type":"Point","coordinates":[12.226492,57.605229]},"properties":{"name":"Skåregärde","lines":"762, 763","arr":["762","763"],"terminus":0,"mode":"bus","color":"#0059a9","colorDark":"#00294f","angle":352.8,"snapDist":5,"label":0}},{"type":"Feature","geometry":{"type":"Point","coordinates":[12.221504,57.604791]},"properties":{"name":"Stenen","lines":"762, 763","arr":["762","763"],"terminus":0,"mode":"bus","color":"#0059a9","colorDark":"#00294f","angle":354.2,"snapDist":8,"label":0}},{"type":"Feature","geometry":{"type":"Point","coordinates":[12.213685,57.603877]},"properties":{"name":"Ålgårdsbacka","lines":"762, 763","arr":["762","763"],"terminus":0,"mode":"bus","color":"#0059a9","colorDark":"#00294f","angle":321.6,"snapDist":7,"label":0}},{"type":"Feature","geometry":{"type":"Point","coordinates":[12.206874,57.601914]},"properties":{"name":"Torvmossared","lines":"762, 763","arr":["762","763"],"terminus":0,"mode":"bus","color":"#0059a9","colorDark":"#00294f","angle":339.3,"snapDist":5,"label":0}},{"type":"Feature","geometry":{"type":"Point","coordinates":[12.201269,57.60109]},"properties":{"name":"Tommered","lines":"762, 763","arr":["762","763"],"terminus":0,"mode":"bus","color":"#0059a9","colorDark":"#00294f","angle":358.9,"snapDist":4,"label":0}},{"type":"Feature","geometry":{"type":"Point","coordinates":[12.193115,57.600616]},"properties":{"name":"Hällesåker","lines":"762, 763","arr":["762","763"],"terminus":0,"mode":"bus","color":"#0059a9","colorDark":"#00294f","angle":8.2,"snapDist":2,"label":0}},{"type":"Feature","geometry":{"type":"Point","coordinates":[12.183677,57.600454]},"properties":{"name":"Börjesgården","lines":"762, 763","arr":["762","763"],"terminus":0,"mode":"bus","color":"#0059a9","colorDark":"#00294f","angle":356.2,"snapDist":5,"label":0}},{"type":"Feature","geometry":{"type":"Point","coordinates":[12.176713,57.6001]},"properties":{"name":"Gårdaliden","lines":"762","arr":["762"],"terminus":0,"mode":"bus","color":"#0059a9","colorDark":"#00294f","angle":354.1,"snapDist":8,"label":0}},{"type":"Feature","geometry":{"type":"Point","coordinates":[12.169439,57.599724]},"properties":{"name":"Kroken","lines":"762","arr":["762"],"terminus":0,"mode":"bus","color":"#0059a9","colorDark":"#00294f","angle":354.2,"snapDist":3,"label":0}},{"type":"Feature","geometry":{"type":"Point","coordinates":[12.160857,57.600648]},"properties":{"name":"Löjsåker","lines":"762","arr":["762"],"terminus":0,"mode":"bus","color":"#0059a9","colorDark":"#00294f","angle":359.4,"snapDist":5,"label":0}},{"type":"Feature","geometry":{"type":"Point","coordinates":[12.152446,57.597907]},"properties":{"name":"Kättered","lines":"762","arr":["762"],"terminus":0,"mode":"bus","color":"#0059a9","colorDark":"#00294f","angle":318.7,"snapDist":4,"label":0}},{"type":"Feature","geometry":{"type":"Point","coordinates":[12.145774,57.595333]},"properties":{"name":"Herrgården","lines":"762","arr":["762"],"terminus":0,"mode":"bus","color":"#0059a9","colorDark":"#00294f","angle":325.9,"snapDist":6,"label":0}},{"type":"Feature","geometry":{"type":"Point","coordinates":[12.140796,57.593466]},"properties":{"name":"Hassungared","lines":"762","arr":["762"],"terminus":0,"mode":"bus","color":"#0059a9","colorDark":"#00294f","angle":325.1,"snapDist":3,"label":0}},{"type":"Feature","geometry":{"type":"Point","coordinates":[12.133786,57.590852]},"properties":{"name":"Porris östra","lines":"762","arr":["762"],"terminus":0,"mode":"bus","color":"#0059a9","colorDark":"#00294f","angle":325.2,"snapDist":5,"label":0}},{"type":"Feature","geometry":{"type":"Point","coordinates":[12.127766,57.588633]},"properties":{"name":"Porris västra","lines":"762","arr":["762"],"terminus":0,"mode":"bus","color":"#0059a9","colorDark":"#00294f","angle":330.5,"snapDist":6,"label":0}},{"type":"Feature","geometry":{"type":"Point","coordinates":[12.115818,57.5853]},"properties":{"name":"Bunketorp","lines":"762","arr":["762"],"terminus":0,"mode":"bus","color":"#0059a9","colorDark":"#00294f","angle":325.1,"snapDist":5,"label":0}},{"type":"Feature","geometry":{"type":"Point","coordinates":[12.101999,57.580101]},"properties":{"name":"Sinntorpsskolan","lines":"762, 763","arr":["762","763"],"terminus":0,"mode":"bus","color":"#0059a9","colorDark":"#00294f","angle":299.7,"snapDist":5,"label":0}},{"type":"Feature","geometry":{"type":"Point","coordinates":[12.089467,57.597319]},"properties":{"name":"Däldehöga","lines":"763","arr":["763"],"terminus":0,"mode":"bus","color":"#0059a9","colorDark":"#00294f","angle":144.6,"snapDist":3,"label":1}},{"type":"Feature","geometry":{"type":"Point","coordinates":[12.095148,57.598523]},"properties":{"name":"Espås","lines":"763","arr":["763"],"terminus":0,"mode":"bus","color":"#0059a9","colorDark":"#00294f","angle":171.1,"snapDist":3,"label":1}},{"type":"Feature","geometry":{"type":"Point","coordinates":[12.104305,57.599615]},"properties":{"name":"Dvärred","lines":"763","arr":["763"],"terminus":0,"mode":"bus","color":"#0059a9","colorDark":"#00294f","angle":154.2,"snapDist":3,"label":1}},{"type":"Feature","geometry":{"type":"Point","coordinates":[12.108171,57.601074]},"properties":{"name":"Annero","lines":"763","arr":["763"],"terminus":0,"mode":"bus","color":"#0059a9","colorDark":"#00294f","angle":147.2,"snapDist":3,"label":1}},{"type":"Feature","geometry":{"type":"Point","coordinates":[12.118194,57.602213]},"properties":{"name":"Ekered","lines":"763","arr":["763"],"terminus":0,"mode":"bus","color":"#0059a9","colorDark":"#00294f","angle":164.9,"snapDist":5,"label":1}},{"type":"Feature","geometry":{"type":"Point","coordinates":[12.123137,57.603182]},"properties":{"name":"Skår","lines":"763","arr":["763"],"terminus":0,"mode":"bus","color":"#0059a9","colorDark":"#00294f","angle":190.9,"snapDist":3,"label":1}},{"type":"Feature","geometry":{"type":"Point","coordinates":[12.131764,57.603328]},"properties":{"name":"Knipered","lines":"763","arr":["763"],"terminus":0,"mode":"bus","color":"#0059a9","colorDark":"#00294f","angle":159.1,"snapDist":4,"label":1}},{"type":"Feature","geometry":{"type":"Point","coordinates":[12.140328,57.605978]},"properties":{"name":"Ivers","lines":"763","arr":["763"],"terminus":0,"mode":"bus","color":"#0059a9","colorDark":"#00294f","angle":172.1,"snapDist":4,"label":1}},{"type":"Feature","geometry":{"type":"Point","coordinates":[12.147859,57.606839]},"properties":{"name":"Hästhagen","lines":"763","arr":["763"],"terminus":0,"mode":"bus","color":"#0059a9","colorDark":"#00294f","angle":151.2,"snapDist":4,"label":1}},{"type":"Feature","geometry":{"type":"Point","coordinates":[12.152152,57.608249]},"properties":{"name":"Greggereds kapell","lines":"763","arr":["763"],"terminus":0,"mode":"bus","color":"#0059a9","colorDark":"#00294f","angle":138.5,"snapDist":4,"label":1}},{"type":"Feature","geometry":{"type":"Point","coordinates":[12.164236,57.604918]},"properties":{"name":"Ersgården","lines":"763","arr":["763"],"terminus":0,"mode":"bus","color":"#0059a9","colorDark":"#00294f","angle":186.7,"snapDist":3,"label":1}},{"type":"Feature","geometry":{"type":"Point","coordinates":[12.174925,57.604925]},"properties":{"name":"Benarebyvägen","lines":"763","arr":["763"],"terminus":0,"mode":"bus","color":"#0059a9","colorDark":"#00294f","angle":190,"snapDist":5,"label":1}},{"type":"Feature","geometry":{"type":"Point","coordinates":[12.182111,57.602948]},"properties":{"name":"Hällesåkersskolan","lines":"763","arr":["763"],"terminus":0,"mode":"bus","color":"#0059a9","colorDark":"#00294f","angle":233,"snapDist":1,"label":1}},{"type":"Feature","geometry":{"type":"Point","coordinates":[12.181982,57.603038]},"properties":{"name":"Hällesåkersskolan","lines":"763","arr":["763"],"terminus":0,"mode":"bus","color":"#0059a9","colorDark":"#00294f","angle":49.7,"snapDist":1,"label":0}},{"type":"Feature","geometry":{"type":"Point","coordinates":[12.175672,57.604855]},"properties":{"name":"Benarebyvägen","lines":"763","arr":["763"],"terminus":0,"mode":"bus","color":"#0059a9","colorDark":"#00294f","angle":10,"snapDist":3,"label":0}},{"type":"Feature","geometry":{"type":"Point","coordinates":[12.16399,57.60494]},"properties":{"name":"Ersgården","lines":"763","arr":["763"],"terminus":0,"mode":"bus","color":"#0059a9","colorDark":"#00294f","angle":10.3,"snapDist":5,"label":0}},{"type":"Feature","geometry":{"type":"Point","coordinates":[12.152313,57.608323]},"properties":{"name":"Greggereds kapell","lines":"763","arr":["763"],"terminus":0,"mode":"bus","color":"#0059a9","colorDark":"#00294f","angle":326.8,"snapDist":5,"label":0}},{"type":"Feature","geometry":{"type":"Point","coordinates":[12.147661,57.606781]},"properties":{"name":"Hästhagen","lines":"763","arr":["763"],"terminus":0,"mode":"bus","color":"#0059a9","colorDark":"#00294f","angle":331.2,"snapDist":3,"label":0}},{"type":"Feature","geometry":{"type":"Point","coordinates":[12.140732,57.605967]},"properties":{"name":"Ivers","lines":"763","arr":["763"],"terminus":0,"mode":"bus","color":"#0059a9","colorDark":"#00294f","angle":7.9,"snapDist":2,"label":0}},{"type":"Feature","geometry":{"type":"Point","coordinates":[12.131506,57.603277]},"properties":{"name":"Knipered","lines":"763","arr":["763"],"terminus":0,"mode":"bus","color":"#0059a9","colorDark":"#00294f","angle":340.1,"snapDist":3,"label":0}},{"type":"Feature","geometry":{"type":"Point","coordinates":[12.122939,57.603198]},"properties":{"name":"Skår","lines":"763","arr":["763"],"terminus":0,"mode":"bus","color":"#0059a9","colorDark":"#00294f","angle":359,"snapDist":4,"label":0}},{"type":"Feature","geometry":{"type":"Point","coordinates":[12.118049,57.602192]},"properties":{"name":"Ekered","lines":"763","arr":["763"],"terminus":0,"mode":"bus","color":"#0059a9","colorDark":"#00294f","angle":344.9,"snapDist":5,"label":0}},{"type":"Feature","geometry":{"type":"Point","coordinates":[12.107799,57.60094]},"properties":{"name":"Annero","lines":"763","arr":["763"],"terminus":0,"mode":"bus","color":"#0059a9","colorDark":"#00294f","angle":324.8,"snapDist":3,"label":0}},{"type":"Feature","geometry":{"type":"Point","coordinates":[12.103319,57.599373]},"properties":{"name":"Dvärred","lines":"763","arr":["763"],"terminus":0,"mode":"bus","color":"#0059a9","colorDark":"#00294f","angle":336.6,"snapDist":5,"label":0}},{"type":"Feature","geometry":{"type":"Point","coordinates":[12.094566,57.598471]},"properties":{"name":"Espås","lines":"763","arr":["763"],"terminus":0,"mode":"bus","color":"#0059a9","colorDark":"#00294f","angle":349.9,"snapDist":5,"label":0}},{"type":"Feature","geometry":{"type":"Point","coordinates":[12.089478,57.597323]},"properties":{"name":"Däldehöga","lines":"763","arr":["763"],"terminus":0,"mode":"bus","color":"#0059a9","colorDark":"#00294f","angle":324.6,"snapDist":4,"label":0}},{"type":"Feature","geometry":{"type":"Point","coordinates":[12.105515,57.618591]},"properties":{"name":"Tulebohöjd","lines":"764, 765","arr":["764","765"],"terminus":1,"mode":"bus","color":"#0059a9","colorDark":"#00294f","angle":47.2,"snapDist":5,"label":1}},{"type":"Feature","geometry":{"type":"Point","coordinates":[12.099286,57.616236]},"properties":{"name":"Rådjursvägen","lines":"764, 765","arr":["764","765"],"terminus":0,"mode":"bus","color":"#0059a9","colorDark":"#00294f","angle":310.9,"snapDist":2,"label":1}},{"type":"Feature","geometry":{"type":"Point","coordinates":[12.097655,57.6143]},"properties":{"name":"Tulebo gård","lines":"764, 765","arr":["764","765"],"terminus":0,"mode":"bus","color":"#0059a9","colorDark":"#00294f","angle":284.5,"snapDist":5,"label":1}},{"type":"Feature","geometry":{"type":"Point","coordinates":[12.090922,57.613902]},"properties":{"name":"Tulebo Strandväg","lines":"764, 765","arr":["764","765"],"terminus":0,"mode":"bus","color":"#0059a9","colorDark":"#00294f","angle":341.9,"snapDist":3,"label":1}},{"type":"Feature","geometry":{"type":"Point","coordinates":[12.075677,57.609942]},"properties":{"name":"Sporredsvägen","lines":"764, 765","arr":["764","765"],"terminus":0,"mode":"bus","color":"#0059a9","colorDark":"#00294f","angle":31.8,"snapDist":5,"label":1}},{"type":"Feature","geometry":{"type":"Point","coordinates":[12.075472,57.610012]},"properties":{"name":"Sporredsvägen","lines":"764, 765","arr":["764","765"],"terminus":0,"mode":"bus","color":"#0059a9","colorDark":"#00294f","angle":213,"snapDist":4,"label":0}},{"type":"Feature","geometry":{"type":"Point","coordinates":[12.092074,57.614102]},"properties":{"name":"Tulebo Strandväg","lines":"764, 765","arr":["764","765"],"terminus":0,"mode":"bus","color":"#0059a9","colorDark":"#00294f","angle":162.4,"snapDist":6,"label":0}},{"type":"Feature","geometry":{"type":"Point","coordinates":[12.097257,57.613686]},"properties":{"name":"Tulebo gård","lines":"764, 765","arr":["764","765"],"terminus":0,"mode":"bus","color":"#0059a9","colorDark":"#00294f","angle":136,"snapDist":3,"label":0}},{"type":"Feature","geometry":{"type":"Point","coordinates":[12.099363,57.616284]},"properties":{"name":"Rådjursvägen","lines":"764, 765","arr":["764","765"],"terminus":0,"mode":"bus","color":"#0059a9","colorDark":"#00294f","angle":132.1,"snapDist":3,"label":0}},{"type":"Feature","geometry":{"type":"Point","coordinates":[12.069605,57.57442]},"properties":{"name":"Skånhällaskolan","lines":"766","arr":["766"],"terminus":0,"mode":"bus","color":"#0059a9","colorDark":"#00294f","angle":343.1,"snapDist":8,"label":1}},{"type":"Feature","geometry":{"type":"Point","coordinates":[12.056113,57.571988]},"properties":{"name":"Västra Fageredsvägen","lines":"766","arr":["766"],"terminus":1,"mode":"bus","color":"#0059a9","colorDark":"#00294f","angle":168.9,"snapDist":2,"label":1}},{"type":"Feature","geometry":{"type":"Point","coordinates":[12.068601,57.574259]},"properties":{"name":"Skånhällaskolan","lines":"766","arr":["766"],"terminus":0,"mode":"bus","color":"#0059a9","colorDark":"#00294f","angle":162.9,"snapDist":7,"label":0}},{"type":"Feature","geometry":{"type":"Point","coordinates":[11.918685,57.862852]},"properties":{"name":"Ytterby station","lines":"903","arr":["903"],"terminus":1,"mode":"bus","color":"#0059a9","colorDark":"#00294f","angle":186.9,"snapDist":8,"label":1}},{"type":"Feature","geometry":{"type":"Point","coordinates":[11.82449,57.89595]},"properties":{"name":"Hålta skola","lines":"910, 924, 927","arr":["910","924","927"],"terminus":1,"mode":"bus","color":"#0059a9","colorDark":"#00294f","angle":27,"snapDist":8,"label":1}},{"type":"Feature","geometry":{"type":"Point","coordinates":[11.851898,57.894933]},"properties":{"name":"Gategården","lines":"910","arr":["910"],"terminus":0,"mode":"bus","color":"#0059a9","colorDark":"#00294f","angle":118.7,"snapDist":9,"label":0}},{"type":"Feature","geometry":{"type":"Point","coordinates":[11.854415,57.89718]},"properties":{"name":"Gategården västra","lines":"910","arr":["910"],"terminus":0,"mode":"bus","color":"#0059a9","colorDark":"#00294f","angle":83.8,"snapDist":4,"label":1}},{"type":"Feature","geometry":{"type":"Point","coordinates":[11.855128,57.902034]},"properties":{"name":"Över-Restad","lines":"910","arr":["910"],"terminus":0,"mode":"bus","color":"#0059a9","colorDark":"#00294f","angle":12,"snapDist":2,"label":1}},{"type":"Feature","geometry":{"type":"Point","coordinates":[11.848526,57.905422]},"properties":{"name":"Restad","lines":"910","arr":["910"],"terminus":0,"mode":"bus","color":"#0059a9","colorDark":"#00294f","angle":113.7,"snapDist":2,"label":1}},{"type":"Feature","geometry":{"type":"Point","coordinates":[11.805014,57.915913]},"properties":{"name":"Ödsmåls korsväg","lines":"910","arr":["910"],"terminus":0,"mode":"bus","color":"#0059a9","colorDark":"#00294f","angle":17.9,"snapDist":5,"label":0}},{"type":"Feature","geometry":{"type":"Point","coordinates":[11.801611,57.909512]},"properties":{"name":"Skåra","lines":"910","arr":["910"],"terminus":0,"mode":"bus","color":"#0059a9","colorDark":"#00294f","angle":239.4,"snapDist":1,"label":1}},{"type":"Feature","geometry":{"type":"Point","coordinates":[11.804732,57.900773]},"properties":{"name":"Båröd","lines":"910","arr":["910"],"terminus":0,"mode":"bus","color":"#0059a9","colorDark":"#00294f","angle":304.1,"snapDist":2,"label":1}},{"type":"Feature","geometry":{"type":"Point","coordinates":[11.899511,57.90043]},"properties":{"name":"Skårby västra","lines":"911","arr":["911"],"terminus":0,"mode":"bus","color":"#0059a9","colorDark":"#00294f","angle":87,"snapDist":6,"label":1}},{"type":"Feature","geometry":{"type":"Point","coordinates":[11.869373,57.914309]},"properties":{"name":"Skårby mosse södra","lines":"911","arr":["911"],"terminus":0,"mode":"bus","color":"#0059a9","colorDark":"#00294f","angle":54,"snapDist":7,"label":1}},{"type":"Feature","geometry":{"type":"Point","coordinates":[11.862226,57.916725]},"properties":{"name":"Skårby mosse mitt","lines":"911","arr":["911"],"terminus":0,"mode":"bus","color":"#0059a9","colorDark":"#00294f","angle":42.8,"snapDist":3,"label":1}},{"type":"Feature","geometry":{"type":"Point","coordinates":[11.858467,57.918571]},"properties":{"name":"Skårby mosse norra","lines":"911","arr":["911"],"terminus":0,"mode":"bus","color":"#0059a9","colorDark":"#00294f","angle":27.4,"snapDist":3,"label":1}},{"type":"Feature","geometry":{"type":"Point","coordinates":[11.862235,57.916721]},"properties":{"name":"Skårby mosse mitt","lines":"911","arr":["911"],"terminus":0,"mode":"bus","color":"#0059a9","colorDark":"#00294f","angle":-137.2,"snapDist":3,"label":0}},{"type":"Feature","geometry":{"type":"Point","coordinates":[11.869364,57.914315]},"properties":{"name":"Skårby mosse södra","lines":"911","arr":["911"],"terminus":0,"mode":"bus","color":"#0059a9","colorDark":"#00294f","angle":234,"snapDist":7,"label":0}},{"type":"Feature","geometry":{"type":"Point","coordinates":[11.899516,57.900385]},"properties":{"name":"Skårby västra","lines":"911","arr":["911"],"terminus":0,"mode":"bus","color":"#0059a9","colorDark":"#00294f","angle":267,"snapDist":5,"label":0}},{"type":"Feature","geometry":{"type":"Point","coordinates":[11.924324,57.892172]},"properties":{"name":"Vegestorp","lines":"911, 913","arr":["911","913"],"terminus":0,"mode":"bus","color":"#0059a9","colorDark":"#00294f","angle":301.5,"snapDist":4,"label":1}},{"type":"Feature","geometry":{"type":"Point","coordinates":[11.912875,57.909895]},"properties":{"name":"Kareby kyrkväg","lines":"912","arr":["912"],"terminus":0,"mode":"bus","color":"#0059a9","colorDark":"#00294f","angle":18.5,"snapDist":7,"label":1}},{"type":"Feature","geometry":{"type":"Point","coordinates":[11.909015,57.916408]},"properties":{"name":"Myrebacka norra","lines":"912","arr":["912"],"terminus":0,"mode":"bus","color":"#0059a9","colorDark":"#00294f","angle":241.7,"snapDist":5,"label":1}},{"type":"Feature","geometry":{"type":"Point","coordinates":[11.91658,57.913724]},"properties":{"name":"Myrebacka södra","lines":"912","arr":["912"],"terminus":0,"mode":"bus","color":"#0059a9","colorDark":"#00294f","angle":56.4,"snapDist":8,"label":1}},{"type":"Feature","geometry":{"type":"Point","coordinates":[11.903585,57.918202]},"properties":{"name":"Myrebacka","lines":"912","arr":["912"],"terminus":0,"mode":"bus","color":"#0059a9","colorDark":"#00294f","angle":39.6,"snapDist":0,"label":1}},{"type":"Feature","geometry":{"type":"Point","coordinates":[11.927587,57.918591]},"properties":{"name":"Ringby västra","lines":"912","arr":["912"],"terminus":0,"mode":"bus","color":"#0059a9","colorDark":"#00294f","angle":148.4,"snapDist":2,"label":1}},{"type":"Feature","geometry":{"type":"Point","coordinates":[11.931865,57.919324]},"properties":{"name":"Ringby","lines":"912, 917, 925","arr":["912","917","925"],"terminus":1,"mode":"bus","color":"#0059a9","colorDark":"#00294f","angle":157.4,"snapDist":0,"label":1}},{"type":"Feature","geometry":{"type":"Point","coordinates":[11.933501,57.920478]},"properties":{"name":"Rogstorpsvägen","lines":"912, 917, 925","arr":["912","917","925"],"terminus":0,"mode":"bus","color":"#0059a9","colorDark":"#00294f","angle":122.6,"snapDist":3,"label":1}},{"type":"Feature","geometry":{"type":"Point","coordinates":[11.930321,57.923767]},"properties":{"name":"Rogstorp nedre","lines":"912","arr":["912"],"terminus":0,"mode":"bus","color":"#0059a9","colorDark":"#00294f","angle":53.3,"snapDist":11,"label":1}},{"type":"Feature","geometry":{"type":"Point","coordinates":[11.92689,57.924802]},"properties":{"name":"Rogstorp","lines":"912","arr":["912"],"terminus":0,"mode":"bus","color":"#0059a9","colorDark":"#00294f","angle":6.1,"snapDist":5,"label":1}},{"type":"Feature","geometry":{"type":"Point","coordinates":[11.919204,57.924519]},"properties":{"name":"Hagstorpsvägen","lines":"912","arr":["912"],"terminus":0,"mode":"bus","color":"#0059a9","colorDark":"#00294f","angle":283.1,"snapDist":5,"label":1}},{"type":"Feature","geometry":{"type":"Point","coordinates":[11.909135,57.925598]},"properties":{"name":"Lundby södra","lines":"912","arr":["912"],"terminus":1,"mode":"bus","color":"#0059a9","colorDark":"#00294f","angle":158.2,"snapDist":1,"label":1}},{"type":"Feature","geometry":{"type":"Point","coordinates":[11.908736,57.925317]},"properties":{"name":"Hagstorp norra","lines":"912, 925","arr":["912","925"],"terminus":0,"mode":"bus","color":"#0059a9","colorDark":"#00294f","angle":-127.4,"snapDist":7,"label":1}},{"type":"Feature","geometry":{"type":"Point","coordinates":[11.909016,57.916408]},"properties":{"name":"Myrebacka norra","lines":"912","arr":["912"],"terminus":0,"mode":"bus","color":"#0059a9","colorDark":"#00294f","angle":61.7,"snapDist":4,"label":0}},{"type":"Feature","geometry":{"type":"Point","coordinates":[11.916599,57.913709]},"properties":{"name":"Myrebacka södra","lines":"912","arr":["912"],"terminus":0,"mode":"bus","color":"#0059a9","colorDark":"#00294f","angle":236.4,"snapDist":6,"label":0}},{"type":"Feature","geometry":{"type":"Point","coordinates":[11.917808,57.897639]},"properties":{"name":"Grokareby","lines":"913","arr":["913"],"terminus":0,"mode":"bus","color":"#0059a9","colorDark":"#00294f","angle":318.1,"snapDist":3,"label":1}},{"type":"Feature","geometry":{"type":"Point","coordinates":[11.907588,57.895239]},"properties":{"name":"Bollestad järnvägsövergång","lines":"913","arr":["913"],"terminus":0,"mode":"bus","color":"#0059a9","colorDark":"#00294f","angle":293.9,"snapDist":1,"label":1}},{"type":"Feature","geometry":{"type":"Point","coordinates":[11.905156,57.893346]},"properties":{"name":"Bollestad","lines":"913","arr":["913"],"terminus":1,"mode":"bus","color":"#0059a9","colorDark":"#00294f","angle":323.3,"snapDist":3,"label":1}},{"type":"Feature","geometry":{"type":"Point","coordinates":[11.990649,57.885532]},"properties":{"name":"Skälebräcke","lines":"914","arr":["914"],"terminus":0,"mode":"bus","color":"#0059a9","colorDark":"#00294f","angle":220.7,"snapDist":3,"label":1}},{"type":"Feature","geometry":{"type":"Point","coordinates":[12.016949,57.881382]},"properties":{"name":"Håveled","lines":"914","arr":["914"],"terminus":0,"mode":"bus","color":"#0059a9","colorDark":"#00294f","angle":224.4,"snapDist":1,"label":1}},{"type":"Feature","geometry":{"type":"Point","coordinates":[12.022545,57.878212]},"properties":{"name":"Mariebergsliden","lines":"914","arr":["914"],"terminus":0,"mode":"bus","color":"#0059a9","colorDark":"#00294f","angle":293,"snapDist":4,"label":1}},{"type":"Feature","geometry":{"type":"Point","coordinates":[12.028187,57.890776]},"properties":{"name":"Marieberg","lines":"914","arr":["914"],"terminus":0,"mode":"bus","color":"#0059a9","colorDark":"#00294f","angle":144,"snapDist":5,"label":1}},{"type":"Feature","geometry":{"type":"Point","coordinates":[12.037456,57.902096]},"properties":{"name":"Timmervik","lines":"914, 918","arr":["914","918"],"terminus":0,"mode":"bus","color":"#0059a9","colorDark":"#00294f","angle":113.3,"snapDist":1,"label":1}},{"type":"Feature","geometry":{"type":"Point","coordinates":[12.041773,57.907335]},"properties":{"name":"Dösebacka","lines":"914","arr":["914"],"terminus":1,"mode":"bus","color":"#0059a9","colorDark":"#00294f","angle":102.7,"snapDist":5,"label":1}},{"type":"Feature","geometry":{"type":"Point","coordinates":[12.03217,57.924961]},"properties":{"name":"Diseröds centrum","lines":"914, 918","arr":["914","918"],"terminus":1,"mode":"bus","color":"#0059a9","colorDark":"#00294f","angle":296.6,"snapDist":7,"label":0}},{"type":"Feature","geometry":{"type":"Point","coordinates":[12.041768,57.907322]},"properties":{"name":"Dösebacka","lines":"914","arr":["914"],"terminus":0,"mode":"bus","color":"#0059a9","colorDark":"#00294f","angle":282.7,"snapDist":8,"label":0}},{"type":"Feature","geometry":{"type":"Point","coordinates":[12.028196,57.89078]},"properties":{"name":"Marieberg","lines":"914","arr":["914"],"terminus":0,"mode":"bus","color":"#0059a9","colorDark":"#00294f","angle":324,"snapDist":9,"label":0}},{"type":"Feature","geometry":{"type":"Point","coordinates":[12.017031,57.881337]},"properties":{"name":"Håveled","lines":"914","arr":["914"],"terminus":0,"mode":"bus","color":"#0059a9","colorDark":"#00294f","angle":47.8,"snapDist":1,"label":0}},{"type":"Feature","geometry":{"type":"Point","coordinates":[11.990623,57.885544]},"properties":{"name":"Skälebräcke","lines":"914","arr":["914"],"terminus":0,"mode":"bus","color":"#0059a9","colorDark":"#00294f","angle":40.7,"snapDist":2,"label":0}},{"type":"Feature","geometry":{"type":"Point","coordinates":[11.792266,57.844052]},"properties":{"name":"Kärna bussterminal","lines":"915","arr":["915"],"terminus":1,"mode":"bus","color":"#0059a9","colorDark":"#00294f","angle":298.6,"snapDist":11,"label":0}},{"type":"Feature","geometry":{"type":"Point","coordinates":[11.783474,57.843067]},"properties":{"name":"Torsby prästgård","lines":"915","arr":["915"],"terminus":0,"mode":"bus","color":"#0059a9","colorDark":"#00294f","angle":317.3,"snapDist":5,"label":0}},{"type":"Feature","geometry":{"type":"Point","coordinates":[11.781059,57.841367]},"properties":{"name":"Torsby kyrka","lines":"915","arr":["915"],"terminus":0,"mode":"bus","color":"#0059a9","colorDark":"#00294f","angle":291.3,"snapDist":5,"label":1}},{"type":"Feature","geometry":{"type":"Point","coordinates":[11.779125,57.839214]},"properties":{"name":"Torsby","lines":"915","arr":["915"],"terminus":0,"mode":"bus","color":"#0059a9","colorDark":"#00294f","angle":296.6,"snapDist":7,"label":1}},{"type":"Feature","geometry":{"type":"Point","coordinates":[11.777308,57.836383]},"properties":{"name":"Gloshed altare","lines":"915","arr":["915"],"terminus":0,"mode":"bus","color":"#0059a9","colorDark":"#00294f","angle":335.4,"snapDist":8,"label":1}},{"type":"Feature","geometry":{"type":"Point","coordinates":[11.769593,57.831365]},"properties":{"name":"Lilla Röd","lines":"915","arr":["915"],"terminus":0,"mode":"bus","color":"#0059a9","colorDark":"#00294f","angle":265.2,"snapDist":5,"label":1}},{"type":"Feature","geometry":{"type":"Point","coordinates":[11.76698,57.828498]},"properties":{"name":"Stora Röd östra","lines":"915","arr":["915"],"terminus":0,"mode":"bus","color":"#0059a9","colorDark":"#00294f","angle":334.4,"snapDist":5,"label":1}},{"type":"Feature","geometry":{"type":"Point","coordinates":[11.758524,57.828646]},"properties":{"name":"Stora Röd västra","lines":"915","arr":["915"],"terminus":0,"mode":"bus","color":"#0059a9","colorDark":"#00294f","angle":2.4,"snapDist":11,"label":1}},{"type":"Feature","geometry":{"type":"Point","coordinates":[11.755861,57.827173]},"properties":{"name":"Glöskär östergård","lines":"915","arr":["915"],"terminus":0,"mode":"bus","color":"#0059a9","colorDark":"#00294f","angle":308.1,"snapDist":4,"label":1}},{"type":"Feature","geometry":{"type":"Point","coordinates":[11.752133,57.824195]},"properties":{"name":"Glöskärsvägen","lines":"915","arr":["915"],"terminus":0,"mode":"bus","color":"#0059a9","colorDark":"#00294f","angle":298.6,"snapDist":5,"label":1}},{"type":"Feature","geometry":{"type":"Point","coordinates":[11.750778,57.822471]},"properties":{"name":"Burås","lines":"915","arr":["915"],"terminus":0,"mode":"bus","color":"#0059a9","colorDark":"#00294f","angle":271.3,"snapDist":6,"label":1}},{"type":"Feature","geometry":{"type":"Point","coordinates":[11.754218,57.818238]},"properties":{"name":"Glose västra","lines":"915","arr":["915"],"terminus":0,"mode":"bus","color":"#0059a9","colorDark":"#00294f","angle":209.9,"snapDist":3,"label":1}},{"type":"Feature","geometry":{"type":"Point","coordinates":[11.761188,57.816881]},"properties":{"name":"Glose östra","lines":"915","arr":["915"],"terminus":0,"mode":"bus","color":"#0059a9","colorDark":"#00294f","angle":196.6,"snapDist":2,"label":1}},{"type":"Feature","geometry":{"type":"Point","coordinates":[11.768309,57.816681]},"properties":{"name":"Glose östergård","lines":"915","arr":["915"],"terminus":0,"mode":"bus","color":"#0059a9","colorDark":"#00294f","angle":186.5,"snapDist":7,"label":1}},{"type":"Feature","geometry":{"type":"Point","coordinates":[11.775231,57.816088]},"properties":{"name":"Östergård","lines":"915","arr":["915"],"terminus":0,"mode":"bus","color":"#0059a9","colorDark":"#00294f","angle":245.6,"snapDist":5,"label":1}},{"type":"Feature","geometry":{"type":"Point","coordinates":[11.776992,57.813746]},"properties":{"name":"Kärrhed södra","lines":"915","arr":["915"],"terminus":0,"mode":"bus","color":"#0059a9","colorDark":"#00294f","angle":248.5,"snapDist":7,"label":1}},{"type":"Feature","geometry":{"type":"Point","coordinates":[11.776424,57.810352]},"properties":{"name":"Brunnsgården","lines":"915","arr":["915"],"terminus":0,"mode":"bus","color":"#0059a9","colorDark":"#00294f","angle":278.6,"snapDist":7,"label":1}},{"type":"Feature","geometry":{"type":"Point","coordinates":[11.770679,57.809039]},"properties":{"name":"Dalen östra","lines":"915","arr":["915"],"terminus":0,"mode":"bus","color":"#0059a9","colorDark":"#00294f","angle":347.7,"snapDist":1,"label":1}},{"type":"Feature","geometry":{"type":"Point","coordinates":[11.762383,57.807042]},"properties":{"name":"Dalen","lines":"915","arr":["915"],"terminus":0,"mode":"bus","color":"#0059a9","colorDark":"#00294f","angle":344.1,"snapDist":4,"label":1}},{"type":"Feature","geometry":{"type":"Point","coordinates":[11.754038,57.805986]},"properties":{"name":"Dalen västra","lines":"915","arr":["915"],"terminus":0,"mode":"bus","color":"#0059a9","colorDark":"#00294f","angle":288,"snapDist":2,"label":1}},{"type":"Feature","geometry":{"type":"Point","coordinates":[11.751305,57.800924]},"properties":{"name":"Vråkärr","lines":"915","arr":["915"],"terminus":0,"mode":"bus","color":"#0059a9","colorDark":"#00294f","angle":274,"snapDist":0,"label":1}},{"type":"Feature","geometry":{"type":"Point","coordinates":[11.753018,57.798525]},"properties":{"name":"Överön","lines":"915","arr":["915"],"terminus":0,"mode":"bus","color":"#0059a9","colorDark":"#00294f","angle":272.8,"snapDist":8,"label":1}},{"type":"Feature","geometry":{"type":"Point","coordinates":[11.751305,57.800926]},"properties":{"name":"Vråkärr","lines":"915","arr":["915"],"terminus":0,"mode":"bus","color":"#0059a9","colorDark":"#00294f","angle":274,"snapDist":2,"label":0}},{"type":"Feature","geometry":{"type":"Point","coordinates":[11.754045,57.805998]},"properties":{"name":"Dalen västra","lines":"915","arr":["915"],"terminus":0,"mode":"bus","color":"#0059a9","colorDark":"#00294f","angle":107.9,"snapDist":2,"label":0}},{"type":"Feature","geometry":{"type":"Point","coordinates":[11.762353,57.807037]},"properties":{"name":"Dalen","lines":"915","arr":["915"],"terminus":0,"mode":"bus","color":"#0059a9","colorDark":"#00294f","angle":164.1,"snapDist":4,"label":0}},{"type":"Feature","geometry":{"type":"Point","coordinates":[11.770698,57.809042]},"properties":{"name":"Dalen östra","lines":"915","arr":["915"],"terminus":0,"mode":"bus","color":"#0059a9","colorDark":"#00294f","angle":167.7,"snapDist":4,"label":0}},{"type":"Feature","geometry":{"type":"Point","coordinates":[11.77643,57.810371]},"properties":{"name":"Brunnsgården","lines":"915","arr":["915"],"terminus":0,"mode":"bus","color":"#0059a9","colorDark":"#00294f","angle":98.6,"snapDist":3,"label":0}},{"type":"Feature","geometry":{"type":"Point","coordinates":[11.776997,57.813739]},"properties":{"name":"Kärrhed södra","lines":"915","arr":["915"],"terminus":0,"mode":"bus","color":"#0059a9","colorDark":"#00294f","angle":68.5,"snapDist":4,"label":0}},{"type":"Feature","geometry":{"type":"Point","coordinates":[11.780454,57.817197]},"properties":{"name":"Kärrhed västra","lines":"915","arr":["915"],"terminus":0,"mode":"bus","color":"#0059a9","colorDark":"#00294f","angle":168.9,"snapDist":8,"label":1}},{"type":"Feature","geometry":{"type":"Point","coordinates":[11.785322,57.81717]},"properties":{"name":"Kärrhed östra","lines":"915","arr":["915"],"terminus":0,"mode":"bus","color":"#0059a9","colorDark":"#00294f","angle":159.6,"snapDist":7,"label":1}},{"type":"Feature","geometry":{"type":"Point","coordinates":[11.787716,57.820424]},"properties":{"name":"Tronnum södra","lines":"915","arr":["915"],"terminus":0,"mode":"bus","color":"#0059a9","colorDark":"#00294f","angle":107.9,"snapDist":3,"label":1}},{"type":"Feature","geometry":{"type":"Point","coordinates":[11.791119,57.824172]},"properties":{"name":"Tronnum","lines":"915","arr":["915"],"terminus":0,"mode":"bus","color":"#0059a9","colorDark":"#00294f","angle":82.7,"snapDist":6,"label":1}},{"type":"Feature","geometry":{"type":"Point","coordinates":[11.795293,57.825186]},"properties":{"name":"Tronnum norra","lines":"915","arr":["915"],"terminus":0,"mode":"bus","color":"#0059a9","colorDark":"#00294f","angle":119.8,"snapDist":1,"label":1}},{"type":"Feature","geometry":{"type":"Point","coordinates":[11.799233,57.827724]},"properties":{"name":"Hermansby sörgård","lines":"915","arr":["915"],"terminus":0,"mode":"bus","color":"#0059a9","colorDark":"#00294f","angle":81.9,"snapDist":2,"label":1}},{"type":"Feature","geometry":{"type":"Point","coordinates":[11.797847,57.830088]},"properties":{"name":"Hermansby","lines":"915","arr":["915"],"terminus":0,"mode":"bus","color":"#0059a9","colorDark":"#00294f","angle":67.1,"snapDist":1,"label":1}},{"type":"Feature","geometry":{"type":"Point","coordinates":[11.919208,57.924527]},"properties":{"name":"Hagstorpsvägen","lines":"917","arr":["917"],"terminus":0,"mode":"bus","color":"#0059a9","colorDark":"#00294f","angle":103.1,"snapDist":2,"label":0}},{"type":"Feature","geometry":{"type":"Point","coordinates":[11.927019,57.924795]},"properties":{"name":"Rogstorp","lines":"917","arr":["917"],"terminus":0,"mode":"bus","color":"#0059a9","colorDark":"#00294f","angle":186.1,"snapDist":1,"label":0}},{"type":"Feature","geometry":{"type":"Point","coordinates":[11.930428,57.923685]},"properties":{"name":"Rogstorp nedre","lines":"917","arr":["917"],"terminus":0,"mode":"bus","color":"#0059a9","colorDark":"#00294f","angle":239.5,"snapDist":3,"label":0}},{"type":"Feature","geometry":{"type":"Point","coordinates":[11.943116,57.924244]},"properties":{"name":"Skogen","lines":"917, 925","arr":["917","925"],"terminus":0,"mode":"bus","color":"#0059a9","colorDark":"#00294f","angle":123.6,"snapDist":1,"label":1}},{"type":"Feature","geometry":{"type":"Point","coordinates":[11.947204,57.926716]},"properties":{"name":"Olsåker","lines":"917, 925","arr":["917","925"],"terminus":0,"mode":"bus","color":"#0059a9","colorDark":"#00294f","angle":123.8,"snapDist":3,"label":1}},{"type":"Feature","geometry":{"type":"Point","coordinates":[11.952878,57.929714]},"properties":{"name":"Ryr","lines":"917, 925","arr":["917","925"],"terminus":0,"mode":"bus","color":"#0059a9","colorDark":"#00294f","angle":107.7,"snapDist":1,"label":1}},{"type":"Feature","geometry":{"type":"Point","coordinates":[11.960619,57.931305]},"properties":{"name":"Arnebo","lines":"917, 925","arr":["917","925"],"terminus":0,"mode":"bus","color":"#0059a9","colorDark":"#00294f","angle":161.3,"snapDist":2,"label":1}},{"type":"Feature","geometry":{"type":"Point","coordinates":[11.96746,57.930919]},"properties":{"name":"Björkebacka","lines":"917, 925","arr":["917","925"],"terminus":0,"mode":"bus","color":"#0059a9","colorDark":"#00294f","angle":222.6,"snapDist":2,"label":1}},{"type":"Feature","geometry":{"type":"Point","coordinates":[11.971035,57.926244]},"properties":{"name":"Hägnan","lines":"917, 925","arr":["917","925"],"terminus":0,"mode":"bus","color":"#0059a9","colorDark":"#00294f","angle":222.3,"snapDist":2,"label":1}},{"type":"Feature","geometry":{"type":"Point","coordinates":[11.965366,57.923181]},"properties":{"name":"Källeröd","lines":"917, 925","arr":["917","925"],"terminus":0,"mode":"bus","color":"#0059a9","colorDark":"#00294f","angle":311.6,"snapDist":3,"label":1}},{"type":"Feature","geometry":{"type":"Point","coordinates":[11.952776,57.918804]},"properties":{"name":"Stora Torp","lines":"917, 925","arr":["917","925"],"terminus":0,"mode":"bus","color":"#0059a9","colorDark":"#00294f","angle":293.9,"snapDist":5,"label":1}},{"type":"Feature","geometry":{"type":"Point","coordinates":[11.946939,57.912936]},"properties":{"name":"Torp","lines":"917, 925","arr":["917","925"],"terminus":0,"mode":"bus","color":"#0059a9","colorDark":"#00294f","angle":300.9,"snapDist":3,"label":1}},{"type":"Feature","geometry":{"type":"Point","coordinates":[11.944003,57.911042]},"properties":{"name":"Rishammar","lines":"917, 925","arr":["917","925"],"terminus":0,"mode":"bus","color":"#0059a9","colorDark":"#00294f","angle":319,"snapDist":8,"label":1}},{"type":"Feature","geometry":{"type":"Point","coordinates":[11.939357,57.908034]},"properties":{"name":"Lilla Rishammar","lines":"917, 925","arr":["917","925"],"terminus":0,"mode":"bus","color":"#0059a9","colorDark":"#00294f","angle":310.3,"snapDist":1,"label":1}},{"type":"Feature","geometry":{"type":"Point","coordinates":[11.950123,57.893313]},"properties":{"name":"Ullstorp","lines":"917, 1","arr":["917","KV1"],"terminus":1,"mode":"bus","color":"#0059a9","colorDark":"#00294f","angle":71.5,"snapDist":6,"label":1}},{"type":"Feature","geometry":{"type":"Point","coordinates":[11.970551,57.893097]},"properties":{"name":"Hermelingatan","lines":"917","arr":["917"],"terminus":0,"mode":"bus","color":"#0059a9","colorDark":"#00294f","angle":114,"snapDist":5,"label":1}},{"type":"Feature","geometry":{"type":"Point","coordinates":[11.972758,57.894578]},"properties":{"name":"Håltet","lines":"917","arr":["917"],"terminus":1,"mode":"bus","color":"#0059a9","colorDark":"#00294f","angle":92.4,"snapDist":0,"label":1}},{"type":"Feature","geometry":{"type":"Point","coordinates":[11.923083,57.916299]},"properties":{"name":"Hanekullen östra","lines":"917, 925","arr":["917","925"],"terminus":0,"mode":"bus","color":"#0059a9","colorDark":"#00294f","angle":142.5,"snapDist":2,"label":1}},{"type":"Feature","geometry":{"type":"Point","coordinates":[11.927461,57.918534]},"properties":{"name":"Ringby västra","lines":"917, 925","arr":["917","925"],"terminus":0,"mode":"bus","color":"#0059a9","colorDark":"#00294f","angle":-46.4,"snapDist":2,"label":0}},{"type":"Feature","geometry":{"type":"Point","coordinates":[12.003469,57.930818]},"properties":{"name":"Alekärr","lines":"918","arr":["918"],"terminus":0,"mode":"bus","color":"#0059a9","colorDark":"#00294f","angle":30.4,"snapDist":7,"label":1}},{"type":"Feature","geometry":{"type":"Point","coordinates":[12.024713,57.899399]},"properties":{"name":"Rörmossen","lines":"918","arr":["918"],"terminus":1,"mode":"bus","color":"#0059a9","colorDark":"#00294f","angle":199.3,"snapDist":4,"label":1}},{"type":"Feature","geometry":{"type":"Point","coordinates":[12.011851,57.89586]},"properties":{"name":"Rörmossen södra","lines":"918","arr":["918"],"terminus":1,"mode":"bus","color":"#0059a9","colorDark":"#00294f","angle":315.9,"snapDist":2,"label":1}},{"type":"Feature","geometry":{"type":"Point","coordinates":[11.918189,57.862655]},"properties":{"name":"Ytterby station","lines":"920, 926, 928","arr":["920","926","928"],"terminus":1,"mode":"bus","color":"#0059a9","colorDark":"#00294f","angle":21.4,"snapDist":5,"label":0}},{"type":"Feature","geometry":{"type":"Point","coordinates":[11.916195,57.866883]},"properties":{"name":"Björkås","lines":"920, 1","arr":["920","KV1"],"terminus":0,"mode":"bus","color":"#0059a9","colorDark":"#00294f","angle":272.9,"snapDist":9,"label":1}},{"type":"Feature","geometry":{"type":"Point","coordinates":[11.903261,57.869251]},"properties":{"name":"Stället","lines":"920","arr":["920"],"terminus":0,"mode":"bus","color":"#0059a9","colorDark":"#00294f","angle":310.5,"snapDist":0,"label":1}},{"type":"Feature","geometry":{"type":"Point","coordinates":[11.89474,57.860731]},"properties":{"name":"Sparrås skola","lines":"920, 928","arr":["920","928"],"terminus":0,"mode":"bus","color":"#0059a9","colorDark":"#00294f","angle":244.6,"snapDist":18,"label":1}},{"type":"Feature","geometry":{"type":"Point","coordinates":[11.897652,57.864694]},"properties":{"name":"Norra Sparrås","lines":"920, 2","arr":["920","KV2"],"terminus":0,"mode":"bus","color":"#0059a9","colorDark":"#00294f","angle":111.5,"snapDist":7,"label":1}},{"type":"Feature","geometry":{"type":"Point","coordinates":[11.917396,57.86701]},"properties":{"name":"Björkås","lines":"920, 1, 2","arr":["920","KV1","KV2"],"terminus":0,"mode":"bus","color":"#0059a9","colorDark":"#00294f","angle":205.6,"snapDist":0,"label":0}},{"type":"Feature","geometry":{"type":"Point","coordinates":[11.918308,57.862854]},"properties":{"name":"Ytterby station","lines":"921, 2","arr":["921","KV2"],"terminus":1,"mode":"bus","color":"#0059a9","colorDark":"#00294f","angle":177.1,"snapDist":6,"label":0}},{"type":"Feature","geometry":{"type":"Point","coordinates":[11.89505,57.844074]},"properties":{"name":"Ormo","lines":"921","arr":["921"],"terminus":0,"mode":"bus","color":"#0059a9","colorDark":"#00294f","angle":348,"snapDist":1,"label":1}},{"type":"Feature","geometry":{"type":"Point","coordinates":[11.891667,57.835174]},"properties":{"name":"Ulvesund södra","lines":"921","arr":["921"],"terminus":0,"mode":"bus","color":"#0059a9","colorDark":"#00294f","angle":298.5,"snapDist":10,"label":1}},{"type":"Feature","geometry":{"type":"Point","coordinates":[11.885043,57.830274]},"properties":{"name":"Ulvesund","lines":"921","arr":["921"],"terminus":0,"mode":"bus","color":"#0059a9","colorDark":"#00294f","angle":294.1,"snapDist":5,"label":1}},{"type":"Feature","geometry":{"type":"Point","coordinates":[11.87564,57.826113]},"properties":{"name":"Davids väg","lines":"921","arr":["921"],"terminus":0,"mode":"bus","color":"#0059a9","colorDark":"#00294f","angle":287.8,"snapDist":4,"label":1}},{"type":"Feature","geometry":{"type":"Point","coordinates":[11.849369,57.814683]},"properties":{"name":"Nereby","lines":"921","arr":["921"],"terminus":0,"mode":"bus","color":"#0059a9","colorDark":"#00294f","angle":62.2,"snapDist":2,"label":1}},{"type":"Feature","geometry":{"type":"Point","coordinates":[11.851928,57.810836]},"properties":{"name":"Nereby norra","lines":"921","arr":["921"],"terminus":0,"mode":"bus","color":"#0059a9","colorDark":"#00294f","angle":229.5,"snapDist":2,"label":1}},{"type":"Feature","geometry":{"type":"Point","coordinates":[11.857964,57.809194]},"properties":{"name":"Sjöheds varv","lines":"921","arr":["921"],"terminus":0,"mode":"bus","color":"#0059a9","colorDark":"#00294f","angle":296.1,"snapDist":3,"label":1}},{"type":"Feature","geometry":{"type":"Point","coordinates":[11.852279,57.805287]},"properties":{"name":"Sjöhed","lines":"921","arr":["921"],"terminus":0,"mode":"bus","color":"#0059a9","colorDark":"#00294f","angle":315.2,"snapDist":5,"label":1}},{"type":"Feature","geometry":{"type":"Point","coordinates":[11.849643,57.803095]},"properties":{"name":"Sjöhed norra","lines":"921","arr":["921"],"terminus":0,"mode":"bus","color":"#0059a9","colorDark":"#00294f","angle":313.3,"snapDist":5,"label":1}},{"type":"Feature","geometry":{"type":"Point","coordinates":[11.845865,57.80183]},"properties":{"name":"Metesten","lines":"921","arr":["921"],"terminus":0,"mode":"bus","color":"#0059a9","colorDark":"#00294f","angle":324.5,"snapDist":5,"label":1}},{"type":"Feature","geometry":{"type":"Point","coordinates":[11.838043,57.798828]},"properties":{"name":"Korseberget","lines":"921","arr":["921"],"terminus":1,"mode":"bus","color":"#0059a9","colorDark":"#00294f","angle":299.2,"snapDist":3,"label":1}},{"type":"Feature","geometry":{"type":"Point","coordinates":[11.826669,57.809036]},"properties":{"name":"Västra Röd","lines":"921","arr":["921"],"terminus":1,"mode":"bus","color":"#0059a9","colorDark":"#00294f","angle":115.8,"snapDist":12,"label":1}},{"type":"Feature","geometry":{"type":"Point","coordinates":[11.8377,57.81461]},"properties":{"name":"Prillan","lines":"921","arr":["921"],"terminus":0,"mode":"bus","color":"#0059a9","colorDark":"#00294f","angle":98.3,"snapDist":2,"label":1}},{"type":"Feature","geometry":{"type":"Point","coordinates":[11.845727,57.801777]},"properties":{"name":"Metesten","lines":"921","arr":["921"],"terminus":0,"mode":"bus","color":"#0059a9","colorDark":"#00294f","angle":144.8,"snapDist":2,"label":0}},{"type":"Feature","geometry":{"type":"Point","coordinates":[11.849594,57.803068]},"properties":{"name":"Sjöhed norra","lines":"921","arr":["921"],"terminus":0,"mode":"bus","color":"#0059a9","colorDark":"#00294f","angle":313.3,"snapDist":2,"label":0}},{"type":"Feature","geometry":{"type":"Point","coordinates":[11.857994,57.80923]},"properties":{"name":"Sjöheds varv","lines":"921","arr":["921"],"terminus":0,"mode":"bus","color":"#0059a9","colorDark":"#00294f","angle":102,"snapDist":3,"label":0}},{"type":"Feature","geometry":{"type":"Point","coordinates":[11.851918,57.810842]},"properties":{"name":"Nereby norra","lines":"921","arr":["921"],"terminus":0,"mode":"bus","color":"#0059a9","colorDark":"#00294f","angle":49.5,"snapDist":0,"label":0}},{"type":"Feature","geometry":{"type":"Point","coordinates":[11.849394,57.814659]},"properties":{"name":"Nereby","lines":"921","arr":["921"],"terminus":0,"mode":"bus","color":"#0059a9","colorDark":"#00294f","angle":240.4,"snapDist":3,"label":0}},{"type":"Feature","geometry":{"type":"Point","coordinates":[11.844713,57.816773]},"properties":{"name":"Sjöhedsvägen","lines":"921","arr":["921"],"terminus":0,"mode":"bus","color":"#0059a9","colorDark":"#00294f","angle":215.4,"snapDist":0,"label":0}},{"type":"Feature","geometry":{"type":"Point","coordinates":[11.885043,57.830274]},"properties":{"name":"Ulvesund","lines":"921","arr":["921"],"terminus":0,"mode":"bus","color":"#0059a9","colorDark":"#00294f","angle":114.1,"snapDist":2,"label":0}},{"type":"Feature","geometry":{"type":"Point","coordinates":[11.891671,57.835178]},"properties":{"name":"Ulvesund södra","lines":"921","arr":["921"],"terminus":0,"mode":"bus","color":"#0059a9","colorDark":"#00294f","angle":118.5,"snapDist":2,"label":0}},{"type":"Feature","geometry":{"type":"Point","coordinates":[11.891962,57.839535]},"properties":{"name":"Nybygget","lines":"921","arr":["921"],"terminus":0,"mode":"bus","color":"#0059a9","colorDark":"#00294f","angle":93.3,"snapDist":3,"label":1}},{"type":"Feature","geometry":{"type":"Point","coordinates":[11.895021,57.844071]},"properties":{"name":"Ormo","lines":"921","arr":["921"],"terminus":0,"mode":"bus","color":"#0059a9","colorDark":"#00294f","angle":168,"snapDist":6,"label":0}},{"type":"Feature","geometry":{"type":"Point","coordinates":[11.906442,57.852502]},"properties":{"name":"Östergårdsgatan","lines":"921","arr":["921"],"terminus":0,"mode":"bus","color":"#0059a9","colorDark":"#00294f","angle":145.4,"snapDist":1,"label":1}},{"type":"Feature","geometry":{"type":"Point","coordinates":[11.820953,57.854716]},"properties":{"name":"Staby","lines":"922, 926","arr":["922","926"],"terminus":0,"mode":"bus","color":"#0059a9","colorDark":"#00294f","angle":206.7,"snapDist":1,"label":0}},{"type":"Feature","geometry":{"type":"Point","coordinates":[11.831476,57.851758]},"properties":{"name":"Dotorp norra","lines":"922, 926","arr":["922","926"],"terminus":0,"mode":"bus","color":"#0059a9","colorDark":"#00294f","angle":212.6,"snapDist":2,"label":1}},{"type":"Feature","geometry":{"type":"Point","coordinates":[11.833024,57.847735]},"properties":{"name":"Dotorp södra","lines":"922, 926","arr":["922","926"],"terminus":0,"mode":"bus","color":"#0059a9","colorDark":"#00294f","angle":275.6,"snapDist":1,"label":1}},{"type":"Feature","geometry":{"type":"Point","coordinates":[11.839433,57.839731]},"properties":{"name":"Dotorp","lines":"922, 926","arr":["922","926"],"terminus":0,"mode":"bus","color":"#0059a9","colorDark":"#00294f","angle":200.7,"snapDist":2,"label":1}},{"type":"Feature","geometry":{"type":"Point","coordinates":[11.858574,57.834061]},"properties":{"name":"Toreby mosse","lines":"922, 926","arr":["922","926"],"terminus":0,"mode":"bus","color":"#0059a9","colorDark":"#00294f","angle":193.7,"snapDist":4,"label":1}},{"type":"Feature","geometry":{"type":"Point","coordinates":[11.845625,57.826616]},"properties":{"name":"Toreby östra","lines":"922","arr":["922"],"terminus":0,"mode":"bus","color":"#0059a9","colorDark":"#00294f","angle":45.3,"snapDist":3,"label":1}},{"type":"Feature","geometry":{"type":"Point","coordinates":[11.833729,57.82756]},"properties":{"name":"Toreby","lines":"922","arr":["922"],"terminus":0,"mode":"bus","color":"#0059a9","colorDark":"#00294f","angle":320.2,"snapDist":0,"label":1}},{"type":"Feature","geometry":{"type":"Point","coordinates":[11.82658,57.825537]},"properties":{"name":"Toreby västra","lines":"922","arr":["922"],"terminus":0,"mode":"bus","color":"#0059a9","colorDark":"#00294f","angle":332.8,"snapDist":12,"label":1}},{"type":"Feature","geometry":{"type":"Point","coordinates":[11.792546,57.843769]},"properties":{"name":"Kärna bussterminal","lines":"923","arr":["923"],"terminus":1,"mode":"bus","color":"#0059a9","colorDark":"#00294f","angle":162.8,"snapDist":0,"label":0}},{"type":"Feature","geometry":{"type":"Point","coordinates":[11.751314,57.873076]},"properties":{"name":"Gunneröd","lines":"923","arr":["923"],"terminus":0,"mode":"bus","color":"#0059a9","colorDark":"#00294f","angle":184.3,"snapDist":5,"label":1}},{"type":"Feature","geometry":{"type":"Point","coordinates":[11.723427,57.870772]},"properties":{"name":"Bremnäs by","lines":"923, 926","arr":["923","926"],"terminus":0,"mode":"bus","color":"#0059a9","colorDark":"#00294f","angle":93.3,"snapDist":5,"label":1}},{"type":"Feature","geometry":{"type":"Point","coordinates":[11.722064,57.868612]},"properties":{"name":"Bremnäs","lines":"923","arr":["923"],"terminus":0,"mode":"bus","color":"#0059a9","colorDark":"#00294f","angle":250.2,"snapDist":1,"label":1}},{"type":"Feature","geometry":{"type":"Point","coordinates":[11.710182,57.865916]},"properties":{"name":"Tofta herrgård","lines":"923, 926","arr":["923","926"],"terminus":1,"mode":"bus","color":"#0059a9","colorDark":"#00294f","angle":10.3,"snapDist":3,"label":1}},{"type":"Feature","geometry":{"type":"Point","coordinates":[11.725173,57.87518]},"properties":{"name":"Stora Lycke","lines":"923","arr":["923"],"terminus":0,"mode":"bus","color":"#0059a9","colorDark":"#00294f","angle":11.8,"snapDist":2,"label":1}},{"type":"Feature","geometry":{"type":"Point","coordinates":[11.721166,57.876087]},"properties":{"name":"Lycke kyrka","lines":"923","arr":["923"],"terminus":0,"mode":"bus","color":"#0059a9","colorDark":"#00294f","angle":52,"snapDist":6,"label":1}},{"type":"Feature","geometry":{"type":"Point","coordinates":[11.719322,57.885565]},"properties":{"name":"Kristiansborgsvägen","lines":"923","arr":["923"],"terminus":0,"mode":"bus","color":"#0059a9","colorDark":"#00294f","angle":98.4,"snapDist":5,"label":1}},{"type":"Feature","geometry":{"type":"Point","coordinates":[11.722025,57.868669]},"properties":{"name":"Bremnäs","lines":"923, 926","arr":["923","926"],"terminus":0,"mode":"bus","color":"#0059a9","colorDark":"#00294f","angle":250,"snapDist":3,"label":0}},{"type":"Feature","geometry":{"type":"Point","coordinates":[11.723421,57.870718]},"properties":{"name":"Bremnäs by","lines":"923","arr":["923"],"terminus":0,"mode":"bus","color":"#0059a9","colorDark":"#00294f","angle":273.3,"snapDist":5,"label":0}},{"type":"Feature","geometry":{"type":"Point","coordinates":[11.792504,57.844148]},"properties":{"name":"Kärna bussterminal","lines":"923, 926","arr":["923","926"],"terminus":1,"mode":"bus","color":"#0059a9","colorDark":"#00294f","angle":329.7,"snapDist":6,"label":0}},{"type":"Feature","geometry":{"type":"Point","coordinates":[11.77639,57.897754]},"properties":{"name":"Mossvägen","lines":"924","arr":["924"],"terminus":0,"mode":"bus","color":"#0059a9","colorDark":"#00294f","angle":47.7,"snapDist":12,"label":1}},{"type":"Feature","geometry":{"type":"Point","coordinates":[11.769608,57.890684]},"properties":{"name":"Gullbringa västra","lines":"924","arr":["924"],"terminus":1,"mode":"bus","color":"#0059a9","colorDark":"#00294f","angle":197.2,"snapDist":1,"label":1}},{"type":"Feature","geometry":{"type":"Point","coordinates":[11.775805,57.88774]},"properties":{"name":"Gullbringa","lines":"924","arr":["924"],"terminus":0,"mode":"bus","color":"#0059a9","colorDark":"#00294f","angle":268.8,"snapDist":3,"label":1}},{"type":"Feature","geometry":{"type":"Point","coordinates":[11.773106,57.883079]},"properties":{"name":"Gullbringa golfklubb","lines":"924","arr":["924"],"terminus":0,"mode":"bus","color":"#0059a9","colorDark":"#00294f","angle":270,"snapDist":7,"label":1}},{"type":"Feature","geometry":{"type":"Point","coordinates":[11.764974,57.877864]},"properties":{"name":"Kulperöd","lines":"924","arr":["924"],"terminus":1,"mode":"bus","color":"#0059a9","colorDark":"#00294f","angle":35,"snapDist":4,"label":1}},{"type":"Feature","geometry":{"type":"Point","coordinates":[11.773106,57.883133]},"properties":{"name":"Gullbringa golfklubb","lines":"924","arr":["924"],"terminus":0,"mode":"bus","color":"#0059a9","colorDark":"#00294f","angle":270,"snapDist":1,"label":0}},{"type":"Feature","geometry":{"type":"Point","coordinates":[11.776363,57.897769]},"properties":{"name":"Mossvägen","lines":"924","arr":["924"],"terminus":0,"mode":"bus","color":"#0059a9","colorDark":"#00294f","angle":-132.3,"snapDist":10,"label":0}},{"type":"Feature","geometry":{"type":"Point","coordinates":[11.818215,57.859218]},"properties":{"name":"Görrödsvägen","lines":"926","arr":["926"],"terminus":0,"mode":"bus","color":"#0059a9","colorDark":"#00294f","angle":133.3,"snapDist":6,"label":1}},{"type":"Feature","geometry":{"type":"Point","coordinates":[11.866095,57.833598]},"properties":{"name":"Kanehall","lines":"926","arr":["926"],"terminus":0,"mode":"bus","color":"#0059a9","colorDark":"#00294f","angle":137.2,"snapDist":5,"label":0}},{"type":"Feature","geometry":{"type":"Point","coordinates":[11.872576,57.839058]},"properties":{"name":"Hillebol","lines":"926","arr":["926"],"terminus":0,"mode":"bus","color":"#0059a9","colorDark":"#00294f","angle":142.4,"snapDist":4,"label":1}},{"type":"Feature","geometry":{"type":"Point","coordinates":[11.877411,57.844426]},"properties":{"name":"Betet","lines":"926","arr":["926"],"terminus":0,"mode":"bus","color":"#0059a9","colorDark":"#00294f","angle":112.6,"snapDist":8,"label":1}},{"type":"Feature","geometry":{"type":"Point","coordinates":[11.881825,57.852486]},"properties":{"name":"Östra Synneröd","lines":"926","arr":["926"],"terminus":0,"mode":"bus","color":"#0059a9","colorDark":"#00294f","angle":121.3,"snapDist":3,"label":1}},{"type":"Feature","geometry":{"type":"Point","coordinates":[11.885022,57.854389]},"properties":{"name":"Kanehallsvägen","lines":"926","arr":["926"],"terminus":0,"mode":"bus","color":"#0059a9","colorDark":"#00294f","angle":120.6,"snapDist":5,"label":0}},{"type":"Feature","geometry":{"type":"Point","coordinates":[11.801578,57.840683]},"properties":{"name":"Lefstad","lines":"926","arr":["926"],"terminus":0,"mode":"bus","color":"#0059a9","colorDark":"#00294f","angle":152.8,"snapDist":3,"label":1}},{"type":"Feature","geometry":{"type":"Point","coordinates":[11.807231,57.841504]},"properties":{"name":"Hallbjörtorp västra","lines":"926","arr":["926"],"terminus":0,"mode":"bus","color":"#0059a9","colorDark":"#00294f","angle":233.3,"snapDist":3,"label":1}},{"type":"Feature","geometry":{"type":"Point","coordinates":[11.819439,57.843434]},"properties":{"name":"Hallbjörtorp","lines":"926","arr":["926"],"terminus":0,"mode":"bus","color":"#0059a9","colorDark":"#00294f","angle":-0.7,"snapDist":8,"label":1}},{"type":"Feature","geometry":{"type":"Point","coordinates":[11.807222,57.84151]},"properties":{"name":"Hallbjörtorp västra","lines":"926","arr":["926"],"terminus":0,"mode":"bus","color":"#0059a9","colorDark":"#00294f","angle":53.3,"snapDist":5,"label":0}},{"type":"Feature","geometry":{"type":"Point","coordinates":[11.80167,57.840713]},"properties":{"name":"Lefstad","lines":"926","arr":["926"],"terminus":0,"mode":"bus","color":"#0059a9","colorDark":"#00294f","angle":-38.8,"snapDist":7,"label":0}},{"type":"Feature","geometry":{"type":"Point","coordinates":[11.72635,57.897892]},"properties":{"name":"Intaget","lines":"927","arr":["927"],"terminus":0,"mode":"bus","color":"#0059a9","colorDark":"#00294f","angle":144.7,"snapDist":3,"label":1}},{"type":"Feature","geometry":{"type":"Point","coordinates":[11.884904,57.854282]},"properties":{"name":"Kanehallsvägen","lines":"928","arr":["928"],"terminus":0,"mode":"bus","color":"#0059a9","colorDark":"#00294f","angle":300.6,"snapDist":5,"label":0}},{"type":"Feature","geometry":{"type":"Point","coordinates":[11.881812,57.852475]},"properties":{"name":"Östra Synneröd","lines":"928","arr":["928"],"terminus":0,"mode":"bus","color":"#0059a9","colorDark":"#00294f","angle":301.3,"snapDist":4,"label":0}},{"type":"Feature","geometry":{"type":"Point","coordinates":[11.877338,57.844333]},"properties":{"name":"Betet","lines":"928","arr":["928"],"terminus":0,"mode":"bus","color":"#0059a9","colorDark":"#00294f","angle":292.6,"snapDist":12,"label":0}},{"type":"Feature","geometry":{"type":"Point","coordinates":[11.872283,57.838955]},"properties":{"name":"Hillebol","lines":"928","arr":["928"],"terminus":0,"mode":"bus","color":"#0059a9","colorDark":"#00294f","angle":328.2,"snapDist":2,"label":0}},{"type":"Feature","geometry":{"type":"Point","coordinates":[11.865866,57.833497]},"properties":{"name":"Kanehall","lines":"928","arr":["928"],"terminus":1,"mode":"bus","color":"#0059a9","colorDark":"#00294f","angle":323.8,"snapDist":5,"label":1}},{"type":"Feature","geometry":{"type":"Point","coordinates":[11.855087,57.872877]},"properties":{"name":"Vena berg","lines":"928","arr":["928"],"terminus":1,"mode":"bus","color":"#0059a9","colorDark":"#00294f","angle":188,"snapDist":5,"label":1}},{"type":"Feature","geometry":{"type":"Point","coordinates":[11.867371,57.863486]},"properties":{"name":"Skrämmenborg","lines":"928","arr":["928"],"terminus":0,"mode":"bus","color":"#0059a9","colorDark":"#00294f","angle":202.4,"snapDist":5,"label":1}},{"type":"Feature","geometry":{"type":"Point","coordinates":[11.893793,57.856134]},"properties":{"name":"Övre Tega","lines":"928","arr":["928"],"terminus":0,"mode":"bus","color":"#0059a9","colorDark":"#00294f","angle":133.3,"snapDist":3,"label":1}},{"type":"Feature","geometry":{"type":"Point","coordinates":[11.716151,57.842729]},"properties":{"name":"Sundhammar västra","lines":"930","arr":["930"],"terminus":0,"mode":"bus","color":"#0059a9","colorDark":"#00294f","angle":336,"snapDist":4,"label":1}},{"type":"Feature","geometry":{"type":"Point","coordinates":[11.711012,57.841284]},"properties":{"name":"Snäckliden","lines":"930","arr":["930"],"terminus":0,"mode":"bus","color":"#0059a9","colorDark":"#00294f","angle":331.4,"snapDist":1,"label":1}},{"type":"Feature","geometry":{"type":"Point","coordinates":[11.702363,57.837737]},"properties":{"name":"Sundhammar","lines":"930","arr":["930"],"terminus":1,"mode":"bus","color":"#0059a9","colorDark":"#00294f","angle":323.5,"snapDist":2,"label":1}},{"type":"Feature","geometry":{"type":"Point","coordinates":[11.711039,57.841292]},"properties":{"name":"Snäckliden","lines":"930","arr":["930"],"terminus":0,"mode":"bus","color":"#0059a9","colorDark":"#00294f","angle":151.4,"snapDist":1,"label":0}},{"type":"Feature","geometry":{"type":"Point","coordinates":[11.716144,57.842727]},"properties":{"name":"Sundhammar västra","lines":"930","arr":["930"],"terminus":0,"mode":"bus","color":"#0059a9","colorDark":"#00294f","angle":156,"snapDist":1,"label":0}},{"type":"Feature","geometry":{"type":"Point","coordinates":[12.295816,57.667915]},"properties":{"name":"Landvetter flygplats","lines":"FLYG","arr":["FLYG"],"terminus":1,"mode":"bus","color":"#0059a9","colorDark":"#00294f","angle":294.8,"snapDist":2,"label":0}},{"type":"Feature","geometry":{"type":"Point","coordinates":[11.986754,57.698436]},"properties":{"name":"Korsvägen","lines":"FLYG","arr":["FLYG"],"terminus":0,"mode":"bus","color":"#0059a9","colorDark":"#00294f","angle":82.7,"snapDist":5,"label":0}},{"type":"Feature","geometry":{"type":"Point","coordinates":[11.971959,57.710302]},"properties":{"name":"Nils Ericson Terminalen","lines":"FLYG","arr":["FLYG"],"terminus":1,"mode":"bus","color":"#0059a9","colorDark":"#00294f","angle":312.2,"snapDist":5,"label":0}},{"type":"Feature","geometry":{"type":"Point","coordinates":[12.138122,57.657769]},"properties":{"name":"Häggvägen","lines":"1","arr":["HA1"],"terminus":1,"mode":"bus","color":"#0059a9","colorDark":"#00294f","angle":148.5,"snapDist":2,"label":1}},{"type":"Feature","geometry":{"type":"Point","coordinates":[12.128598,57.653465]},"properties":{"name":"Stenbrottet","lines":"1","arr":["HA1"],"terminus":0,"mode":"bus","color":"#0059a9","colorDark":"#00294f","angle":262.4,"snapDist":8,"label":0}},{"type":"Feature","geometry":{"type":"Point","coordinates":[12.128348,57.651429]},"properties":{"name":"Rullstensvägen","lines":"1","arr":["HA1"],"terminus":0,"mode":"bus","color":"#0059a9","colorDark":"#00294f","angle":295.5,"snapDist":3,"label":0}},{"type":"Feature","geometry":{"type":"Point","coordinates":[12.121962,57.647738]},"properties":{"name":"Råstensvägen","lines":"1","arr":["HA1"],"terminus":0,"mode":"bus","color":"#0059a9","colorDark":"#00294f","angle":358.3,"snapDist":1,"label":1}},{"type":"Feature","geometry":{"type":"Point","coordinates":[12.117618,57.648847]},"properties":{"name":"Fagottvägen","lines":"1","arr":["HA1"],"terminus":0,"mode":"bus","color":"#0059a9","colorDark":"#00294f","angle":347.2,"snapDist":4,"label":1}},{"type":"Feature","geometry":{"type":"Point","coordinates":[12.112566,57.649375]},"properties":{"name":"Violinvägen","lines":"1","arr":["HA1"],"terminus":0,"mode":"bus","color":"#0059a9","colorDark":"#00294f","angle":36.7,"snapDist":0,"label":1}},{"type":"Feature","geometry":{"type":"Point","coordinates":[12.110288,57.651361]},"properties":{"name":"Gitarrvägen","lines":"1","arr":["HA1"],"terminus":0,"mode":"bus","color":"#0059a9","colorDark":"#00294f","angle":63.7,"snapDist":2,"label":1}},{"type":"Feature","geometry":{"type":"Point","coordinates":[12.117386,57.657063]},"properties":{"name":"Mölnlycke resecentrum","lines":"1, 2, 3","arr":["HA1","HA2","HA3"],"terminus":1,"mode":"bus","color":"#0059a9","colorDark":"#00294f","angle":338.2,"snapDist":7,"label":0}},{"type":"Feature","geometry":{"type":"Point","coordinates":[12.110476,57.651145]},"properties":{"name":"Gitarrvägen","lines":"1","arr":["HA1"],"terminus":0,"mode":"bus","color":"#0059a9","colorDark":"#00294f","angle":245.9,"snapDist":4,"label":0}},{"type":"Feature","geometry":{"type":"Point","coordinates":[12.112477,57.649395]},"properties":{"name":"Violinvägen","lines":"1","arr":["HA1"],"terminus":0,"mode":"bus","color":"#0059a9","colorDark":"#00294f","angle":248.6,"snapDist":2,"label":0}},{"type":"Feature","geometry":{"type":"Point","coordinates":[12.116051,57.648415]},"properties":{"name":"Fagottvägen","lines":"1","arr":["HA1"],"terminus":0,"mode":"bus","color":"#0059a9","colorDark":"#00294f","angle":148.8,"snapDist":3,"label":0}},{"type":"Feature","geometry":{"type":"Point","coordinates":[12.122364,57.647749]},"properties":{"name":"Råstensvägen","lines":"1","arr":["HA1"],"terminus":0,"mode":"bus","color":"#0059a9","colorDark":"#00294f","angle":176.7,"snapDist":3,"label":0}},{"type":"Feature","geometry":{"type":"Point","coordinates":[12.13355,57.662281]},"properties":{"name":"Strandvägen","lines":"2","arr":["HA2"],"terminus":1,"mode":"bus","color":"#0059a9","colorDark":"#00294f","angle":228,"snapDist":5,"label":1}},{"type":"Feature","geometry":{"type":"Point","coordinates":[12.127111,57.659352]},"properties":{"name":"Fabriksvägen","lines":"2","arr":["HA2"],"terminus":0,"mode":"bus","color":"#0059a9","colorDark":"#00294f","angle":338.6,"snapDist":6,"label":1}},{"type":"Feature","geometry":{"type":"Point","coordinates":[12.12215,57.658937]},"properties":{"name":"Hulebäcksgymnasiet östra","lines":"2","arr":["HA2"],"terminus":0,"mode":"bus","color":"#0059a9","colorDark":"#00294f","angle":5.9,"snapDist":1,"label":1}},{"type":"Feature","geometry":{"type":"Point","coordinates":[12.117381,57.657105]},"properties":{"name":"Mölnlycke resecentrum","lines":"2, 3","arr":["HA2","HA3"],"terminus":1,"mode":"bus","color":"#0059a9","colorDark":"#00294f","angle":335.8,"snapDist":5,"label":0}},{"type":"Feature","geometry":{"type":"Point","coordinates":[12.12284,57.646692]},"properties":{"name":"Stenhuggarevägen","lines":"2","arr":["HA2"],"terminus":1,"mode":"bus","color":"#0059a9","colorDark":"#00294f","angle":339.2,"snapDist":1,"label":0}},{"type":"Feature","geometry":{"type":"Point","coordinates":[12.11802,57.644987]},"properties":{"name":"Kalkstensvägen","lines":"2","arr":["HA2"],"terminus":0,"mode":"bus","color":"#0059a9","colorDark":"#00294f","angle":337.7,"snapDist":5,"label":0}},{"type":"Feature","geometry":{"type":"Point","coordinates":[12.112302,57.642914]},"properties":{"name":"Naturstensvägen","lines":"2","arr":["HA2"],"terminus":0,"mode":"bus","color":"#0059a9","colorDark":"#00294f","angle":1,"snapDist":3,"label":0}},{"type":"Feature","geometry":{"type":"Point","coordinates":[12.106242,57.644613]},"properties":{"name":"Lahallsvägen","lines":"2","arr":["HA2"],"terminus":0,"mode":"bus","color":"#0059a9","colorDark":"#00294f","angle":97.1,"snapDist":3,"label":0}},{"type":"Feature","geometry":{"type":"Point","coordinates":[12.104446,57.64667]},"properties":{"name":"Båtsmansvägen","lines":"2","arr":["HA2"],"terminus":0,"mode":"bus","color":"#0059a9","colorDark":"#00294f","angle":24.2,"snapDist":7,"label":0}},{"type":"Feature","geometry":{"type":"Point","coordinates":[12.101721,57.647277]},"properties":{"name":"Kvarnbacken","lines":"2, X90","arr":["HA2","X90"],"terminus":0,"mode":"bus","color":"#0059a9","colorDark":"#00294f","angle":83.5,"snapDist":8,"label":1}},{"type":"Feature","geometry":{"type":"Point","coordinates":[12.122637,57.658893]},"properties":{"name":"Hulebäcksgymnasiet östra","lines":"2","arr":["HA2"],"terminus":0,"mode":"bus","color":"#0059a9","colorDark":"#00294f","angle":191.3,"snapDist":4,"label":0}},{"type":"Feature","geometry":{"type":"Point","coordinates":[12.127274,57.659385]},"properties":{"name":"Fabriksvägen","lines":"2","arr":["HA2"],"terminus":0,"mode":"bus","color":"#0059a9","colorDark":"#00294f","angle":159.3,"snapDist":7,"label":0}},{"type":"Feature","geometry":{"type":"Point","coordinates":[12.078841,57.67417]},"properties":{"name":"Delsjökärrvägen","lines":"3","arr":["HA3"],"terminus":1,"mode":"bus","color":"#0059a9","colorDark":"#00294f","angle":138.1,"snapDist":4,"label":1}},{"type":"Feature","geometry":{"type":"Point","coordinates":[12.088503,57.676071]},"properties":{"name":"Teknologivägen","lines":"3","arr":["HA3"],"terminus":0,"mode":"bus","color":"#0059a9","colorDark":"#00294f","angle":179.8,"snapDist":10,"label":1}},{"type":"Feature","geometry":{"type":"Point","coordinates":[12.096547,57.668409]},"properties":{"name":"Råda portar","lines":"3, X4","arr":["HA3","X4"],"terminus":0,"mode":"bus","color":"#0059a9","colorDark":"#00294f","angle":198.2,"snapDist":1,"label":1}},{"type":"Feature","geometry":{"type":"Point","coordinates":[12.101633,57.662879]},"properties":{"name":"Säteriet","lines":"3","arr":["HA3"],"terminus":0,"mode":"bus","color":"#0059a9","colorDark":"#00294f","angle":306.8,"snapDist":1,"label":1}},{"type":"Feature","geometry":{"type":"Point","coordinates":[12.104817,57.667504]},"properties":{"name":"Platåvägen","lines":"3, X4","arr":["HA3","X4"],"terminus":0,"mode":"bus","color":"#0059a9","colorDark":"#00294f","angle":181.8,"snapDist":1,"label":1}},{"type":"Feature","geometry":{"type":"Point","coordinates":[12.104764,57.667505]},"properties":{"name":"Platåvägen","lines":"3, X4","arr":["HA3","X4"],"terminus":0,"mode":"bus","color":"#0059a9","colorDark":"#00294f","angle":1.8,"snapDist":1,"label":0}},{"type":"Feature","geometry":{"type":"Point","coordinates":[12.097967,57.668181]},"properties":{"name":"Råda portar","lines":"3, X4","arr":["HA3","X4"],"terminus":0,"mode":"bus","color":"#0059a9","colorDark":"#00294f","angle":16.1,"snapDist":6,"label":0}},{"type":"Feature","geometry":{"type":"Point","coordinates":[12.08888,57.67607]},"properties":{"name":"Teknologivägen","lines":"3","arr":["HA3"],"terminus":0,"mode":"bus","color":"#0059a9","colorDark":"#00294f","angle":2.1,"snapDist":2,"label":0}},{"type":"Feature","geometry":{"type":"Point","coordinates":[12.079295,57.674349]},"properties":{"name":"Delsjökärrvägen","lines":"3","arr":["HA3"],"terminus":1,"mode":"bus","color":"#0059a9","colorDark":"#00294f","angle":325.3,"snapDist":6,"label":0}},{"type":"Feature","geometry":{"type":"Point","coordinates":[12.101704,57.492398]},"properties":{"name":"Basunen","lines":"1","arr":["KB1"],"terminus":1,"mode":"bus","color":"#0059a9","colorDark":"#00294f","angle":224.5,"snapDist":3,"label":1}},{"type":"Feature","geometry":{"type":"Point","coordinates":[12.104444,57.492235]},"properties":{"name":"Basunvägen","lines":"1","arr":["KB1"],"terminus":0,"mode":"bus","color":"#0059a9","colorDark":"#00294f","angle":181.1,"snapDist":4,"label":1}},{"type":"Feature","geometry":{"type":"Point","coordinates":[12.104492,57.489835]},"properties":{"name":"Trumpetvägen","lines":"1","arr":["KB1"],"terminus":0,"mode":"bus","color":"#0059a9","colorDark":"#00294f","angle":296.4,"snapDist":3,"label":1}},{"type":"Feature","geometry":{"type":"Point","coordinates":[12.101154,57.486776]},"properties":{"name":"Saxofonvägen","lines":"1","arr":["KB1"],"terminus":0,"mode":"bus","color":"#0059a9","colorDark":"#00294f","angle":306.6,"snapDist":5,"label":1}},{"type":"Feature","geometry":{"type":"Point","coordinates":[12.093807,57.483245]},"properties":{"name":"Violgatan","lines":"1","arr":["KB1"],"terminus":0,"mode":"bus","color":"#0059a9","colorDark":"#00294f","angle":331.7,"snapDist":0,"label":1}},{"type":"Feature","geometry":{"type":"Point","coordinates":[12.088344,57.480824]},"properties":{"name":"Hålabäck södra","lines":"1","arr":["KB1"],"terminus":0,"mode":"bus","color":"#0059a9","colorDark":"#00294f","angle":65,"snapDist":4,"label":1}},{"type":"Feature","geometry":{"type":"Point","coordinates":[12.083179,57.485341]},"properties":{"name":"Inlag","lines":"1","arr":["KB1"],"terminus":0,"mode":"bus","color":"#0059a9","colorDark":"#00294f","angle":62.5,"snapDist":2,"label":1}},{"type":"Feature","geometry":{"type":"Point","coordinates":[12.079239,57.490088]},"properties":{"name":"Kungsbacka station","lines":"1","arr":["KB1"],"terminus":0,"mode":"bus","color":"#0059a9","colorDark":"#00294f","angle":91.6,"snapDist":7,"label":0}},{"type":"Feature","geometry":{"type":"Point","coordinates":[12.070614,57.49321]},"properties":{"name":"Elof Lindälvs gymnasium","lines":"1","arr":["KB1"],"terminus":0,"mode":"bus","color":"#0059a9","colorDark":"#00294f","angle":75.2,"snapDist":4,"label":1}},{"type":"Feature","geometry":{"type":"Point","coordinates":[12.070288,57.497093]},"properties":{"name":"Stormgatan","lines":"1","arr":["KB1"],"terminus":0,"mode":"bus","color":"#0059a9","colorDark":"#00294f","angle":87.2,"snapDist":1,"label":1}},{"type":"Feature","geometry":{"type":"Point","coordinates":[12.070315,57.501629]},"properties":{"name":"Bengtsgårdsgatan","lines":"1","arr":["KB1"],"terminus":0,"mode":"bus","color":"#0059a9","colorDark":"#00294f","angle":83.7,"snapDist":5,"label":1}},{"type":"Feature","geometry":{"type":"Point","coordinates":[12.064626,57.5054]},"properties":{"name":"Nils Ebbesgårdsgatan","lines":"1","arr":["KB1"],"terminus":0,"mode":"bus","color":"#0059a9","colorDark":"#00294f","angle":15.3,"snapDist":6,"label":1}},{"type":"Feature","geometry":{"type":"Point","coordinates":[12.059553,57.50544]},"properties":{"name":"Håkansgårdsgatan","lines":"1","arr":["KB1"],"terminus":0,"mode":"bus","color":"#0059a9","colorDark":"#00294f","angle":353.5,"snapDist":6,"label":1}},{"type":"Feature","geometry":{"type":"Point","coordinates":[12.054822,57.503117]},"properties":{"name":"Lilla Bäcksgatan","lines":"1","arr":["KB1"],"terminus":0,"mode":"bus","color":"#0059a9","colorDark":"#00294f","angle":276.6,"snapDist":4,"label":1}},{"type":"Feature","geometry":{"type":"Point","coordinates":[12.056421,57.500886]},"properties":{"name":"Kållasgårdsgatan","lines":"1","arr":["KB1"],"terminus":0,"mode":"bus","color":"#0059a9","colorDark":"#00294f","angle":175.8,"snapDist":3,"label":1}},{"type":"Feature","geometry":{"type":"Point","coordinates":[12.061795,57.500933]},"properties":{"name":"Varlaplatån","lines":"1","arr":["KB1"],"terminus":0,"mode":"bus","color":"#0059a9","colorDark":"#00294f","angle":179.9,"snapDist":1,"label":1}},{"type":"Feature","geometry":{"type":"Point","coordinates":[12.064779,57.500577]},"properties":{"name":"Smeagatan","lines":"1","arr":["KB1"],"terminus":0,"mode":"bus","color":"#0059a9","colorDark":"#00294f","angle":223.4,"snapDist":3,"label":1}},{"type":"Feature","geometry":{"type":"Point","coordinates":[12.066376,57.506083]},"properties":{"name":"Stora Bäcksleden","lines":"1","arr":["KB1"],"terminus":0,"mode":"bus","color":"#0059a9","colorDark":"#00294f","angle":53,"snapDist":1,"label":1}},{"type":"Feature","geometry":{"type":"Point","coordinates":[12.064508,57.508999]},"properties":{"name":"Hallabäcksvägen","lines":"1","arr":["KB1"],"terminus":0,"mode":"bus","color":"#0059a9","colorDark":"#00294f","angle":163.3,"snapDist":3,"label":1}},{"type":"Feature","geometry":{"type":"Point","coordinates":[12.070511,57.511677]},"properties":{"name":"Arendalsvägen","lines":"1","arr":["KB1"],"terminus":0,"mode":"bus","color":"#0059a9","colorDark":"#00294f","angle":57.7,"snapDist":12,"label":1}},{"type":"Feature","geometry":{"type":"Point","coordinates":[12.076272,57.514259]},"properties":{"name":"Hedebrovägen","lines":"1","arr":["KB1"],"terminus":0,"mode":"bus","color":"#0059a9","colorDark":"#00294f","angle":201.3,"snapDist":5,"label":1}},{"type":"Feature","geometry":{"type":"Point","coordinates":[12.076963,57.51417]},"properties":{"name":"Hedebrovägen","lines":"1","arr":["KB1"],"terminus":0,"mode":"bus","color":"#0059a9","colorDark":"#00294f","angle":9,"snapDist":5,"label":0}},{"type":"Feature","geometry":{"type":"Point","coordinates":[12.070763,57.512396]},"properties":{"name":"Arendalsvägen","lines":"1","arr":["KB1"],"terminus":0,"mode":"bus","color":"#0059a9","colorDark":"#00294f","angle":317.8,"snapDist":3,"label":0}},{"type":"Feature","geometry":{"type":"Point","coordinates":[12.064718,57.509132]},"properties":{"name":"Hallabäcksvägen","lines":"1","arr":["KB1"],"terminus":0,"mode":"bus","color":"#0059a9","colorDark":"#00294f","angle":344.6,"snapDist":2,"label":0}},{"type":"Feature","geometry":{"type":"Point","coordinates":[12.06575,57.506499]},"properties":{"name":"Stora Bäcksleden","lines":"1","arr":["KB1"],"terminus":0,"mode":"bus","color":"#0059a9","colorDark":"#00294f","angle":241.4,"snapDist":1,"label":0}},{"type":"Feature","geometry":{"type":"Point","coordinates":[12.070232,57.500165]},"properties":{"name":"Bengtsgårdsgatan","lines":"1","arr":["KB1"],"terminus":0,"mode":"bus","color":"#0059a9","colorDark":"#00294f","angle":267.7,"snapDist":4,"label":0}},{"type":"Feature","geometry":{"type":"Point","coordinates":[12.070162,57.496954]},"properties":{"name":"Stormgatan","lines":"1","arr":["KB1"],"terminus":0,"mode":"bus","color":"#0059a9","colorDark":"#00294f","angle":270.8,"snapDist":4,"label":0}},{"type":"Feature","geometry":{"type":"Point","coordinates":[12.070538,57.493098]},"properties":{"name":"Elof Lindälvs gymnasium","lines":"1","arr":["KB1"],"terminus":0,"mode":"bus","color":"#0059a9","colorDark":"#00294f","angle":255.2,"snapDist":4,"label":0}},{"type":"Feature","geometry":{"type":"Point","coordinates":[12.079483,57.490056]},"properties":{"name":"Kungsbacka station","lines":"1","arr":["KB1"],"terminus":0,"mode":"bus","color":"#0059a9","colorDark":"#00294f","angle":91.5,"snapDist":5,"label":0}},{"type":"Feature","geometry":{"type":"Point","coordinates":[12.082865,57.485659]},"properties":{"name":"Inlag","lines":"1","arr":["KB1"],"terminus":0,"mode":"bus","color":"#0059a9","colorDark":"#00294f","angle":242.2,"snapDist":5,"label":0}},{"type":"Feature","geometry":{"type":"Point","coordinates":[12.090056,57.480643]},"properties":{"name":"Hålabäck södra","lines":"1","arr":["KB1"],"terminus":0,"mode":"bus","color":"#0059a9","colorDark":"#00294f","angle":128.1,"snapDist":3,"label":0}},{"type":"Feature","geometry":{"type":"Point","coordinates":[12.095435,57.483718]},"properties":{"name":"Violgatan","lines":"1","arr":["KB1"],"terminus":0,"mode":"bus","color":"#0059a9","colorDark":"#00294f","angle":151.6,"snapDist":2,"label":0}},{"type":"Feature","geometry":{"type":"Point","coordinates":[12.101201,57.486809]},"properties":{"name":"Saxofonvägen","lines":"1","arr":["KB1"],"terminus":0,"mode":"bus","color":"#0059a9","colorDark":"#00294f","angle":126.6,"snapDist":4,"label":0}},{"type":"Feature","geometry":{"type":"Point","coordinates":[12.10506,57.490483]},"properties":{"name":"Trumpetvägen","lines":"1","arr":["KB1"],"terminus":0,"mode":"bus","color":"#0059a9","colorDark":"#00294f","angle":122,"snapDist":4,"label":0}},{"type":"Feature","geometry":{"type":"Point","coordinates":[12.104271,57.492237]},"properties":{"name":"Basunvägen","lines":"1","arr":["KB1"],"terminus":0,"mode":"bus","color":"#0059a9","colorDark":"#00294f","angle":1.1,"snapDist":2,"label":0}},{"type":"Feature","geometry":{"type":"Point","coordinates":[12.101123,57.492769]},"properties":{"name":"Basunen","lines":"1","arr":["KB1"],"terminus":0,"mode":"bus","color":"#0059a9","colorDark":"#00294f","angle":55.6,"snapDist":3,"label":0}},{"type":"Feature","geometry":{"type":"Point","coordinates":[12.102462,57.494309]},"properties":{"name":"Fors","lines":"1","arr":["KB1"],"terminus":0,"mode":"bus","color":"#0059a9","colorDark":"#00294f","angle":156.7,"snapDist":4,"label":1}},{"type":"Feature","geometry":{"type":"Point","coordinates":[11.968136,57.872128]},"properties":{"name":"Kungälv resecentrum","lines":"1, 2, 3","arr":["KV1","KV2","KV3"],"terminus":1,"mode":"bus","color":"#0059a9","colorDark":"#00294f","angle":336.3,"snapDist":3,"label":0}},{"type":"Feature","geometry":{"type":"Point","coordinates":[11.919096,57.862814]},"properties":{"name":"Ytterby station","lines":"1","arr":["KV1"],"terminus":0,"mode":"bus","color":"#0059a9","colorDark":"#00294f","angle":200.3,"snapDist":4,"label":0}},{"type":"Feature","geometry":{"type":"Point","coordinates":[11.913241,57.863917]},"properties":{"name":"Ekebacken","lines":"1","arr":["KV1"],"terminus":0,"mode":"bus","color":"#0059a9","colorDark":"#00294f","angle":329.8,"snapDist":2,"label":1}},{"type":"Feature","geometry":{"type":"Point","coordinates":[11.910902,57.862549]},"properties":{"name":"Hällebergsgatan","lines":"1","arr":["KV1"],"terminus":1,"mode":"bus","color":"#0059a9","colorDark":"#00294f","angle":221.3,"snapDist":4,"label":1}},{"type":"Feature","geometry":{"type":"Point","coordinates":[11.913367,57.863954]},"properties":{"name":"Ekebacken","lines":"1","arr":["KV1"],"terminus":0,"mode":"bus","color":"#0059a9","colorDark":"#00294f","angle":151.4,"snapDist":3,"label":0}},{"type":"Feature","geometry":{"type":"Point","coordinates":[11.968356,57.872124]},"properties":{"name":"Kungälv resecentrum","lines":"1, 2, 3","arr":["KV1","KV2","KV3"],"terminus":1,"mode":"bus","color":"#0059a9","colorDark":"#00294f","angle":156.7,"snapDist":6,"label":0}},{"type":"Feature","geometry":{"type":"Point","coordinates":[11.967234,57.868508]},"properties":{"name":"Strandskolan","lines":"2","arr":["KV2"],"terminus":0,"mode":"bus","color":"#0059a9","colorDark":"#00294f","angle":331.5,"snapDist":3,"label":1}},{"type":"Feature","geometry":{"type":"Point","coordinates":[11.959473,57.865092]},"properties":{"name":"Sagagatan","lines":"2","arr":["KV2"],"terminus":0,"mode":"bus","color":"#0059a9","colorDark":"#00294f","angle":323.2,"snapDist":4,"label":1}},{"type":"Feature","geometry":{"type":"Point","coordinates":[11.953201,57.865919]},"properties":{"name":"Ingegatan","lines":"2","arr":["KV2"],"terminus":0,"mode":"bus","color":"#0059a9","colorDark":"#00294f","angle":65.4,"snapDist":2,"label":1}},{"type":"Feature","geometry":{"type":"Point","coordinates":[11.891969,57.859982]},"properties":{"name":"Sparrås skola","lines":"2","arr":["KV2"],"terminus":0,"mode":"bus","color":"#0059a9","colorDark":"#00294f","angle":130.2,"snapDist":8,"label":0}},{"type":"Feature","geometry":{"type":"Point","coordinates":[11.904121,57.869802]},"properties":{"name":"Stället","lines":"2","arr":["KV2"],"terminus":0,"mode":"bus","color":"#0059a9","colorDark":"#00294f","angle":130.2,"snapDist":4,"label":0}},{"type":"Feature","geometry":{"type":"Point","coordinates":[11.953554,57.865553]},"properties":{"name":"Ingegatan","lines":"2","arr":["KV2"],"terminus":0,"mode":"bus","color":"#0059a9","colorDark":"#00294f","angle":240.9,"snapDist":2,"label":0}},{"type":"Feature","geometry":{"type":"Point","coordinates":[11.959551,57.865124]},"properties":{"name":"Sagagatan","lines":"2","arr":["KV2"],"terminus":0,"mode":"bus","color":"#0059a9","colorDark":"#00294f","angle":143.2,"snapDist":4,"label":0}},{"type":"Feature","geometry":{"type":"Point","coordinates":[11.967228,57.868507]},"properties":{"name":"Strandskolan","lines":"2","arr":["KV2"],"terminus":0,"mode":"bus","color":"#0059a9","colorDark":"#00294f","angle":151.5,"snapDist":2,"label":0}},{"type":"Feature","geometry":{"type":"Point","coordinates":[11.991208,57.871136]},"properties":{"name":"Fontin","lines":"3","arr":["KV3"],"terminus":0,"mode":"bus","color":"#0059a9","colorDark":"#00294f","angle":103.8,"snapDist":3,"label":1}},{"type":"Feature","geometry":{"type":"Point","coordinates":[11.992327,57.872876]},"properties":{"name":"Färdevägen","lines":"3","arr":["KV3"],"terminus":0,"mode":"bus","color":"#0059a9","colorDark":"#00294f","angle":109,"snapDist":1,"label":1}},{"type":"Feature","geometry":{"type":"Point","coordinates":[11.993469,57.876338]},"properties":{"name":"Ranrikegården","lines":"3","arr":["KV3"],"terminus":0,"mode":"bus","color":"#0059a9","colorDark":"#00294f","angle":28.6,"snapDist":3,"label":1}},{"type":"Feature","geometry":{"type":"Point","coordinates":[11.990488,57.879781]},"properties":{"name":"Fredkullaskolan","lines":"3","arr":["KV3"],"terminus":0,"mode":"bus","color":"#0059a9","colorDark":"#00294f","angle":52.4,"snapDist":2,"label":1}},{"type":"Feature","geometry":{"type":"Point","coordinates":[11.971989,57.71032]},"properties":{"name":"Nils Ericson Terminalen","lines":"21","arr":["KV21"],"terminus":1,"mode":"bus","color":"#0059a9","colorDark":"#00294f","angle":312.2,"snapDist":1,"label":0}},{"type":"Feature","geometry":{"type":"Point","coordinates":[12.014029,57.825255]},"properties":{"name":"Surte station","lines":"21","arr":["KV21"],"terminus":1,"mode":"bus","color":"#0059a9","colorDark":"#00294f","angle":82.7,"snapDist":1,"label":1}},{"type":"Feature","geometry":{"type":"Point","coordinates":[12.013636,57.824807]},"properties":{"name":"Surte station","lines":"21","arr":["KV21"],"terminus":1,"mode":"bus","color":"#0059a9","colorDark":"#00294f","angle":265.2,"snapDist":3,"label":0}},{"type":"Feature","geometry":{"type":"Point","coordinates":[12.298782,57.837067]},"properties":{"name":"Gråbo busstation","lines":"526, 527","arr":["LE526","LE527"],"terminus":1,"mode":"bus","color":"#0059a9","colorDark":"#00294f","angle":74.3,"snapDist":6,"label":1}},{"type":"Feature","geometry":{"type":"Point","coordinates":[12.295362,57.84025]},"properties":{"name":"Lekstorpsskolan","lines":"526","arr":["LE526"],"terminus":0,"mode":"bus","color":"#0059a9","colorDark":"#00294f","angle":343.7,"snapDist":2,"label":1}},{"type":"Feature","geometry":{"type":"Point","coordinates":[12.288022,57.840238]},"properties":{"name":"Gråbo industriområde","lines":"526, 527","arr":["LE526","LE527"],"terminus":0,"mode":"bus","color":"#0059a9","colorDark":"#00294f","angle":70.4,"snapDist":3,"label":1}},{"type":"Feature","geometry":{"type":"Point","coordinates":[12.28999,57.846728]},"properties":{"name":"Oljebergsvägen","lines":"526","arr":["LE526"],"terminus":0,"mode":"bus","color":"#0059a9","colorDark":"#00294f","angle":76.7,"snapDist":2,"label":1}},{"type":"Feature","geometry":{"type":"Point","coordinates":[12.287194,57.847892]},"properties":{"name":"Lilla Aggetorpsvägen","lines":"526","arr":["LE526"],"terminus":0,"mode":"bus","color":"#0059a9","colorDark":"#00294f","angle":27.8,"snapDist":0,"label":1}},{"type":"Feature","geometry":{"type":"Point","coordinates":[12.2854,57.850058]},"properties":{"name":"Solskensvägen","lines":"526","arr":["LE526"],"terminus":0,"mode":"bus","color":"#0059a9","colorDark":"#00294f","angle":90.8,"snapDist":2,"label":1}},{"type":"Feature","geometry":{"type":"Point","coordinates":[12.284103,57.853437]},"properties":{"name":"Annesjövägen","lines":"526","arr":["LE526"],"terminus":1,"mode":"bus","color":"#0059a9","colorDark":"#00294f","angle":267,"snapDist":3,"label":1}},{"type":"Feature","geometry":{"type":"Point","coordinates":[12.285397,57.849994]},"properties":{"name":"Solskensvägen","lines":"526","arr":["LE526"],"terminus":0,"mode":"bus","color":"#0059a9","colorDark":"#00294f","angle":271.7,"snapDist":2,"label":0}},{"type":"Feature","geometry":{"type":"Point","coordinates":[12.287209,57.847888]},"properties":{"name":"Lilla Aggetorpsvägen","lines":"526","arr":["LE526"],"terminus":0,"mode":"bus","color":"#0059a9","colorDark":"#00294f","angle":207.8,"snapDist":2,"label":0}},{"type":"Feature","geometry":{"type":"Point","coordinates":[12.289991,57.846725]},"properties":{"name":"Oljebergsvägen","lines":"526","arr":["LE526"],"terminus":0,"mode":"bus","color":"#0059a9","colorDark":"#00294f","angle":256.7,"snapDist":2,"label":0}},{"type":"Feature","geometry":{"type":"Point","coordinates":[12.28813,57.840072]},"properties":{"name":"Gråbo industriområde","lines":"526, 527","arr":["LE526","LE527"],"terminus":0,"mode":"bus","color":"#0059a9","colorDark":"#00294f","angle":251.9,"snapDist":2,"label":0}},{"type":"Feature","geometry":{"type":"Point","coordinates":[12.292392,57.835339]},"properties":{"name":"Hjällsnäsvägen","lines":"527, X3","arr":["LE527","X3"],"terminus":0,"mode":"bus","color":"#0059a9","colorDark":"#00294f","angle":317.9,"snapDist":8,"label":1}},{"type":"Feature","geometry":{"type":"Point","coordinates":[12.276586,57.837884]},"properties":{"name":"Lekstorp","lines":"527","arr":["LE527"],"terminus":0,"mode":"bus","color":"#0059a9","colorDark":"#00294f","angle":25.1,"snapDist":3,"label":1}},{"type":"Feature","geometry":{"type":"Point","coordinates":[12.272653,57.839173]},"properties":{"name":"Assmundsäng","lines":"527","arr":["LE527"],"terminus":0,"mode":"bus","color":"#0059a9","colorDark":"#00294f","angle":46.6,"snapDist":12,"label":1}},{"type":"Feature","geometry":{"type":"Point","coordinates":[12.266173,57.839683]},"properties":{"name":"Skepplaskogsvägen","lines":"527","arr":["LE527"],"terminus":0,"mode":"bus","color":"#0059a9","colorDark":"#00294f","angle":282.3,"snapDist":6,"label":1}},{"type":"Feature","geometry":{"type":"Point","coordinates":[12.257001,57.832961]},"properties":{"name":"Signehill","lines":"527","arr":["LE527"],"terminus":0,"mode":"bus","color":"#0059a9","colorDark":"#00294f","angle":306.6,"snapDist":5,"label":1}},{"type":"Feature","geometry":{"type":"Point","coordinates":[12.239641,57.828646]},"properties":{"name":"Stannums by","lines":"527","arr":["LE527"],"terminus":0,"mode":"bus","color":"#0059a9","colorDark":"#00294f","angle":102.2,"snapDist":5,"label":1}},{"type":"Feature","geometry":{"type":"Point","coordinates":[12.240598,57.835943]},"properties":{"name":"Ramberg","lines":"527","arr":["LE527"],"terminus":0,"mode":"bus","color":"#0059a9","colorDark":"#00294f","angle":87,"snapDist":4,"label":1}},{"type":"Feature","geometry":{"type":"Point","coordinates":[12.245804,57.840734]},"properties":{"name":"Ingabobacken","lines":"527","arr":["LE527"],"terminus":0,"mode":"bus","color":"#0059a9","colorDark":"#00294f","angle":48.9,"snapDist":2,"label":1}},{"type":"Feature","geometry":{"type":"Point","coordinates":[12.233048,57.849565]},"properties":{"name":"Dammviksvägen","lines":"527","arr":["LE527"],"terminus":0,"mode":"bus","color":"#0059a9","colorDark":"#00294f","angle":102.4,"snapDist":4,"label":1}},{"type":"Feature","geometry":{"type":"Point","coordinates":[12.228558,57.851118]},"properties":{"name":"Granåsdamm","lines":"527","arr":["LE527"],"terminus":0,"mode":"bus","color":"#0059a9","colorDark":"#00294f","angle":43.9,"snapDist":3,"label":1}},{"type":"Feature","geometry":{"type":"Point","coordinates":[12.218744,57.85387]},"properties":{"name":"Blötakärr","lines":"527","arr":["LE527"],"terminus":0,"mode":"bus","color":"#0059a9","colorDark":"#00294f","angle":48.9,"snapDist":5,"label":1}},{"type":"Feature","geometry":{"type":"Point","coordinates":[12.206613,57.859014]},"properties":{"name":"Tolsjöhult","lines":"527","arr":["LE527"],"terminus":1,"mode":"bus","color":"#0059a9","colorDark":"#00294f","angle":19.4,"snapDist":2,"label":1}},{"type":"Feature","geometry":{"type":"Point","coordinates":[12.218778,57.853849]},"properties":{"name":"Blötakärr","lines":"527","arr":["LE527"],"terminus":0,"mode":"bus","color":"#0059a9","colorDark":"#00294f","angle":228.9,"snapDist":4,"label":0}},{"type":"Feature","geometry":{"type":"Point","coordinates":[12.228636,57.851078]},"properties":{"name":"Granåsdamm","lines":"527","arr":["LE527"],"terminus":0,"mode":"bus","color":"#0059a9","colorDark":"#00294f","angle":223.8,"snapDist":2,"label":0}},{"type":"Feature","geometry":{"type":"Point","coordinates":[12.233046,57.849559]},"properties":{"name":"Dammviksvägen","lines":"527","arr":["LE527"],"terminus":0,"mode":"bus","color":"#0059a9","colorDark":"#00294f","angle":282.4,"snapDist":6,"label":0}},{"type":"Feature","geometry":{"type":"Point","coordinates":[12.245681,57.840799]},"properties":{"name":"Ingabobacken","lines":"527","arr":["LE527"],"terminus":0,"mode":"bus","color":"#0059a9","colorDark":"#00294f","angle":216.9,"snapDist":9,"label":0}},{"type":"Feature","geometry":{"type":"Point","coordinates":[12.251793,57.842328]},"properties":{"name":"Fröstebo","lines":"527","arr":["LE527"],"terminus":0,"mode":"bus","color":"#0059a9","colorDark":"#00294f","angle":167.5,"snapDist":3,"label":1}},{"type":"Feature","geometry":{"type":"Point","coordinates":[12.266369,57.839785]},"properties":{"name":"Skepplaskogsvägen","lines":"527","arr":["LE527"],"terminus":0,"mode":"bus","color":"#0059a9","colorDark":"#00294f","angle":187,"snapDist":5,"label":0}},{"type":"Feature","geometry":{"type":"Point","coordinates":[12.272376,57.839329]},"properties":{"name":"Assmundsäng","lines":"527","arr":["LE527"],"terminus":0,"mode":"bus","color":"#0059a9","colorDark":"#00294f","angle":226.6,"snapDist":0,"label":0}},{"type":"Feature","geometry":{"type":"Point","coordinates":[12.27788,57.838033]},"properties":{"name":"Lekstorp","lines":"527","arr":["LE527"],"terminus":0,"mode":"bus","color":"#0059a9","colorDark":"#00294f","angle":143.6,"snapDist":3,"label":0}},{"type":"Feature","geometry":{"type":"Point","coordinates":[12.290785,57.835924]},"properties":{"name":"Hjällsnäsvägen","lines":"527","arr":["LE527"],"terminus":0,"mode":"bus","color":"#0059a9","colorDark":"#00294f","angle":251.7,"snapDist":2,"label":0}},{"type":"Feature","geometry":{"type":"Point","coordinates":[11.976185,57.708154]},"properties":{"name":"Åkareplatsen","lines":"LERS","arr":["LERS"],"terminus":1,"mode":"bus","color":"#0059a9","colorDark":"#00294f","angle":209.1,"snapDist":2,"label":0}},{"type":"Feature","geometry":{"type":"Point","coordinates":[12.272352,57.76865]},"properties":{"name":"Hedlunds backe","lines":"LERS","arr":["LERS"],"terminus":0,"mode":"bus","color":"#0059a9","colorDark":"#00294f","angle":150.7,"snapDist":1,"label":1}},{"type":"Feature","geometry":{"type":"Point","coordinates":[12.291995,57.772968]},"properties":{"name":"Kastenhof","lines":"LERS","arr":["LERS"],"terminus":0,"mode":"bus","color":"#0059a9","colorDark":"#00294f","angle":176.1,"snapDist":1,"label":1}},{"type":"Feature","geometry":{"type":"Point","coordinates":[12.379369,57.803259]},"properties":{"name":"Kyrkmossen","lines":"LERS","arr":["LERS"],"terminus":0,"mode":"bus","color":"#0059a9","colorDark":"#00294f","angle":101.4,"snapDist":2,"label":1}},{"type":"Feature","geometry":{"type":"Point","coordinates":[12.396174,57.809219]},"properties":{"name":"Lilla Nääs","lines":"LERS","arr":["LERS"],"terminus":0,"mode":"bus","color":"#0059a9","colorDark":"#00294f","angle":206.7,"snapDist":5,"label":1}},{"type":"Feature","geometry":{"type":"Point","coordinates":[12.417911,57.818811]},"properties":{"name":"Nääs fabriker","lines":"LERS","arr":["LERS"],"terminus":1,"mode":"bus","color":"#0059a9","colorDark":"#00294f","angle":311.8,"snapDist":2,"label":1}},{"type":"Feature","geometry":{"type":"Point","coordinates":[12.417238,57.81836]},"properties":{"name":"Nääs fabriker","lines":"LERS","arr":["LERS"],"terminus":1,"mode":"bus","color":"#0059a9","colorDark":"#00294f","angle":308.7,"snapDist":4,"label":0}},{"type":"Feature","geometry":{"type":"Point","coordinates":[12.395306,57.809416]},"properties":{"name":"Lilla Nääs","lines":"LERS","arr":["LERS"],"terminus":0,"mode":"bus","color":"#0059a9","colorDark":"#00294f","angle":11,"snapDist":2,"label":0}},{"type":"Feature","geometry":{"type":"Point","coordinates":[12.379347,57.803204]},"properties":{"name":"Kyrkmossen","lines":"LERS","arr":["LERS"],"terminus":0,"mode":"bus","color":"#0059a9","colorDark":"#00294f","angle":283.2,"snapDist":3,"label":0}},{"type":"Feature","geometry":{"type":"Point","coordinates":[12.29148,57.772935]},"properties":{"name":"Kastenhof","lines":"LERS","arr":["LERS"],"terminus":0,"mode":"bus","color":"#0059a9","colorDark":"#00294f","angle":344.7,"snapDist":5,"label":0}},{"type":"Feature","geometry":{"type":"Point","coordinates":[12.272345,57.768648]},"properties":{"name":"Hedlunds backe","lines":"LERS","arr":["LERS"],"terminus":0,"mode":"bus","color":"#0059a9","colorDark":"#00294f","angle":330.7,"snapDist":5,"label":0}},{"type":"Feature","geometry":{"type":"Point","coordinates":[11.976218,57.708209]},"properties":{"name":"Åkareplatsen","lines":"LERS","arr":["LERS"],"terminus":1,"mode":"bus","color":"#0059a9","colorDark":"#00294f","angle":28.6,"snapDist":5,"label":0}},{"type":"Feature","geometry":{"type":"Point","coordinates":[11.665698,57.698694]},"properties":{"name":"Hönö färjeläge","lines":"1, 2","arr":["OC1","OC2"],"terminus":1,"mode":"bus","color":"#0059a9","colorDark":"#00294f","angle":245.7,"snapDist":2,"label":1}},{"type":"Feature","geometry":{"type":"Point","coordinates":[11.650562,57.704971]},"properties":{"name":"Ekelundsvägen","lines":"1","arr":["OC1"],"terminus":0,"mode":"bus","color":"#0059a9","colorDark":"#00294f","angle":41.9,"snapDist":5,"label":1}},{"type":"Feature","geometry":{"type":"Point","coordinates":[11.645818,57.706296]},"properties":{"name":"Sörgårdsvägen","lines":"1","arr":["OC1"],"terminus":0,"mode":"bus","color":"#0059a9","colorDark":"#00294f","angle":19.6,"snapDist":5,"label":1}},{"type":"Feature","geometry":{"type":"Point","coordinates":[11.643025,57.707474]},"properties":{"name":"Öckerö kyrka","lines":"1","arr":["OC1"],"terminus":0,"mode":"bus","color":"#0059a9","colorDark":"#00294f","angle":14.5,"snapDist":5,"label":1}},{"type":"Feature","geometry":{"type":"Point","coordinates":[11.641027,57.708628]},"properties":{"name":"Västervägen","lines":"1","arr":["OC1"],"terminus":0,"mode":"bus","color":"#0059a9","colorDark":"#00294f","angle":60.5,"snapDist":4,"label":1}},{"type":"Feature","geometry":{"type":"Point","coordinates":[11.635551,57.713763]},"properties":{"name":"Olvonvägen","lines":"1","arr":["OC1"],"terminus":0,"mode":"bus","color":"#0059a9","colorDark":"#00294f","angle":181.9,"snapDist":2,"label":1}},{"type":"Feature","geometry":{"type":"Point","coordinates":[11.642805,57.713332]},"properties":{"name":"Kärrsviksvägen","lines":"1","arr":["OC1"],"terminus":0,"mode":"bus","color":"#0059a9","colorDark":"#00294f","angle":253.2,"snapDist":2,"label":1}},{"type":"Feature","geometry":{"type":"Point","coordinates":[11.646918,57.711315]},"properties":{"name":"Norgård","lines":"1","arr":["OC1"],"terminus":0,"mode":"bus","color":"#0059a9","colorDark":"#00294f","angle":215.3,"snapDist":2,"label":1}},{"type":"Feature","geometry":{"type":"Point","coordinates":[11.652249,57.708869]},"properties":{"name":"Solhöjden","lines":"1","arr":["OC1"],"terminus":0,"mode":"bus","color":"#0059a9","colorDark":"#00294f","angle":210.5,"snapDist":2,"label":1}},{"type":"Feature","geometry":{"type":"Point","coordinates":[11.652201,57.708884]},"properties":{"name":"Solhöjden","lines":"1","arr":["OC1"],"terminus":0,"mode":"bus","color":"#0059a9","colorDark":"#00294f","angle":30.5,"snapDist":3,"label":0}},{"type":"Feature","geometry":{"type":"Point","coordinates":[11.646774,57.711369]},"properties":{"name":"Norgård","lines":"1","arr":["OC1"],"terminus":0,"mode":"bus","color":"#0059a9","colorDark":"#00294f","angle":35.3,"snapDist":5,"label":0}},{"type":"Feature","geometry":{"type":"Point","coordinates":[11.642777,57.713382]},"properties":{"name":"Kärrsviksvägen","lines":"1","arr":["OC1"],"terminus":0,"mode":"bus","color":"#0059a9","colorDark":"#00294f","angle":73.2,"snapDist":4,"label":0}},{"type":"Feature","geometry":{"type":"Point","coordinates":[11.635544,57.713763]},"properties":{"name":"Olvonvägen","lines":"1","arr":["OC1"],"terminus":0,"mode":"bus","color":"#0059a9","colorDark":"#00294f","angle":1.9,"snapDist":3,"label":0}},{"type":"Feature","geometry":{"type":"Point","coordinates":[11.641027,57.708629]},"properties":{"name":"Västervägen","lines":"1","arr":["OC1"],"terminus":0,"mode":"bus","color":"#0059a9","colorDark":"#00294f","angle":240.5,"snapDist":1,"label":0}},{"type":"Feature","geometry":{"type":"Point","coordinates":[11.643527,57.707405]},"properties":{"name":"Öckerö kyrka","lines":"1","arr":["OC1"],"terminus":0,"mode":"bus","color":"#0059a9","colorDark":"#00294f","angle":194.1,"snapDist":0,"label":0}},{"type":"Feature","geometry":{"type":"Point","coordinates":[11.647045,57.706071]},"properties":{"name":"Sörgårdsvägen","lines":"1","arr":["OC1"],"terminus":0,"mode":"bus","color":"#0059a9","colorDark":"#00294f","angle":195.7,"snapDist":3,"label":0}},{"type":"Feature","geometry":{"type":"Point","coordinates":[11.650365,57.705064]},"properties":{"name":"Ekelundsvägen","lines":"1","arr":["OC1"],"terminus":0,"mode":"bus","color":"#0059a9","colorDark":"#00294f","angle":220.9,"snapDist":3,"label":0}},{"type":"Feature","geometry":{"type":"Point","coordinates":[11.648147,57.698051]},"properties":{"name":"Hönö norra","lines":"1","arr":["OC1"],"terminus":0,"mode":"bus","color":"#0059a9","colorDark":"#00294f","angle":237.8,"snapDist":7,"label":0}},{"type":"Feature","geometry":{"type":"Point","coordinates":[11.665825,57.698705]},"properties":{"name":"Hönö färjeläge","lines":"1, 2","arr":["OC1","OC2"],"terminus":1,"mode":"bus","color":"#0059a9","colorDark":"#00294f","angle":246.3,"snapDist":1,"label":0}},{"type":"Feature","geometry":{"type":"Point","coordinates":[11.654246,57.69658]},"properties":{"name":"Västra Gärdet","lines":"2","arr":["OC2"],"terminus":0,"mode":"bus","color":"#0059a9","colorDark":"#00294f","angle":314.2,"snapDist":5,"label":0}},{"type":"Feature","geometry":{"type":"Point","coordinates":[11.658747,57.694507]},"properties":{"name":"Hönö heden","lines":"2","arr":["OC2"],"terminus":0,"mode":"bus","color":"#0059a9","colorDark":"#00294f","angle":234.7,"snapDist":4,"label":1}},{"type":"Feature","geometry":{"type":"Point","coordinates":[11.662069,57.690183]},"properties":{"name":"Åsvägen","lines":"2","arr":["OC2"],"terminus":0,"mode":"bus","color":"#0059a9","colorDark":"#00294f","angle":245.7,"snapDist":4,"label":1}},{"type":"Feature","geometry":{"type":"Point","coordinates":[11.660683,57.687539]},"properties":{"name":"Hönö kyrkogård","lines":"2","arr":["OC2"],"terminus":0,"mode":"bus","color":"#0059a9","colorDark":"#00294f","angle":7.7,"snapDist":3,"label":1}},{"type":"Feature","geometry":{"type":"Point","coordinates":[11.658238,57.687679]},"properties":{"name":"Vipekärr","lines":"2","arr":["OC2"],"terminus":0,"mode":"bus","color":"#0059a9","colorDark":"#00294f","angle":4.2,"snapDist":3,"label":0}},{"type":"Feature","geometry":{"type":"Point","coordinates":[11.658501,57.684251]},"properties":{"name":"Bustaden","lines":"2","arr":["OC2"],"terminus":0,"mode":"bus","color":"#0059a9","colorDark":"#00294f","angle":185.7,"snapDist":3,"label":0}},{"type":"Feature","geometry":{"type":"Point","coordinates":[11.66171,57.68306]},"properties":{"name":"Brevik","lines":"2","arr":["OC2"],"terminus":0,"mode":"bus","color":"#0059a9","colorDark":"#00294f","angle":234,"snapDist":0,"label":0}},{"type":"Feature","geometry":{"type":"Point","coordinates":[11.650241,57.684006]},"properties":{"name":"Östra hamnen","lines":"2","arr":["OC2"],"terminus":0,"mode":"bus","color":"#0059a9","colorDark":"#00294f","angle":339.4,"snapDist":3,"label":1}},{"type":"Feature","geometry":{"type":"Point","coordinates":[11.644424,57.682411]},"properties":{"name":"Hönö Klåva","lines":"2","arr":["OC2"],"terminus":0,"mode":"bus","color":"#0059a9","colorDark":"#00294f","angle":333.9,"snapDist":1,"label":1}},{"type":"Feature","geometry":{"type":"Point","coordinates":[11.643277,57.685032]},"properties":{"name":"Hönö hotell","lines":"2","arr":["OC2"],"terminus":0,"mode":"bus","color":"#0059a9","colorDark":"#00294f","angle":104.5,"snapDist":1,"label":1}},{"type":"Feature","geometry":{"type":"Point","coordinates":[11.644793,57.687978]},"properties":{"name":"Ringvägen","lines":"2","arr":["OC2"],"terminus":0,"mode":"bus","color":"#0059a9","colorDark":"#00294f","angle":86.3,"snapDist":4,"label":1}},{"type":"Feature","geometry":{"type":"Point","coordinates":[11.646055,57.69088]},"properties":{"name":"Hönö kyrka","lines":"2","arr":["OC2"],"terminus":0,"mode":"bus","color":"#0059a9","colorDark":"#00294f","angle":107.2,"snapDist":6,"label":1}},{"type":"Feature","geometry":{"type":"Point","coordinates":[11.650123,57.691948]},"properties":{"name":"Gårda","lines":"2","arr":["OC2"],"terminus":0,"mode":"bus","color":"#0059a9","colorDark":"#00294f","angle":165.5,"snapDist":2,"label":1}},{"type":"Feature","geometry":{"type":"Point","coordinates":[11.651297,57.693121]},"properties":{"name":"Rödvägen","lines":"2","arr":["OC2"],"terminus":0,"mode":"bus","color":"#0059a9","colorDark":"#00294f","angle":29.4,"snapDist":0,"label":1}},{"type":"Feature","geometry":{"type":"Point","coordinates":[11.646551,57.694104]},"properties":{"name":"Lapposandsvägen","lines":"2","arr":["OC2"],"terminus":0,"mode":"bus","color":"#0059a9","colorDark":"#00294f","angle":18.7,"snapDist":1,"label":1}},{"type":"Feature","geometry":{"type":"Point","coordinates":[11.642956,57.695824]},"properties":{"name":"Hönö Röd","lines":"2","arr":["OC2"],"terminus":0,"mode":"bus","color":"#0059a9","colorDark":"#00294f","angle":65.2,"snapDist":2,"label":1}},{"type":"Feature","geometry":{"type":"Point","coordinates":[11.684848,57.711958]},"properties":{"name":"Framnäs","lines":"3","arr":["OC3"],"terminus":1,"mode":"bus","color":"#0059a9","colorDark":"#00294f","angle":230.1,"snapDist":0,"label":1}},{"type":"Feature","geometry":{"type":"Point","coordinates":[11.689353,57.713044]},"properties":{"name":"Gröneviks färjeläge","lines":"3","arr":["OC3"],"terminus":0,"mode":"bus","color":"#0059a9","colorDark":"#00294f","angle":169.1,"snapDist":15,"label":1}},{"type":"Feature","geometry":{"type":"Point","coordinates":[11.683335,57.724202]},"properties":{"name":"Solhem","lines":"3","arr":["OC3"],"terminus":0,"mode":"bus","color":"#0059a9","colorDark":"#00294f","angle":81,"snapDist":3,"label":1}},{"type":"Feature","geometry":{"type":"Point","coordinates":[11.682389,57.728352]},"properties":{"name":"Idrottsplatsen","lines":"3","arr":["OC3"],"terminus":0,"mode":"bus","color":"#0059a9","colorDark":"#00294f","angle":89.6,"snapDist":3,"label":1}},{"type":"Feature","geometry":{"type":"Point","coordinates":[11.682148,57.732884]},"properties":{"name":"Equmeniakyrkan","lines":"3","arr":["OC3"],"terminus":1,"mode":"bus","color":"#0059a9","colorDark":"#00294f","angle":53.2,"snapDist":2,"label":1}},{"type":"Feature","geometry":{"type":"Point","coordinates":[11.679579,57.736274]},"properties":{"name":"Bäckevägen","lines":"3","arr":["OC3"],"terminus":0,"mode":"bus","color":"#0059a9","colorDark":"#00294f","angle":75.6,"snapDist":2,"label":1}},{"type":"Feature","geometry":{"type":"Point","coordinates":[11.678547,57.737386]},"properties":{"name":"Västergård","lines":"3","arr":["OC3"],"terminus":0,"mode":"bus","color":"#0059a9","colorDark":"#00294f","angle":57,"snapDist":1,"label":1}},{"type":"Feature","geometry":{"type":"Point","coordinates":[11.676666,57.736788]},"properties":{"name":"Gerts garage","lines":"3","arr":["OC3"],"terminus":0,"mode":"bus","color":"#0059a9","colorDark":"#00294f","angle":310.1,"snapDist":1,"label":1}},{"type":"Feature","geometry":{"type":"Point","coordinates":[11.675582,57.734572]},"properties":{"name":"Hagen","lines":"3","arr":["OC3"],"terminus":0,"mode":"bus","color":"#0059a9","colorDark":"#00294f","angle":309.2,"snapDist":2,"label":1}},{"type":"Feature","geometry":{"type":"Point","coordinates":[11.673997,57.733686]},"properties":{"name":"Skarvik","lines":"3","arr":["OC3"],"terminus":0,"mode":"bus","color":"#0059a9","colorDark":"#00294f","angle":219.2,"snapDist":0,"label":1}},{"type":"Feature","geometry":{"type":"Point","coordinates":[11.67651,57.733331]},"properties":{"name":"Mossvägen","lines":"3","arr":["OC3"],"terminus":0,"mode":"bus","color":"#0059a9","colorDark":"#00294f","angle":197.2,"snapDist":5,"label":1}},{"type":"Feature","geometry":{"type":"Point","coordinates":[11.680837,57.731777]},"properties":{"name":"Björkvägen","lines":"3","arr":["OC3"],"terminus":0,"mode":"bus","color":"#0059a9","colorDark":"#00294f","angle":242.3,"snapDist":2,"label":1}},{"type":"Feature","geometry":{"type":"Point","coordinates":[11.682389,57.728375]},"properties":{"name":"Idrottsplatsen","lines":"3","arr":["OC3"],"terminus":0,"mode":"bus","color":"#0059a9","colorDark":"#00294f","angle":269.6,"snapDist":5,"label":0}},{"type":"Feature","geometry":{"type":"Point","coordinates":[11.683315,57.724269]},"properties":{"name":"Solhem","lines":"3","arr":["OC3"],"terminus":0,"mode":"bus","color":"#0059a9","colorDark":"#00294f","angle":261,"snapDist":2,"label":0}},{"type":"Feature","geometry":{"type":"Point","coordinates":[11.780178,57.709654]},"properties":{"name":"Amhult Resecentrum","lines":"X1","arr":["X1"],"terminus":0,"mode":"bus","color":"#0059a9","colorDark":"#00294f","angle":217.5,"snapDist":6,"label":0}},{"type":"Feature","geometry":{"type":"Point","coordinates":[12.105354,57.738374]},"properties":{"name":"Partille centrum","lines":"X1","arr":["X1"],"terminus":1,"mode":"bus","color":"#0059a9","colorDark":"#00294f","angle":101.8,"snapDist":3,"label":0}},{"type":"Feature","geometry":{"type":"Point","coordinates":[11.779947,57.709749]},"properties":{"name":"Amhult Resecentrum","lines":"X1","arr":["X1"],"terminus":0,"mode":"bus","color":"#0059a9","colorDark":"#00294f","angle":36.8,"snapDist":6,"label":0}},{"type":"Feature","geometry":{"type":"Point","coordinates":[11.948016,57.561937]},"properties":{"name":"Snipen","lines":"X2","arr":["X2"],"terminus":1,"mode":"bus","color":"#0059a9","colorDark":"#00294f","angle":148.6,"snapDist":7,"label":1}},{"type":"Feature","geometry":{"type":"Point","coordinates":[11.943072,57.566158]},"properties":{"name":"Västra Lindås","lines":"X2","arr":["X2"],"terminus":0,"mode":"bus","color":"#0059a9","colorDark":"#00294f","angle":66,"snapDist":5,"label":1}},{"type":"Feature","geometry":{"type":"Point","coordinates":[11.944699,57.571497]},"properties":{"name":"Östra Lindås","lines":"X2","arr":["X2"],"terminus":0,"mode":"bus","color":"#0059a9","colorDark":"#00294f","angle":93.5,"snapDist":7,"label":1}},{"type":"Feature","geometry":{"type":"Point","coordinates":[11.94215,57.57512]},"properties":{"name":"Billdals Kyrka","lines":"X2","arr":["X2"],"terminus":0,"mode":"bus","color":"#0059a9","colorDark":"#00294f","angle":69,"snapDist":4,"label":1}},{"type":"Feature","geometry":{"type":"Point","coordinates":[11.941077,57.577804]},"properties":{"name":"Billdal","lines":"X2","arr":["X2"],"terminus":0,"mode":"bus","color":"#0059a9","colorDark":"#00294f","angle":89.8,"snapDist":4,"label":1}},{"type":"Feature","geometry":{"type":"Point","coordinates":[11.943049,57.582507]},"properties":{"name":"Billdals Gård","lines":"X2","arr":["X2"],"terminus":0,"mode":"bus","color":"#0059a9","colorDark":"#00294f","angle":110.8,"snapDist":8,"label":1}},{"type":"Feature","geometry":{"type":"Point","coordinates":[11.939098,57.586838]},"properties":{"name":"Johannesberg","lines":"X2","arr":["X2"],"terminus":0,"mode":"bus","color":"#0059a9","colorDark":"#00294f","angle":83.5,"snapDist":5,"label":1}},{"type":"Feature","geometry":{"type":"Point","coordinates":[11.952004,57.690246]},"properties":{"name":"Linnéplatsen","lines":"X2","arr":["X2"],"terminus":0,"mode":"bus","color":"#0059a9","colorDark":"#00294f","angle":77.8,"snapDist":0,"label":0}},{"type":"Feature","geometry":{"type":"Point","coordinates":[11.964794,57.71055]},"properties":{"name":"Operan","lines":"X2","arr":["X2"],"terminus":0,"mode":"bus","color":"#0059a9","colorDark":"#00294f","angle":145.5,"snapDist":3,"label":1}},{"type":"Feature","geometry":{"type":"Point","coordinates":[11.954813,57.721015]},"properties":{"name":"Hjalmar Brantingsplatsen","lines":"X2, X4","arr":["X2","X4"],"terminus":0,"mode":"bus","color":"#0059a9","colorDark":"#00294f","angle":115.3,"snapDist":2,"label":0}},{"type":"Feature","geometry":{"type":"Point","coordinates":[11.992205,57.799943]},"properties":{"name":"Klareberg","lines":"X2","arr":["X2"],"terminus":1,"mode":"bus","color":"#0059a9","colorDark":"#00294f","angle":334.7,"snapDist":4,"label":0}},{"type":"Feature","geometry":{"type":"Point","coordinates":[11.954761,57.720792]},"properties":{"name":"Hjalmar Brantingsplatsen","lines":"X2, X4","arr":["X2","X4"],"terminus":0,"mode":"bus","color":"#0059a9","colorDark":"#00294f","angle":298.7,"snapDist":4,"label":0}},{"type":"Feature","geometry":{"type":"Point","coordinates":[11.964499,57.710656]},"properties":{"name":"Operan","lines":"X2, X5, X6","arr":["X2","X5","X6"],"terminus":0,"mode":"bus","color":"#0059a9","colorDark":"#00294f","angle":331.8,"snapDist":3,"label":0}},{"type":"Feature","geometry":{"type":"Point","coordinates":[11.935976,57.674247]},"properties":{"name":"Marklandsgatan","lines":"X2, X3","arr":["X2","X3"],"terminus":0,"mode":"bus","color":"#0059a9","colorDark":"#00294f","angle":342.6,"snapDist":2,"label":0}},{"type":"Feature","geometry":{"type":"Point","coordinates":[11.939252,57.586129]},"properties":{"name":"Johannesberg","lines":"X2","arr":["X2"],"terminus":0,"mode":"bus","color":"#0059a9","colorDark":"#00294f","angle":264.5,"snapDist":6,"label":0}},{"type":"Feature","geometry":{"type":"Point","coordinates":[11.942476,57.582042]},"properties":{"name":"Billdals Gård","lines":"X2","arr":["X2"],"terminus":0,"mode":"bus","color":"#0059a9","colorDark":"#00294f","angle":311.3,"snapDist":4,"label":0}},{"type":"Feature","geometry":{"type":"Point","coordinates":[11.941081,57.577578]},"properties":{"name":"Billdal","lines":"X2","arr":["X2"],"terminus":0,"mode":"bus","color":"#0059a9","colorDark":"#00294f","angle":268.2,"snapDist":3,"label":0}},{"type":"Feature","geometry":{"type":"Point","coordinates":[11.942283,57.574932]},"properties":{"name":"Billdals Kyrka","lines":"X2","arr":["X2"],"terminus":0,"mode":"bus","color":"#0059a9","colorDark":"#00294f","angle":248.5,"snapDist":4,"label":0}},{"type":"Feature","geometry":{"type":"Point","coordinates":[11.944102,57.570754]},"properties":{"name":"Östra Lindås","lines":"X2","arr":["X2"],"terminus":0,"mode":"bus","color":"#0059a9","colorDark":"#00294f","angle":304.7,"snapDist":7,"label":0}},{"type":"Feature","geometry":{"type":"Point","coordinates":[11.943167,57.566043]},"properties":{"name":"Västra Lindås","lines":"X2","arr":["X2"],"terminus":0,"mode":"bus","color":"#0059a9","colorDark":"#00294f","angle":246,"snapDist":6,"label":0}},{"type":"Feature","geometry":{"type":"Point","coordinates":[11.947299,57.562129]},"properties":{"name":"Snipen","lines":"X2","arr":["X2"],"terminus":1,"mode":"bus","color":"#0059a9","colorDark":"#00294f","angle":311.6,"snapDist":4,"label":0}},{"type":"Feature","geometry":{"type":"Point","coordinates":[11.955381,57.545902]},"properties":{"name":"Kullaviksvägen","lines":"X3","arr":["X3"],"terminus":0,"mode":"bus","color":"#0059a9","colorDark":"#00294f","angle":147.2,"snapDist":0,"label":1}},{"type":"Feature","geometry":{"type":"Point","coordinates":[11.954676,57.550164]},"properties":{"name":"Sandlyckan","lines":"X3","arr":["X3"],"terminus":0,"mode":"bus","color":"#0059a9","colorDark":"#00294f","angle":71.1,"snapDist":2,"label":1}},{"type":"Feature","geometry":{"type":"Point","coordinates":[11.950596,57.555497]},"properties":{"name":"Ekekullen","lines":"X3","arr":["X3"],"terminus":0,"mode":"bus","color":"#0059a9","colorDark":"#00294f","angle":74.4,"snapDist":1,"label":1}},{"type":"Feature","geometry":{"type":"Point","coordinates":[11.947647,57.561772]},"properties":{"name":"Snipen","lines":"X3","arr":["X3"],"terminus":0,"mode":"bus","color":"#0059a9","colorDark":"#00294f","angle":135.1,"snapDist":6,"label":0}},{"type":"Feature","geometry":{"type":"Point","coordinates":[11.959202,57.562758]},"properties":{"name":"Bolsheden","lines":"X3","arr":["X3"],"terminus":0,"mode":"bus","color":"#0059a9","colorDark":"#00294f","angle":186,"snapDist":4,"label":1}},{"type":"Feature","geometry":{"type":"Point","coordinates":[12.023839,57.768158]},"properties":{"name":"Hjällbo","lines":"X3","arr":["X3"],"terminus":0,"mode":"bus","color":"#0059a9","colorDark":"#00294f","angle":167.7,"snapDist":4,"label":0}},{"type":"Feature","geometry":{"type":"Point","coordinates":[12.084228,57.783261]},"properties":{"name":"Ekeredsvägen","lines":"X3","arr":["X3"],"terminus":0,"mode":"bus","color":"#0059a9","colorDark":"#00294f","angle":142,"snapDist":3,"label":1}},{"type":"Feature","geometry":{"type":"Point","coordinates":[12.09081,57.785907]},"properties":{"name":"Gunnilse Skola","lines":"X3","arr":["X3"],"terminus":0,"mode":"bus","color":"#0059a9","colorDark":"#00294f","angle":137.2,"snapDist":3,"label":1}},{"type":"Feature","geometry":{"type":"Point","coordinates":[12.095752,57.788185]},"properties":{"name":"Angereds Kyrka","lines":"X3","arr":["X3"],"terminus":0,"mode":"bus","color":"#0059a9","colorDark":"#00294f","angle":137.6,"snapDist":5,"label":1}},{"type":"Feature","geometry":{"type":"Point","coordinates":[12.120199,57.791088]},"properties":{"name":"Rågården","lines":"X3","arr":["X3"],"terminus":0,"mode":"bus","color":"#0059a9","colorDark":"#00294f","angle":167,"snapDist":10,"label":1}},{"type":"Feature","geometry":{"type":"Point","coordinates":[12.129984,57.792483]},"properties":{"name":"Bingared","lines":"X3","arr":["X3"],"terminus":0,"mode":"bus","color":"#0059a9","colorDark":"#00294f","angle":155.2,"snapDist":5,"label":1}},{"type":"Feature","geometry":{"type":"Point","coordinates":[12.133743,57.793691]},"properties":{"name":"Knipared","lines":"X3","arr":["X3"],"terminus":0,"mode":"bus","color":"#0059a9","colorDark":"#00294f","angle":140.9,"snapDist":3,"label":1}},{"type":"Feature","geometry":{"type":"Point","coordinates":[12.144375,57.797594]},"properties":{"name":"Björsared","lines":"X3","arr":["X3"],"terminus":0,"mode":"bus","color":"#0059a9","colorDark":"#00294f","angle":148.4,"snapDist":6,"label":1}},{"type":"Feature","geometry":{"type":"Point","coordinates":[12.154575,57.800911]},"properties":{"name":"Ströms Väg","lines":"X3","arr":["X3"],"terminus":0,"mode":"bus","color":"#0059a9","colorDark":"#00294f","angle":136.4,"snapDist":3,"label":1}},{"type":"Feature","geometry":{"type":"Point","coordinates":[12.164102,57.80432]},"properties":{"name":"Olofstorp Västra","lines":"X3","arr":["X3"],"terminus":0,"mode":"bus","color":"#0059a9","colorDark":"#00294f","angle":234,"snapDist":6,"label":0}},{"type":"Feature","geometry":{"type":"Point","coordinates":[12.175776,57.811202]},"properties":{"name":"Bergums Kyrka","lines":"X3","arr":["X3"],"terminus":0,"mode":"bus","color":"#0059a9","colorDark":"#00294f","angle":146,"snapDist":6,"label":1}},{"type":"Feature","geometry":{"type":"Point","coordinates":[12.189169,57.815383]},"properties":{"name":"Dockeredsvägen","lines":"X3","arr":["X3"],"terminus":0,"mode":"bus","color":"#0059a9","colorDark":"#00294f","angle":154.8,"snapDist":3,"label":1}},{"type":"Feature","geometry":{"type":"Point","coordinates":[12.192844,57.816506]},"properties":{"name":"Kvarnabäcken","lines":"X3","arr":["X3"],"terminus":0,"mode":"bus","color":"#0059a9","colorDark":"#00294f","angle":147,"snapDist":6,"label":1}},{"type":"Feature","geometry":{"type":"Point","coordinates":[12.201666,57.819241]},"properties":{"name":"Delabäcken","lines":"X3","arr":["X3"],"terminus":0,"mode":"bus","color":"#0059a9","colorDark":"#00294f","angle":158.3,"snapDist":2,"label":1}},{"type":"Feature","geometry":{"type":"Point","coordinates":[12.208745,57.822708]},"properties":{"name":"Ytterstad","lines":"X3","arr":["X3"],"terminus":0,"mode":"bus","color":"#0059a9","colorDark":"#00294f","angle":140.4,"snapDist":4,"label":1}},{"type":"Feature","geometry":{"type":"Point","coordinates":[12.221228,57.826068]},"properties":{"name":"Målöga","lines":"X3","arr":["X3"],"terminus":0,"mode":"bus","color":"#0059a9","colorDark":"#00294f","angle":173.6,"snapDist":9,"label":1}},{"type":"Feature","geometry":{"type":"Point","coordinates":[12.233054,57.82666]},"properties":{"name":"Jönsagården","lines":"X3","arr":["X3"],"terminus":0,"mode":"bus","color":"#0059a9","colorDark":"#00294f","angle":179.2,"snapDist":4,"label":1}},{"type":"Feature","geometry":{"type":"Point","coordinates":[12.245135,57.827176]},"properties":{"name":"Stannum","lines":"X3","arr":["X3"],"terminus":0,"mode":"bus","color":"#0059a9","colorDark":"#00294f","angle":160.3,"snapDist":1,"label":1}},{"type":"Feature","geometry":{"type":"Point","coordinates":[12.246863,57.825599]},"properties":{"name":"Stannum station","lines":"X3","arr":["X3"],"terminus":0,"mode":"bus","color":"#0059a9","colorDark":"#00294f","angle":255.3,"snapDist":1,"label":1}},{"type":"Feature","geometry":{"type":"Point","coordinates":[12.256369,57.826039]},"properties":{"name":"Furubergsvägen","lines":"X3","arr":["X3"],"terminus":0,"mode":"bus","color":"#0059a9","colorDark":"#00294f","angle":148.8,"snapDist":3,"label":1}},{"type":"Feature","geometry":{"type":"Point","coordinates":[12.26402,57.825765]},"properties":{"name":"Ingabo","lines":"X3","arr":["X3"],"terminus":0,"mode":"bus","color":"#0059a9","colorDark":"#00294f","angle":196.9,"snapDist":4,"label":1}},{"type":"Feature","geometry":{"type":"Point","coordinates":[12.272096,57.823269]},"properties":{"name":"Pionvägen","lines":"X3","arr":["X3"],"terminus":0,"mode":"bus","color":"#0059a9","colorDark":"#00294f","angle":196.1,"snapDist":2,"label":1}},{"type":"Feature","geometry":{"type":"Point","coordinates":[12.280505,57.822488]},"properties":{"name":"Vårlöksvägen","lines":"X3","arr":["X3"],"terminus":0,"mode":"bus","color":"#0059a9","colorDark":"#00294f","angle":189.3,"snapDist":2,"label":1}},{"type":"Feature","geometry":{"type":"Point","coordinates":[12.291925,57.826285]},"properties":{"name":"Stora Lundby kyrka","lines":"X3","arr":["X3"],"terminus":0,"mode":"bus","color":"#0059a9","colorDark":"#00294f","angle":69.9,"snapDist":3,"label":1}},{"type":"Feature","geometry":{"type":"Point","coordinates":[12.29289,57.835579]},"properties":{"name":"Hjällsnäsvägen","lines":"X3","arr":["X3"],"terminus":0,"mode":"bus","color":"#0059a9","colorDark":"#00294f","angle":139.1,"snapDist":6,"label":0}},{"type":"Feature","geometry":{"type":"Point","coordinates":[12.298743,57.836888]},"properties":{"name":"Gråbo busstation","lines":"X3","arr":["X3"],"terminus":1,"mode":"bus","color":"#0059a9","colorDark":"#00294f","angle":-48.2,"snapDist":4,"label":0}},{"type":"Feature","geometry":{"type":"Point","coordinates":[12.291902,57.826189]},"properties":{"name":"Stora Lundby kyrka","lines":"X3","arr":["X3"],"terminus":0,"mode":"bus","color":"#0059a9","colorDark":"#00294f","angle":249.4,"snapDist":2,"label":0}},{"type":"Feature","geometry":{"type":"Point","coordinates":[12.280469,57.822492]},"properties":{"name":"Vårlöksvägen","lines":"X3","arr":["X3"],"terminus":0,"mode":"bus","color":"#0059a9","colorDark":"#00294f","angle":9.3,"snapDist":4,"label":0}},{"type":"Feature","geometry":{"type":"Point","coordinates":[12.273565,57.823329]},"properties":{"name":"Pionvägen","lines":"X3","arr":["X3"],"terminus":0,"mode":"bus","color":"#0059a9","colorDark":"#00294f","angle":338.2,"snapDist":3,"label":0}},{"type":"Feature","geometry":{"type":"Point","coordinates":[12.263922,57.825781]},"properties":{"name":"Ingabo","lines":"X3","arr":["X3"],"terminus":0,"mode":"bus","color":"#0059a9","colorDark":"#00294f","angle":16.9,"snapDist":4,"label":0}},{"type":"Feature","geometry":{"type":"Point","coordinates":[12.256374,57.826041]},"properties":{"name":"Furubergsvägen","lines":"X3","arr":["X3"],"terminus":0,"mode":"bus","color":"#0059a9","colorDark":"#00294f","angle":328.8,"snapDist":3,"label":0}},{"type":"Feature","geometry":{"type":"Point","coordinates":[12.246694,57.825941]},"properties":{"name":"Stannum station","lines":"X3","arr":["X3"],"terminus":0,"mode":"bus","color":"#0059a9","colorDark":"#00294f","angle":75.1,"snapDist":8,"label":0}},{"type":"Feature","geometry":{"type":"Point","coordinates":[12.243887,57.826998]},"properties":{"name":"Stannum","lines":"X3","arr":["X3"],"terminus":0,"mode":"bus","color":"#0059a9","colorDark":"#00294f","angle":346.3,"snapDist":3,"label":0}},{"type":"Feature","geometry":{"type":"Point","coordinates":[12.233894,57.826669]},"properties":{"name":"Jönsagården","lines":"X3","arr":["X3"],"terminus":0,"mode":"bus","color":"#0059a9","colorDark":"#00294f","angle":358.1,"snapDist":4,"label":0}},{"type":"Feature","geometry":{"type":"Point","coordinates":[12.222321,57.826131]},"properties":{"name":"Målöga","lines":"X3","arr":["X3"],"terminus":0,"mode":"bus","color":"#0059a9","colorDark":"#00294f","angle":352.2,"snapDist":5,"label":0}},{"type":"Feature","geometry":{"type":"Point","coordinates":[12.209653,57.82307]},"properties":{"name":"Ytterstad","lines":"X3","arr":["X3"],"terminus":0,"mode":"bus","color":"#0059a9","colorDark":"#00294f","angle":327.7,"snapDist":7,"label":0}},{"type":"Feature","geometry":{"type":"Point","coordinates":[12.202157,57.819475]},"properties":{"name":"Delabäcken","lines":"X3","arr":["X3"],"terminus":0,"mode":"bus","color":"#0059a9","colorDark":"#00294f","angle":321.4,"snapDist":8,"label":0}},{"type":"Feature","geometry":{"type":"Point","coordinates":[12.193341,57.816679]},"properties":{"name":"Kvarnabäcken","lines":"X3","arr":["X3"],"terminus":0,"mode":"bus","color":"#0059a9","colorDark":"#00294f","angle":326.7,"snapDist":11,"label":0}},{"type":"Feature","geometry":{"type":"Point","coordinates":[12.189107,57.815239]},"properties":{"name":"Dockeredsvägen","lines":"X3","arr":["X3"],"terminus":0,"mode":"bus","color":"#0059a9","colorDark":"#00294f","angle":331.6,"snapDist":8,"label":0}},{"type":"Feature","geometry":{"type":"Point","coordinates":[12.175455,57.811075]},"properties":{"name":"Bergums Kyrka","lines":"X3","arr":["X3"],"terminus":0,"mode":"bus","color":"#0059a9","colorDark":"#00294f","angle":321.5,"snapDist":9,"label":0}},{"type":"Feature","geometry":{"type":"Point","coordinates":[12.163724,57.803928]},"properties":{"name":"Olofstorp Västra","lines":"X3","arr":["X3"],"terminus":0,"mode":"bus","color":"#0059a9","colorDark":"#00294f","angle":33.8,"snapDist":4,"label":0}},{"type":"Feature","geometry":{"type":"Point","coordinates":[12.154723,57.800985]},"properties":{"name":"Ströms Väg","lines":"X3","arr":["X3"],"terminus":0,"mode":"bus","color":"#0059a9","colorDark":"#00294f","angle":318.3,"snapDist":5,"label":0}},{"type":"Feature","geometry":{"type":"Point","coordinates":[12.143229,57.797314]},"properties":{"name":"Björsared","lines":"X3","arr":["X3"],"terminus":0,"mode":"bus","color":"#0059a9","colorDark":"#00294f","angle":334.8,"snapDist":5,"label":0}},{"type":"Feature","geometry":{"type":"Point","coordinates":[12.134243,57.793913]},"properties":{"name":"Knipared","lines":"X3","arr":["X3"],"terminus":0,"mode":"bus","color":"#0059a9","colorDark":"#00294f","angle":321.9,"snapDist":5,"label":0}},{"type":"Feature","geometry":{"type":"Point","coordinates":[12.129762,57.792428]},"properties":{"name":"Bingared","lines":"X3","arr":["X3"],"terminus":0,"mode":"bus","color":"#0059a9","colorDark":"#00294f","angle":334.5,"snapDist":4,"label":0}},{"type":"Feature","geometry":{"type":"Point","coordinates":[12.117771,57.790843]},"properties":{"name":"Rågården","lines":"X3","arr":["X3"],"terminus":0,"mode":"bus","color":"#0059a9","colorDark":"#00294f","angle":352.1,"snapDist":7,"label":0}},{"type":"Feature","geometry":{"type":"Point","coordinates":[12.096197,57.788402]},"properties":{"name":"Angereds Kyrka","lines":"X3","arr":["X3"],"terminus":0,"mode":"bus","color":"#0059a9","colorDark":"#00294f","angle":317.6,"snapDist":6,"label":0}},{"type":"Feature","geometry":{"type":"Point","coordinates":[12.090109,57.785635]},"properties":{"name":"Gunnilse Skola","lines":"X3","arr":["X3"],"terminus":0,"mode":"bus","color":"#0059a9","colorDark":"#00294f","angle":324.9,"snapDist":8,"label":0}},{"type":"Feature","geometry":{"type":"Point","coordinates":[12.084056,57.783191]},"properties":{"name":"Ekeredsvägen","lines":"X3","arr":["X3"],"terminus":0,"mode":"bus","color":"#0059a9","colorDark":"#00294f","angle":322.7,"snapDist":5,"label":0}},{"type":"Feature","geometry":{"type":"Point","coordinates":[12.023746,57.768225]},"properties":{"name":"Hjällbo","lines":"X3","arr":["X3"],"terminus":0,"mode":"bus","color":"#0059a9","colorDark":"#00294f","angle":347.2,"snapDist":6,"label":0}},{"type":"Feature","geometry":{"type":"Point","coordinates":[11.972613,57.702633]},"properties":{"name":"Heden","lines":"X3","arr":["X3"],"terminus":0,"mode":"bus","color":"#0059a9","colorDark":"#00294f","angle":321.1,"snapDist":6,"label":1}},{"type":"Feature","geometry":{"type":"Point","coordinates":[11.958922,57.562774]},"properties":{"name":"Bolsheden","lines":"X3","arr":["X3"],"terminus":0,"mode":"bus","color":"#0059a9","colorDark":"#00294f","angle":6,"snapDist":8,"label":0}},{"type":"Feature","geometry":{"type":"Point","coordinates":[11.947666,57.561782]},"properties":{"name":"Snipen","lines":"X3","arr":["X3"],"terminus":0,"mode":"bus","color":"#0059a9","colorDark":"#00294f","angle":315.1,"snapDist":6,"label":0}},{"type":"Feature","geometry":{"type":"Point","coordinates":[11.950639,57.555423]},"properties":{"name":"Ekekullen","lines":"X3","arr":["X3"],"terminus":0,"mode":"bus","color":"#0059a9","colorDark":"#00294f","angle":251.7,"snapDist":5,"label":0}},{"type":"Feature","geometry":{"type":"Point","coordinates":[11.954716,57.5501]},"properties":{"name":"Sandlyckan","lines":"X3","arr":["X3"],"terminus":0,"mode":"bus","color":"#0059a9","colorDark":"#00294f","angle":251.1,"snapDist":4,"label":0}},{"type":"Feature","geometry":{"type":"Point","coordinates":[11.956533,57.546315]},"properties":{"name":"Kullaviksvägen","lines":"X3","arr":["X3"],"terminus":0,"mode":"bus","color":"#0059a9","colorDark":"#00294f","angle":325.9,"snapDist":9,"label":0}},{"type":"Feature","geometry":{"type":"Point","coordinates":[11.964809,57.520892]},"properties":{"name":"Särö centrum","lines":"X3","arr":["X3"],"terminus":1,"mode":"bus","color":"#0059a9","colorDark":"#00294f","angle":161.2,"snapDist":7,"label":1}},{"type":"Feature","geometry":{"type":"Point","coordinates":[12.117431,57.656905]},"properties":{"name":"Mölnlycke resecentrum","lines":"X4","arr":["X4"],"terminus":0,"mode":"bus","color":"#0059a9","colorDark":"#00294f","angle":336.6,"snapDist":6,"label":0}},{"type":"Feature","geometry":{"type":"Point","coordinates":[11.993923,57.69761]},"properties":{"name":"Liseberg Station","lines":"X4, X6","arr":["X4","X6"],"terminus":0,"mode":"bus","color":"#0059a9","colorDark":"#00294f","angle":349.4,"snapDist":7,"label":0}},{"type":"Feature","geometry":{"type":"Point","coordinates":[11.974397,57.702214]},"properties":{"name":"Heden","lines":"X4, X6","arr":["X4","X6"],"terminus":0,"mode":"bus","color":"#0059a9","colorDark":"#00294f","angle":42.6,"snapDist":2,"label":0}},{"type":"Feature","geometry":{"type":"Point","coordinates":[11.990855,57.748007]},"properties":{"name":"Backadalsmotet","lines":"X4","arr":["X4"],"terminus":0,"mode":"bus","color":"#0059a9","colorDark":"#00294f","angle":89.3,"snapDist":2,"label":0}},{"type":"Feature","geometry":{"type":"Point","coordinates":[11.968512,57.871808]},"properties":{"name":"Kungälv resecentrum","lines":"X4","arr":["X4"],"terminus":1,"mode":"bus","color":"#0059a9","colorDark":"#00294f","angle":269.8,"snapDist":4,"label":0}},{"type":"Feature","geometry":{"type":"Point","coordinates":[11.974485,57.702124]},"properties":{"name":"Heden","lines":"X4","arr":["X4"],"terminus":0,"mode":"bus","color":"#0059a9","colorDark":"#00294f","angle":222.7,"snapDist":2,"label":0}},{"type":"Feature","geometry":{"type":"Point","coordinates":[11.981623,57.698617]},"properties":{"name":"Berzeliigatan","lines":"X4","arr":["X4"],"terminus":0,"mode":"bus","color":"#0059a9","colorDark":"#00294f","angle":223.1,"snapDist":2,"label":0}},{"type":"Feature","geometry":{"type":"Point","coordinates":[12.117383,57.65716]},"properties":{"name":"Mölnlycke resecentrum","lines":"X4","arr":["X4"],"terminus":0,"mode":"bus","color":"#0059a9","colorDark":"#00294f","angle":338.6,"snapDist":5,"label":0}},{"type":"Feature","geometry":{"type":"Point","coordinates":[12.126817,57.655983]},"properties":{"name":"Högadal","lines":"X4","arr":["X4"],"terminus":0,"mode":"bus","color":"#0059a9","colorDark":"#00294f","angle":230.2,"snapDist":1,"label":0}},{"type":"Feature","geometry":{"type":"Point","coordinates":[12.156882,57.649376]},"properties":{"name":"Höga hallar","lines":"X4","arr":["X4"],"terminus":1,"mode":"bus","color":"#0059a9","colorDark":"#00294f","angle":275.9,"snapDist":3,"label":0}},{"type":"Feature","geometry":{"type":"Point","coordinates":[11.909426,57.652123]},"properties":{"name":"Frölunda Torg","lines":"X5","arr":["X5"],"terminus":1,"mode":"bus","color":"#0059a9","colorDark":"#00294f","angle":135.1,"snapDist":1,"label":0}},{"type":"Feature","geometry":{"type":"Point","coordinates":[11.967119,57.706824]},"properties":{"name":"Brunnsparken","lines":"X5","arr":["X5"],"terminus":0,"mode":"bus","color":"#0059a9","colorDark":"#00294f","angle":162.6,"snapDist":3,"label":0}},{"type":"Feature","geometry":{"type":"Point","coordinates":[11.702673,57.708649]},"properties":{"name":"Lilla Varholmen","lines":"X6","arr":["X6"],"terminus":1,"mode":"bus","color":"#0059a9","colorDark":"#00294f","angle":159.6,"snapDist":4,"label":1}},{"type":"Feature","geometry":{"type":"Point","coordinates":[12.213076,57.68612]},"properties":{"name":"Landvetter resecentrum","lines":"X6","arr":["X6"],"terminus":1,"mode":"bus","color":"#0059a9","colorDark":"#00294f","angle":31.2,"snapDist":6,"label":0}},{"type":"Feature","geometry":{"type":"Point","coordinates":[12.212924,57.686043]},"properties":{"name":"Landvetter resecentrum","lines":"X6","arr":["X6"],"terminus":1,"mode":"bus","color":"#0059a9","colorDark":"#00294f","angle":211.7,"snapDist":0,"label":0}},{"type":"Feature","geometry":{"type":"Point","coordinates":[11.842485,57.712673]},"properties":{"name":"Sörredsmotet","lines":"X6, X90","arr":["X6","X90"],"terminus":0,"mode":"bus","color":"#0059a9","colorDark":"#00294f","angle":315.5,"snapDist":12,"label":0}},{"type":"Feature","geometry":{"type":"Point","coordinates":[11.702668,57.70868]},"properties":{"name":"Lilla Varholmen","lines":"X6","arr":["X6"],"terminus":1,"mode":"bus","color":"#0059a9","colorDark":"#00294f","angle":347.2,"snapDist":3,"label":0}},{"type":"Feature","geometry":{"type":"Point","coordinates":[11.972268,57.709867]},"properties":{"name":"Nils Ericson Terminalen","lines":"X40","arr":["X40"],"terminus":1,"mode":"bus","color":"#0059a9","colorDark":"#00294f","angle":313.3,"snapDist":1,"label":0}},{"type":"Feature","geometry":{"type":"Point","coordinates":[11.992353,57.758818]},"properties":{"name":"Bäckebolsmotet","lines":"X40, X76, X77","arr":["X40","X76","X77"],"terminus":0,"mode":"bus","color":"#0059a9","colorDark":"#00294f","angle":87,"snapDist":4,"label":1}},{"type":"Feature","geometry":{"type":"Point","coordinates":[11.967838,57.871218]},"properties":{"name":"Kungälv resecentrum","lines":"X40","arr":["X40"],"terminus":0,"mode":"bus","color":"#0059a9","colorDark":"#00294f","angle":72.9,"snapDist":4,"label":0}},{"type":"Feature","geometry":{"type":"Point","coordinates":[11.970221,57.876848]},"properties":{"name":"Kungälvs sjukhus södra","lines":"X40","arr":["X40"],"terminus":1,"mode":"bus","color":"#0059a9","colorDark":"#00294f","angle":267.9,"snapDist":3,"label":1}},{"type":"Feature","geometry":{"type":"Point","coordinates":[11.967203,57.871165]},"properties":{"name":"Kungälv resecentrum","lines":"X40","arr":["X40"],"terminus":0,"mode":"bus","color":"#0059a9","colorDark":"#00294f","angle":248.3,"snapDist":5,"label":0}},{"type":"Feature","geometry":{"type":"Point","coordinates":[11.99115,57.75765]},"properties":{"name":"Bäckebolsmotet","lines":"X40, X76, X77","arr":["X40","X76","X77"],"terminus":0,"mode":"bus","color":"#0059a9","colorDark":"#00294f","angle":264.4,"snapDist":5,"label":0}},{"type":"Feature","geometry":{"type":"Point","coordinates":[11.909952,57.7158]},"properties":{"name":"Eketrägatan","lines":"X76","arr":["X76"],"terminus":1,"mode":"bus","color":"#0059a9","colorDark":"#00294f","angle":58.4,"snapDist":1,"label":0}},{"type":"Feature","geometry":{"type":"Point","coordinates":[12.033718,57.821056]},"properties":{"name":"Persiljegatan","lines":"X77","arr":["X77"],"terminus":1,"mode":"bus","color":"#0059a9","colorDark":"#00294f","angle":169.2,"snapDist":2,"label":0}},{"type":"Feature","geometry":{"type":"Point","coordinates":[11.779711,57.709843]},"properties":{"name":"Amhult Resecentrum","lines":"X90","arr":["X90"],"terminus":1,"mode":"bus","color":"#0059a9","colorDark":"#00294f","angle":216.8,"snapDist":7,"label":0}},{"type":"Feature","geometry":{"type":"Point","coordinates":[11.933863,57.648442]},"properties":{"name":"Radiomotet","lines":"X90","arr":["X90"],"terminus":0,"mode":"bus","color":"#0059a9","colorDark":"#00294f","angle":214.8,"snapDist":6,"label":0}},{"type":"Feature","geometry":{"type":"Point","coordinates":[12.033411,57.657448]},"properties":{"name":"Mölndals stadsmuseum","lines":"X90","arr":["X90"],"terminus":0,"mode":"bus","color":"#0059a9","colorDark":"#00294f","angle":224.9,"snapDist":6,"label":1}},{"type":"Feature","geometry":{"type":"Point","coordinates":[12.0484,57.652635]},"properties":{"name":"Kikås","lines":"X90","arr":["X90"],"terminus":0,"mode":"bus","color":"#0059a9","colorDark":"#00294f","angle":234.7,"snapDist":5,"label":1}},{"type":"Feature","geometry":{"type":"Point","coordinates":[12.079415,57.645502]},"properties":{"name":"Kobackavägen","lines":"X90","arr":["X90"],"terminus":0,"mode":"bus","color":"#0059a9","colorDark":"#00294f","angle":199.9,"snapDist":5,"label":1}},{"type":"Feature","geometry":{"type":"Point","coordinates":[12.099113,57.644364]},"properties":{"name":"Hårskeredsvägen","lines":"X90","arr":["X90"],"terminus":0,"mode":"bus","color":"#0059a9","colorDark":"#00294f","angle":166.6,"snapDist":6,"label":1}},{"type":"Feature","geometry":{"type":"Point","coordinates":[12.11737,57.657157]},"properties":{"name":"Mölnlycke resecentrum","lines":"X90","arr":["X90"],"terminus":1,"mode":"bus","color":"#0059a9","colorDark":"#00294f","angle":158.6,"snapDist":3,"label":0}},{"type":"Feature","geometry":{"type":"Point","coordinates":[12.101839,57.646456]},"properties":{"name":"Kvarnbacken","lines":"X90","arr":["X90"],"terminus":0,"mode":"bus","color":"#0059a9","colorDark":"#00294f","angle":276.4,"snapDist":7,"label":0}},{"type":"Feature","geometry":{"type":"Point","coordinates":[12.098762,57.644377]},"properties":{"name":"Hårskeredsvägen","lines":"X90","arr":["X90"],"terminus":0,"mode":"bus","color":"#0059a9","colorDark":"#00294f","angle":348.6,"snapDist":0,"label":0}},{"type":"Feature","geometry":{"type":"Point","coordinates":[12.07907,57.645574]},"properties":{"name":"Kobackavägen","lines":"X90","arr":["X90"],"terminus":0,"mode":"bus","color":"#0059a9","colorDark":"#00294f","angle":21.2,"snapDist":5,"label":0}},{"type":"Feature","geometry":{"type":"Point","coordinates":[12.048232,57.652762]},"properties":{"name":"Kikås","lines":"X90","arr":["X90"],"terminus":0,"mode":"bus","color":"#0059a9","colorDark":"#00294f","angle":54.7,"snapDist":5,"label":0}},{"type":"Feature","geometry":{"type":"Point","coordinates":[12.032325,57.657905]},"properties":{"name":"Mölndals stadsmuseum","lines":"X90","arr":["X90"],"terminus":0,"mode":"bus","color":"#0059a9","colorDark":"#00294f","angle":21,"snapDist":10,"label":0}},{"type":"Feature","geometry":{"type":"Point","coordinates":[12.048151,57.722356]},"properties":{"name":"Östra Sjukhuset","lines":"1","arr":["1"],"terminus":1,"mode":"tram","color":"#d6212b","colorDark":"#7c1116","angle":209.8,"snapDist":5,"label":1}},{"type":"Feature","geometry":{"type":"Point","coordinates":[12.042005,57.724675]},"properties":{"name":"Tingvallsvägen","lines":"1, 5","arr":["1","5"],"terminus":0,"mode":"tram","color":"#d6212b","colorDark":"#7c1116","angle":25.2,"snapDist":0,"label":1}},{"type":"Feature","geometry":{"type":"Point","coordinates":[12.033049,57.722823]},"properties":{"name":"Kaggeledstorget","lines":"1, 5","arr":["1","5"],"terminus":0,"mode":"tram","color":"#d6212b","colorDark":"#7c1116","angle":304.9,"snapDist":0,"label":1}},{"type":"Feature","geometry":{"type":"Point","coordinates":[12.026066,57.718436]},"properties":{"name":"Munkebäckstorget","lines":"1, 5","arr":["1","5"],"terminus":0,"mode":"tram","color":"#d6212b","colorDark":"#7c1116","angle":309.9,"snapDist":1,"label":1}},{"type":"Feature","geometry":{"type":"Point","coordinates":[12.019334,57.7181]},"properties":{"name":"Härlanda","lines":"1, 3","arr":["1","3"],"terminus":0,"mode":"tram","color":"#d6212b","colorDark":"#7c1116","angle":338.9,"snapDist":1,"label":1}},{"type":"Feature","geometry":{"type":"Point","coordinates":[12.013656,57.717074]},"properties":{"name":"Stockholmsgatan","lines":"1, 3","arr":["1","3"],"terminus":0,"mode":"tram","color":"#d6212b","colorDark":"#7c1116","angle":349.4,"snapDist":1,"label":1}},{"type":"Feature","geometry":{"type":"Point","coordinates":[12.004764,57.716233]},"properties":{"name":"Redbergsplatsen","lines":"1, 3","arr":["1","3"],"terminus":0,"mode":"tram","color":"#d6212b","colorDark":"#7c1116","angle":328.8,"snapDist":1,"label":1}},{"type":"Feature","geometry":{"type":"Point","coordinates":[11.998659,57.714622]},"properties":{"name":"Olskrokstorget","lines":"1, 3, 6, 8, X","arr":["1","3","6","8","X"],"terminus":0,"mode":"tram","color":"#d6212b","colorDark":"#7c1116","angle":351.5,"snapDist":1,"label":1}},{"type":"Feature","geometry":{"type":"Point","coordinates":[11.991259,57.713001]},"properties":{"name":"Svingeln","lines":"1, 3, 6, 8, X","arr":["1","3","6","8","X"],"terminus":1,"mode":"tram","color":"#d6212b","colorDark":"#7c1116","angle":303.3,"snapDist":3,"label":1}},{"type":"Feature","geometry":{"type":"Point","coordinates":[11.98619,57.708127]},"properties":{"name":"Ullevi Norra","lines":"1, 3, 6, 8","arr":["1","3","6","8"],"terminus":0,"mode":"tram","color":"#d6212b","colorDark":"#7c1116","angle":299.8,"snapDist":1,"label":1}},{"type":"Feature","geometry":{"type":"Point","coordinates":[11.97306,57.707648]},"properties":{"name":"Drottningtorget","lines":"1, 4, 7","arr":["1","4","7"],"terminus":0,"mode":"tram","color":"#d6212b","colorDark":"#7c1116","angle":4.3,"snapDist":1,"label":0}},{"type":"Feature","geometry":{"type":"Point","coordinates":[11.968766,57.70658]},"properties":{"name":"Brunnsparken","lines":"1, 2, 4, 6, 7","arr":["1","2","4","6","7"],"terminus":0,"mode":"tram","color":"#d6212b","colorDark":"#7c1116","angle":344.8,"snapDist":1,"label":1}},{"type":"Feature","geometry":{"type":"Point","coordinates":[11.957491,57.705692]},"properties":{"name":"Stenpiren","lines":"1, 11, 13","arr":["1","11","13"],"terminus":0,"mode":"tram","color":"#d6212b","colorDark":"#7c1116","angle":313.2,"snapDist":2,"label":1}},{"type":"Feature","geometry":{"type":"Point","coordinates":[11.952734,57.699958]},"properties":{"name":"Järntorget","lines":"1, 6, 9, 11, 13","arr":["1","6","9","11","13"],"terminus":0,"mode":"tram","color":"#d6212b","colorDark":"#7c1116","angle":349.6,"snapDist":1,"label":1}},{"type":"Feature","geometry":{"type":"Point","coordinates":[11.951389,57.696379]},"properties":{"name":"Prinsgatan","lines":"1, 6, 9, 11, 13","arr":["1","6","9","11","13"],"terminus":0,"mode":"tram","color":"#d6212b","colorDark":"#7c1116","angle":258.5,"snapDist":0,"label":1}},{"type":"Feature","geometry":{"type":"Point","coordinates":[11.952454,57.692081]},"properties":{"name":"Olivedalsgatan","lines":"1, 6, 9, 11, 13","arr":["1","6","9","11","13"],"terminus":0,"mode":"tram","color":"#d6212b","colorDark":"#7c1116","angle":277.7,"snapDist":0,"label":1}},{"type":"Feature","geometry":{"type":"Point","coordinates":[11.952058,57.689943]},"properties":{"name":"Linnéplatsen","lines":"1, 2, 3, 6, 9, 11, 13","arr":["1","2","3","6","9","11","13"],"terminus":0,"mode":"tram","color":"#d6212b","colorDark":"#7c1116","angle":257.1,"snapDist":1,"label":1}},{"type":"Feature","geometry":{"type":"Point","coordinates":[11.945738,57.6814]},"properties":{"name":"Botaniska Trädgården","lines":"1, 2, 3, 7, 8, 9, 13","arr":["1","2","3","7","8","9","13"],"terminus":0,"mode":"tram","color":"#d6212b","colorDark":"#7c1116","angle":317,"snapDist":0,"label":1}},{"type":"Feature","geometry":{"type":"Point","coordinates":[11.935551,57.674443]},"properties":{"name":"Marklandsgatan","lines":"1, 2, 3, 7, 8, 9, 11, 13","arr":["1","2","3","7","8","9","11","13"],"terminus":0,"mode":"tram","color":"#d6212b","colorDark":"#7c1116","angle":351,"snapDist":1,"label":1}},{"type":"Feature","geometry":{"type":"Point","coordinates":[11.927514,57.672253]},"properties":{"name":"Axel Dahlströms Torg","lines":"1, 7, 8","arr":["1","7","8"],"terminus":0,"mode":"tram","color":"#d6212b","colorDark":"#7c1116","angle":310.4,"snapDist":1,"label":1}},{"type":"Feature","geometry":{"type":"Point","coordinates":[11.924717,57.667124]},"properties":{"name":"Lantmilsgatan","lines":"1, 7, 8","arr":["1","7","8"],"terminus":0,"mode":"tram","color":"#d6212b","colorDark":"#7c1116","angle":265.5,"snapDist":0,"label":1}},{"type":"Feature","geometry":{"type":"Point","coordinates":[11.92505,57.662608]},"properties":{"name":"Nymilsgatan","lines":"1, 7, 8","arr":["1","7","8"],"terminus":0,"mode":"tram","color":"#d6212b","colorDark":"#7c1116","angle":281.5,"snapDist":1,"label":1}},{"type":"Feature","geometry":{"type":"Point","coordinates":[11.920585,57.659067]},"properties":{"name":"Musikvägen","lines":"1, 7, 8","arr":["1","7","8"],"terminus":0,"mode":"tram","color":"#d6212b","colorDark":"#7c1116","angle":312.1,"snapDist":1,"label":1}},{"type":"Feature","geometry":{"type":"Point","coordinates":[11.917572,57.65676]},"properties":{"name":"Positivgatan","lines":"1, 7, 8","arr":["1","7","8"],"terminus":0,"mode":"tram","color":"#d6212b","colorDark":"#7c1116","angle":305,"snapDist":1,"label":1}},{"type":"Feature","geometry":{"type":"Point","coordinates":[11.91139,57.652714]},"properties":{"name":"Frölunda Torg","lines":"1, 7, 8","arr":["1","7","8"],"terminus":0,"mode":"tram","color":"#d6212b","colorDark":"#7c1116","angle":317.4,"snapDist":3,"label":1}},{"type":"Feature","geometry":{"type":"Point","coordinates":[11.903508,57.649015]},"properties":{"name":"Briljantgatan","lines":"1, 7","arr":["1","7"],"terminus":0,"mode":"tram","color":"#d6212b","colorDark":"#7c1116","angle":276.5,"snapDist":1,"label":1}},{"type":"Feature","geometry":{"type":"Point","coordinates":[11.899154,57.645287]},"properties":{"name":"Smaragdgatan","lines":"1, 7","arr":["1","7"],"terminus":0,"mode":"tram","color":"#d6212b","colorDark":"#7c1116","angle":297.7,"snapDist":0,"label":1}},{"type":"Feature","geometry":{"type":"Point","coordinates":[11.900558,57.642523]},"properties":{"name":"Opaltorget","lines":"1, 7","arr":["1","7"],"terminus":0,"mode":"tram","color":"#d6212b","colorDark":"#7c1116","angle":233.8,"snapDist":1,"label":0}},{"type":"Feature","geometry":{"type":"Point","coordinates":[11.901761,57.64187]},"properties":{"name":"Opaltorget","lines":"1","arr":["1"],"terminus":1,"mode":"tram","color":"#d6212b","colorDark":"#7c1116","angle":166.8,"snapDist":3,"label":1}},{"type":"Feature","geometry":{"type":"Point","coordinates":[11.900171,57.642859]},"properties":{"name":"Opaltorget","lines":"1, 7","arr":["1","7"],"terminus":0,"mode":"tram","color":"#d6212b","colorDark":"#7c1116","angle":52.8,"snapDist":2,"label":0}},{"type":"Feature","geometry":{"type":"Point","coordinates":[11.899332,57.645381]},"properties":{"name":"Smaragdgatan","lines":"1, 7","arr":["1","7"],"terminus":0,"mode":"tram","color":"#d6212b","colorDark":"#7c1116","angle":123.2,"snapDist":0,"label":0}},{"type":"Feature","geometry":{"type":"Point","coordinates":[11.903491,57.64863]},"properties":{"name":"Briljantgatan","lines":"1, 7","arr":["1","7"],"terminus":0,"mode":"tram","color":"#d6212b","colorDark":"#7c1116","angle":96.9,"snapDist":0,"label":0}},{"type":"Feature","geometry":{"type":"Point","coordinates":[11.911255,57.652595]},"properties":{"name":"Frölunda Torg","lines":"1, 7, 8","arr":["1","7","8"],"terminus":0,"mode":"tram","color":"#d6212b","colorDark":"#7c1116","angle":136.2,"snapDist":0,"label":0}},{"type":"Feature","geometry":{"type":"Point","coordinates":[11.917526,57.656657]},"properties":{"name":"Positivgatan","lines":"1, 7, 8","arr":["1","7","8"],"terminus":0,"mode":"tram","color":"#d6212b","colorDark":"#7c1116","angle":124.3,"snapDist":2,"label":0}},{"type":"Feature","geometry":{"type":"Point","coordinates":[11.920501,57.658962]},"properties":{"name":"Musikvägen","lines":"1, 7, 8","arr":["1","7","8"],"terminus":0,"mode":"tram","color":"#d6212b","colorDark":"#7c1116","angle":131.2,"snapDist":0,"label":0}},{"type":"Feature","geometry":{"type":"Point","coordinates":[11.925103,57.662567]},"properties":{"name":"Nymilsgatan","lines":"1, 7, 8","arr":["1","7","8"],"terminus":0,"mode":"tram","color":"#d6212b","colorDark":"#7c1116","angle":103.9,"snapDist":0,"label":0}},{"type":"Feature","geometry":{"type":"Point","coordinates":[11.924797,57.667055]},"properties":{"name":"Lantmilsgatan","lines":"1, 7, 8","arr":["1","7","8"],"terminus":0,"mode":"tram","color":"#d6212b","colorDark":"#7c1116","angle":85.4,"snapDist":1,"label":0}},{"type":"Feature","geometry":{"type":"Point","coordinates":[11.927906,57.672422]},"properties":{"name":"Axel Dahlströms Torg","lines":"1, 7, 8","arr":["1","7","8"],"terminus":0,"mode":"tram","color":"#d6212b","colorDark":"#7c1116","angle":134.7,"snapDist":1,"label":0}},{"type":"Feature","geometry":{"type":"Point","coordinates":[11.936268,57.674462]},"properties":{"name":"Marklandsgatan","lines":"1, 2, 3, 7, 8, 9, 11, 13","arr":["1","2","3","7","8","9","11","13"],"terminus":0,"mode":"tram","color":"#d6212b","colorDark":"#7c1116","angle":171.9,"snapDist":0,"label":0}},{"type":"Feature","geometry":{"type":"Point","coordinates":[11.945691,57.681321]},"properties":{"name":"Botaniska Trädgården","lines":"1, 2, 3, 7, 8, 9, 13","arr":["1","2","3","7","8","9","13"],"terminus":0,"mode":"tram","color":"#d6212b","colorDark":"#7c1116","angle":134.5,"snapDist":1,"label":0}},{"type":"Feature","geometry":{"type":"Point","coordinates":[11.952004,57.690246]},"properties":{"name":"Linnéplatsen","lines":"1, 2, 3, 6, 9, 11","arr":["1","2","3","6","9","11"],"terminus":0,"mode":"tram","color":"#d6212b","colorDark":"#7c1116","angle":77.8,"snapDist":0,"label":0}},{"type":"Feature","geometry":{"type":"Point","coordinates":[11.952593,57.692444]},"properties":{"name":"Olivedalsgatan","lines":"1, 6, 9, 11","arr":["1","6","9","11"],"terminus":0,"mode":"tram","color":"#d6212b","colorDark":"#7c1116","angle":93.6,"snapDist":0,"label":0}},{"type":"Feature","geometry":{"type":"Point","coordinates":[11.951246,57.696897]},"properties":{"name":"Prinsgatan","lines":"1, 6, 9, 11","arr":["1","6","9","11"],"terminus":0,"mode":"tram","color":"#d6212b","colorDark":"#7c1116","angle":78.8,"snapDist":0,"label":0}},{"type":"Feature","geometry":{"type":"Point","coordinates":[11.953218,57.699973]},"properties":{"name":"Järntorget","lines":"1, 6, 9, 11","arr":["1","6","9","11"],"terminus":0,"mode":"tram","color":"#d6212b","colorDark":"#7c1116","angle":169.4,"snapDist":0,"label":0}},{"type":"Feature","geometry":{"type":"Point","coordinates":[11.957928,57.705891]},"properties":{"name":"Stenpiren","lines":"1, 11","arr":["1","11"],"terminus":0,"mode":"tram","color":"#d6212b","colorDark":"#7c1116","angle":132.5,"snapDist":1,"label":0}},{"type":"Feature","geometry":{"type":"Point","coordinates":[11.969486,57.70718]},"properties":{"name":"Brunnsparken","lines":"1, 2, 3, 6","arr":["1","2","3","6"],"terminus":0,"mode":"tram","color":"#d6212b","colorDark":"#7c1116","angle":164,"snapDist":0,"label":0}},{"type":"Feature","geometry":{"type":"Point","coordinates":[11.973666,57.707592]},"properties":{"name":"Drottningtorget","lines":"1, 3, 12","arr":["1","3","12"],"terminus":0,"mode":"tram","color":"#d6212b","colorDark":"#7c1116","angle":184.1,"snapDist":1,"label":0}},{"type":"Feature","geometry":{"type":"Point","coordinates":[11.986294,57.708178]},"properties":{"name":"Ullevi Norra","lines":"1, 3, 6, 8","arr":["1","3","6","8"],"terminus":0,"mode":"tram","color":"#d6212b","colorDark":"#7c1116","angle":119.2,"snapDist":1,"label":0}},{"type":"Feature","geometry":{"type":"Point","coordinates":[11.991723,57.713342]},"properties":{"name":"Svingeln","lines":"1, 3, 6, 8","arr":["1","3","6","8"],"terminus":0,"mode":"tram","color":"#d6212b","colorDark":"#7c1116","angle":121.9,"snapDist":2,"label":0}},{"type":"Feature","geometry":{"type":"Point","coordinates":[11.999494,57.714662]},"properties":{"name":"Olskrokstorget","lines":"1, 3, 6, 8","arr":["1","3","6","8"],"terminus":0,"mode":"tram","color":"#d6212b","colorDark":"#7c1116","angle":170.1,"snapDist":0,"label":0}},{"type":"Feature","geometry":{"type":"Point","coordinates":[12.005241,57.716359]},"properties":{"name":"Redbergsplatsen","lines":"1, 3","arr":["1","3"],"terminus":0,"mode":"tram","color":"#d6212b","colorDark":"#7c1116","angle":148,"snapDist":1,"label":0}},{"type":"Feature","geometry":{"type":"Point","coordinates":[12.014099,57.717099]},"properties":{"name":"Stockholmsgatan","lines":"1, 3","arr":["1","3"],"terminus":0,"mode":"tram","color":"#d6212b","colorDark":"#7c1116","angle":164.7,"snapDist":2,"label":0}},{"type":"Feature","geometry":{"type":"Point","coordinates":[12.020092,57.718209]},"properties":{"name":"Härlanda","lines":"1, 3","arr":["1","3"],"terminus":0,"mode":"tram","color":"#d6212b","colorDark":"#7c1116","angle":161.1,"snapDist":1,"label":0}},{"type":"Feature","geometry":{"type":"Point","coordinates":[12.026307,57.718541]},"properties":{"name":"Munkebäckstorget","lines":"1, 5","arr":["1","5"],"terminus":0,"mode":"tram","color":"#d6212b","colorDark":"#7c1116","angle":129.6,"snapDist":2,"label":0}},{"type":"Feature","geometry":{"type":"Point","coordinates":[12.033347,57.722988]},"properties":{"name":"Kaggeledstorget","lines":"1, 5","arr":["1","5"],"terminus":0,"mode":"tram","color":"#d6212b","colorDark":"#7c1116","angle":125,"snapDist":0,"label":0}},{"type":"Feature","geometry":{"type":"Point","coordinates":[12.041857,57.724683]},"properties":{"name":"Tingvallsvägen","lines":"1, 5","arr":["1","5"],"terminus":0,"mode":"tram","color":"#d6212b","colorDark":"#7c1116","angle":205.7,"snapDist":0,"label":0}},{"type":"Feature","geometry":{"type":"Point","coordinates":[12.047456,57.722581]},"properties":{"name":"Östra Sjukhuset","lines":"1","arr":["1"],"terminus":1,"mode":"tram","color":"#d6212b","colorDark":"#7c1116","angle":211.3,"snapDist":2,"label":0}},{"type":"Feature","geometry":{"type":"Point","coordinates":[11.892719,57.726993]},"properties":{"name":"Väderilsgatan","lines":"2","arr":["2"],"terminus":1,"mode":"tram","color":"#d6212b","colorDark":"#7c1116","angle":281,"snapDist":0,"label":1}},{"type":"Feature","geometry":{"type":"Point","coordinates":[11.893175,57.726542]},"properties":{"name":"Väderilsgatan","lines":"2","arr":["2"],"terminus":0,"mode":"tram","color":"#d6212b","colorDark":"#7c1116","angle":242.3,"snapDist":1,"label":0}},{"type":"Feature","geometry":{"type":"Point","coordinates":[11.893232,57.723519]},"properties":{"name":"Friskväderstorget","lines":"2, 5, 6","arr":["2","5","6"],"terminus":0,"mode":"tram","color":"#d6212b","colorDark":"#7c1116","angle":265.5,"snapDist":0,"label":1}},{"type":"Feature","geometry":{"type":"Point","coordinates":[11.893049,57.720277]},"properties":{"name":"Önskevädersgatan","lines":"2, 5, 6","arr":["2","5","6"],"terminus":0,"mode":"tram","color":"#d6212b","colorDark":"#7c1116","angle":286.9,"snapDist":1,"label":1}},{"type":"Feature","geometry":{"type":"Point","coordinates":[11.890927,57.71567]},"properties":{"name":"Mildvädersgatan","lines":"2, 5, 6","arr":["2","5","6"],"terminus":0,"mode":"tram","color":"#d6212b","colorDark":"#7c1116","angle":268.2,"snapDist":1,"label":1}},{"type":"Feature","geometry":{"type":"Point","coordinates":[11.893056,57.712967]},"properties":{"name":"Vårväderstorget","lines":"2, 5, 6","arr":["2","5","6"],"terminus":0,"mode":"tram","color":"#d6212b","colorDark":"#7c1116","angle":212.2,"snapDist":3,"label":1}},{"type":"Feature","geometry":{"type":"Point","coordinates":[11.90326,57.71369]},"properties":{"name":"Sälöfjordsgatan","lines":"2, 5, 6","arr":["2","5","6"],"terminus":0,"mode":"tram","color":"#d6212b","colorDark":"#7c1116","angle":164.1,"snapDist":0,"label":1}},{"type":"Feature","geometry":{"type":"Point","coordinates":[11.909967,57.716533]},"properties":{"name":"Eketrägatan","lines":"2, 5, 6","arr":["2","5","6"],"terminus":0,"mode":"tram","color":"#d6212b","colorDark":"#7c1116","angle":124.6,"snapDist":0,"label":1}},{"type":"Feature","geometry":{"type":"Point","coordinates":[11.919427,57.718338]},"properties":{"name":"Gropegårdsgatan","lines":"2, 5, 6","arr":["2","5","6"],"terminus":0,"mode":"tram","color":"#d6212b","colorDark":"#7c1116","angle":166.6,"snapDist":1,"label":1}},{"type":"Feature","geometry":{"type":"Point","coordinates":[11.92701,57.719386]},"properties":{"name":"Rambergsvallen","lines":"2, 5, 6","arr":["2","5","6"],"terminus":0,"mode":"tram","color":"#d6212b","colorDark":"#7c1116","angle":164.7,"snapDist":0,"label":1}},{"type":"Feature","geometry":{"type":"Point","coordinates":[11.935958,57.720644]},"properties":{"name":"Wieselgrensplatsen","lines":"2, 5, 6","arr":["2","5","6"],"terminus":0,"mode":"tram","color":"#d6212b","colorDark":"#7c1116","angle":167.2,"snapDist":0,"label":1}},{"type":"Feature","geometry":{"type":"Point","coordinates":[11.945592,57.720546]},"properties":{"name":"Vågmästareplatsen","lines":"2, 5, 6","arr":["2","5","6"],"terminus":0,"mode":"tram","color":"#d6212b","colorDark":"#7c1116","angle":177.4,"snapDist":1,"label":1}},{"type":"Feature","geometry":{"type":"Point","coordinates":[11.952583,57.720597]},"properties":{"name":"Hjalmar Brantingsplatsen","lines":"2, 5, 6","arr":["2","5","6"],"terminus":0,"mode":"tram","color":"#d6212b","colorDark":"#7c1116","angle":183.9,"snapDist":4,"label":1}},{"type":"Feature","geometry":{"type":"Point","coordinates":[11.960449,57.720244]},"properties":{"name":"Frihamnen","lines":"2, 5, 6","arr":["2","5","6"],"terminus":0,"mode":"tram","color":"#d6212b","colorDark":"#7c1116","angle":197.7,"snapDist":0,"label":1}},{"type":"Feature","geometry":{"type":"Point","coordinates":[11.971061,57.709107]},"properties":{"name":"Nils Ericsonsplatsen","lines":"2, 6, 12","arr":["2","6","12"],"terminus":0,"mode":"tram","color":"#d6212b","colorDark":"#7c1116","angle":253.3,"snapDist":2,"label":1}},{"type":"Feature","geometry":{"type":"Point","coordinates":[11.963751,57.704128]},"properties":{"name":"Domkyrkan","lines":"2, 6, 9","arr":["2","6","9"],"terminus":0,"mode":"tram","color":"#d6212b","colorDark":"#7c1116","angle":253.8,"snapDist":0,"label":1}},{"type":"Feature","geometry":{"type":"Point","coordinates":[11.965171,57.702259]},"properties":{"name":"Grönsakstorget","lines":"2","arr":["2"],"terminus":0,"mode":"tram","color":"#d6212b","colorDark":"#7c1116","angle":234.5,"snapDist":1,"label":1}},{"type":"Feature","geometry":{"type":"Point","coordinates":[11.969452,57.699118]},"properties":{"name":"Vasaplatsen","lines":"2","arr":["2"],"terminus":0,"mode":"tram","color":"#d6212b","colorDark":"#7c1116","angle":253.3,"snapDist":2,"label":1}},{"type":"Feature","geometry":{"type":"Point","coordinates":[11.966551,57.698271]},"properties":{"name":"Vasa Viktoriagatan","lines":"2, 3","arr":["2","3"],"terminus":0,"mode":"tram","color":"#d6212b","colorDark":"#7c1116","angle":342.9,"snapDist":1,"label":1}},{"type":"Feature","geometry":{"type":"Point","coordinates":[11.962582,57.696522]},"properties":{"name":"Handelshögskolan","lines":"2, 3","arr":["2","3"],"terminus":0,"mode":"tram","color":"#d6212b","colorDark":"#7c1116","angle":273.4,"snapDist":1,"label":1}},{"type":"Feature","geometry":{"type":"Point","coordinates":[11.959129,57.693658]},"properties":{"name":"Brunnsgatan","lines":"2, 3","arr":["2","3"],"terminus":0,"mode":"tram","color":"#d6212b","colorDark":"#7c1116","angle":320,"snapDist":1,"label":1}},{"type":"Feature","geometry":{"type":"Point","coordinates":[11.95718,57.692081]},"properties":{"name":"Seminariegatan","lines":"2, 3","arr":["2","3"],"terminus":0,"mode":"tram","color":"#d6212b","colorDark":"#7c1116","angle":300.9,"snapDist":1,"label":1}},{"type":"Feature","geometry":{"type":"Point","coordinates":[11.952902,57.691941]},"properties":{"name":"Olivedalsgatan","lines":"2, 3","arr":["2","3"],"terminus":0,"mode":"tram","color":"#d6212b","colorDark":"#7c1116","angle":1.4,"snapDist":0,"label":0}},{"type":"Feature","geometry":{"type":"Point","coordinates":[11.932622,57.677357]},"properties":{"name":"Bokekullsgatan","lines":"2, 3, 9, 13","arr":["2","3","9","13"],"terminus":0,"mode":"tram","color":"#d6212b","colorDark":"#7c1116","angle":62.5,"snapDist":0,"label":1}},{"type":"Feature","geometry":{"type":"Point","coordinates":[11.930096,57.680369]},"properties":{"name":"Högsbogatan","lines":"2, 3, 9, 11, 13","arr":["2","3","9","11","13"],"terminus":0,"mode":"tram","color":"#d6212b","colorDark":"#7c1116","angle":62.3,"snapDist":0,"label":1}},{"type":"Feature","geometry":{"type":"Point","coordinates":[11.92812,57.682353]},"properties":{"name":"Klintens Väg","lines":"2, 3, 9, 13","arr":["2","3","9","13"],"terminus":0,"mode":"tram","color":"#d6212b","colorDark":"#7c1116","angle":61.5,"snapDist":0,"label":1}},{"type":"Feature","geometry":{"type":"Point","coordinates":[11.925682,57.684801]},"properties":{"name":"Godhemsgatan","lines":"2, 3, 9, 13","arr":["2","3","9","13"],"terminus":0,"mode":"tram","color":"#d6212b","colorDark":"#7c1116","angle":62.7,"snapDist":0,"label":1}},{"type":"Feature","geometry":{"type":"Point","coordinates":[11.920263,57.686478]},"properties":{"name":"Mariaplan","lines":"2, 11, 13","arr":["2","11","13"],"terminus":0,"mode":"tram","color":"#d6212b","colorDark":"#7c1116","angle":312.8,"snapDist":1,"label":1}},{"type":"Feature","geometry":{"type":"Point","coordinates":[11.916294,57.684085]},"properties":{"name":"Sannaplan","lines":"2, 9, 11, 13","arr":["2","9","11","13"],"terminus":0,"mode":"tram","color":"#d6212b","colorDark":"#7c1116","angle":311.5,"snapDist":0,"label":1}},{"type":"Feature","geometry":{"type":"Point","coordinates":[11.909689,57.682809]},"properties":{"name":"Sandarna","lines":"2, 9, 11, 13","arr":["2","9","11","13"],"terminus":0,"mode":"tram","color":"#d6212b","colorDark":"#7c1116","angle":351.7,"snapDist":0,"label":1}},{"type":"Feature","geometry":{"type":"Point","coordinates":[11.901718,57.680534]},"properties":{"name":"Kungssten","lines":"2, 9, 11, 13","arr":["2","9","11","13"],"terminus":0,"mode":"tram","color":"#d6212b","colorDark":"#7c1116","angle":319.3,"snapDist":1,"label":1}},{"type":"Feature","geometry":{"type":"Point","coordinates":[11.900477,57.680424]},"properties":{"name":"Kungssten Vändslinga","lines":"2, 9","arr":["2","9"],"terminus":1,"mode":"tram","color":"#d6212b","colorDark":"#7c1116","angle":347.5,"snapDist":1,"label":1}},{"type":"Feature","geometry":{"type":"Point","coordinates":[11.901631,57.68044]},"properties":{"name":"Kungssten","lines":"2, 9, 11, 13, X","arr":["2","9","11","13","X"],"terminus":0,"mode":"tram","color":"#d6212b","colorDark":"#7c1116","angle":140.3,"snapDist":0,"label":0}},{"type":"Feature","geometry":{"type":"Point","coordinates":[11.909525,57.682767]},"properties":{"name":"Sandarna","lines":"2, 9, 11, 13, X","arr":["2","9","11","13","X"],"terminus":0,"mode":"tram","color":"#d6212b","colorDark":"#7c1116","angle":171.9,"snapDist":0,"label":0}},{"type":"Feature","geometry":{"type":"Point","coordinates":[11.916856,57.684379]},"properties":{"name":"Sannaplan","lines":"2, 9, 11, 13, X","arr":["2","9","11","13","X"],"terminus":0,"mode":"tram","color":"#d6212b","colorDark":"#7c1116","angle":131.9,"snapDist":0,"label":0}},{"type":"Feature","geometry":{"type":"Point","coordinates":[11.920887,57.686817]},"properties":{"name":"Mariaplan","lines":"2, 11, 13, X","arr":["2","11","13","X"],"terminus":0,"mode":"tram","color":"#d6212b","colorDark":"#7c1116","angle":133.1,"snapDist":0,"label":0}},{"type":"Feature","geometry":{"type":"Point","coordinates":[11.925985,57.68445]},"properties":{"name":"Godhemsgatan","lines":"2, 3, 9","arr":["2","3","9"],"terminus":0,"mode":"tram","color":"#d6212b","colorDark":"#7c1116","angle":242.5,"snapDist":1,"label":0}},{"type":"Feature","geometry":{"type":"Point","coordinates":[11.92786,57.682555]},"properties":{"name":"Klintens Väg","lines":"2, 3, 9","arr":["2","3","9"],"terminus":0,"mode":"tram","color":"#d6212b","colorDark":"#7c1116","angle":242,"snapDist":1,"label":0}},{"type":"Feature","geometry":{"type":"Point","coordinates":[11.93029,57.680114]},"properties":{"name":"Högsbogatan","lines":"2, 3, 9, 11","arr":["2","3","9","11"],"terminus":0,"mode":"tram","color":"#d6212b","colorDark":"#7c1116","angle":240.9,"snapDist":0,"label":0}},{"type":"Feature","geometry":{"type":"Point","coordinates":[11.932832,57.677093]},"properties":{"name":"Bokekullsgatan","lines":"2, 3, 9","arr":["2","3","9"],"terminus":0,"mode":"tram","color":"#d6212b","colorDark":"#7c1116","angle":240.8,"snapDist":0,"label":0}},{"type":"Feature","geometry":{"type":"Point","coordinates":[11.953677,57.691904]},"properties":{"name":"Olivedalsgatan","lines":"2, 3","arr":["2","3"],"terminus":0,"mode":"tram","color":"#d6212b","colorDark":"#7c1116","angle":180.7,"snapDist":0,"label":0}},{"type":"Feature","geometry":{"type":"Point","coordinates":[11.957579,57.692386]},"properties":{"name":"Seminariegatan","lines":"2, 3","arr":["2","3"],"terminus":0,"mode":"tram","color":"#d6212b","colorDark":"#7c1116","angle":119.7,"snapDist":0,"label":0}},{"type":"Feature","geometry":{"type":"Point","coordinates":[11.959777,57.693872]},"properties":{"name":"Brunnsgatan","lines":"2, 3","arr":["2","3"],"terminus":0,"mode":"tram","color":"#d6212b","colorDark":"#7c1116","angle":147.7,"snapDist":0,"label":0}},{"type":"Feature","geometry":{"type":"Point","coordinates":[11.962434,57.696155]},"properties":{"name":"Handelshögskolan","lines":"2, 3","arr":["2","3"],"terminus":0,"mode":"tram","color":"#d6212b","colorDark":"#7c1116","angle":114.9,"snapDist":1,"label":0}},{"type":"Feature","geometry":{"type":"Point","coordinates":[11.966935,57.698169]},"properties":{"name":"Vasa Viktoriagatan","lines":"2, 3","arr":["2","3"],"terminus":0,"mode":"tram","color":"#d6212b","colorDark":"#7c1116","angle":162.7,"snapDist":0,"label":0}},{"type":"Feature","geometry":{"type":"Point","coordinates":[11.969264,57.699543]},"properties":{"name":"Vasaplatsen","lines":"2","arr":["2"],"terminus":0,"mode":"tram","color":"#d6212b","colorDark":"#7c1116","angle":74.7,"snapDist":1,"label":0}},{"type":"Feature","geometry":{"type":"Point","coordinates":[11.964893,57.702529]},"properties":{"name":"Grönsakstorget","lines":"2","arr":["2"],"terminus":0,"mode":"tram","color":"#d6212b","colorDark":"#7c1116","angle":55.6,"snapDist":0,"label":0}},{"type":"Feature","geometry":{"type":"Point","coordinates":[11.963635,57.704457]},"properties":{"name":"Domkyrkan","lines":"2, 6, 9","arr":["2","6","9"],"terminus":0,"mode":"tram","color":"#d6212b","colorDark":"#7c1116","angle":72.7,"snapDist":0,"label":0}},{"type":"Feature","geometry":{"type":"Point","coordinates":[11.971019,57.709301]},"properties":{"name":"Nils Ericsonsplatsen","lines":"2, 6, 12","arr":["2","6","12"],"terminus":0,"mode":"tram","color":"#d6212b","colorDark":"#7c1116","angle":74.3,"snapDist":3,"label":0}},{"type":"Feature","geometry":{"type":"Point","coordinates":[11.959611,57.720372]},"properties":{"name":"Frihamnen","lines":"2, 5, 6","arr":["2","5","6"],"terminus":0,"mode":"tram","color":"#d6212b","colorDark":"#7c1116","angle":6.9,"snapDist":2,"label":0}},{"type":"Feature","geometry":{"type":"Point","coordinates":[11.952919,57.720614]},"properties":{"name":"Hjalmar Brantingsplatsen","lines":"2, 5, 6","arr":["2","5","6"],"terminus":0,"mode":"tram","color":"#d6212b","colorDark":"#7c1116","angle":5.7,"snapDist":3,"label":0}},{"type":"Feature","geometry":{"type":"Point","coordinates":[11.944867,57.720575]},"properties":{"name":"Vågmästareplatsen","lines":"2, 5, 6","arr":["2","5","6"],"terminus":0,"mode":"tram","color":"#d6212b","colorDark":"#7c1116","angle":0.8,"snapDist":1,"label":0}},{"type":"Feature","geometry":{"type":"Point","coordinates":[11.93521,57.72059]},"properties":{"name":"Wieselgrensplatsen","lines":"2, 5, 6","arr":["2","5","6"],"terminus":0,"mode":"tram","color":"#d6212b","colorDark":"#7c1116","angle":347.3,"snapDist":1,"label":0}},{"type":"Feature","geometry":{"type":"Point","coordinates":[11.927442,57.719485]},"properties":{"name":"Rambergsvallen","lines":"2, 5, 6","arr":["2","5","6"],"terminus":0,"mode":"tram","color":"#d6212b","colorDark":"#7c1116","angle":346.4,"snapDist":1,"label":0}},{"type":"Feature","geometry":{"type":"Point","coordinates":[11.918775,57.718295]},"properties":{"name":"Gropegårdsgatan","lines":"2, 5, 6","arr":["2","5","6"],"terminus":0,"mode":"tram","color":"#d6212b","colorDark":"#7c1116","angle":346.3,"snapDist":1,"label":0}},{"type":"Feature","geometry":{"type":"Point","coordinates":[11.910009,57.716624]},"properties":{"name":"Eketrägatan","lines":"2, 5, 6","arr":["2","5","6"],"terminus":0,"mode":"tram","color":"#d6212b","colorDark":"#7c1116","angle":311.5,"snapDist":1,"label":0}},{"type":"Feature","geometry":{"type":"Point","coordinates":[11.901204,57.713444]},"properties":{"name":"Sälöfjordsgatan","lines":"2, 5, 6","arr":["2","5","6"],"terminus":0,"mode":"tram","color":"#d6212b","colorDark":"#7c1116","angle":346.4,"snapDist":2,"label":0}},{"type":"Feature","geometry":{"type":"Point","coordinates":[11.892989,57.71303]},"properties":{"name":"Vårväderstorget","lines":"2, 5, 6","arr":["2","5","6"],"terminus":0,"mode":"tram","color":"#d6212b","colorDark":"#7c1116","angle":33.1,"snapDist":2,"label":0}},{"type":"Feature","geometry":{"type":"Point","coordinates":[11.890994,57.715582]},"properties":{"name":"Mildvädersgatan","lines":"2, 5, 6","arr":["2","5","6"],"terminus":0,"mode":"tram","color":"#d6212b","colorDark":"#7c1116","angle":87.5,"snapDist":1,"label":0}},{"type":"Feature","geometry":{"type":"Point","coordinates":[11.893064,57.720177]},"properties":{"name":"Önskevädersgatan","lines":"2, 5, 6","arr":["2","5","6"],"terminus":0,"mode":"tram","color":"#d6212b","colorDark":"#7c1116","angle":105.8,"snapDist":1,"label":0}},{"type":"Feature","geometry":{"type":"Point","coordinates":[11.893314,57.723432]},"properties":{"name":"Friskväderstorget","lines":"2, 5, 6","arr":["2","5","6"],"terminus":0,"mode":"tram","color":"#d6212b","colorDark":"#7c1116","angle":85.5,"snapDist":0,"label":0}},{"type":"Feature","geometry":{"type":"Point","coordinates":[11.893461,57.726842]},"properties":{"name":"Väderilsgatan","lines":"2, 5, 6","arr":["2","5","6"],"terminus":0,"mode":"tram","color":"#d6212b","colorDark":"#7c1116","angle":98.3,"snapDist":0,"label":0}},{"type":"Feature","geometry":{"type":"Point","coordinates":[12.02263,57.70988]},"properties":{"name":"Virginsgatan","lines":"3","arr":["3"],"terminus":1,"mode":"tram","color":"#d6212b","colorDark":"#7c1116","angle":231,"snapDist":1,"label":1}},{"type":"Feature","geometry":{"type":"Point","coordinates":[12.023538,57.710879]},"properties":{"name":"Virginsgatan","lines":"3, 5","arr":["3","5"],"terminus":0,"mode":"tram","color":"#d6212b","colorDark":"#7c1116","angle":94.2,"snapDist":1,"label":0}},{"type":"Feature","geometry":{"type":"Point","coordinates":[12.025144,57.716561]},"properties":{"name":"Solrosgatan","lines":"3, 5","arr":["3","5"],"terminus":0,"mode":"tram","color":"#d6212b","colorDark":"#7c1116","angle":106.8,"snapDist":1,"label":1}},{"type":"Feature","geometry":{"type":"Point","coordinates":[11.973202,57.707706]},"properties":{"name":"Drottningtorget","lines":"3, 9, 11, 12","arr":["3","9","11","12"],"terminus":0,"mode":"tram","color":"#d6212b","colorDark":"#7c1116","angle":6.2,"snapDist":1,"label":0}},{"type":"Feature","geometry":{"type":"Point","coordinates":[11.968459,57.70705]},"properties":{"name":"Brunnsparken","lines":"3, 9, 11, 13","arr":["3","9","11","13"],"terminus":0,"mode":"tram","color":"#d6212b","colorDark":"#7c1116","angle":343.1,"snapDist":0,"label":0}},{"type":"Feature","geometry":{"type":"Point","coordinates":[11.969947,57.703856]},"properties":{"name":"Kungsportsplatsen","lines":"3, 4, 5, 7, 10","arr":["3","4","5","7","10"],"terminus":0,"mode":"tram","color":"#d6212b","colorDark":"#7c1116","angle":234.2,"snapDist":2,"label":1}},{"type":"Feature","geometry":{"type":"Point","coordinates":[11.973574,57.700407]},"properties":{"name":"Valand","lines":"3, 7, 10","arr":["3","7","10"],"terminus":0,"mode":"tram","color":"#d6212b","colorDark":"#7c1116","angle":324.2,"snapDist":1,"label":1}},{"type":"Feature","geometry":{"type":"Point","coordinates":[11.969943,57.698901]},"properties":{"name":"Vasaplatsen","lines":"3, 7, 10","arr":["3","7","10"],"terminus":0,"mode":"tram","color":"#d6212b","colorDark":"#7c1116","angle":322.1,"snapDist":0,"label":0}},{"type":"Feature","geometry":{"type":"Point","coordinates":[11.926467,57.685438]},"properties":{"name":"Godhemsgatan","lines":"3, 9, X","arr":["3","9","X"],"terminus":0,"mode":"tram","color":"#d6212b","colorDark":"#7c1116","angle":140.4,"snapDist":0,"label":0}},{"type":"Feature","geometry":{"type":"Point","coordinates":[11.929235,57.687147]},"properties":{"name":"Ekedal","lines":"3, 9, X","arr":["3","9","X"],"terminus":0,"mode":"tram","color":"#d6212b","colorDark":"#7c1116","angle":166.9,"snapDist":2,"label":1}},{"type":"Feature","geometry":{"type":"Point","coordinates":[11.935517,57.690965]},"properties":{"name":"Majvallen","lines":"3, 9, X","arr":["3","9","X"],"terminus":0,"mode":"tram","color":"#d6212b","colorDark":"#7c1116","angle":112.9,"snapDist":1,"label":1}},{"type":"Feature","geometry":{"type":"Point","coordinates":[11.936211,57.694468]},"properties":{"name":"Fjällgatan","lines":"3, 9, X","arr":["3","9","X"],"terminus":0,"mode":"tram","color":"#d6212b","colorDark":"#7c1116","angle":79.1,"snapDist":1,"label":1}},{"type":"Feature","geometry":{"type":"Point","coordinates":[11.933559,57.698944]},"properties":{"name":"Stigbergstorget","lines":"3, 9, X","arr":["3","9","X"],"terminus":0,"mode":"tram","color":"#d6212b","colorDark":"#7c1116","angle":331.4,"snapDist":0,"label":1}},{"type":"Feature","geometry":{"type":"Point","coordinates":[11.927728,57.697196]},"properties":{"name":"Kaptensgatan","lines":"3, 9, X","arr":["3","9","X"],"terminus":0,"mode":"tram","color":"#d6212b","colorDark":"#7c1116","angle":331.2,"snapDist":1,"label":1}},{"type":"Feature","geometry":{"type":"Point","coordinates":[11.919343,57.694244]},"properties":{"name":"Chapmans Torg","lines":"3, 9, X","arr":["3","9","X"],"terminus":0,"mode":"tram","color":"#d6212b","colorDark":"#7c1116","angle":312.5,"snapDist":2,"label":1}},{"type":"Feature","geometry":{"type":"Point","coordinates":[11.915024,57.691437]},"properties":{"name":"Jaegerdorffsplatsen","lines":"3, 9, X","arr":["3","9","X"],"terminus":0,"mode":"tram","color":"#d6212b","colorDark":"#7c1116","angle":312.1,"snapDist":1,"label":1}},{"type":"Feature","geometry":{"type":"Point","coordinates":[11.911983,57.689318]},"properties":{"name":"Vagnhallen Majorna","lines":"3, X","arr":["3","X"],"terminus":1,"mode":"tram","color":"#d6212b","colorDark":"#7c1116","angle":237.3,"snapDist":43,"label":1}},{"type":"Feature","geometry":{"type":"Point","coordinates":[11.912864,57.688897]},"properties":{"name":"Vagnhallen Majorna DEPÅ","lines":"3","arr":["3"],"terminus":1,"mode":"tram","color":"#d6212b","colorDark":"#7c1116","angle":221.9,"snapDist":47,"label":1}},{"type":"Feature","geometry":{"type":"Point","coordinates":[11.911996,57.689308]},"properties":{"name":"Vagnhallen Majorna","lines":"3","arr":["3"],"terminus":0,"mode":"tram","color":"#d6212b","colorDark":"#7c1116","angle":-130.8,"snapDist":39,"label":0}},{"type":"Feature","geometry":{"type":"Point","coordinates":[11.915537,57.691702]},"properties":{"name":"Jaegerdorffsplatsen","lines":"3, 9","arr":["3","9"],"terminus":0,"mode":"tram","color":"#d6212b","colorDark":"#7c1116","angle":132.6,"snapDist":1,"label":0}},{"type":"Feature","geometry":{"type":"Point","coordinates":[11.919838,57.694483]},"properties":{"name":"Chapmans Torg","lines":"3, 9","arr":["3","9"],"terminus":0,"mode":"tram","color":"#d6212b","colorDark":"#7c1116","angle":133,"snapDist":0,"label":0}},{"type":"Feature","geometry":{"type":"Point","coordinates":[11.926997,57.696942]},"properties":{"name":"Kaptensgatan","lines":"3, 9","arr":["3","9"],"terminus":0,"mode":"tram","color":"#d6212b","colorDark":"#7c1116","angle":150.3,"snapDist":0,"label":0}},{"type":"Feature","geometry":{"type":"Point","coordinates":[11.934752,57.69837]},"properties":{"name":"Stigbergstorget","lines":"3, 9","arr":["3","9"],"terminus":0,"mode":"tram","color":"#d6212b","colorDark":"#7c1116","angle":259.3,"snapDist":2,"label":0}},{"type":"Feature","geometry":{"type":"Point","coordinates":[11.936266,57.694164]},"properties":{"name":"Fjällgatan","lines":"3, 9","arr":["3","9"],"terminus":0,"mode":"tram","color":"#d6212b","colorDark":"#7c1116","angle":257.7,"snapDist":1,"label":0}},{"type":"Feature","geometry":{"type":"Point","coordinates":[11.935572,57.691097]},"properties":{"name":"Majvallen","lines":"3, 9","arr":["3","9"],"terminus":0,"mode":"tram","color":"#d6212b","colorDark":"#7c1116","angle":294.5,"snapDist":0,"label":0}},{"type":"Feature","geometry":{"type":"Point","coordinates":[11.92772,57.686459]},"properties":{"name":"Ekedal","lines":"3, 9","arr":["3","9"],"terminus":0,"mode":"tram","color":"#d6212b","colorDark":"#7c1116","angle":284.2,"snapDist":0,"label":0}},{"type":"Feature","geometry":{"type":"Point","coordinates":[11.92612,57.685333]},"properties":{"name":"Godhemsgatan","lines":"3, 9","arr":["3","9"],"terminus":0,"mode":"tram","color":"#d6212b","colorDark":"#7c1116","angle":321.7,"snapDist":0,"label":0}},{"type":"Feature","geometry":{"type":"Point","coordinates":[11.970458,57.698917]},"properties":{"name":"Vasaplatsen","lines":"3, 7, 10","arr":["3","7","10"],"terminus":0,"mode":"tram","color":"#d6212b","colorDark":"#7c1116","angle":141.9,"snapDist":0,"label":0}},{"type":"Feature","geometry":{"type":"Point","coordinates":[11.974114,57.700422]},"properties":{"name":"Valand","lines":"3, 7, 10","arr":["3","7","10"],"terminus":0,"mode":"tram","color":"#d6212b","colorDark":"#7c1116","angle":141.2,"snapDist":0,"label":0}},{"type":"Feature","geometry":{"type":"Point","coordinates":[11.969543,57.704196]},"properties":{"name":"Kungsportsplatsen","lines":"3, 4, 5, 7, 10","arr":["3","4","5","7","10"],"terminus":0,"mode":"tram","color":"#d6212b","colorDark":"#7c1116","angle":58.8,"snapDist":2,"label":0}},{"type":"Feature","geometry":{"type":"Point","coordinates":[12.025023,57.716269]},"properties":{"name":"Solrosgatan","lines":"3, 5","arr":["3","5"],"terminus":0,"mode":"tram","color":"#d6212b","colorDark":"#7c1116","angle":276.2,"snapDist":0,"label":0}},{"type":"Feature","geometry":{"type":"Point","coordinates":[12.02352,57.711246]},"properties":{"name":"Virginsgatan","lines":"3, 5","arr":["3","5"],"terminus":0,"mode":"tram","color":"#d6212b","colorDark":"#7c1116","angle":274.9,"snapDist":0,"label":0}},{"type":"Feature","geometry":{"type":"Point","coordinates":[12.049217,57.795519]},"properties":{"name":"Angered Centrum","lines":"4, X","arr":["4","X#2"],"terminus":1,"mode":"tram","color":"#d6212b","colorDark":"#7c1116","angle":289.2,"snapDist":1,"label":1}},{"type":"Feature","geometry":{"type":"Point","coordinates":[12.046255,57.784876]},"properties":{"name":"Storås","lines":"4, 8, 9, X","arr":["4","8","9","X#2"],"terminus":0,"mode":"tram","color":"#d6212b","colorDark":"#7c1116","angle":288.5,"snapDist":2,"label":1}},{"type":"Feature","geometry":{"type":"Point","coordinates":[12.035619,57.779601]},"properties":{"name":"Hammarkullen","lines":"4, 8, 9, X","arr":["4","8","9","X#2"],"terminus":0,"mode":"tram","color":"#d6212b","colorDark":"#7c1116","angle":349,"snapDist":23,"label":1}},{"type":"Feature","geometry":{"type":"Point","coordinates":[12.022379,57.769261]},"properties":{"name":"Hjällbo","lines":"4, 8, 9, X","arr":["4","8","9","X#2"],"terminus":0,"mode":"tram","color":"#d6212b","colorDark":"#7c1116","angle":283.7,"snapDist":0,"label":1}},{"type":"Feature","geometry":{"type":"Point","coordinates":[12.004488,57.727626]},"properties":{"name":"Gamlestads Torg","lines":"4, 8, 9","arr":["4","8","9"],"terminus":0,"mode":"tram","color":"#d6212b","colorDark":"#7c1116","angle":281.4,"snapDist":2,"label":1}},{"type":"Feature","geometry":{"type":"Point","coordinates":[11.975471,57.700021]},"properties":{"name":"Valand","lines":"4, 5","arr":["4","5"],"terminus":0,"mode":"tram","color":"#d6212b","colorDark":"#7c1116","angle":232.3,"snapDist":0,"label":0}},{"type":"Feature","geometry":{"type":"Point","coordinates":[11.981623,57.698617]},"properties":{"name":"Berzeliigatan","lines":"4, 5","arr":["4","5"],"terminus":0,"mode":"tram","color":"#d6212b","colorDark":"#7c1116","angle":223.1,"snapDist":2,"label":1}},{"type":"Feature","geometry":{"type":"Point","coordinates":[11.986985,57.696853]},"properties":{"name":"Korsvägen","lines":"4, 5","arr":["4","5"],"terminus":0,"mode":"tram","color":"#d6212b","colorDark":"#7c1116","angle":170.8,"snapDist":0,"label":1}},{"type":"Feature","geometry":{"type":"Point","coordinates":[11.992113,57.691673]},"properties":{"name":"Liseberg Södra","lines":"4, 12","arr":["4","12"],"terminus":0,"mode":"tram","color":"#d6212b","colorDark":"#7c1116","angle":237.6,"snapDist":0,"label":1}},{"type":"Feature","geometry":{"type":"Point","coordinates":[11.997435,57.686833]},"properties":{"name":"Almedal","lines":"4, 12","arr":["4","12"],"terminus":0,"mode":"tram","color":"#d6212b","colorDark":"#7c1116","angle":233.5,"snapDist":2,"label":1}},{"type":"Feature","geometry":{"type":"Point","coordinates":[12.000473,57.683388]},"properties":{"name":"Elisedal","lines":"4, 12","arr":["4","12"],"terminus":0,"mode":"tram","color":"#d6212b","colorDark":"#7c1116","angle":249.2,"snapDist":0,"label":1}},{"type":"Feature","geometry":{"type":"Point","coordinates":[12.003142,57.679487]},"properties":{"name":"Varbergsgatan","lines":"4, 12","arr":["4","12"],"terminus":0,"mode":"tram","color":"#d6212b","colorDark":"#7c1116","angle":251.2,"snapDist":0,"label":1}},{"type":"Feature","geometry":{"type":"Point","coordinates":[12.004459,57.67801]},"properties":{"name":"Lana","lines":"4, 12","arr":["4","12"],"terminus":0,"mode":"tram","color":"#d6212b","colorDark":"#7c1116","angle":238.9,"snapDist":0,"label":1}},{"type":"Feature","geometry":{"type":"Point","coordinates":[12.007867,57.675391]},"properties":{"name":"Krokslätts torg","lines":"4, 12","arr":["4","12"],"terminus":0,"mode":"tram","color":"#d6212b","colorDark":"#7c1116","angle":241.5,"snapDist":1,"label":1}},{"type":"Feature","geometry":{"type":"Point","coordinates":[12.00997,57.671921]},"properties":{"name":"Krokslätts Fabriker","lines":"4, 12","arr":["4","12"],"terminus":0,"mode":"tram","color":"#d6212b","colorDark":"#7c1116","angle":257.5,"snapDist":1,"label":1}},{"type":"Feature","geometry":{"type":"Point","coordinates":[12.011884,57.665188]},"properties":{"name":"Lackarebäck","lines":"4, 12","arr":["4","12"],"terminus":0,"mode":"tram","color":"#d6212b","colorDark":"#7c1116","angle":256.2,"snapDist":0,"label":1}},{"type":"Feature","geometry":{"type":"Point","coordinates":[12.013671,57.661439]},"properties":{"name":"Mölndals sjukhus","lines":"4, 12","arr":["4","12"],"terminus":0,"mode":"tram","color":"#d6212b","colorDark":"#7c1116","angle":254.8,"snapDist":1,"label":1}},{"type":"Feature","geometry":{"type":"Point","coordinates":[12.017089,57.656253]},"properties":{"name":"Mölndals Innerstad","lines":"4, 12","arr":["4","12"],"terminus":0,"mode":"tram","color":"#d6212b","colorDark":"#7c1116","angle":246.1,"snapDist":0,"label":0}},{"type":"Feature","geometry":{"type":"Point","coordinates":[12.01754,57.654608]},"properties":{"name":"Mölndals Innerstad","lines":"4","arr":["4"],"terminus":1,"mode":"tram","color":"#d6212b","colorDark":"#7c1116","angle":85.8,"snapDist":2,"label":1}},{"type":"Feature","geometry":{"type":"Point","coordinates":[12.017069,57.65636]},"properties":{"name":"Mölndals Innerstad","lines":"4, 12","arr":["4","12"],"terminus":0,"mode":"tram","color":"#d6212b","colorDark":"#7c1116","angle":66.4,"snapDist":2,"label":0}},{"type":"Feature","geometry":{"type":"Point","coordinates":[12.013673,57.661572]},"properties":{"name":"Mölndals sjukhus","lines":"4, 12","arr":["4","12"],"terminus":0,"mode":"tram","color":"#d6212b","colorDark":"#7c1116","angle":74.7,"snapDist":0,"label":0}},{"type":"Feature","geometry":{"type":"Point","coordinates":[12.011396,57.666507]},"properties":{"name":"Lackarebäck","lines":"4, 12","arr":["4","12"],"terminus":0,"mode":"tram","color":"#d6212b","colorDark":"#7c1116","angle":81.1,"snapDist":0,"label":0}},{"type":"Feature","geometry":{"type":"Point","coordinates":[12.009954,57.672117]},"properties":{"name":"Krokslätts Fabriker","lines":"4, 12","arr":["4","12"],"terminus":0,"mode":"tram","color":"#d6212b","colorDark":"#7c1116","angle":78.3,"snapDist":0,"label":0}},{"type":"Feature","geometry":{"type":"Point","coordinates":[12.007977,57.675345]},"properties":{"name":"Krokslätts torg","lines":"4, 12","arr":["4","12"],"terminus":0,"mode":"tram","color":"#d6212b","colorDark":"#7c1116","angle":60.3,"snapDist":1,"label":0}},{"type":"Feature","geometry":{"type":"Point","coordinates":[12.00415,57.678368]},"properties":{"name":"Lana","lines":"4, 12","arr":["4","12"],"terminus":0,"mode":"tram","color":"#d6212b","colorDark":"#7c1116","angle":61.9,"snapDist":0,"label":0}},{"type":"Feature","geometry":{"type":"Point","coordinates":[12.002492,57.680561]},"properties":{"name":"Varbergsgatan","lines":"4, 12","arr":["4","12"],"terminus":0,"mode":"tram","color":"#d6212b","colorDark":"#7c1116","angle":68.1,"snapDist":1,"label":0}},{"type":"Feature","geometry":{"type":"Point","coordinates":[11.999891,57.684382]},"properties":{"name":"Elisedal","lines":"4, 12","arr":["4","12"],"terminus":0,"mode":"tram","color":"#d6212b","colorDark":"#7c1116","angle":72.7,"snapDist":0,"label":0}},{"type":"Feature","geometry":{"type":"Point","coordinates":[11.996547,57.687572]},"properties":{"name":"Almedal","lines":"4, 12","arr":["4","12"],"terminus":0,"mode":"tram","color":"#d6212b","colorDark":"#7c1116","angle":58,"snapDist":0,"label":0}},{"type":"Feature","geometry":{"type":"Point","coordinates":[11.991758,57.692021]},"properties":{"name":"Liseberg Södra","lines":"4, 12","arr":["4","12"],"terminus":0,"mode":"tram","color":"#d6212b","colorDark":"#7c1116","angle":53.2,"snapDist":1,"label":0}},{"type":"Feature","geometry":{"type":"Point","coordinates":[11.986234,57.696827]},"properties":{"name":"Korsvägen","lines":"4, 5","arr":["4","5"],"terminus":0,"mode":"tram","color":"#d6212b","colorDark":"#7c1116","angle":351.7,"snapDist":1,"label":0}},{"type":"Feature","geometry":{"type":"Point","coordinates":[11.982158,57.698394]},"properties":{"name":"Berzeliigatan","lines":"4, 5","arr":["4","5"],"terminus":0,"mode":"tram","color":"#d6212b","colorDark":"#7c1116","angle":42.1,"snapDist":0,"label":0}},{"type":"Feature","geometry":{"type":"Point","coordinates":[11.974861,57.700482]},"properties":{"name":"Valand","lines":"4, 5","arr":["4","5"],"terminus":0,"mode":"tram","color":"#d6212b","colorDark":"#7c1116","angle":52.8,"snapDist":0,"label":0}},{"type":"Feature","geometry":{"type":"Point","coordinates":[11.969775,57.706706]},"properties":{"name":"Brunnsparken","lines":"4, 7, 9, 11","arr":["4","7","9","11"],"terminus":0,"mode":"tram","color":"#d6212b","colorDark":"#7c1116","angle":163.7,"snapDist":1,"label":0}},{"type":"Feature","geometry":{"type":"Point","coordinates":[11.973607,57.707549]},"properties":{"name":"Drottningtorget","lines":"4, 7, 9, 11","arr":["4","7","9","11"],"terminus":0,"mode":"tram","color":"#d6212b","colorDark":"#7c1116","angle":184,"snapDist":1,"label":0}},{"type":"Feature","geometry":{"type":"Point","coordinates":[12.004617,57.727865]},"properties":{"name":"Gamlestads Torg","lines":"4, 8, 9","arr":["4","8","9"],"terminus":0,"mode":"tram","color":"#d6212b","colorDark":"#7c1116","angle":98.4,"snapDist":4,"label":0}},{"type":"Feature","geometry":{"type":"Point","coordinates":[12.022373,57.769662]},"properties":{"name":"Hjällbo","lines":"4, 8, 9, X","arr":["4","8","9","X#2"],"terminus":0,"mode":"tram","color":"#d6212b","colorDark":"#7c1116","angle":103.6,"snapDist":2,"label":0}},{"type":"Feature","geometry":{"type":"Point","coordinates":[12.03634,57.780012]},"properties":{"name":"Hammarkullen","lines":"4, 8, 9, X","arr":["4","8","9","X#2"],"terminus":0,"mode":"tram","color":"#d6212b","colorDark":"#7c1116","angle":168.4,"snapDist":11,"label":0}},{"type":"Feature","geometry":{"type":"Point","coordinates":[12.046281,57.785245]},"properties":{"name":"Storås","lines":"4, 8, 9, X","arr":["4","8","9","X#2"],"terminus":0,"mode":"tram","color":"#d6212b","colorDark":"#7c1116","angle":105.6,"snapDist":0,"label":0}},{"type":"Feature","geometry":{"type":"Point","coordinates":[12.049546,57.796008]},"properties":{"name":"Angered Centrum","lines":"4, X","arr":["4","X#2"],"terminus":1,"mode":"tram","color":"#d6212b","colorDark":"#7c1116","angle":289.9,"snapDist":2,"label":0}},{"type":"Feature","geometry":{"type":"Point","coordinates":[12.048143,57.722424]},"properties":{"name":"Östra Sjukhuset","lines":"5","arr":["5"],"terminus":1,"mode":"tram","color":"#d6212b","colorDark":"#7c1116","angle":211.9,"snapDist":1,"label":0}},{"type":"Feature","geometry":{"type":"Point","coordinates":[12.023907,57.706097]},"properties":{"name":"Welandergatan","lines":"5","arr":["5"],"terminus":0,"mode":"tram","color":"#d6212b","colorDark":"#7c1116","angle":260.1,"snapDist":1,"label":1}},{"type":"Feature","geometry":{"type":"Point","coordinates":[12.022379,57.702474]},"properties":{"name":"Töpelsgatan","lines":"5","arr":["5"],"terminus":0,"mode":"tram","color":"#d6212b","colorDark":"#7c1116","angle":320.2,"snapDist":0,"label":1}},{"type":"Feature","geometry":{"type":"Point","coordinates":[12.016416,57.701109]},"properties":{"name":"Bögatan","lines":"5","arr":["5"],"terminus":0,"mode":"tram","color":"#d6212b","colorDark":"#7c1116","angle":332.7,"snapDist":0,"label":1}},{"type":"Feature","geometry":{"type":"Point","coordinates":[12.009649,57.699668]},"properties":{"name":"Ekmanska","lines":"5","arr":["5"],"terminus":0,"mode":"tram","color":"#d6212b","colorDark":"#7c1116","angle":349.5,"snapDist":0,"label":1}},{"type":"Feature","geometry":{"type":"Point","coordinates":[11.999148,57.698573]},"properties":{"name":"Sankt Sigfrids Plan","lines":"5","arr":["5"],"terminus":0,"mode":"tram","color":"#d6212b","colorDark":"#7c1116","angle":307.9,"snapDist":0,"label":1}},{"type":"Feature","geometry":{"type":"Point","coordinates":[11.993919,57.697531]},"properties":{"name":"Liseberg Station","lines":"5","arr":["5"],"terminus":0,"mode":"tram","color":"#d6212b","colorDark":"#7c1116","angle":350.6,"snapDist":3,"label":1}},{"type":"Feature","geometry":{"type":"Point","coordinates":[11.967686,57.707456]},"properties":{"name":"Brunnsparken","lines":"5, 10","arr":["5","10"],"terminus":0,"mode":"tram","color":"#d6212b","colorDark":"#7c1116","angle":74.4,"snapDist":1,"label":0}},{"type":"Feature","geometry":{"type":"Point","coordinates":[11.966697,57.709365]},"properties":{"name":"Lilla Bommen","lines":"5, 10","arr":["5","10"],"terminus":0,"mode":"tram","color":"#d6212b","colorDark":"#7c1116","angle":74.9,"snapDist":0,"label":1}},{"type":"Feature","geometry":{"type":"Point","coordinates":[11.895292,57.732621]},"properties":{"name":"Temperaturgatan","lines":"5, 6","arr":["5","6"],"terminus":0,"mode":"tram","color":"#d6212b","colorDark":"#7c1116","angle":100.8,"snapDist":0,"label":1}},{"type":"Feature","geometry":{"type":"Point","coordinates":[11.89658,57.73701]},"properties":{"name":"Varmfrontsgatan","lines":"5","arr":["5"],"terminus":0,"mode":"tram","color":"#d6212b","colorDark":"#7c1116","angle":73.5,"snapDist":1,"label":0}},{"type":"Feature","geometry":{"type":"Point","coordinates":[11.895858,57.736921]},"properties":{"name":"Varmfrontsgatan","lines":"5","arr":["5"],"terminus":1,"mode":"tram","color":"#d6212b","colorDark":"#7c1116","angle":222.2,"snapDist":1,"label":1}},{"type":"Feature","geometry":{"type":"Point","coordinates":[11.896545,57.736588]},"properties":{"name":"Varmfrontsgatan","lines":"5","arr":["5"],"terminus":0,"mode":"tram","color":"#d6212b","colorDark":"#7c1116","angle":222.6,"snapDist":1,"label":0}},{"type":"Feature","geometry":{"type":"Point","coordinates":[11.895253,57.732701]},"properties":{"name":"Temperaturgatan","lines":"5, 6","arr":["5","6"],"terminus":0,"mode":"tram","color":"#d6212b","colorDark":"#7c1116","angle":280.5,"snapDist":0,"label":0}},{"type":"Feature","geometry":{"type":"Point","coordinates":[11.89332,57.726543]},"properties":{"name":"Väderilsgatan","lines":"5, 6","arr":["5","6"],"terminus":0,"mode":"tram","color":"#d6212b","colorDark":"#7c1116","angle":279.3,"snapDist":4,"label":0}},{"type":"Feature","geometry":{"type":"Point","coordinates":[11.966829,57.708993]},"properties":{"name":"Lilla Bommen","lines":"5, 10","arr":["5","10"],"terminus":0,"mode":"tram","color":"#d6212b","colorDark":"#7c1116","angle":255.2,"snapDist":1,"label":0}},{"type":"Feature","geometry":{"type":"Point","coordinates":[11.967776,57.707176]},"properties":{"name":"Brunnsparken","lines":"5, 10","arr":["5","10"],"terminus":0,"mode":"tram","color":"#d6212b","colorDark":"#7c1116","angle":254.2,"snapDist":2,"label":0}},{"type":"Feature","geometry":{"type":"Point","coordinates":[11.994697,57.697553]},"properties":{"name":"Liseberg Station","lines":"5","arr":["5"],"terminus":0,"mode":"tram","color":"#d6212b","colorDark":"#7c1116","angle":172.6,"snapDist":1,"label":0}},{"type":"Feature","geometry":{"type":"Point","coordinates":[11.999515,57.698754]},"properties":{"name":"Sankt Sigfrids Plan","lines":"5","arr":["5"],"terminus":0,"mode":"tram","color":"#d6212b","colorDark":"#7c1116","angle":133.9,"snapDist":0,"label":0}},{"type":"Feature","geometry":{"type":"Point","coordinates":[12.009187,57.699589]},"properties":{"name":"Ekmanska","lines":"5","arr":["5"],"terminus":0,"mode":"tram","color":"#d6212b","colorDark":"#7c1116","angle":170.7,"snapDist":0,"label":0}},{"type":"Feature","geometry":{"type":"Point","coordinates":[12.016075,57.700966]},"properties":{"name":"Bögatan","lines":"5","arr":["5"],"terminus":0,"mode":"tram","color":"#d6212b","colorDark":"#7c1116","angle":150.1,"snapDist":0,"label":0}},{"type":"Feature","geometry":{"type":"Point","coordinates":[12.022221,57.70237]},"properties":{"name":"Töpelsgatan","lines":"5","arr":["5"],"terminus":0,"mode":"tram","color":"#d6212b","colorDark":"#7c1116","angle":145.4,"snapDist":0,"label":0}},{"type":"Feature","geometry":{"type":"Point","coordinates":[12.024109,57.705794]},"properties":{"name":"Welandergatan","lines":"5","arr":["5"],"terminus":0,"mode":"tram","color":"#d6212b","colorDark":"#7c1116","angle":76.5,"snapDist":1,"label":0}},{"type":"Feature","geometry":{"type":"Point","coordinates":[12.047503,57.722637]},"properties":{"name":"Östra Sjukhuset","lines":"5","arr":["5"],"terminus":1,"mode":"tram","color":"#d6212b","colorDark":"#7c1116","angle":212.1,"snapDist":2,"label":0}},{"type":"Feature","geometry":{"type":"Point","coordinates":[12.041003,57.761411]},"properties":{"name":"Aprilgatan","lines":"6","arr":["6"],"terminus":1,"mode":"tram","color":"#d6212b","colorDark":"#7c1116","angle":302.3,"snapDist":0,"label":1}},{"type":"Feature","geometry":{"type":"Point","coordinates":[12.041035,57.760828]},"properties":{"name":"Aprilgatan","lines":"6","arr":["6"],"terminus":0,"mode":"tram","color":"#d6212b","colorDark":"#7c1116","angle":263.2,"snapDist":0,"label":0}},{"type":"Feature","geometry":{"type":"Point","coordinates":[12.037163,57.757191]},"properties":{"name":"Allhelgonakyrkan","lines":"6, 7, 11, X","arr":["6","7","11","X","X#2"],"terminus":0,"mode":"tram","color":"#d6212b","colorDark":"#7c1116","angle":295.6,"snapDist":1,"label":1}},{"type":"Feature","geometry":{"type":"Point","coordinates":[12.033066,57.75287]},"properties":{"name":"Kortedala Torg","lines":"6, 7, 11, X","arr":["6","7","11","X","X#2"],"terminus":0,"mode":"tram","color":"#d6212b","colorDark":"#7c1116","angle":297.9,"snapDist":1,"label":1}},{"type":"Feature","geometry":{"type":"Point","coordinates":[12.030299,57.747998]},"properties":{"name":"Runstavsgatan","lines":"6, 7, 11, X","arr":["6","7","11","X","X#2"],"terminus":0,"mode":"tram","color":"#d6212b","colorDark":"#7c1116","angle":292.2,"snapDist":1,"label":1}},{"type":"Feature","geometry":{"type":"Point","coordinates":[12.029782,57.742542]},"properties":{"name":"Nymånegatan","lines":"6, 7, 11, X","arr":["6","7","11","X","X#2"],"terminus":0,"mode":"tram","color":"#d6212b","colorDark":"#7c1116","angle":273.6,"snapDist":3,"label":1}},{"type":"Feature","geometry":{"type":"Point","coordinates":[12.028575,57.739911]},"properties":{"name":"Beväringsgatan","lines":"6, 7, 11, X","arr":["6","7","11","X","X#2"],"terminus":0,"mode":"tram","color":"#d6212b","colorDark":"#7c1116","angle":298.1,"snapDist":0,"label":1}},{"type":"Feature","geometry":{"type":"Point","coordinates":[12.026399,57.736451]},"properties":{"name":"Kviberg","lines":"6, 7, 11, X","arr":["6","7","11","X","X#2"],"terminus":0,"mode":"tram","color":"#d6212b","colorDark":"#7c1116","angle":276.7,"snapDist":0,"label":1}},{"type":"Feature","geometry":{"type":"Point","coordinates":[12.02403,57.732329]},"properties":{"name":"Bellevue","lines":"6, 7, 11, X","arr":["6","7","11","X","X#2"],"terminus":0,"mode":"tram","color":"#d6212b","colorDark":"#7c1116","angle":325.1,"snapDist":1,"label":1}},{"type":"Feature","geometry":{"type":"Point","coordinates":[12.013675,57.729221]},"properties":{"name":"SKF","lines":"6, 7, 11, X","arr":["6","7","11","X","X#2"],"terminus":0,"mode":"tram","color":"#d6212b","colorDark":"#7c1116","angle":338.8,"snapDist":2,"label":1}},{"type":"Feature","geometry":{"type":"Point","coordinates":[12.005428,57.72758]},"properties":{"name":"Gamlestads Torg","lines":"6, 7, 11, X","arr":["6","7","11","X"],"terminus":0,"mode":"tram","color":"#d6212b","colorDark":"#7c1116","angle":342.5,"snapDist":3,"label":0}},{"type":"Feature","geometry":{"type":"Point","coordinates":[12.005847,57.720848]},"properties":{"name":"Ejdergatan","lines":"6, 8, X","arr":["6","8","X"],"terminus":0,"mode":"tram","color":"#d6212b","colorDark":"#7c1116","angle":278.2,"snapDist":2,"label":1}},{"type":"Feature","geometry":{"type":"Point","coordinates":[12.004505,57.716253]},"properties":{"name":"Redbergsplatsen","lines":"6, 8","arr":["6","8"],"terminus":0,"mode":"tram","color":"#d6212b","colorDark":"#7c1116","angle":286.5,"snapDist":0,"label":0}},{"type":"Feature","geometry":{"type":"Point","coordinates":[11.985032,57.703809]},"properties":{"name":"Ullevi Södra","lines":"6, 8, 12","arr":["6","8","12"],"terminus":0,"mode":"tram","color":"#d6212b","colorDark":"#7c1116","angle":263.6,"snapDist":0,"label":1}},{"type":"Feature","geometry":{"type":"Point","coordinates":[11.98592,57.700191]},"properties":{"name":"Scandinavium","lines":"6, 8, 12","arr":["6","8","12"],"terminus":0,"mode":"tram","color":"#d6212b","colorDark":"#7c1116","angle":262.3,"snapDist":0,"label":1}},{"type":"Feature","geometry":{"type":"Point","coordinates":[11.987219,57.697034]},"properties":{"name":"Korsvägen","lines":"6, 8, 12","arr":["6","8","12"],"terminus":0,"mode":"tram","color":"#d6212b","colorDark":"#7c1116","angle":231.1,"snapDist":2,"label":0}},{"type":"Feature","geometry":{"type":"Point","coordinates":[11.972629,57.6899]},"properties":{"name":"Chalmers","lines":"6, 7, 8, 10","arr":["6","7","8","10"],"terminus":0,"mode":"tram","color":"#d6212b","colorDark":"#7c1116","angle":327.5,"snapDist":4,"label":1}},{"type":"Feature","geometry":{"type":"Point","coordinates":[11.968187,57.688964]},"properties":{"name":"Wavrinskys Plats","lines":"6, 7, 8","arr":["6","7","8"],"terminus":0,"mode":"tram","color":"#d6212b","colorDark":"#7c1116","angle":316.7,"snapDist":0,"label":1}},{"type":"Feature","geometry":{"type":"Point","coordinates":[11.964155,57.685262]},"properties":{"name":"Medicinaregatan","lines":"6, 7, 8","arr":["6","7","8"],"terminus":0,"mode":"tram","color":"#d6212b","colorDark":"#7c1116","angle":297.6,"snapDist":0,"label":1}},{"type":"Feature","geometry":{"type":"Point","coordinates":[11.961372,57.683668]},"properties":{"name":"Sahlgrenska Huvudentré","lines":"6, 7, 8","arr":["6","7","8"],"terminus":0,"mode":"tram","color":"#d6212b","colorDark":"#7c1116","angle":347.2,"snapDist":2,"label":1}},{"type":"Feature","geometry":{"type":"Point","coordinates":[11.962799,57.6996]},"properties":{"name":"Hagakyrkan","lines":"6, 9","arr":["6","9"],"terminus":0,"mode":"tram","color":"#d6212b","colorDark":"#7c1116","angle":183.9,"snapDist":8,"label":1}},{"type":"Feature","geometry":{"type":"Point","coordinates":[11.964107,57.702636]},"properties":{"name":"Grönsakstorget","lines":"6, 9","arr":["6","9"],"terminus":0,"mode":"tram","color":"#d6212b","colorDark":"#7c1116","angle":153,"snapDist":0,"label":0}},{"type":"Feature","geometry":{"type":"Point","coordinates":[11.896482,57.736998]},"properties":{"name":"Varmfrontsgatan","lines":"6","arr":["6"],"terminus":0,"mode":"tram","color":"#d6212b","colorDark":"#7c1116","angle":73.8,"snapDist":1,"label":0}},{"type":"Feature","geometry":{"type":"Point","coordinates":[11.895824,57.736901]},"properties":{"name":"Varmfrontsgatan","lines":"6","arr":["6"],"terminus":1,"mode":"tram","color":"#d6212b","colorDark":"#7c1116","angle":222.8,"snapDist":2,"label":0}},{"type":"Feature","geometry":{"type":"Point","coordinates":[11.896344,57.73665]},"properties":{"name":"Varmfrontsgatan","lines":"6","arr":["6"],"terminus":0,"mode":"tram","color":"#d6212b","colorDark":"#7c1116","angle":220.5,"snapDist":2,"label":0}},{"type":"Feature","geometry":{"type":"Point","coordinates":[11.963611,57.702535]},"properties":{"name":"Grönsakstorget","lines":"6, 9","arr":["6","9"],"terminus":0,"mode":"tram","color":"#d6212b","colorDark":"#7c1116","angle":331.6,"snapDist":0,"label":0}},{"type":"Feature","geometry":{"type":"Point","coordinates":[11.962533,57.69961]},"properties":{"name":"Hagakyrkan","lines":"6, 9","arr":["6","9"],"terminus":0,"mode":"tram","color":"#d6212b","colorDark":"#7c1116","angle":3.9,"snapDist":1,"label":0}},{"type":"Feature","geometry":{"type":"Point","coordinates":[11.961252,57.683622]},"properties":{"name":"Sahlgrenska Huvudentré","lines":"6, 7, 8, 13","arr":["6","7","8","13"],"terminus":0,"mode":"tram","color":"#d6212b","colorDark":"#7c1116","angle":168.5,"snapDist":0,"label":0}},{"type":"Feature","geometry":{"type":"Point","coordinates":[11.964425,57.685491]},"properties":{"name":"Medicinaregatan","lines":"6, 7, 8, 13","arr":["6","7","8","13"],"terminus":0,"mode":"tram","color":"#d6212b","colorDark":"#7c1116","angle":116.3,"snapDist":0,"label":0}},{"type":"Feature","geometry":{"type":"Point","coordinates":[11.968413,57.689027]},"properties":{"name":"Wavrinskys Plats","lines":"6, 7, 8, 13","arr":["6","7","8","13"],"terminus":0,"mode":"tram","color":"#d6212b","colorDark":"#7c1116","angle":137.8,"snapDist":1,"label":0}},{"type":"Feature","geometry":{"type":"Point","coordinates":[11.973196,57.690057]},"properties":{"name":"Chalmers","lines":"6, 7, 8, 10, 13","arr":["6","7","8","10","13"],"terminus":0,"mode":"tram","color":"#d6212b","colorDark":"#7c1116","angle":148.3,"snapDist":3,"label":0}},{"type":"Feature","geometry":{"type":"Point","coordinates":[11.987022,57.69722]},"properties":{"name":"Korsvägen","lines":"6, 8, 12, 13","arr":["6","8","12","13"],"terminus":0,"mode":"tram","color":"#d6212b","colorDark":"#7c1116","angle":51.5,"snapDist":3,"label":0}},{"type":"Feature","geometry":{"type":"Point","coordinates":[11.985829,57.700763]},"properties":{"name":"Scandinavium","lines":"6, 8, 12, 13","arr":["6","8","12","13"],"terminus":0,"mode":"tram","color":"#d6212b","colorDark":"#7c1116","angle":83.5,"snapDist":1,"label":0}},{"type":"Feature","geometry":{"type":"Point","coordinates":[11.984941,57.704967]},"properties":{"name":"Ullevi Södra","lines":"6, 8, 12, 13","arr":["6","8","12","13"],"terminus":0,"mode":"tram","color":"#d6212b","colorDark":"#7c1116","angle":88.8,"snapDist":0,"label":0}},{"type":"Feature","geometry":{"type":"Point","coordinates":[12.004698,57.7165]},"properties":{"name":"Redbergsplatsen","lines":"6, 8","arr":["6","8"],"terminus":0,"mode":"tram","color":"#d6212b","colorDark":"#7c1116","angle":104.8,"snapDist":0,"label":0}},{"type":"Feature","geometry":{"type":"Point","coordinates":[12.005958,57.721051]},"properties":{"name":"Ejdergatan","lines":"6, 8","arr":["6","8"],"terminus":0,"mode":"tram","color":"#d6212b","colorDark":"#7c1116","angle":99.4,"snapDist":0,"label":0}},{"type":"Feature","geometry":{"type":"Point","coordinates":[12.005731,57.72759]},"properties":{"name":"Gamlestads Torg","lines":"6, 7, 11","arr":["6","7","11"],"terminus":0,"mode":"tram","color":"#d6212b","colorDark":"#7c1116","angle":161.2,"snapDist":0,"label":0}},{"type":"Feature","geometry":{"type":"Point","coordinates":[12.0132,57.729104]},"properties":{"name":"SKF","lines":"6, 7, 11, X","arr":["6","7","11","X#2"],"terminus":0,"mode":"tram","color":"#d6212b","colorDark":"#7c1116","angle":158.1,"snapDist":3,"label":0}},{"type":"Feature","geometry":{"type":"Point","coordinates":[12.024672,57.732535]},"properties":{"name":"Bellevue","lines":"6, 7, 11, X","arr":["6","7","11","X#2"],"terminus":0,"mode":"tram","color":"#d6212b","colorDark":"#7c1116","angle":144.5,"snapDist":1,"label":0}},{"type":"Feature","geometry":{"type":"Point","coordinates":[12.026551,57.736834]},"properties":{"name":"Kviberg","lines":"6, 7, 11, X","arr":["6","7","11","X#2"],"terminus":0,"mode":"tram","color":"#d6212b","colorDark":"#7c1116","angle":97,"snapDist":1,"label":0}},{"type":"Feature","geometry":{"type":"Point","coordinates":[12.028558,57.739808]},"properties":{"name":"Beväringsgatan","lines":"6, 7, 11, X","arr":["6","7","11","X#2"],"terminus":0,"mode":"tram","color":"#d6212b","colorDark":"#7c1116","angle":116.3,"snapDist":0,"label":0}},{"type":"Feature","geometry":{"type":"Point","coordinates":[12.029875,57.742798]},"properties":{"name":"Nymånegatan","lines":"6, 7, 11, X","arr":["6","7","11","X#2"],"terminus":0,"mode":"tram","color":"#d6212b","colorDark":"#7c1116","angle":91.1,"snapDist":0,"label":0}},{"type":"Feature","geometry":{"type":"Point","coordinates":[12.030311,57.747908]},"properties":{"name":"Runstavsgatan","lines":"6, 7, 11, X","arr":["6","7","11","X#2"],"terminus":0,"mode":"tram","color":"#d6212b","colorDark":"#7c1116","angle":108.3,"snapDist":1,"label":0}},{"type":"Feature","geometry":{"type":"Point","coordinates":[12.033044,57.752783]},"properties":{"name":"Kortedala Torg","lines":"6, 7, 11, X","arr":["6","7","11","X#2"],"terminus":0,"mode":"tram","color":"#d6212b","colorDark":"#7c1116","angle":119.3,"snapDist":1,"label":0}},{"type":"Feature","geometry":{"type":"Point","coordinates":[12.037517,57.757498]},"properties":{"name":"Allhelgonakyrkan","lines":"6, 7, 11, X","arr":["6","7","11","X#2"],"terminus":0,"mode":"tram","color":"#d6212b","colorDark":"#7c1116","angle":119.2,"snapDist":1,"label":0}},{"type":"Feature","geometry":{"type":"Point","coordinates":[12.041553,57.76093]},"properties":{"name":"Aprilgatan","lines":"6","arr":["6"],"terminus":0,"mode":"tram","color":"#d6212b","colorDark":"#7c1116","angle":108.7,"snapDist":3,"label":0}},{"type":"Feature","geometry":{"type":"Point","coordinates":[12.071508,57.750993]},"properties":{"name":"Komettorget","lines":"7","arr":["7"],"terminus":1,"mode":"tram","color":"#d6212b","colorDark":"#7c1116","angle":234.7,"snapDist":0,"label":1}},{"type":"Feature","geometry":{"type":"Point","coordinates":[12.066886,57.755801]},"properties":{"name":"Rymdtorget Spårvagn","lines":"7, 11, X","arr":["7","11","X","X#2"],"terminus":0,"mode":"tram","color":"#d6212b","colorDark":"#7c1116","angle":74.1,"snapDist":1,"label":1}},{"type":"Feature","geometry":{"type":"Point","coordinates":[12.059973,57.759312]},"properties":{"name":"Teleskopgatan","lines":"7, 11, X","arr":["7","11","X","X#2"],"terminus":0,"mode":"tram","color":"#d6212b","colorDark":"#7c1116","angle":5.3,"snapDist":1,"label":1}},{"type":"Feature","geometry":{"type":"Point","coordinates":[12.051641,57.760523]},"properties":{"name":"Galileis Gata","lines":"7, 11, X","arr":["7","11","X","X#2"],"terminus":0,"mode":"tram","color":"#d6212b","colorDark":"#7c1116","angle":25,"snapDist":1,"label":1}},{"type":"Feature","geometry":{"type":"Point","coordinates":[12.041238,57.760323]},"properties":{"name":"Januarigatan","lines":"7, 11, X","arr":["7","11","X","X#2"],"terminus":0,"mode":"tram","color":"#d6212b","colorDark":"#7c1116","angle":306,"snapDist":0,"label":1}},{"type":"Feature","geometry":{"type":"Point","coordinates":[11.973585,57.692689]},"properties":{"name":"Kapellplatsen","lines":"7, 10","arr":["7","10"],"terminus":0,"mode":"tram","color":"#d6212b","colorDark":"#7c1116","angle":256.3,"snapDist":1,"label":1}},{"type":"Feature","geometry":{"type":"Point","coordinates":[11.901737,57.641868]},"properties":{"name":"Opaltorget","lines":"7","arr":["7"],"terminus":1,"mode":"tram","color":"#d6212b","colorDark":"#7c1116","angle":169.8,"snapDist":3,"label":0}},{"type":"Feature","geometry":{"type":"Point","coordinates":[11.97334,57.693322]},"properties":{"name":"Kapellplatsen","lines":"7, 10","arr":["7","10"],"terminus":0,"mode":"tram","color":"#d6212b","colorDark":"#7c1116","angle":75.7,"snapDist":3,"label":0}},{"type":"Feature","geometry":{"type":"Point","coordinates":[12.041217,57.760248]},"properties":{"name":"Januarigatan","lines":"7, 11, X","arr":["7","11","X#2"],"terminus":0,"mode":"tram","color":"#d6212b","colorDark":"#7c1116","angle":124.1,"snapDist":0,"label":0}},{"type":"Feature","geometry":{"type":"Point","coordinates":[12.051485,57.760523]},"properties":{"name":"Galileis Gata","lines":"7, 11, X","arr":["7","11","X#2"],"terminus":0,"mode":"tram","color":"#d6212b","colorDark":"#7c1116","angle":206.8,"snapDist":0,"label":0}},{"type":"Feature","geometry":{"type":"Point","coordinates":[12.059806,57.759288]},"properties":{"name":"Teleskopgatan","lines":"7, 11, X","arr":["7","11","X#2"],"terminus":0,"mode":"tram","color":"#d6212b","colorDark":"#7c1116","angle":186.4,"snapDist":1,"label":0}},{"type":"Feature","geometry":{"type":"Point","coordinates":[12.06679,57.755872]},"properties":{"name":"Rymdtorget Spårvagn","lines":"7, 11, X","arr":["7","11","X#2"],"terminus":0,"mode":"tram","color":"#d6212b","colorDark":"#7c1116","angle":252.7,"snapDist":0,"label":0}},{"type":"Feature","geometry":{"type":"Point","coordinates":[12.071015,57.751368]},"properties":{"name":"Komettorget","lines":"7","arr":["7"],"terminus":1,"mode":"tram","color":"#d6212b","colorDark":"#7c1116","angle":235.1,"snapDist":4,"label":0}},{"type":"Feature","geometry":{"type":"Point","coordinates":[12.048998,57.795548]},"properties":{"name":"Angered Centrum","lines":"8","arr":["8"],"terminus":1,"mode":"tram","color":"#d6212b","colorDark":"#7c1116","angle":289.9,"snapDist":1,"label":0}},{"type":"Feature","geometry":{"type":"Point","coordinates":[11.910713,57.652256]},"properties":{"name":"Frölunda Torg Vändslinga","lines":"8","arr":["8"],"terminus":1,"mode":"tram","color":"#d6212b","colorDark":"#7c1116","angle":93.4,"snapDist":8,"label":1}},{"type":"Feature","geometry":{"type":"Point","coordinates":[12.049316,57.796032]},"properties":{"name":"Angered Centrum","lines":"8","arr":["8"],"terminus":1,"mode":"tram","color":"#d6212b","colorDark":"#7c1116","angle":288.7,"snapDist":1,"label":0}},{"type":"Feature","geometry":{"type":"Point","coordinates":[12.049108,57.795535]},"properties":{"name":"Angered Centrum","lines":"9","arr":["9"],"terminus":1,"mode":"tram","color":"#d6212b","colorDark":"#7c1116","angle":289.4,"snapDist":1,"label":0}},{"type":"Feature","geometry":{"type":"Point","coordinates":[11.912651,57.688995]},"properties":{"name":"Vagnhallen Majorna","lines":"9","arr":["9"],"terminus":0,"mode":"tram","color":"#d6212b","colorDark":"#7c1116","angle":220.9,"snapDist":1,"label":0}},{"type":"Feature","geometry":{"type":"Point","coordinates":[11.915123,57.687817]},"properties":{"name":"Ostindiegatan","lines":"9","arr":["9"],"terminus":0,"mode":"tram","color":"#d6212b","colorDark":"#7c1116","angle":222.4,"snapDist":2,"label":1}},{"type":"Feature","geometry":{"type":"Point","coordinates":[11.915594,57.687641]},"properties":{"name":"Ostindiegatan","lines":"9","arr":["9"],"terminus":0,"mode":"tram","color":"#d6212b","colorDark":"#7c1116","angle":42,"snapDist":1,"label":0}},{"type":"Feature","geometry":{"type":"Point","coordinates":[11.912368,57.689167]},"properties":{"name":"Vagnhallen Majorna","lines":"9","arr":["9"],"terminus":0,"mode":"tram","color":"#d6212b","colorDark":"#7c1116","angle":40.6,"snapDist":0,"label":0}},{"type":"Feature","geometry":{"type":"Point","coordinates":[12.049436,57.796023]},"properties":{"name":"Angered Centrum","lines":"9","arr":["9"],"terminus":1,"mode":"tram","color":"#d6212b","colorDark":"#7c1116","angle":289.6,"snapDist":2,"label":0}},{"type":"Feature","geometry":{"type":"Point","coordinates":[11.934817,57.707392]},"properties":{"name":"Lindholmen","lines":"10","arr":["10"],"terminus":1,"mode":"tram","color":"#d6212b","colorDark":"#7c1116","angle":-16.7,"snapDist":18,"label":1}},{"type":"Feature","geometry":{"type":"Point","coordinates":[11.938328,57.708194]},"properties":{"name":"Lindholmen","lines":"10, 12","arr":["10","12"],"terminus":0,"mode":"tram","color":"#d6212b","colorDark":"#7c1116","angle":133,"snapDist":1,"label":1}},{"type":"Feature","geometry":{"type":"Point","coordinates":[11.945031,57.712054]},"properties":{"name":"Pumpgatan","lines":"10, 12","arr":["10","12"],"terminus":0,"mode":"tram","color":"#d6212b","colorDark":"#7c1116","angle":133.3,"snapDist":1,"label":1}},{"type":"Feature","geometry":{"type":"Point","coordinates":[11.962042,57.717938]},"properties":{"name":"Jubileumsparken","lines":"10, 12","arr":["10","12"],"terminus":0,"mode":"tram","color":"#d6212b","colorDark":"#7c1116","angle":159.6,"snapDist":2,"label":1}},{"type":"Feature","geometry":{"type":"Point","coordinates":[11.968444,57.688727]},"properties":{"name":"Wavrinskys Plats","lines":"10","arr":["10"],"terminus":0,"mode":"tram","color":"#d6212b","colorDark":"#7c1116","angle":274.3,"snapDist":0,"label":0}},{"type":"Feature","geometry":{"type":"Point","coordinates":[11.972708,57.684459]},"properties":{"name":"Doktor Fries Torg","lines":"10","arr":["10"],"terminus":0,"mode":"tram","color":"#d6212b","colorDark":"#7c1116","angle":215,"snapDist":0,"label":1}},{"type":"Feature","geometry":{"type":"Point","coordinates":[11.975272,57.680868]},"properties":{"name":"Doktor Sydows Gata","lines":"10","arr":["10"],"terminus":1,"mode":"tram","color":"#d6212b","colorDark":"#7c1116","angle":312.4,"snapDist":4,"label":1}},{"type":"Feature","geometry":{"type":"Point","coordinates":[11.975793,57.680904]},"properties":{"name":"Doktor Sydows Gata","lines":"10","arr":["10"],"terminus":1,"mode":"tram","color":"#d6212b","colorDark":"#7c1116","angle":95,"snapDist":0,"label":0}},{"type":"Feature","geometry":{"type":"Point","coordinates":[11.97316,57.684329]},"properties":{"name":"Doktor Fries Torg","lines":"10","arr":["10"],"terminus":0,"mode":"tram","color":"#d6212b","colorDark":"#7c1116","angle":38,"snapDist":0,"label":0}},{"type":"Feature","geometry":{"type":"Point","coordinates":[11.968602,57.689012]},"properties":{"name":"Wavrinskys Plats","lines":"10","arr":["10"],"terminus":0,"mode":"tram","color":"#d6212b","colorDark":"#7c1116","angle":102.7,"snapDist":1,"label":0}},{"type":"Feature","geometry":{"type":"Point","coordinates":[11.961481,57.71787]},"properties":{"name":"Jubileumsparken","lines":"10, 12","arr":["10","12"],"terminus":0,"mode":"tram","color":"#d6212b","colorDark":"#7c1116","angle":339.3,"snapDist":8,"label":0}},{"type":"Feature","geometry":{"type":"Point","coordinates":[11.944456,57.711784]},"properties":{"name":"Pumpgatan","lines":"10, 12","arr":["10","12"],"terminus":0,"mode":"tram","color":"#d6212b","colorDark":"#7c1116","angle":313.5,"snapDist":3,"label":0}},{"type":"Feature","geometry":{"type":"Point","coordinates":[11.937838,57.707969]},"properties":{"name":"Lindholmen","lines":"10, 12","arr":["10","12"],"terminus":0,"mode":"tram","color":"#d6212b","colorDark":"#7c1116","angle":312.4,"snapDist":7,"label":0}},{"type":"Feature","geometry":{"type":"Point","coordinates":[12.071427,57.750963]},"properties":{"name":"Komettorget","lines":"11, X","arr":["11","X","X#2"],"terminus":1,"mode":"tram","color":"#d6212b","colorDark":"#7c1116","angle":240.9,"snapDist":0,"label":0}},{"type":"Feature","geometry":{"type":"Point","coordinates":[11.894662,57.677879]},"properties":{"name":"Nya Varvsallén","lines":"11, 13","arr":["11","13"],"terminus":0,"mode":"tram","color":"#d6212b","colorDark":"#7c1116","angle":328.8,"snapDist":1,"label":1}},{"type":"Feature","geometry":{"type":"Point","coordinates":[11.884178,57.674858]},"properties":{"name":"Hagen","lines":"11, 13","arr":["11","13"],"terminus":0,"mode":"tram","color":"#d6212b","colorDark":"#7c1116","angle":340,"snapDist":0,"label":1}},{"type":"Feature","geometry":{"type":"Point","coordinates":[11.879312,57.672368]},"properties":{"name":"Tranered","lines":"11, 13","arr":["11","13"],"terminus":0,"mode":"tram","color":"#d6212b","colorDark":"#7c1116","angle":301.8,"snapDist":1,"label":1}},{"type":"Feature","geometry":{"type":"Point","coordinates":[11.871727,57.669453]},"properties":{"name":"Käringberget","lines":"11, 13","arr":["11","13"],"terminus":0,"mode":"tram","color":"#d6212b","colorDark":"#7c1116","angle":334.4,"snapDist":0,"label":1}},{"type":"Feature","geometry":{"type":"Point","coordinates":[11.860763,57.667884]},"properties":{"name":"Hinsholmen","lines":"11, 13","arr":["11","13"],"terminus":0,"mode":"tram","color":"#d6212b","colorDark":"#7c1116","angle":47.4,"snapDist":1,"label":1}},{"type":"Feature","geometry":{"type":"Point","coordinates":[11.853529,57.668122]},"properties":{"name":"Långedrag","lines":"11, 13","arr":["11","13"],"terminus":0,"mode":"tram","color":"#d6212b","colorDark":"#7c1116","angle":271.8,"snapDist":1,"label":1}},{"type":"Feature","geometry":{"type":"Point","coordinates":[11.846438,57.660548]},"properties":{"name":"Saltholmen","lines":"11, 13","arr":["11","13"],"terminus":1,"mode":"tram","color":"#d6212b","colorDark":"#7c1116","angle":290.8,"snapDist":0,"label":1}},{"type":"Feature","geometry":{"type":"Point","coordinates":[11.845481,57.660582]},"properties":{"name":"Saltholmen","lines":"11, 13, X","arr":["11","13","X"],"terminus":1,"mode":"tram","color":"#d6212b","colorDark":"#7c1116","angle":78.4,"snapDist":1,"label":0}},{"type":"Feature","geometry":{"type":"Point","coordinates":[11.85362,57.668494]},"properties":{"name":"Långedrag","lines":"11, 13, X","arr":["11","13","X"],"terminus":0,"mode":"tram","color":"#d6212b","colorDark":"#7c1116","angle":95.6,"snapDist":0,"label":0}},{"type":"Feature","geometry":{"type":"Point","coordinates":[11.861056,57.66767]},"properties":{"name":"Hinsholmen","lines":"11, 13, X","arr":["11","13","X"],"terminus":0,"mode":"tram","color":"#d6212b","colorDark":"#7c1116","angle":226,"snapDist":0,"label":0}},{"type":"Feature","geometry":{"type":"Point","coordinates":[11.871187,57.669263]},"properties":{"name":"Käringberget","lines":"11, 13, X","arr":["11","13","X"],"terminus":0,"mode":"tram","color":"#d6212b","colorDark":"#7c1116","angle":153.2,"snapDist":0,"label":0}},{"type":"Feature","geometry":{"type":"Point","coordinates":[11.879705,57.672625]},"properties":{"name":"Tranered","lines":"11, 13, X","arr":["11","13","X"],"terminus":0,"mode":"tram","color":"#d6212b","colorDark":"#7c1116","angle":121.5,"snapDist":1,"label":0}},{"type":"Feature","geometry":{"type":"Point","coordinates":[11.883915,57.674758]},"properties":{"name":"Hagen","lines":"11, 13, X","arr":["11","13","X"],"terminus":0,"mode":"tram","color":"#d6212b","colorDark":"#7c1116","angle":159.4,"snapDist":0,"label":0}},{"type":"Feature","geometry":{"type":"Point","coordinates":[11.894357,57.677734]},"properties":{"name":"Nya Varvsallén","lines":"11, 13, X","arr":["11","13","X"],"terminus":0,"mode":"tram","color":"#d6212b","colorDark":"#7c1116","angle":148.3,"snapDist":1,"label":0}},{"type":"Feature","geometry":{"type":"Point","coordinates":[12.07094,57.751333]},"properties":{"name":"Komettorget","lines":"11, X","arr":["11","X#2"],"terminus":1,"mode":"tram","color":"#d6212b","colorDark":"#7c1116","angle":234.6,"snapDist":3,"label":0}},{"type":"Feature","geometry":{"type":"Point","coordinates":[11.934817,57.707392]},"properties":{"name":"Lindholmen","lines":"12","arr":["12"],"terminus":1,"mode":"tram","color":"#d6212b","colorDark":"#7c1116","angle":-16.7,"snapDist":18,"label":0}},{"type":"Feature","geometry":{"type":"Point","coordinates":[12.01754,57.654608]},"properties":{"name":"Mölndals Innerstad","lines":"12","arr":["12"],"terminus":1,"mode":"tram","color":"#d6212b","colorDark":"#7c1116","angle":85.8,"snapDist":2,"label":0}},{"type":"Feature","geometry":{"type":"Point","coordinates":[11.972952,57.707817]},"properties":{"name":"Drottningtorget","lines":"13","arr":["13"],"terminus":1,"mode":"tram","color":"#d6212b","colorDark":"#7c1116","angle":304.7,"snapDist":3,"label":1}},{"type":"Feature","geometry":{"type":"Point","coordinates":[11.973001,57.708147]},"properties":{"name":"Drottningtorget","lines":"13","arr":["13"],"terminus":1,"mode":"tram","color":"#d6212b","colorDark":"#7c1116","angle":73.9,"snapDist":2,"label":0}},{"type":"Feature","geometry":{"type":"Point","coordinates":[12.005758,57.727838]},"properties":{"name":"Gamlestads Torg","lines":"X","arr":["X#2"],"terminus":0,"mode":"tram","color":"#d6212b","colorDark":"#7c1116","angle":225.8,"snapDist":1,"label":0}},{"type":"Feature","geometry":{"type":"Point","coordinates":[12.005605,57.727977]},"properties":{"name":"Gamlestads Torg","lines":"X","arr":["X#2"],"terminus":0,"mode":"tram","color":"#d6212b","colorDark":"#7c1116","angle":46,"snapDist":2,"label":0}}]}